forecast_id,forecast_kst_dtm,kpx_group_1,kpx_group_2,kpx_group_3
forecast_0001,2025-01-01 01:00:00,19643.66610645284,19852.194206649147,18422.6796875
forecast_0002,2025-01-01 02:00:00,19512.927443692395,19693.000729057676,18142.935546875
forecast_0003,2025-01-01 03:00:00,18842.710289945346,19404.964463519,18428.767578125
forecast_0004,2025-01-01 04:00:00,18909.292347756418,19452.710067965792,18187.72265625
forecast_0005,2025-01-01 05:00:00,18443.728456445613,19235.15407415424,18052.541015625
forecast_0006,2025-01-01 06:00:00,18017.68027621808,18981.948603746474,17150.376953125
forecast_0007,2025-01-01 07:00:00,15085.954898049771,16909.253696605385,15125.2578125
forecast_0008,2025-01-01 08:00:00,14279.360850464753,15969.279012251453,13986.0029296875
forecast_0009,2025-01-01 09:00:00,14623.741527866894,16061.10427564785,14543.71484375
forecast_0010,2025-01-01 10:00:00,15320.270844155148,16395.32851785886,13768.82421875
forecast_0011,2025-01-01 11:00:00,14791.765497499327,15920.884237446186,13139.7998046875
forecast_0012,2025-01-01 12:00:00,15156.934837144121,16154.854681188644,13657.4912109375
forecast_0013,2025-01-01 13:00:00,15419.253759453728,16302.930979910438,14310.0869140625
forecast_0014,2025-01-01 14:00:00,16043.808787066797,16745.046977977327,14454.546875
forecast_0015,2025-01-01 15:00:00,14601.918609142587,15654.163388669636,12409.109375
forecast_0016,2025-01-01 16:00:00,13809.493820150888,14999.266502157197,11846.1787109375
forecast_0017,2025-01-01 17:00:00,14060.825486272104,15182.725395998146,11200.6845703125
forecast_0018,2025-01-01 18:00:00,14343.442290765024,15464.322650966535,12162.2080078125
forecast_0019,2025-01-01 19:00:00,14685.62902357926,16195.667641687161,13108.359375
forecast_0020,2025-01-01 20:00:00,16717.717241817434,17518.270821003905,15725.0126953125
forecast_0021,2025-01-01 21:00:00,17693.696403392023,18272.62939257034,16489.734375
forecast_0022,2025-01-01 22:00:00,18217.468574296618,18647.00885407682,16791.546875
forecast_0023,2025-01-01 23:00:00,18470.793669590734,18892.617195360956,17210.166015625
forecast_0024,2025-01-02 00:00:00,18309.04136377555,18775.073818647114,16888.37109375
forecast_0025,2025-01-02 01:00:00,16561.236804577347,17354.358487721227,14319.4609375
forecast_0026,2025-01-02 02:00:00,15783.510145024884,16772.55996963148,13119.8916015625
forecast_0027,2025-01-02 03:00:00,14655.437365633587,15819.930885481255,11501.2421875
forecast_0028,2025-01-02 04:00:00,13604.945670219477,14865.621618575187,10295.3369140625
forecast_0029,2025-01-02 05:00:00,12705.560951490004,13976.74981558053,9128.93359375
forecast_0030,2025-01-02 06:00:00,11641.977844696074,12998.68329898343,8041.361328125
forecast_0031,2025-01-02 07:00:00,10583.002128017808,11911.064246713515,7436.89501953125
forecast_0032,2025-01-02 08:00:00,9953.008099073577,11333.860767004311,6997.46337890625
forecast_0033,2025-01-02 09:00:00,7621.05404857467,9110.497718565957,6006.96484375
forecast_0034,2025-01-02 10:00:00,6675.66804748155,7486.107614747466,5270.08740234375
forecast_0035,2025-01-02 11:00:00,5762.889089770735,6471.805717401299,5272.82373046875
forecast_0036,2025-01-02 12:00:00,6103.463775012516,5981.239826047797,4231.91552734375
forecast_0037,2025-01-02 13:00:00,5977.647489321314,5721.404190859497,4500.62890625
forecast_0038,2025-01-02 14:00:00,7095.371915961033,6443.935754842685,5220.5546875
forecast_0039,2025-01-02 15:00:00,8687.137357316577,8007.273014645325,6580.82275390625
forecast_0040,2025-01-02 16:00:00,9696.664679258429,9010.384437466297,7266.24609375
forecast_0041,2025-01-02 17:00:00,10790.161825990808,10399.2884243593,8491.9677734375
forecast_0042,2025-01-02 18:00:00,12265.901736452084,12303.250600600717,9278.4677734375
forecast_0043,2025-01-02 19:00:00,13288.689537976687,13718.543059381784,10954.2568359375
forecast_0044,2025-01-02 20:00:00,13175.361253674066,13355.736130450863,10677.3310546875
forecast_0045,2025-01-02 21:00:00,13697.914258539533,14035.700493065458,11167.1923828125
forecast_0046,2025-01-02 22:00:00,13875.436627085532,14589.353207060018,11543.8203125
forecast_0047,2025-01-02 23:00:00,14637.514104182841,15327.29333744311,12083.3203125
forecast_0048,2025-01-03 00:00:00,15628.013820756574,16427.334649662807,13149.9921875
forecast_0049,2025-01-03 01:00:00,15225.06756586074,15863.270094094796,12811.0068359375
forecast_0050,2025-01-03 02:00:00,14874.43839884707,15772.26702634529,12539.5654296875
forecast_0051,2025-01-03 03:00:00,14656.80284351045,15575.21843443469,12220.2021484375
forecast_0052,2025-01-03 04:00:00,14683.66072986451,15549.210424882374,11960.546875
forecast_0053,2025-01-03 05:00:00,14245.534422790268,15255.480641447048,11906.3046875
forecast_0054,2025-01-03 06:00:00,13640.222635347316,14590.62410273967,11250.7060546875
forecast_0055,2025-01-03 07:00:00,13532.91010413708,14366.233438712436,10759.7060546875
forecast_0056,2025-01-03 08:00:00,13256.425803709779,14393.036864675381,11209.8359375
forecast_0057,2025-01-03 09:00:00,12251.550934935232,13161.212519554367,9766.1123046875
forecast_0058,2025-01-03 10:00:00,11200.895450882452,11337.482346126322,8212.1298828125
forecast_0059,2025-01-03 11:00:00,10802.505720108486,10672.820916081826,8130.234375
forecast_0060,2025-01-03 12:00:00,11432.386856385983,10530.269044625598,8400.8701171875
forecast_0061,2025-01-03 13:00:00,11221.650044419775,10604.680055863482,8702.3212890625
forecast_0062,2025-01-03 14:00:00,11945.338563207377,11577.322072373236,9266.2607421875
forecast_0063,2025-01-03 15:00:00,12394.22375172402,12222.646114031897,10419.30859375
forecast_0064,2025-01-03 16:00:00,12425.455528079558,12673.52390281731,10942.5078125
forecast_0065,2025-01-03 17:00:00,12828.583950566874,13225.82041340741,11313.5126953125
forecast_0066,2025-01-03 18:00:00,11260.615292509307,11898.219488542196,10217.5615234375
forecast_0067,2025-01-03 19:00:00,11568.416060898267,11826.876208676294,9773.5888671875
forecast_0068,2025-01-03 20:00:00,12795.20547536569,13345.27141467654,11500.7705078125
forecast_0069,2025-01-03 21:00:00,14088.236572831298,14607.35758084671,12646.2529296875
forecast_0070,2025-01-03 22:00:00,15470.680194758064,15821.553144757589,13035.4912109375
forecast_0071,2025-01-03 23:00:00,15581.484821723667,16079.727724643592,13178.37109375
forecast_0072,2025-01-04 00:00:00,15501.900711666538,16142.937981709681,12446.4677734375
forecast_0073,2025-01-04 01:00:00,16489.493244492638,17345.099586608212,14894.6484375
forecast_0074,2025-01-04 02:00:00,16816.981855418013,17540.834194139286,14349.1904296875
forecast_0075,2025-01-04 03:00:00,17394.010427755282,17900.12296921262,14874.2431640625
forecast_0076,2025-01-04 04:00:00,17116.072740172905,17786.700985316333,14200.0283203125
forecast_0077,2025-01-04 05:00:00,17335.236042505378,18039.011670016236,14438.9658203125
forecast_0078,2025-01-04 06:00:00,17562.081235845664,18217.78557077591,14523.1201171875
forecast_0079,2025-01-04 07:00:00,16461.12791217528,17595.678174967015,13048.6611328125
forecast_0080,2025-01-04 08:00:00,15330.9868450271,16516.12520412224,11928.0107421875
forecast_0081,2025-01-04 09:00:00,13626.091105055719,14684.755009575187,10473.08203125
forecast_0082,2025-01-04 10:00:00,12560.472773052343,13232.372268684318,9961.3232421875
forecast_0083,2025-01-04 11:00:00,10729.60297320315,11528.896059544073,8360.6416015625
forecast_0084,2025-01-04 12:00:00,10739.225604225547,11342.842003425518,8028.41796875
forecast_0085,2025-01-04 13:00:00,11804.582639020671,12494.772517230856,9458.8056640625
forecast_0086,2025-01-04 14:00:00,12441.525895451157,13119.580944132267,9885.8525390625
forecast_0087,2025-01-04 15:00:00,12075.608318518394,12793.049319144862,9235.998046875
forecast_0088,2025-01-04 16:00:00,11862.55823167002,12614.478852783544,8924.1982421875
forecast_0089,2025-01-04 17:00:00,14233.226236327238,14552.053289691217,9414.0390625
forecast_0090,2025-01-04 18:00:00,14603.806864085296,15442.019875620736,10702.3203125
forecast_0091,2025-01-04 19:00:00,14609.628953448453,15463.794653300545,11741.375
forecast_0092,2025-01-04 20:00:00,15078.563518411944,15907.293234939665,12656.5146484375
forecast_0093,2025-01-04 21:00:00,14969.549538361302,16047.91989827553,12864.7080078125
forecast_0094,2025-01-04 22:00:00,16837.480832357185,17433.57549887566,14725.9326171875
forecast_0095,2025-01-04 23:00:00,18305.076130214882,18695.07675688959,16823.77734375
forecast_0096,2025-01-05 00:00:00,18846.988436625656,19128.078717253997,17659.3671875
forecast_0097,2025-01-05 01:00:00,16963.352563515924,17704.870654139817,15032.0927734375
forecast_0098,2025-01-05 02:00:00,17443.254663681084,17933.405950803965,15499.6611328125
forecast_0099,2025-01-05 03:00:00,17020.582593204806,17821.402693793447,14785.8134765625
forecast_0100,2025-01-05 04:00:00,15942.166763938023,17132.0731944679,13729.54296875
forecast_0101,2025-01-05 05:00:00,14283.535991150131,15876.151277184545,11525.8994140625
forecast_0102,2025-01-05 06:00:00,12709.824105013613,14638.724973173245,11053.0888671875
forecast_0103,2025-01-05 07:00:00,12905.095196768814,14879.565067024421,11924.8701171875
forecast_0104,2025-01-05 08:00:00,14119.644167109178,15975.846645576323,13852.76171875
forecast_0105,2025-01-05 09:00:00,14229.706250168572,15970.58395007631,14042.16015625
forecast_0106,2025-01-05 10:00:00,15488.447857221125,16855.510065688206,14718.8515625
forecast_0107,2025-01-05 11:00:00,16721.760527529972,17839.74631814653,16388.6328125
forecast_0108,2025-01-05 12:00:00,16717.935955436893,17857.54065917846,15844.6005859375
forecast_0109,2025-01-05 13:00:00,16341.31941747984,17750.09631086185,15493.3642578125
forecast_0110,2025-01-05 14:00:00,14416.485885246431,16099.247102615012,13810.7744140625
forecast_0111,2025-01-05 15:00:00,14310.955916462195,15918.586640507703,13255.3173828125
forecast_0112,2025-01-05 16:00:00,14132.148248583031,15931.145964334992,13889.8828125
forecast_0113,2025-01-05 17:00:00,11877.573898425137,13827.553283000245,10566.7783203125
forecast_0114,2025-01-05 18:00:00,12231.722395635965,13244.384269133056,10897.8994140625
forecast_0115,2025-01-05 19:00:00,14515.834419521447,15513.27455419259,13070.3681640625
forecast_0116,2025-01-05 20:00:00,16143.875203523348,17309.13860211981,15534.5576171875
forecast_0117,2025-01-05 21:00:00,16896.57205228689,17419.960322169274,15925.3564453125
forecast_0118,2025-01-05 22:00:00,16682.50192048349,17034.052121889537,15643.9873046875
forecast_0119,2025-01-05 23:00:00,15528.784622690124,16249.44802341392,14083.01171875
forecast_0120,2025-01-06 00:00:00,14349.470096132656,15119.671158275924,12536.6748046875
forecast_0121,2025-01-06 01:00:00,12530.736832508826,12977.380751148095,10770.3095703125
forecast_0122,2025-01-06 02:00:00,12151.429065828639,12869.15742132983,10517.1396484375
forecast_0123,2025-01-06 03:00:00,11756.375017429276,12486.124648006306,9852.6083984375
forecast_0124,2025-01-06 04:00:00,11122.461000859976,11803.655842341068,8728.375
forecast_0125,2025-01-06 05:00:00,7647.7986310533315,8986.862679746893,5421.525390625
forecast_0126,2025-01-06 06:00:00,4115.077477783386,6032.480367415688,3775.503173828125
forecast_0127,2025-01-06 07:00:00,2952.8929157217926,3714.392830697232,2776.928955078125
forecast_0128,2025-01-06 08:00:00,2345.332017576219,2688.073014153778,2596.93408203125
forecast_0129,2025-01-06 09:00:00,2838.5203120628403,3151.950748818752,3362.263916015625
forecast_0130,2025-01-06 10:00:00,5967.127940983673,7281.589472702199,5848.63427734375
forecast_0131,2025-01-06 11:00:00,7724.679821637397,7356.167254946091,6724.67626953125
forecast_0132,2025-01-06 12:00:00,7447.3571386766,6965.840597881389,5951.9609375
forecast_0133,2025-01-06 13:00:00,7674.516519985306,7457.54427001775,6240.70849609375
forecast_0134,2025-01-06 14:00:00,8229.574963341467,7816.768199299171,6738.09521484375
forecast_0135,2025-01-06 15:00:00,8171.747442969925,7466.16701897514,6585.83349609375
forecast_0136,2025-01-06 16:00:00,9167.987321375676,8455.260755300187,7195.49267578125
forecast_0137,2025-01-06 17:00:00,9736.237971047469,9844.383578395262,8589.896484375
forecast_0138,2025-01-06 18:00:00,12583.239277776258,12879.969523848842,11167.1982421875
forecast_0139,2025-01-06 19:00:00,14389.101354650433,15023.088258141794,12897.2724609375
forecast_0140,2025-01-06 20:00:00,15491.34242956048,16356.386556488847,14484.0458984375
forecast_0141,2025-01-06 21:00:00,15405.400508962775,16318.12946693388,13749.7080078125
forecast_0142,2025-01-06 22:00:00,16254.125795753478,16956.07815947361,14830.2529296875
forecast_0143,2025-01-06 23:00:00,16360.037084290674,17138.32921476772,15258.4306640625
forecast_0144,2025-01-07 00:00:00,17600.218403050225,18202.993120792224,16063.3515625
forecast_0145,2025-01-07 01:00:00,18100.578176366776,18638.07894187543,16602.115234375
forecast_0146,2025-01-07 02:00:00,18496.952835079835,19006.1306726536,16794.712890625
forecast_0147,2025-01-07 03:00:00,18302.557202194406,18880.437505115657,16817.623046875
forecast_0148,2025-01-07 04:00:00,17737.176556198487,18392.810063520486,16190.0625
forecast_0149,2025-01-07 05:00:00,17141.5412502538,18038.201642257598,15945.34765625
forecast_0150,2025-01-07 06:00:00,16746.941852906966,17525.025697772522,15385.2451171875
forecast_0151,2025-01-07 07:00:00,17503.352857726764,18106.3398770287,15392.0634765625
forecast_0152,2025-01-07 08:00:00,16844.28125412541,17872.472157789616,15636.0224609375
forecast_0153,2025-01-07 09:00:00,16841.597589643206,17986.81485510244,16064.8466796875
forecast_0154,2025-01-07 10:00:00,17699.263506841882,18591.78962757585,16570.33984375
forecast_0155,2025-01-07 11:00:00,17286.391722673543,18142.03289674152,15878.0419921875
forecast_0156,2025-01-07 12:00:00,16877.333381600816,17705.749815424293,15151.65234375
forecast_0157,2025-01-07 13:00:00,16656.62400009352,17425.421812866316,14932.8701171875
forecast_0158,2025-01-07 14:00:00,16306.616282648298,17126.93317666204,14510.5546875
forecast_0159,2025-01-07 15:00:00,16357.13701707157,16973.596096106376,14168.94140625
forecast_0160,2025-01-07 16:00:00,15818.87826563798,16543.227711434727,13744.2939453125
forecast_0161,2025-01-07 17:00:00,16342.555513717285,16992.226796547195,14092.6416015625
forecast_0162,2025-01-07 18:00:00,16648.7003358619,17538.766257433468,15368.4453125
forecast_0163,2025-01-07 19:00:00,17227.17114942393,17811.877027880542,16156.484375
forecast_0164,2025-01-07 20:00:00,17562.215572377645,18197.11582276421,16563.146484375
forecast_0165,2025-01-07 21:00:00,17838.33015801524,18410.405412831402,16861.609375
forecast_0166,2025-01-07 22:00:00,18190.092183491037,18695.84237296248,17086.26171875
forecast_0167,2025-01-07 23:00:00,18284.10158271336,18876.089828869033,17253.150390625
forecast_0168,2025-01-08 00:00:00,18194.84071605999,18486.126618135357,16996.205078125
forecast_0169,2025-01-08 01:00:00,17687.72363464666,18174.24120465683,16625.8359375
forecast_0170,2025-01-08 02:00:00,17506.065625485415,18040.62470675946,16577.771484375
forecast_0171,2025-01-08 03:00:00,17887.561224701232,18299.414376448694,16593.783203125
forecast_0172,2025-01-08 04:00:00,17241.700428825894,17614.241827516602,15303.2626953125
forecast_0173,2025-01-08 05:00:00,16839.649542320123,17167.14845220179,14367.5185546875
forecast_0174,2025-01-08 06:00:00,16263.146271030992,16941.480323872434,14065.4306640625
forecast_0175,2025-01-08 07:00:00,16252.584540526104,16712.289837709774,13758.2744140625
forecast_0176,2025-01-08 08:00:00,16803.101556132155,17453.35848333504,13933.8359375
forecast_0177,2025-01-08 09:00:00,17421.65426925166,18219.58789208032,15377.96875
forecast_0178,2025-01-08 10:00:00,17419.560361867214,18257.190341783436,16036.9853515625
forecast_0179,2025-01-08 11:00:00,17452.062632159905,18238.132070254855,15828.9365234375
forecast_0180,2025-01-08 12:00:00,17455.309735281553,18112.64272184328,15683.77734375
forecast_0181,2025-01-08 13:00:00,17312.240858896046,18099.78747506542,15871.55078125
forecast_0182,2025-01-08 14:00:00,17600.31359646153,18287.35242269815,15950.4970703125
forecast_0183,2025-01-08 15:00:00,17200.4049840051,18048.752353823817,15644.59765625
forecast_0184,2025-01-08 16:00:00,16584.828580755544,17477.441573331453,15560.53515625
forecast_0185,2025-01-08 17:00:00,16360.653504081502,17144.1908603902,14929.8798828125
forecast_0186,2025-01-08 18:00:00,16484.383803879267,16991.20101590777,14991.4599609375
forecast_0187,2025-01-08 19:00:00,16808.458282151114,17125.265234336763,15126.9013671875
forecast_0188,2025-01-08 20:00:00,17003.549607500943,17310.8750847253,15143.2080078125
forecast_0189,2025-01-08 21:00:00,16505.390593890705,17010.42366334136,14847.2705078125
forecast_0190,2025-01-08 22:00:00,16464.93618935693,17067.98347491769,14792.0126953125
forecast_0191,2025-01-08 23:00:00,16704.313548406746,17224.709379261272,14809.5078125
forecast_0192,2025-01-09 00:00:00,16857.60315991364,17609.577819965438,15481.84375
forecast_0193,2025-01-09 01:00:00,17015.04057511194,17447.88909128623,15424.7998046875
forecast_0194,2025-01-09 02:00:00,17201.744166885343,17761.521260629852,15702.09765625
forecast_0195,2025-01-09 03:00:00,17407.089510081067,17976.721876746902,16039.3017578125
forecast_0196,2025-01-09 04:00:00,17162.55149175538,17865.302541821216,16272.6748046875
forecast_0197,2025-01-09 05:00:00,16829.72962319041,17525.9370579975,15855.2236328125
forecast_0198,2025-01-09 06:00:00,16545.445578418996,17181.031291255887,14915.0732421875
forecast_0199,2025-01-09 07:00:00,15831.646081572582,16879.056500074155,13302.9443359375
forecast_0200,2025-01-09 08:00:00,15798.591216297074,16330.63536979569,13003.4892578125
forecast_0201,2025-01-09 09:00:00,15691.868706888548,16467.613872899783,13319.1787109375
forecast_0202,2025-01-09 10:00:00,15564.844493988627,16275.510986250045,12854.4033203125
forecast_0203,2025-01-09 11:00:00,15615.467746955523,16443.03299424621,12861.6767578125
forecast_0204,2025-01-09 12:00:00,15203.34577563647,16159.734095935284,12659.0
forecast_0205,2025-01-09 13:00:00,15347.486668284842,16143.205365390873,12624.203125
forecast_0206,2025-01-09 14:00:00,15407.825664704817,16208.366822826669,12711.0966796875
forecast_0207,2025-01-09 15:00:00,14703.914819112819,15554.35246949269,12199.125
forecast_0208,2025-01-09 16:00:00,14374.779249808533,14988.78548929577,11403.5029296875
forecast_0209,2025-01-09 17:00:00,14326.989737212058,15171.67942304559,11428.1220703125
forecast_0210,2025-01-09 18:00:00,13833.341443999532,14684.51307788044,11574.0908203125
forecast_0211,2025-01-09 19:00:00,12833.607957727892,13269.538994902588,9651.0009765625
forecast_0212,2025-01-09 20:00:00,13477.701902043593,14350.092263945578,10669.8447265625
forecast_0213,2025-01-09 21:00:00,16072.872897995328,16469.82313423367,13537.2998046875
forecast_0214,2025-01-09 22:00:00,17133.403927796004,17439.10496389755,14897.1669921875
forecast_0215,2025-01-09 23:00:00,17399.998546216935,18033.81465593593,17089.568359375
forecast_0216,2025-01-10 00:00:00,18654.448788765527,19019.801439694253,17950.25390625
forecast_0217,2025-01-10 01:00:00,12027.870902424305,12719.981949538287,9253.5673828125
forecast_0218,2025-01-10 02:00:00,13694.91068197265,13947.00067045194,10109.2490234375
forecast_0219,2025-01-10 03:00:00,15796.440300869812,15948.669793630086,13099.7265625
forecast_0220,2025-01-10 04:00:00,16960.470030411387,17392.877766522004,15475.19921875
forecast_0221,2025-01-10 05:00:00,17933.372094622213,18333.452601541885,15745.61328125
forecast_0222,2025-01-10 06:00:00,18193.673225231832,18436.17499851268,15431.6962890625
forecast_0223,2025-01-10 07:00:00,16054.13397243224,16737.442803563787,12275.328125
forecast_0224,2025-01-10 08:00:00,12742.827418528776,13817.535614742268,9029.79296875
forecast_0225,2025-01-10 09:00:00,9601.38766936192,10417.73824569942,6253.16796875
forecast_0226,2025-01-10 10:00:00,6289.56112389608,6612.245926733471,4333.044921875
forecast_0227,2025-01-10 11:00:00,4148.416822397431,4254.612328752623,3206.732421875
forecast_0228,2025-01-10 12:00:00,2949.6161435124914,2726.7438972806726,2447.617431640625
forecast_0229,2025-01-10 13:00:00,2180.1662606627633,1934.0409495943954,2008.177734375
forecast_0230,2025-01-10 14:00:00,3197.378662355484,2491.8081273781513,2051.973388671875
forecast_0231,2025-01-10 15:00:00,3838.942005098085,3058.109635141052,2192.498779296875
forecast_0232,2025-01-10 16:00:00,4341.097072322822,3523.0634103882285,2500.1259765625
forecast_0233,2025-01-10 17:00:00,5397.891055376926,4790.019145475204,3112.3515625
forecast_0234,2025-01-10 18:00:00,6827.983174179505,6403.287990237577,4121.16015625
forecast_0235,2025-01-10 19:00:00,8162.283693167492,7206.590575119069,4842.99169921875
forecast_0236,2025-01-10 20:00:00,8948.810234066521,8267.468499438604,5615.92041015625
forecast_0237,2025-01-10 21:00:00,8800.957924038696,8264.973623494876,5645.140625
forecast_0238,2025-01-10 22:00:00,9243.200833727526,9020.562874901796,6470.92333984375
forecast_0239,2025-01-10 23:00:00,10171.620633655994,10006.10513649456,6854.44287109375
forecast_0240,2025-01-11 00:00:00,10073.004597467949,10222.042487448887,6986.50244140625
forecast_0241,2025-01-11 01:00:00,9639.477780362671,9752.170430367767,6432.86083984375
forecast_0242,2025-01-11 02:00:00,9719.80844216287,10007.871835901637,6327.22998046875
forecast_0243,2025-01-11 03:00:00,9904.079411346283,10259.67345807355,6323.845703125
forecast_0244,2025-01-11 04:00:00,10460.88693992833,10827.732915175391,6801.783203125
forecast_0245,2025-01-11 05:00:00,10962.105831524375,11403.198241030139,6591.00537109375
forecast_0246,2025-01-11 06:00:00,9962.508948702347,10759.42619437238,6309.43994140625
forecast_0247,2025-01-11 07:00:00,9056.021110188392,10132.060070320946,6550.982421875
forecast_0248,2025-01-11 08:00:00,9551.660882594279,10552.230935072888,7550.080078125
forecast_0249,2025-01-11 09:00:00,7215.051259908106,8681.696560168984,5594.73291015625
forecast_0250,2025-01-11 10:00:00,5064.326569075843,5953.093920886497,4412.521484375
forecast_0251,2025-01-11 11:00:00,4319.06403427138,4592.3836949168835,3650.6005859375
forecast_0252,2025-01-11 12:00:00,3239.535409671314,3355.404837989134,3065.037841796875
forecast_0253,2025-01-11 13:00:00,3016.0378291030465,2887.72351020954,2583.2265625
forecast_0254,2025-01-11 14:00:00,3160.572131548176,2685.117991061701,2229.787109375
forecast_0255,2025-01-11 15:00:00,2425.610288454007,2043.22130974153,1727.3421630859375
forecast_0256,2025-01-11 16:00:00,2840.1264825700346,2384.0335520829058,1800.5406494140625
forecast_0257,2025-01-11 17:00:00,4792.8797941590055,4207.742405040841,2667.508056640625
forecast_0258,2025-01-11 18:00:00,7299.139521331191,6453.123768293443,3826.727294921875
forecast_0259,2025-01-11 19:00:00,8855.119498414526,8054.418690010288,5351.67236328125
forecast_0260,2025-01-11 20:00:00,9448.17793868227,9110.887202568101,5961.83447265625
forecast_0261,2025-01-11 21:00:00,9997.478533352933,9555.557688306943,6837.95166015625
forecast_0262,2025-01-11 22:00:00,11088.01386497117,10474.93452644729,7056.24365234375
forecast_0263,2025-01-11 23:00:00,12757.391390663744,12260.078552696981,8891.5712890625
forecast_0264,2025-01-12 00:00:00,14183.220088137585,14054.491916882544,10501.310546875
forecast_0265,2025-01-12 01:00:00,10009.360454801064,9725.844856713724,5949.70556640625
forecast_0266,2025-01-12 02:00:00,10432.93874344285,10507.896795634075,6424.61865234375
forecast_0267,2025-01-12 03:00:00,12191.76138696692,12249.521237941517,7689.14697265625
forecast_0268,2025-01-12 04:00:00,13439.560662432425,13558.7449671203,8459.7509765625
forecast_0269,2025-01-12 05:00:00,14511.500313653214,14579.569101672663,9497.46875
forecast_0270,2025-01-12 06:00:00,14981.68468204301,15125.29372871462,10502.5498046875
forecast_0271,2025-01-12 07:00:00,15984.953816770307,15983.807871549863,10935.94140625
forecast_0272,2025-01-12 08:00:00,15523.910255282235,15925.084847474162,11075.421875
forecast_0273,2025-01-12 09:00:00,14177.26762561866,14602.61304719072,9607.9833984375
forecast_0274,2025-01-12 10:00:00,13394.434108919406,13841.80982656018,9585.8837890625
forecast_0275,2025-01-12 11:00:00,12316.236507370577,12567.62686906183,8374.0947265625
forecast_0276,2025-01-12 12:00:00,9208.803055410117,9461.701683581672,6199.556640625
forecast_0277,2025-01-12 13:00:00,9220.820934908052,9146.592660132714,6258.37939453125
forecast_0278,2025-01-12 14:00:00,10549.832442675628,10516.84998106415,7699.515625
forecast_0279,2025-01-12 15:00:00,10489.17788565918,10489.472765961573,8048.98974609375
forecast_0280,2025-01-12 16:00:00,11659.587166869542,11797.503190634983,9167.5302734375
forecast_0281,2025-01-12 17:00:00,13335.693233370566,13718.029172568338,9749.1015625
forecast_0282,2025-01-12 18:00:00,14284.12787894267,14840.593832916556,10592.63671875
forecast_0283,2025-01-12 19:00:00,14369.425231366036,14678.669843407613,10391.447265625
forecast_0284,2025-01-12 20:00:00,15041.548640641879,14909.18377368366,10826.2060546875
forecast_0285,2025-01-12 21:00:00,15635.68527138768,15662.312950603457,12315.07421875
forecast_0286,2025-01-12 22:00:00,15879.590821373531,15898.819810573226,12716.0849609375
forecast_0287,2025-01-12 23:00:00,15888.810706563167,15972.97970358414,12771.69140625
forecast_0288,2025-01-13 00:00:00,16831.471110381957,16577.49533936973,13920.3818359375
forecast_0289,2025-01-13 01:00:00,17888.56593412881,17812.28367809229,14515.0078125
forecast_0290,2025-01-13 02:00:00,19239.721246476387,18965.698434287537,15979.3935546875
forecast_0291,2025-01-13 03:00:00,19847.986472266555,19617.832422484633,17201.88671875
forecast_0292,2025-01-13 04:00:00,20473.36511710241,20182.87569589859,18357.6953125
forecast_0293,2025-01-13 05:00:00,20769.141238315933,20563.49962085942,18818.708984375
forecast_0294,2025-01-13 06:00:00,20769.807176155515,20590.358350815077,18268.8203125
forecast_0295,2025-01-13 07:00:00,20269.310819264436,20233.661116687043,18092.818359375
forecast_0296,2025-01-13 08:00:00,19603.02016928715,19733.02659859781,17281.341796875
forecast_0297,2025-01-13 09:00:00,19190.99276067007,19361.154813512414,17063.3671875
forecast_0298,2025-01-13 10:00:00,19109.089749734092,19498.91156744124,18289.0390625
forecast_0299,2025-01-13 11:00:00,18737.99790264255,19571.06211763048,18192.916015625
forecast_0300,2025-01-13 12:00:00,16147.632222989789,17740.297305412925,16497.953125
forecast_0301,2025-01-13 13:00:00,13803.22034393225,15163.69478074984,12430.8759765625
forecast_0302,2025-01-13 14:00:00,12429.35173553659,13216.634720240127,9930.5078125
forecast_0303,2025-01-13 15:00:00,13598.121850212025,14392.90085218295,11911.9365234375
forecast_0304,2025-01-13 16:00:00,13898.327346198877,14999.905723525244,12178.8740234375
forecast_0305,2025-01-13 17:00:00,13714.071457140708,14960.605148051101,11874.7265625
forecast_0306,2025-01-13 18:00:00,12778.05680074409,14058.964898610746,10816.52734375
forecast_0307,2025-01-13 19:00:00,14036.312851490015,14872.737618840765,11561.3291015625
forecast_0308,2025-01-13 20:00:00,15366.432179572286,16173.03044913181,13374.9912109375
forecast_0309,2025-01-13 21:00:00,16091.322724029455,16753.049484777024,15122.7705078125
forecast_0310,2025-01-13 22:00:00,17242.95085234863,17796.04338812996,16336.73046875
forecast_0311,2025-01-13 23:00:00,17612.71075782689,18180.2748989987,17030.775390625
forecast_0312,2025-01-14 00:00:00,18107.32221602789,18526.818477244084,17018.763671875
forecast_0313,2025-01-14 01:00:00,17335.54466035496,17884.786718835316,16100.9609375
forecast_0314,2025-01-14 02:00:00,17726.900148912286,18214.689401558888,16262.8486328125
forecast_0315,2025-01-14 03:00:00,17780.62766202881,18200.799809629036,16122.0
forecast_0316,2025-01-14 04:00:00,17781.301043348598,18221.69524835597,16207.7890625
forecast_0317,2025-01-14 05:00:00,17707.667852472106,18264.537646099056,16213.7724609375
forecast_0318,2025-01-14 06:00:00,17974.206256390993,18454.59816001471,16489.896484375
forecast_0319,2025-01-14 07:00:00,17910.10146610254,18375.11545307764,16364.1904296875
forecast_0320,2025-01-14 08:00:00,17309.593233503772,18072.21741008986,16089.0244140625
forecast_0321,2025-01-14 09:00:00,17554.327964335214,18211.265385690123,15800.8251953125
forecast_0322,2025-01-14 10:00:00,17188.6467005755,17975.594549052228,15705.4033203125
forecast_0323,2025-01-14 11:00:00,16701.763638723143,17560.052064168434,15189.265625
forecast_0324,2025-01-14 12:00:00,16043.669571084627,17037.61835222559,14652.65234375
forecast_0325,2025-01-14 13:00:00,16121.327081754052,16929.831682059863,14333.875
forecast_0326,2025-01-14 14:00:00,15846.450457422188,16608.548393084933,13867.96484375
forecast_0327,2025-01-14 15:00:00,15144.781483738921,15966.584866695583,13898.8662109375
forecast_0328,2025-01-14 16:00:00,14146.144708279493,15130.705134544649,13284.0419921875
forecast_0329,2025-01-14 17:00:00,13868.095281490921,14544.921007411114,12566.4638671875
forecast_0330,2025-01-14 18:00:00,13681.509834855575,14245.316761527665,11871.97265625
forecast_0331,2025-01-14 19:00:00,13792.901527066075,14199.60311059938,11720.7294921875
forecast_0332,2025-01-14 20:00:00,14130.678538083212,14550.199088273244,12397.6767578125
forecast_0333,2025-01-14 21:00:00,14303.120193145296,14828.014466520872,12209.1455078125
forecast_0334,2025-01-14 22:00:00,15704.04999765564,16664.66207605533,14059.85546875
forecast_0335,2025-01-14 23:00:00,14801.675851729395,15607.922173977699,13527.4169921875
forecast_0336,2025-01-15 00:00:00,14940.456190692723,15389.82901106165,12482.734375
forecast_0337,2025-01-15 01:00:00,14258.097734563939,14392.541987258239,11969.5341796875
forecast_0338,2025-01-15 02:00:00,13985.090446403687,14074.486970324655,11584.72265625
forecast_0339,2025-01-15 03:00:00,12857.54434174529,12842.7034009993,10249.13671875
forecast_0340,2025-01-15 04:00:00,12357.306029551652,12513.728882794172,9730.3896484375
forecast_0341,2025-01-15 05:00:00,12975.311742135165,13315.132345025831,9647.4306640625
forecast_0342,2025-01-15 06:00:00,12928.373258671765,13677.186312642567,9970.26953125
forecast_0343,2025-01-15 07:00:00,14627.265996477401,15848.317598747552,11851.3935546875
forecast_0344,2025-01-15 08:00:00,14340.243426036912,15680.110951609267,12199.9208984375
forecast_0345,2025-01-15 09:00:00,14343.574249990008,15494.5970401835,12145.359375
forecast_0346,2025-01-15 10:00:00,12718.337079386449,13453.946536097457,10268.1611328125
forecast_0347,2025-01-15 11:00:00,12285.377969538002,12653.755997337415,9801.3310546875
forecast_0348,2025-01-15 12:00:00,12296.31409112838,12278.761596050354,9776.7041015625
forecast_0349,2025-01-15 13:00:00,11827.924754558595,11565.592252851346,9445.1025390625
forecast_0350,2025-01-15 14:00:00,11663.643248097827,10965.582206909992,8913.4638671875
forecast_0351,2025-01-15 15:00:00,10932.280589350987,10352.115774525488,8882.5380859375
forecast_0352,2025-01-15 16:00:00,11384.7785742888,11034.523495399348,9234.185546875
forecast_0353,2025-01-15 17:00:00,12572.86821267045,12635.942422706332,10203.5927734375
forecast_0354,2025-01-15 18:00:00,14427.140535727647,14766.31326846027,11398.5283203125
forecast_0355,2025-01-15 19:00:00,15511.127909654757,15931.521490586947,11965.34765625
forecast_0356,2025-01-15 20:00:00,15563.524959572236,16035.428404008177,12477.2109375
forecast_0357,2025-01-15 21:00:00,16741.21608758648,17202.353715123674,14157.5751953125
forecast_0358,2025-01-15 22:00:00,17739.199699956953,18123.338912935204,15744.2705078125
forecast_0359,2025-01-15 23:00:00,18866.68475255016,19077.391975525326,16907.435546875
forecast_0360,2025-01-16 00:00:00,19071.661428208492,19297.001723727364,17566.111328125
forecast_0361,2025-01-16 01:00:00,18698.90311670784,18768.111880214623,16017.9375
forecast_0362,2025-01-16 02:00:00,19016.023743887574,19263.235092533418,17765.931640625
forecast_0363,2025-01-16 03:00:00,19896.30656884203,20059.521503347587,19109.84375
forecast_0364,2025-01-16 04:00:00,19617.08244522899,20012.774834004533,19451.595703125
forecast_0365,2025-01-16 05:00:00,19861.690254242585,20196.55109108604,19540.9765625
forecast_0366,2025-01-16 06:00:00,19642.426052209383,20052.855973329348,19922.943359375
forecast_0367,2025-01-16 07:00:00,20080.273068454644,20407.389151704574,20152.361328125
forecast_0368,2025-01-16 08:00:00,19768.84041686631,20242.62895093387,19971.068359375
forecast_0369,2025-01-16 09:00:00,19843.15957394706,20263.6886720354,19748.279296875
forecast_0370,2025-01-16 10:00:00,19887.693121309792,20353.127255036343,19794.205078125
forecast_0371,2025-01-16 11:00:00,19654.81659009461,20252.837432432123,19708.576171875
forecast_0372,2025-01-16 12:00:00,18613.5180045022,19654.936898528395,18826.451171875
forecast_0373,2025-01-16 13:00:00,17200.089883967128,18600.797579648315,17162.513671875
forecast_0374,2025-01-16 14:00:00,17061.59878617597,18316.126082252827,16772.103515625
forecast_0375,2025-01-16 15:00:00,17116.538789225357,18303.855015155557,16799.783203125
forecast_0376,2025-01-16 16:00:00,17043.46469350539,18398.33714010728,17181.517578125
forecast_0377,2025-01-16 17:00:00,17532.499658503606,18800.459099129104,17557.6171875
forecast_0378,2025-01-16 18:00:00,18007.653170070404,19100.300003057215,17898.798828125
forecast_0379,2025-01-16 19:00:00,16822.378469749012,18192.11156440938,16768.369140625
forecast_0380,2025-01-16 20:00:00,13101.051730400573,14622.058706319242,11368.1748046875
forecast_0381,2025-01-16 21:00:00,12254.504020430677,12455.114916714896,9125.3466796875
forecast_0382,2025-01-16 22:00:00,9987.414823677314,10119.541897679992,7282.296875
forecast_0383,2025-01-16 23:00:00,6717.04839769884,6948.445861170161,4961.11279296875
forecast_0384,2025-01-17 00:00:00,4392.083767037134,4693.699341598477,3544.4375
forecast_0385,2025-01-17 01:00:00,2641.4483762737036,2974.925417346979,2434.4912109375
forecast_0386,2025-01-17 02:00:00,2078.5679950456642,2784.882826327421,2402.126708984375
forecast_0387,2025-01-17 03:00:00,1708.5439472710505,2477.972705791536,2377.677490234375
forecast_0388,2025-01-17 04:00:00,1744.143671668127,2626.46374254443,2339.633056640625
forecast_0389,2025-01-17 05:00:00,1644.4670840891183,2834.8483041410777,2523.36279296875
forecast_0390,2025-01-17 06:00:00,2064.4344183927305,3174.5095556275883,3528.674560546875
forecast_0391,2025-01-17 07:00:00,2767.9276884915794,4079.970047795266,3890.803955078125
forecast_0392,2025-01-17 08:00:00,3001.69370602749,3785.179739722653,3926.302001953125
forecast_0393,2025-01-17 09:00:00,2763.5855302854043,3518.7835115192775,3317.8330078125
forecast_0394,2025-01-17 10:00:00,1856.561589584468,2521.44343901282,2870.185791015625
forecast_0395,2025-01-17 11:00:00,1142.1468774813163,1941.090416291807,2685.53515625
forecast_0396,2025-01-17 12:00:00,1399.323662889578,2002.2218103843184,2759.8232421875
forecast_0397,2025-01-17 13:00:00,1590.3755411537009,1591.1817845407204,2430.614501953125
forecast_0398,2025-01-17 14:00:00,1564.1174204012905,1327.4176112584055,1968.1676025390625
forecast_0399,2025-01-17 15:00:00,1928.7646783887785,1719.661711976859,2190.514892578125
forecast_0400,2025-01-17 16:00:00,3390.234324355486,3138.084221512001,2921.512939453125
forecast_0401,2025-01-17 17:00:00,6025.300231396289,5589.930234060124,3796.598388671875
forecast_0402,2025-01-17 18:00:00,7868.5898618613055,8010.919516266358,5143.9169921875
forecast_0403,2025-01-17 19:00:00,9251.514326638535,9532.518509972773,6470.15673828125
forecast_0404,2025-01-17 20:00:00,10982.429922510859,11047.82013295745,8335.765625
forecast_0405,2025-01-17 21:00:00,13391.382373889308,13079.95872324708,9597.4580078125
forecast_0406,2025-01-17 22:00:00,14285.757020166471,14103.445747507463,10982.7314453125
forecast_0407,2025-01-17 23:00:00,14752.012434020786,14658.451992612023,11950.73828125
forecast_0408,2025-01-18 00:00:00,15559.209627072849,15299.118945229711,12426.8818359375
forecast_0409,2025-01-18 01:00:00,14737.902056139555,14873.138732051473,12524.2119140625
forecast_0410,2025-01-18 02:00:00,14965.492553496906,15114.191509086064,12835.1904296875
forecast_0411,2025-01-18 03:00:00,16353.83736021,16342.853009325405,13911.9716796875
forecast_0412,2025-01-18 04:00:00,17280.344352336597,17276.114311148533,15428.7939453125
forecast_0413,2025-01-18 05:00:00,18208.440226910607,17998.879667388588,15980.5751953125
forecast_0414,2025-01-18 06:00:00,16387.412562107143,16786.470722768754,15062.9326171875
forecast_0415,2025-01-18 07:00:00,14322.646153303893,15138.474306846678,12232.5869140625
forecast_0416,2025-01-18 08:00:00,10927.804954378411,11856.504534013562,7840.95849609375
forecast_0417,2025-01-18 09:00:00,6390.172418554586,7434.92232894731,4388.716796875
forecast_0418,2025-01-18 10:00:00,4941.609522155691,5405.326334925503,3251.775634765625
forecast_0419,2025-01-18 11:00:00,5534.350412020063,5610.27794817832,3735.251220703125
forecast_0420,2025-01-18 12:00:00,5478.363277106777,5617.378426932481,3571.2802734375
forecast_0421,2025-01-18 13:00:00,4613.866023778066,4733.468103329161,3175.697509765625
forecast_0422,2025-01-18 14:00:00,4259.913996637408,4440.151091798075,3225.813720703125
forecast_0423,2025-01-18 15:00:00,4653.719749520009,4182.35913671591,2636.831787109375
forecast_0424,2025-01-18 16:00:00,6260.380860749532,5780.128356743975,3317.0634765625
forecast_0425,2025-01-18 17:00:00,10722.922179700705,10504.391200957398,5887.50732421875
forecast_0426,2025-01-18 18:00:00,14162.15321872687,14154.495719731398,10136.38671875
forecast_0427,2025-01-18 19:00:00,16284.634697091169,16208.35247635844,13388.23046875
forecast_0428,2025-01-18 20:00:00,17889.758122788306,17703.41554428045,15512.3251953125
forecast_0429,2025-01-18 21:00:00,19013.478501679678,18645.912389802004,16474.162109375
forecast_0430,2025-01-18 22:00:00,18903.50892068786,18622.975481883434,16499.998046875
forecast_0431,2025-01-18 23:00:00,18014.017238915658,18062.349849701866,15253.4052734375
forecast_0432,2025-01-19 00:00:00,18076.469417470198,17871.483347062498,14896.90625
forecast_0433,2025-01-19 01:00:00,16425.783000742496,16505.33738095518,12574.2958984375
forecast_0434,2025-01-19 02:00:00,17130.49527178586,17083.20183127529,13415.4296875
forecast_0435,2025-01-19 03:00:00,18381.21157180747,18271.47079955884,15253.4365234375
forecast_0436,2025-01-19 04:00:00,19443.634542996515,19249.997281303295,16926.77734375
forecast_0437,2025-01-19 05:00:00,19642.98209558511,19443.54716708263,17208.001953125
forecast_0438,2025-01-19 06:00:00,19638.071227198416,19498.83181812144,17574.298828125
forecast_0439,2025-01-19 07:00:00,19777.576674897937,19565.381525923047,17578.048828125
forecast_0440,2025-01-19 08:00:00,19222.364423819694,19138.895220374965,16975.5625
forecast_0441,2025-01-19 09:00:00,18264.836309844617,18371.574191726108,15094.5048828125
forecast_0442,2025-01-19 10:00:00,15855.005339316895,16409.11580441905,12410.43359375
forecast_0443,2025-01-19 11:00:00,13732.480246814708,14669.773297354302,11200.1767578125
forecast_0444,2025-01-19 12:00:00,12206.119802602778,12939.31437606821,8996.4150390625
forecast_0445,2025-01-19 13:00:00,11259.665576949792,11846.250059539487,8015.048828125
forecast_0446,2025-01-19 14:00:00,10746.167235143817,10570.728885674122,6551.27099609375
forecast_0447,2025-01-19 15:00:00,8842.525932771496,8652.990342242347,5570.31396484375
forecast_0448,2025-01-19 16:00:00,8164.181749116875,7384.661131763289,4294.22021484375
forecast_0449,2025-01-19 17:00:00,9679.62795556085,9104.6404669543,5016.8837890625
forecast_0450,2025-01-19 18:00:00,11644.261589186108,10987.604529469309,6482.03515625
forecast_0451,2025-01-19 19:00:00,11555.636313816489,10987.510605802316,6912.24755859375
forecast_0452,2025-01-19 20:00:00,11399.123061533883,11474.74857274866,7114.8984375
forecast_0453,2025-01-19 21:00:00,11629.590875673537,11833.713508805295,7640.73828125
forecast_0454,2025-01-19 22:00:00,10814.869900107074,11322.673933025926,7530.26806640625
forecast_0455,2025-01-19 23:00:00,11122.535238388606,11883.299285400244,8315.9296875
forecast_0456,2025-01-20 00:00:00,9535.031779450597,10691.58270370288,7356.78662109375
forecast_0457,2025-01-20 01:00:00,8445.511465042673,8819.747397002615,5418.81982421875
forecast_0458,2025-01-20 02:00:00,7479.5379581242005,8113.769747607211,4827.47021484375
forecast_0459,2025-01-20 03:00:00,5615.568696921731,6392.7332306121425,3845.599365234375
forecast_0460,2025-01-20 04:00:00,4834.376675167747,5540.376800927446,3404.717529296875
forecast_0461,2025-01-20 05:00:00,4593.810399174758,5289.807802791859,3148.375
forecast_0462,2025-01-20 06:00:00,3578.652636133839,4180.255482615268,2640.578125
forecast_0463,2025-01-20 07:00:00,2592.2898273689652,3014.2049967455996,2163.153076171875
forecast_0464,2025-01-20 08:00:00,1765.8668017632258,2161.9534705874903,1899.0867919921875
forecast_0465,2025-01-20 09:00:00,1624.4845740662372,1958.4487793264739,2091.347412109375
forecast_0466,2025-01-20 10:00:00,927.5229749398112,1264.8259221910325,1896.640625
forecast_0467,2025-01-20 11:00:00,686.6826740362795,1022.4153190996258,1684.6441650390625
forecast_0468,2025-01-20 12:00:00,715.6145393720219,994.5904680675826,1616.0264892578125
forecast_0469,2025-01-20 13:00:00,1077.981118216161,1488.9739247894895,2079.79296875
forecast_0470,2025-01-20 14:00:00,788.2761180213644,1151.8402036926034,2027.5191650390625
forecast_0471,2025-01-20 15:00:00,601.3887280846358,815.2784356976515,1606.0460205078125
forecast_0472,2025-01-20 16:00:00,920.5746636611664,1516.7153902078426,1889.1907958984375
forecast_0473,2025-01-20 17:00:00,675.1093829428539,1410.955912604493,1878.0634765625
forecast_0474,2025-01-20 18:00:00,882.2047344917886,1427.3056405031011,1921.138671875
forecast_0475,2025-01-20 19:00:00,1065.146481131689,1703.3858623167546,2343.721923828125
forecast_0476,2025-01-20 20:00:00,530.2812147764037,843.7205201031253,1584.1485595703125
forecast_0477,2025-01-20 21:00:00,858.0856002622659,1309.549205585127,2008.0279541015625
forecast_0478,2025-01-20 22:00:00,1289.1867412862139,1459.6235970298167,2459.83349609375
forecast_0479,2025-01-20 23:00:00,1676.9008448944141,2376.1629137233344,3035.571533203125
forecast_0480,2025-01-21 00:00:00,1659.1587480370893,1689.9671793573043,2106.489013671875
forecast_0481,2025-01-21 01:00:00,3116.2726323042907,3547.493775747288,2695.836669921875
forecast_0482,2025-01-21 02:00:00,3150.6974764877295,3661.784836069053,2716.4599609375
forecast_0483,2025-01-21 03:00:00,3640.509760706331,4247.25142003202,2770.2333984375
forecast_0484,2025-01-21 04:00:00,4089.1164031889575,4827.615779171156,3039.697998046875
forecast_0485,2025-01-21 05:00:00,4161.892805076099,4854.118372944396,2960.575927734375
forecast_0486,2025-01-21 06:00:00,3828.320619565424,4583.073431148662,2825.415283203125
forecast_0487,2025-01-21 07:00:00,3962.5626599926486,4798.362956226356,2845.9375
forecast_0488,2025-01-21 08:00:00,3092.7706628696587,4172.543792928833,2912.796875
forecast_0489,2025-01-21 09:00:00,2505.084702376659,3472.312459977239,2930.876953125
forecast_0490,2025-01-21 10:00:00,2030.5304956153168,2259.422024798682,2302.4990234375
forecast_0491,2025-01-21 11:00:00,1790.1269698492279,1973.1743329231845,2167.57568359375
forecast_0492,2025-01-21 12:00:00,1583.7031316544435,1700.9938743105135,2084.092041015625
forecast_0493,2025-01-21 13:00:00,2373.960256731743,2131.893131046496,2044.5185546875
forecast_0494,2025-01-21 14:00:00,3865.018281097026,3212.3444416442244,2389.968017578125
forecast_0495,2025-01-21 15:00:00,5332.655834353942,4450.089713242214,2769.595947265625
forecast_0496,2025-01-21 16:00:00,6283.508196677158,5597.474124361579,3489.130126953125
forecast_0497,2025-01-21 17:00:00,7100.237935377428,6681.346764450174,4059.517578125
forecast_0498,2025-01-21 18:00:00,10201.937479482476,9935.589861130464,5859.1953125
forecast_0499,2025-01-21 19:00:00,11786.953329928172,12104.760371583498,8225.8427734375
forecast_0500,2025-01-21 20:00:00,13012.971813765298,13862.688928639644,10491.9248046875
forecast_0501,2025-01-21 21:00:00,13457.847735442778,14360.669718509744,11117.3203125
forecast_0502,2025-01-21 22:00:00,12804.686157795768,14162.051987563675,10428.728515625
forecast_0503,2025-01-21 23:00:00,12441.368402877339,13849.923619402136,10361.9794921875
forecast_0504,2025-01-22 00:00:00,12353.510749578858,13459.968653689615,10523.9560546875
forecast_0505,2025-01-22 01:00:00,9764.86123607551,11081.067213654318,7346.50048828125
forecast_0506,2025-01-22 02:00:00,11129.72039921235,12567.938465622497,9107.5654296875
forecast_0507,2025-01-22 03:00:00,13170.012632807615,14414.033335316737,10357.8818359375
forecast_0508,2025-01-22 04:00:00,14656.695592130078,15596.82661558541,11443.9814453125
forecast_0509,2025-01-22 05:00:00,15335.48845260867,16196.055207715031,12169.5546875
forecast_0510,2025-01-22 06:00:00,15851.878739274442,16833.078426964326,13856.0498046875
forecast_0511,2025-01-22 07:00:00,15133.397155521761,16519.851343118346,13833.2490234375
forecast_0512,2025-01-22 08:00:00,15399.772277024238,16651.312345956725,14098.7978515625
forecast_0513,2025-01-22 09:00:00,13958.352805355558,15549.947279895485,13456.9287109375
forecast_0514,2025-01-22 10:00:00,13516.466136869825,14811.561348637744,12184.0576171875
forecast_0515,2025-01-22 11:00:00,11777.869821753908,13085.058677252913,9705.0400390625
forecast_0516,2025-01-22 12:00:00,10863.155100750035,11675.13351213558,7882.48681640625
forecast_0517,2025-01-22 13:00:00,9181.284406848594,9573.964812285963,6306.513671875
forecast_0518,2025-01-22 14:00:00,7463.737824899153,7358.207228671042,4834.8857421875
forecast_0519,2025-01-22 15:00:00,5260.073847278972,5175.647699424748,3709.9755859375
forecast_0520,2025-01-22 16:00:00,6947.443977184391,6651.089512645601,4151.396484375
forecast_0521,2025-01-22 17:00:00,7366.06796078389,7146.005287813472,4231.39453125
forecast_0522,2025-01-22 18:00:00,9873.359343483335,10497.570824359738,6599.77734375
forecast_0523,2025-01-22 19:00:00,9803.868505492941,10954.817799167653,7100.458984375
forecast_0524,2025-01-22 20:00:00,10326.393521404623,11537.18699905677,8912.38671875
forecast_0525,2025-01-22 21:00:00,10981.37468266147,12031.45759964428,9476.484375
forecast_0526,2025-01-22 22:00:00,11245.00806247821,12203.448335934221,9690.15625
forecast_0527,2025-01-22 23:00:00,11685.224368566818,12808.086852707405,10325.58203125
forecast_0528,2025-01-23 00:00:00,12017.520082048088,13309.115953800458,10852.9091796875
forecast_0529,2025-01-23 01:00:00,14642.413522737897,15765.251739027812,12447.4951171875
forecast_0530,2025-01-23 02:00:00,14835.770521111674,16022.264311669363,12542.1064453125
forecast_0531,2025-01-23 03:00:00,15315.171215395887,16426.021429903998,13011.6708984375
forecast_0532,2025-01-23 04:00:00,15012.376752205833,16221.465942457937,12220.11328125
forecast_0533,2025-01-23 05:00:00,14165.140189875892,15634.214481018698,11920.8310546875
forecast_0534,2025-01-23 06:00:00,13649.070841171468,15149.710671423001,11348.7685546875
forecast_0535,2025-01-23 07:00:00,13442.532764469841,14758.018475118195,10771.1220703125
forecast_0536,2025-01-23 08:00:00,12305.044211339353,13725.449790123366,9276.439453125
forecast_0537,2025-01-23 09:00:00,8648.427343866384,10241.074780834815,6187.45458984375
forecast_0538,2025-01-23 10:00:00,5848.806039508558,7000.2103001219275,4929.33740234375
forecast_0539,2025-01-23 11:00:00,3952.3803274758293,4727.515292635578,3850.001220703125
forecast_0540,2025-01-23 12:00:00,3385.215286052279,3774.2928626230323,3230.299560546875
forecast_0541,2025-01-23 13:00:00,3440.2447302020605,3341.0393604013184,2872.0224609375
forecast_0542,2025-01-23 14:00:00,3506.5650032839376,3015.8536291000505,2489.259521484375
forecast_0543,2025-01-23 15:00:00,2944.222361734134,2521.976514833442,2287.2978515625
forecast_0544,2025-01-23 16:00:00,1758.4455574733806,1614.544426381929,1840.4210205078125
forecast_0545,2025-01-23 17:00:00,1594.9482275070222,1461.3717361343715,1368.16357421875
forecast_0546,2025-01-23 18:00:00,2215.153124833711,2091.360852394073,1505.5596923828125
forecast_0547,2025-01-23 19:00:00,2093.0376754875233,2665.7197848925557,2221.513916015625
forecast_0548,2025-01-23 20:00:00,2636.2201338065124,2853.5289505279593,2405.302978515625
forecast_0549,2025-01-23 21:00:00,2883.1488351587077,3203.212930241336,2680.636474609375
forecast_0550,2025-01-23 22:00:00,3365.1023876593563,3733.1361052355146,2998.287109375
forecast_0551,2025-01-23 23:00:00,3848.7849342735713,4337.884527521775,3216.99609375
forecast_0552,2025-01-24 00:00:00,3974.2181551510357,4376.969501422305,3135.107421875
forecast_0553,2025-01-24 01:00:00,3248.6040397419383,3816.4758561973995,2690.344482421875
forecast_0554,2025-01-24 02:00:00,3879.640914634758,4501.102349882498,3062.690185546875
forecast_0555,2025-01-24 03:00:00,3833.571896797949,4821.820466403851,3120.205810546875
forecast_0556,2025-01-24 04:00:00,3181.6852400000716,4217.596037782492,3021.953857421875
forecast_0557,2025-01-24 05:00:00,1651.5962945822034,2413.618873641393,2417.653076171875
forecast_0558,2025-01-24 06:00:00,1446.5939062166685,1955.5860460735496,2066.849853515625
forecast_0559,2025-01-24 07:00:00,1589.8406529019026,2247.709429750327,1872.8720703125
forecast_0560,2025-01-24 08:00:00,1337.3560435781237,2049.003336568505,1779.7137451171875
forecast_0561,2025-01-24 09:00:00,1071.0970842999354,1686.4230661944348,1599.2723388671875
forecast_0562,2025-01-24 10:00:00,617.6556757575862,1187.7603337886567,1547.9111328125
forecast_0563,2025-01-24 11:00:00,539.2209479034359,954.219790025325,1348.5660400390625
forecast_0564,2025-01-24 12:00:00,769.4919040141666,991.2920906347636,1474.1329345703125
forecast_0565,2025-01-24 13:00:00,349.55551895871326,1050.5188081988583,1384.7720947265625
forecast_0566,2025-01-24 14:00:00,804.8262270725832,1254.958364789198,1562.8199462890625
forecast_0567,2025-01-24 15:00:00,1142.081778646097,1477.8046527247175,1949.1722412109375
forecast_0568,2025-01-24 16:00:00,1031.4937828675702,1468.7130127069672,2045.2174072265625
forecast_0569,2025-01-24 17:00:00,1048.3015945261136,1707.2664872345822,2297.2607421875
forecast_0570,2025-01-24 18:00:00,1216.4181057007788,1812.076750726287,2072.261962890625
forecast_0571,2025-01-24 19:00:00,1825.37917616692,2328.2046438771395,2411.093994140625
forecast_0572,2025-01-24 20:00:00,2178.3379136359317,2962.6989755575096,2860.653076171875
forecast_0573,2025-01-24 21:00:00,2392.3991908089056,3262.1658670854977,3067.12890625
forecast_0574,2025-01-24 22:00:00,2547.795608897498,3424.5568039941923,3095.724853515625
forecast_0575,2025-01-24 23:00:00,3371.65849934227,4951.926930140532,4316.08642578125
forecast_0576,2025-01-25 00:00:00,5276.501909038995,7598.088104499446,6801.16455078125
forecast_0577,2025-01-25 01:00:00,2098.2901034484917,2992.226942142711,2527.762939453125
forecast_0578,2025-01-25 02:00:00,2456.337254840051,3482.2876775969526,2718.4072265625
forecast_0579,2025-01-25 03:00:00,3825.0661144103265,6185.313919208391,4983.95361328125
forecast_0580,2025-01-25 04:00:00,5404.870347261269,7975.625267166744,6464.82568359375
forecast_0581,2025-01-25 05:00:00,4801.795063533086,7469.115520772962,6427.337890625
forecast_0582,2025-01-25 06:00:00,4221.843835368725,6596.126827951658,5463.31640625
forecast_0583,2025-01-25 07:00:00,4553.823143534724,6896.895351728402,5311.95654296875
forecast_0584,2025-01-25 08:00:00,4407.195496697155,6853.876685436011,5639.404296875
forecast_0585,2025-01-25 09:00:00,4002.7243828671058,6084.95372956192,5104.92919921875
forecast_0586,2025-01-25 10:00:00,3831.1116735464116,6135.134975953075,5054.8984375
forecast_0587,2025-01-25 11:00:00,3779.8855488253407,5780.833025902382,5251.32373046875
forecast_0588,2025-01-25 12:00:00,3554.274060140501,5497.451494605863,5006.14208984375
forecast_0589,2025-01-25 13:00:00,3489.32508520384,4878.968955976471,4541.35986328125
forecast_0590,2025-01-25 14:00:00,3535.115774322143,5237.442694312975,5034.48974609375
forecast_0591,2025-01-25 15:00:00,2780.6565259807417,4537.297525345453,4399.92236328125
forecast_0592,2025-01-25 16:00:00,3056.367284701023,4600.461217334039,4407.32275390625
forecast_0593,2025-01-25 17:00:00,2879.0351946642986,4629.833597050067,4438.62158203125
forecast_0594,2025-01-25 18:00:00,3276.570641100686,5329.202131981219,4974.50927734375
forecast_0595,2025-01-25 19:00:00,3357.395149522963,4586.819291549152,4001.37109375
forecast_0596,2025-01-25 20:00:00,4033.40330026938,5209.417916118074,4504.42333984375
forecast_0597,2025-01-25 21:00:00,4679.317538830695,6502.5270694395695,6053.57275390625
forecast_0598,2025-01-25 22:00:00,4915.732153649969,6465.867587478848,5974.67041015625
forecast_0599,2025-01-25 23:00:00,5443.261449182306,6982.759944844729,6330.47412109375
forecast_0600,2025-01-26 00:00:00,5517.869161998435,7419.268343539923,6639.50732421875
forecast_0601,2025-01-26 01:00:00,6529.232297923569,9219.121443916443,8588.9541015625
forecast_0602,2025-01-26 02:00:00,5376.51258291887,7919.609812575833,7153.43359375
forecast_0603,2025-01-26 03:00:00,5691.889292738205,7896.747392865188,6928.45556640625
forecast_0604,2025-01-26 04:00:00,4520.653297342613,5661.274984769228,4723.88720703125
forecast_0605,2025-01-26 05:00:00,4228.474200406261,5059.620282982494,4176.07275390625
forecast_0606,2025-01-26 06:00:00,3793.5671471592864,4553.388002807276,3535.028076171875
forecast_0607,2025-01-26 07:00:00,3532.575936380914,4078.5772999451847,3200.138916015625
forecast_0608,2025-01-26 08:00:00,2536.1390907012965,3333.03298149315,2687.092529296875
forecast_0609,2025-01-26 09:00:00,1778.0767052924537,2971.134106340016,2710.231201171875
forecast_0610,2025-01-26 10:00:00,1874.2429458163092,3225.2163451894953,2794.008544921875
forecast_0611,2025-01-26 11:00:00,1897.7246020797827,3240.845917940713,3018.834228515625
forecast_0612,2025-01-26 12:00:00,1177.0297753939699,2007.0978904128315,2571.106689453125
forecast_0613,2025-01-26 13:00:00,660.6016580628745,1326.607528491628,1771.1766357421875
forecast_0614,2025-01-26 14:00:00,447.95756389631833,1077.8080400559195,1630.38134765625
forecast_0615,2025-01-26 15:00:00,379.2183238878184,774.7862089537264,1415.2552490234375
forecast_0616,2025-01-26 16:00:00,839.544072217505,1493.498722123925,1948.2320556640625
forecast_0617,2025-01-26 17:00:00,715.4749164929326,1263.6848714973344,2125.811279296875
forecast_0618,2025-01-26 18:00:00,829.0965493612537,1263.6538436973847,1937.3515625
forecast_0619,2025-01-26 19:00:00,968.3188604009904,1362.800020103613,2052.737060546875
forecast_0620,2025-01-26 20:00:00,959.4532787562367,1405.7615336869005,2055.307861328125
forecast_0621,2025-01-26 21:00:00,1014.236420351609,1649.0297764852153,2390.526123046875
forecast_0622,2025-01-26 22:00:00,1463.2419749028215,2060.4272811633855,2727.731689453125
forecast_0623,2025-01-26 23:00:00,1538.6281773679352,2025.3653777053598,2314.000732421875
forecast_0624,2025-01-27 00:00:00,1592.2128796425877,2400.416356253583,2761.68359375
forecast_0625,2025-01-27 01:00:00,1893.1985321133182,2540.694692602742,2655.375
forecast_0626,2025-01-27 02:00:00,1781.216330581473,2336.7754188242316,2423.743896484375
forecast_0627,2025-01-27 03:00:00,2017.720470682892,2658.354713918004,2625.28515625
forecast_0628,2025-01-27 04:00:00,2532.4722864506293,3172.8410267858544,2628.176025390625
forecast_0629,2025-01-27 05:00:00,2816.7584616698095,3860.51590048149,3197.3125
forecast_0630,2025-01-27 06:00:00,2650.470018976635,3632.0168753244225,3163.5498046875
forecast_0631,2025-01-27 07:00:00,3564.7131931507456,4777.122630619918,3766.0068359375
forecast_0632,2025-01-27 08:00:00,3907.9408903974927,5399.444785778727,4337.423828125
forecast_0633,2025-01-27 09:00:00,4062.863446691114,5222.465324505711,4000.097412109375
forecast_0634,2025-01-27 10:00:00,2873.7808473129044,3476.6124489855465,3043.859619140625
forecast_0635,2025-01-27 11:00:00,4069.6712807988833,5546.637904320578,4598.45849609375
forecast_0636,2025-01-27 12:00:00,7151.729710604417,9018.349112950125,6680.78125
forecast_0637,2025-01-27 13:00:00,13842.603322371668,15271.343239850059,12424.3271484375
forecast_0638,2025-01-27 14:00:00,16496.39696113234,17343.24184211455,15219.9521484375
forecast_0639,2025-01-27 15:00:00,17605.967063812328,18484.96871678073,17132.15625
forecast_0640,2025-01-27 16:00:00,18362.784322697946,18913.920762339192,17025.869140625
forecast_0641,2025-01-27 17:00:00,18454.334780205645,19077.75993077972,17436.568359375
forecast_0642,2025-01-27 18:00:00,18759.138785367646,19355.45144356611,18606.1484375
forecast_0643,2025-01-27 19:00:00,19012.354073457915,19516.307512764623,18819.9296875
forecast_0644,2025-01-27 20:00:00,18871.8458426243,19245.861638473187,18237.544921875
forecast_0645,2025-01-27 21:00:00,18517.97954449358,18740.734812265193,17342.8046875
forecast_0646,2025-01-27 22:00:00,18016.014779510948,18315.990980812796,16904.607421875
forecast_0647,2025-01-27 23:00:00,18189.030606447683,18211.08125275499,16688.123046875
forecast_0648,2025-01-28 00:00:00,18178.90253662881,18236.849547594844,16628.337890625
forecast_0649,2025-01-28 01:00:00,18421.684231460313,18347.225545510715,16763.0625
forecast_0650,2025-01-28 02:00:00,17987.567470442213,18440.762411747804,16418.712890625
forecast_0651,2025-01-28 03:00:00,17975.16232852013,18415.98483340757,16552.583984375
forecast_0652,2025-01-28 04:00:00,17986.439503568163,18428.509249754658,16132.44921875
forecast_0653,2025-01-28 05:00:00,18151.325979457743,18896.760001250223,16774.505859375
forecast_0654,2025-01-28 06:00:00,18294.95489948291,19090.608439595817,17534.845703125
forecast_0655,2025-01-28 07:00:00,18617.949241497226,19335.41950723618,17528.544921875
forecast_0656,2025-01-28 08:00:00,18532.60222601638,19267.70530704208,17592.412109375
forecast_0657,2025-01-28 09:00:00,18052.65834346264,18738.521587074647,17442.951171875
forecast_0658,2025-01-28 10:00:00,18593.83996178127,18876.4727466764,16989.5859375
forecast_0659,2025-01-28 11:00:00,18098.281054290557,18554.688849491085,16712.595703125
forecast_0660,2025-01-28 12:00:00,18675.72774811989,18911.871518407228,16956.76171875
forecast_0661,2025-01-28 13:00:00,17432.27277433299,18428.557671598173,17049.3671875
forecast_0662,2025-01-28 14:00:00,17537.4191163959,18562.963142732333,17348.189453125
forecast_0663,2025-01-28 15:00:00,17929.791508690032,18639.908604554133,17559.931640625
forecast_0664,2025-01-28 16:00:00,17161.648217291004,18114.082326697695,17301.5703125
forecast_0665,2025-01-28 17:00:00,17505.060773872807,18382.296486112526,17224.91796875
forecast_0666,2025-01-28 18:00:00,17191.63596685008,18093.70103490221,17202.36328125
forecast_0667,2025-01-28 19:00:00,18139.20630640191,18521.2039399344,17258.283203125
forecast_0668,2025-01-28 20:00:00,18180.705501271754,18558.668592766644,17221.291015625
forecast_0669,2025-01-28 21:00:00,18373.684629015905,18840.924670784236,17791.822265625
forecast_0670,2025-01-28 22:00:00,18712.378163202513,18919.86555335734,17512.7890625
forecast_0671,2025-01-28 23:00:00,18416.320484366435,18478.171404790995,17098.853515625
forecast_0672,2025-01-29 00:00:00,18653.323247679204,18804.335538924166,17208.107421875
forecast_0673,2025-01-29 01:00:00,18340.97781273994,18839.05451327808,17505.4609375
forecast_0674,2025-01-29 02:00:00,18638.307026016322,19068.15330986246,17697.302734375
forecast_0675,2025-01-29 03:00:00,18618.68106790383,19156.93734774078,17895.46875
forecast_0676,2025-01-29 04:00:00,18973.510411272426,19469.003212685064,18329.005859375
forecast_0677,2025-01-29 05:00:00,19272.038425352515,19745.90133568619,18488.921875
forecast_0678,2025-01-29 06:00:00,19260.76145026729,19825.402101358515,19058.208984375
forecast_0679,2025-01-29 07:00:00,19357.919881917376,19896.17756963059,19051.830078125
forecast_0680,2025-01-29 08:00:00,19333.516679814093,19923.781417916915,19042.888671875
forecast_0681,2025-01-29 09:00:00,19220.01872677903,19830.765040629492,18690.755859375
forecast_0682,2025-01-29 10:00:00,18421.05220217595,19336.82155427298,17997.552734375
forecast_0683,2025-01-29 11:00:00,17679.59981562916,18820.039115296804,16911.248046875
forecast_0684,2025-01-29 12:00:00,17343.86988916973,18317.401104142882,16083.5693359375
forecast_0685,2025-01-29 13:00:00,17766.601879541206,18490.381030095843,15849.3095703125
forecast_0686,2025-01-29 14:00:00,17594.221806314126,18277.522637349568,15541.7421875
forecast_0687,2025-01-29 15:00:00,17030.626893937024,17849.035972901107,15452.89453125
forecast_0688,2025-01-29 16:00:00,16640.48666210512,17425.93980512868,15010.5615234375
forecast_0689,2025-01-29 17:00:00,16197.009656917424,16967.35699412797,14252.04296875
forecast_0690,2025-01-29 18:00:00,16074.332591719687,17007.931926737536,14483.2001953125
forecast_0691,2025-01-29 19:00:00,16494.938756647345,17394.212882980537,15425.0263671875
forecast_0692,2025-01-29 20:00:00,16594.071053563683,17456.16972085112,15690.125
forecast_0693,2025-01-29 21:00:00,16413.688046997286,17147.167738579516,15076.5126953125
forecast_0694,2025-01-29 22:00:00,16266.733351453819,16848.449067852063,14482.8056640625
forecast_0695,2025-01-29 23:00:00,15974.09773981117,16592.72858799274,14343.1650390625
forecast_0696,2025-01-30 00:00:00,16613.555746256454,17385.00457016189,15315.2646484375
forecast_0697,2025-01-30 01:00:00,16466.04786468789,17376.35487467051,15075.9765625
forecast_0698,2025-01-30 02:00:00,17810.3880630439,18539.505771652024,16979.955078125
forecast_0699,2025-01-30 03:00:00,17717.523112276707,18417.828350997617,17339.7421875
forecast_0700,2025-01-30 04:00:00,17538.21918427842,18404.850157797973,17578.451171875
forecast_0701,2025-01-30 05:00:00,17139.462110504457,18307.03358202005,17151.6953125
forecast_0702,2025-01-30 06:00:00,17279.055186610305,18477.593936369612,17306.796875
forecast_0703,2025-01-30 07:00:00,17462.884021394566,18717.914487756174,17740.7421875
forecast_0704,2025-01-30 08:00:00,17500.352019994447,18712.776203401052,18094.490234375
forecast_0705,2025-01-30 09:00:00,17182.14480062346,18460.85091861757,16790.962890625
forecast_0706,2025-01-30 10:00:00,16401.884926278748,17837.847781449454,15297.8203125
forecast_0707,2025-01-30 11:00:00,16357.053555869345,17558.73051015196,15040.8916015625
forecast_0708,2025-01-30 12:00:00,16124.424952731844,17217.240233182005,14449.4453125
forecast_0709,2025-01-30 13:00:00,15447.304032193348,16580.926888802613,13037.2578125
forecast_0710,2025-01-30 14:00:00,15178.576215427005,16233.20900847741,12825.4580078125
forecast_0711,2025-01-30 15:00:00,15411.512660776445,16448.876803239877,13297.44921875
forecast_0712,2025-01-30 16:00:00,15033.520085202574,16507.336781911326,13636.71875
forecast_0713,2025-01-30 17:00:00,15008.546127849824,16618.400973876585,13546.63671875
forecast_0714,2025-01-30 18:00:00,16058.80569176189,17203.386673883633,13035.3466796875
forecast_0715,2025-01-30 19:00:00,16472.66389037211,17434.764170151993,14387.3369140625
forecast_0716,2025-01-30 20:00:00,17131.15919218312,17794.725345297462,15715.2158203125
forecast_0717,2025-01-30 21:00:00,17668.81488571995,18243.7787869236,16954.046875
forecast_0718,2025-01-30 22:00:00,17874.669532377688,18466.329724244817,17205.62890625
forecast_0719,2025-01-30 23:00:00,18194.225541829852,18631.51737590946,16783.484375
forecast_0720,2025-01-31 00:00:00,17748.018269002037,18379.664979075507,15446.2001953125
forecast_0721,2025-01-31 01:00:00,18264.87336862312,18809.929357167683,16759.896484375
forecast_0722,2025-01-31 02:00:00,18328.122240873658,18776.517011930748,16574.609375
forecast_0723,2025-01-31 03:00:00,18329.643316183392,18817.24066898358,15819.796875
forecast_0724,2025-01-31 04:00:00,18140.807249038728,18598.777512653163,15711.3466796875
forecast_0725,2025-01-31 05:00:00,17444.77297961508,18031.118744504805,15252.015625
forecast_0726,2025-01-31 06:00:00,17361.242028111083,18234.6744829842,14798.5166015625
forecast_0727,2025-01-31 07:00:00,16741.31662852835,17738.575711581292,14606.1435546875
forecast_0728,2025-01-31 08:00:00,17034.84201260174,17979.32480918401,16111.3017578125
forecast_0729,2025-01-31 09:00:00,14214.206304184447,15714.868152499661,13068.1689453125
forecast_0730,2025-01-31 10:00:00,12690.369555137688,14354.685606857503,11390.0703125
forecast_0731,2025-01-31 11:00:00,12556.071193977412,13811.874322434363,10685.4990234375
forecast_0732,2025-01-31 12:00:00,12050.206650317365,12958.657871453164,9518.1689453125
forecast_0733,2025-01-31 13:00:00,10186.11101269811,10880.723116682235,8181.1875
forecast_0734,2025-01-31 14:00:00,8802.048215351067,8516.205969326731,5824.669921875
forecast_0735,2025-01-31 15:00:00,6375.214284496109,5943.814889110956,4217.2705078125
forecast_0736,2025-01-31 16:00:00,5115.000979014287,4615.816041410038,3329.447021484375
forecast_0737,2025-01-31 17:00:00,3578.1121498788357,3189.7232976057016,2280.504638671875
forecast_0738,2025-01-31 18:00:00,3324.0613962608663,3685.545018785253,2819.4931640625
forecast_0739,2025-01-31 19:00:00,2935.3270867179876,3247.464003433177,2653.658447265625
forecast_0740,2025-01-31 20:00:00,3281.882844852364,3911.581192372685,3107.462158203125
forecast_0741,2025-01-31 21:00:00,4089.467488951398,4466.709990520978,3576.700927734375
forecast_0742,2025-01-31 22:00:00,3166.0299681261977,3888.8085527258972,3281.028564453125
forecast_0743,2025-01-31 23:00:00,3847.7808930226493,4932.063002109111,3879.047607421875
forecast_0744,2025-02-01 00:00:00,3106.7413031660876,3720.42627294917,3122.260986328125
forecast_0745,2025-02-01 01:00:00,6939.19657200394,8063.796551340745,5524.09375
forecast_0746,2025-02-01 02:00:00,6458.434965195321,7590.1490645063095,5055.32666015625
forecast_0747,2025-02-01 03:00:00,5431.182400082923,6345.29761644055,3808.095458984375
forecast_0748,2025-02-01 04:00:00,3702.0230652253854,4557.851762928634,2826.545166015625
forecast_0749,2025-02-01 05:00:00,3382.6653721255216,4056.810806624274,2440.808837890625
forecast_0750,2025-02-01 06:00:00,2058.7838709403204,2449.9515651243055,1724.2396240234375
forecast_0751,2025-02-01 07:00:00,1318.9159172641635,2219.252319907481,2879.424560546875
forecast_0752,2025-02-01 08:00:00,1031.3607214966448,1599.3428232087056,1966.9136962890625
forecast_0753,2025-02-01 09:00:00,998.6426039406922,1598.2513255164888,1957.0374755859375
forecast_0754,2025-02-01 10:00:00,943.754272947173,1465.2829678471726,1922.380859375
forecast_0755,2025-02-01 11:00:00,841.6459165265878,1406.143163665238,1932.9456787109375
forecast_0756,2025-02-01 12:00:00,804.3921454651626,1345.687897820191,1933.7103271484375
forecast_0757,2025-02-01 13:00:00,906.6606574006908,1291.377863145413,1824.765625
forecast_0758,2025-02-01 14:00:00,976.6193534554661,1425.3168330884937,1786.8114013671875
forecast_0759,2025-02-01 15:00:00,988.3199564075956,1478.2377041091781,1857.1024169921875
forecast_0760,2025-02-01 16:00:00,885.2159895222399,1366.1120289367973,1782.5555419921875
forecast_0761,2025-02-01 17:00:00,943.8645619571844,1461.9848485078962,1814.6119384765625
forecast_0762,2025-02-01 18:00:00,957.0845813559743,1456.500842803408,1878.4874267578125
forecast_0763,2025-02-01 19:00:00,917.1833492950342,1453.783680917255,1986.609375
forecast_0764,2025-02-01 20:00:00,1040.8873535381765,1571.47404119392,2206.419921875
forecast_0765,2025-02-01 21:00:00,866.1961037494025,1334.8781423830333,2055.1787109375
forecast_0766,2025-02-01 22:00:00,899.5476265220339,1505.722405409204,2134.9560546875
forecast_0767,2025-02-01 23:00:00,1203.8742785641089,1460.4209976413265,2099.540283203125
forecast_0768,2025-02-02 00:00:00,1224.0468966339556,1806.9391450806334,2084.938232421875
forecast_0769,2025-02-02 01:00:00,1609.1892629881304,2611.670101657785,2669.74755859375
forecast_0770,2025-02-02 02:00:00,1345.388659174339,2559.287411173578,2711.473388671875
forecast_0771,2025-02-02 03:00:00,1020.6950310129895,2303.2761383111806,2544.521240234375
forecast_0772,2025-02-02 04:00:00,989.2094277061975,2263.942418612383,2371.987060546875
forecast_0773,2025-02-02 05:00:00,1323.7094335019142,2632.554397844464,2469.934814453125
forecast_0774,2025-02-02 06:00:00,1150.2972749014625,2163.6666634096805,2318.414306640625
forecast_0775,2025-02-02 07:00:00,1048.9293329766724,2004.1008521508843,1919.2152099609375
forecast_0776,2025-02-02 08:00:00,1346.7934819613865,1692.5938645088547,1799.3079833984375
forecast_0777,2025-02-02 09:00:00,1373.2329281378536,1666.743284043862,1918.7525634765625
forecast_0778,2025-02-02 10:00:00,1025.8758996955808,1798.9586805517918,2316.44287109375
forecast_0779,2025-02-02 11:00:00,1101.0288303996072,1922.2771063721377,2525.825439453125
forecast_0780,2025-02-02 12:00:00,1134.8924321633729,1510.2894565566237,2450.369140625
forecast_0781,2025-02-02 13:00:00,1392.9843246786884,1730.1728455988573,2732.868408203125
forecast_0782,2025-02-02 14:00:00,833.6279125565995,947.2736951894652,1608.2144775390625
forecast_0783,2025-02-02 15:00:00,888.1580620225025,1349.976205887914,1755.4720458984375
forecast_0784,2025-02-02 16:00:00,1431.7289799640666,1414.124984520788,1842.1783447265625
forecast_0785,2025-02-02 17:00:00,2053.696571121419,1690.3174078794164,1564.3394775390625
forecast_0786,2025-02-02 18:00:00,2934.2716385028825,2749.991919669498,2006.763671875
forecast_0787,2025-02-02 19:00:00,8107.694626601773,8107.019893742672,4755.00390625
forecast_0788,2025-02-02 20:00:00,11944.011611361708,11898.557037209448,8181.310546875
forecast_0789,2025-02-02 21:00:00,13810.898868375865,13533.7080826761,10000.2275390625
forecast_0790,2025-02-02 22:00:00,15535.458227227935,15631.529820844233,12554.8203125
forecast_0791,2025-02-02 23:00:00,17116.047367854466,17528.17871153547,15059.28125
forecast_0792,2025-02-03 00:00:00,16718.933164304748,17468.8794212865,15698.8671875
forecast_0793,2025-02-03 01:00:00,18400.155728653466,19030.36828853046,17984.537109375
forecast_0794,2025-02-03 02:00:00,18555.455696543744,19031.630244934568,18464.15625
forecast_0795,2025-02-03 03:00:00,17923.36432728973,18655.272989719353,18038.548828125
forecast_0796,2025-02-03 04:00:00,17474.67501991407,18260.811872383478,17269.689453125
forecast_0797,2025-02-03 05:00:00,17373.152180089026,18043.846009050554,16896.3828125
forecast_0798,2025-02-03 06:00:00,17273.605598273934,17772.09906537473,16586.70703125
forecast_0799,2025-02-03 07:00:00,17511.79711622346,18071.4555587911,16943.298828125
forecast_0800,2025-02-03 08:00:00,18243.24384047876,18598.885755493524,17839.626953125
forecast_0801,2025-02-03 09:00:00,17440.738385822464,17975.144390141548,16677.814453125
forecast_0802,2025-02-03 10:00:00,16694.40406389082,17435.749158194714,15171.7158203125
forecast_0803,2025-02-03 11:00:00,16838.110812405917,17438.447901436746,15326.1533203125
forecast_0804,2025-02-03 12:00:00,16631.42042135691,17026.450518974267,15366.4814453125
forecast_0805,2025-02-03 13:00:00,15974.669939455687,16703.79762042455,14596.7021484375
forecast_0806,2025-02-03 14:00:00,15944.119274516073,16550.49467349401,13728.9951171875
forecast_0807,2025-02-03 15:00:00,15305.299129056266,16055.145048276489,13319.3720703125
forecast_0808,2025-02-03 16:00:00,15645.656165992492,16292.857776464618,13294.1025390625
forecast_0809,2025-02-03 17:00:00,15611.376750341837,16200.7365860211,13648.16796875
forecast_0810,2025-02-03 18:00:00,15450.997509046043,16060.12391058365,14087.140625
forecast_0811,2025-02-03 19:00:00,16217.356978773973,17004.16338183546,15201.7587890625
forecast_0812,2025-02-03 20:00:00,16172.591643509772,17165.514261346492,15775.7451171875
forecast_0813,2025-02-03 21:00:00,16199.595316960858,17200.125984400252,15839.4736328125
forecast_0814,2025-02-03 22:00:00,16437.52240645299,17560.947643540243,16151.5986328125
forecast_0815,2025-02-03 23:00:00,16736.907381553134,17766.54338476859,16418.146484375
forecast_0816,2025-02-04 00:00:00,17025.494974746875,17915.222140083813,16500.3984375
forecast_0817,2025-02-04 01:00:00,16794.156509349414,17481.007106215176,15678.33984375
forecast_0818,2025-02-04 02:00:00,16644.39885200964,17456.201605313454,15510.5419921875
forecast_0819,2025-02-04 03:00:00,16344.960241628029,17359.467605437734,15090.2685546875
forecast_0820,2025-02-04 04:00:00,16113.173733572865,17050.200366307858,14693.76953125
forecast_0821,2025-02-04 05:00:00,16430.400279757727,17419.93891895498,15276.1181640625
forecast_0822,2025-02-04 06:00:00,17050.919268635993,18129.594952456297,16735.56640625
forecast_0823,2025-02-04 07:00:00,17312.027937777144,18371.705462575334,16910.931640625
forecast_0824,2025-02-04 08:00:00,17035.81882551115,18191.408197935878,16674.583984375
forecast_0825,2025-02-04 09:00:00,16247.296344179325,17573.01037459758,15357.42578125
forecast_0826,2025-02-04 10:00:00,15192.948524800913,16489.238758131458,14109.8818359375
forecast_0827,2025-02-04 11:00:00,14987.442840523188,16413.607407847416,14263.0302734375
forecast_0828,2025-02-04 12:00:00,15114.50486622697,16648.9766915667,14851.23828125
forecast_0829,2025-02-04 13:00:00,14421.059845733036,15384.05155850017,12904.7763671875
forecast_0830,2025-02-04 14:00:00,14015.050239473132,14692.127971316218,12057.828125
forecast_0831,2025-02-04 15:00:00,14552.316851392932,15333.84186310116,12283.2021484375
forecast_0832,2025-02-04 16:00:00,15411.4019082888,16666.341141118704,14241.3212890625
forecast_0833,2025-02-04 17:00:00,14979.889770644768,16905.368736063192,15205.79296875
forecast_0834,2025-02-04 18:00:00,15276.5257226068,17258.890107598698,15985.7734375
forecast_0835,2025-02-04 19:00:00,15223.415615484832,17201.38484457346,15760.015625
forecast_0836,2025-02-04 20:00:00,16579.932381583883,18081.083483103273,16947.935546875
forecast_0837,2025-02-04 21:00:00,16931.935778501138,18239.483862411023,17399.873046875
forecast_0838,2025-02-04 22:00:00,16095.211034628466,17595.625719792333,16728.814453125
forecast_0839,2025-02-04 23:00:00,16068.574949199625,17279.899018961984,16364.8984375
forecast_0840,2025-02-05 00:00:00,15648.680838030677,16996.06285033978,16339.6279296875
forecast_0841,2025-02-05 01:00:00,16258.91847452072,17513.458078811247,16391.5234375
forecast_0842,2025-02-05 02:00:00,16241.806572560028,17470.080601965044,16436.20703125
forecast_0843,2025-02-05 03:00:00,16309.045814970466,17561.450299340555,16704.21484375
forecast_0844,2025-02-05 04:00:00,16037.829202520912,17384.32708213165,16742.775390625
forecast_0845,2025-02-05 05:00:00,15740.68598065151,17223.887605511914,16507.265625
forecast_0846,2025-02-05 06:00:00,16280.46391070341,17499.45611622445,16110.6025390625
forecast_0847,2025-02-05 07:00:00,16137.010060264844,17277.80170169078,15311.41015625
forecast_0848,2025-02-05 08:00:00,15675.090932422847,17083.824769742292,15321.3525390625
forecast_0849,2025-02-05 09:00:00,15232.682275604537,16647.099145318447,15052.0185546875
forecast_0850,2025-02-05 10:00:00,14846.129026473143,15980.032968011572,14553.5810546875
forecast_0851,2025-02-05 11:00:00,14880.926648515742,15942.804280392098,13810.1533203125
forecast_0852,2025-02-05 12:00:00,15324.617490042841,16067.440016559482,13640.6162109375
forecast_0853,2025-02-05 13:00:00,15564.304521142309,16188.016111389466,13502.9990234375
forecast_0854,2025-02-05 14:00:00,15736.02878910723,16216.926401790202,13433.51953125
forecast_0855,2025-02-05 15:00:00,15168.993998757995,15738.31562763811,13076.15625
forecast_0856,2025-02-05 16:00:00,15645.81097502938,15984.096692672867,13445.2724609375
forecast_0857,2025-02-05 17:00:00,15083.065523549973,15479.841515840104,13203.0888671875
forecast_0858,2025-02-05 18:00:00,15092.063120010502,15452.062022645096,13313.8125
forecast_0859,2025-02-05 19:00:00,14541.554076931674,14868.01800123684,13770.9609375
forecast_0860,2025-02-05 20:00:00,14483.456790634535,14702.6824039642,13842.8955078125
forecast_0861,2025-02-05 21:00:00,14790.630192762286,14986.66680011625,13697.2216796875
forecast_0862,2025-02-05 22:00:00,15731.173986345131,16220.382415883625,14472.8115234375
forecast_0863,2025-02-05 23:00:00,15855.405754961217,16695.93373880713,15485.0263671875
forecast_0864,2025-02-06 00:00:00,16051.202492946653,16880.024216272366,15550.1474609375
forecast_0865,2025-02-06 01:00:00,15784.954117351419,17391.09556218468,16364.0439453125
forecast_0866,2025-02-06 02:00:00,16620.846407102057,17777.928191468727,16057.6533203125
forecast_0867,2025-02-06 03:00:00,16633.486296526826,17661.48123704703,16119.5849609375
forecast_0868,2025-02-06 04:00:00,17134.125648948226,18076.013232890644,16612.986328125
forecast_0869,2025-02-06 05:00:00,17303.67829509634,18228.192379860575,16938.9765625
forecast_0870,2025-02-06 06:00:00,16665.13470452319,17842.761508987118,16783.232421875
forecast_0871,2025-02-06 07:00:00,16764.467139843793,17923.928153474713,16859.611328125
forecast_0872,2025-02-06 08:00:00,16167.061468026392,17426.24547552505,16139.6220703125
forecast_0873,2025-02-06 09:00:00,16015.972833034692,17125.745844631667,15147.4375
forecast_0874,2025-02-06 10:00:00,14462.066261298827,15825.957506843264,13678.0166015625
forecast_0875,2025-02-06 11:00:00,15024.638845458301,16069.652563893967,13478.48828125
forecast_0876,2025-02-06 12:00:00,15045.771123545159,16006.140034041298,12742.9375
forecast_0877,2025-02-06 13:00:00,15173.4099303707,16023.167060219665,12939.8173828125
forecast_0878,2025-02-06 14:00:00,15383.185173230188,16088.188619011691,13560.07421875
forecast_0879,2025-02-06 15:00:00,16063.021395909893,16792.729642483606,14280.4794921875
forecast_0880,2025-02-06 16:00:00,15928.514207861948,16583.142694450682,14382.2802734375
forecast_0881,2025-02-06 17:00:00,15434.936057417544,16633.634098240975,14286.3896484375
forecast_0882,2025-02-06 18:00:00,14646.0569398706,14921.460112504195,13138.7451171875
forecast_0883,2025-02-06 19:00:00,15223.332737652992,15475.933410899534,14058.4599609375
forecast_0884,2025-02-06 20:00:00,15933.289270496774,16258.314390054027,14582.0361328125
forecast_0885,2025-02-06 21:00:00,15567.125136136034,16508.00973359955,15114.8271484375
forecast_0886,2025-02-06 22:00:00,14806.007254759867,15482.049901613787,13947.3310546875
forecast_0887,2025-02-06 23:00:00,14659.477090605906,14976.326710392304,13281.5546875
forecast_0888,2025-02-07 00:00:00,13649.785230384754,14565.42568907479,13223.21875
forecast_0889,2025-02-07 01:00:00,11350.978144710094,11653.354787563389,8115.31494140625
forecast_0890,2025-02-07 02:00:00,9952.674961410798,10355.874951945105,7369.82373046875
forecast_0891,2025-02-07 03:00:00,9239.666863323133,9664.07727382938,7067.890625
forecast_0892,2025-02-07 04:00:00,10085.881891728706,11003.47722504037,8150.150390625
forecast_0893,2025-02-07 05:00:00,9585.824793854594,10879.786128931117,7599.80419921875
forecast_0894,2025-02-07 06:00:00,7043.340122169284,8935.80103305,6406.12255859375
forecast_0895,2025-02-07 07:00:00,5123.161277689218,6015.488973283456,4596.185546875
forecast_0896,2025-02-07 08:00:00,4171.705545821529,4383.123085150555,3352.308837890625
forecast_0897,2025-02-07 09:00:00,5810.476636362608,5669.2036465431665,4271.07080078125
forecast_0898,2025-02-07 10:00:00,9353.965349958136,9256.663782089396,8127.48681640625
forecast_0899,2025-02-07 11:00:00,12630.292998021147,13122.659180582572,11826.5859375
forecast_0900,2025-02-07 12:00:00,14117.660526501586,14918.344322869867,12822.703125
forecast_0901,2025-02-07 13:00:00,14954.552243837405,15894.236452224475,14701.01171875
forecast_0902,2025-02-07 14:00:00,14551.309874180388,15173.755318690273,12354.1328125
forecast_0903,2025-02-07 15:00:00,14430.422857732636,14964.426885857109,12878.3759765625
forecast_0904,2025-02-07 16:00:00,14461.00456282995,14918.833612674007,12776.0576171875
forecast_0905,2025-02-07 17:00:00,13626.619461803264,14367.766018706432,11851.4189453125
forecast_0906,2025-02-07 18:00:00,13200.312385310424,14610.09076838697,12728.0908203125
forecast_0907,2025-02-07 19:00:00,12710.69593292168,13353.171798387448,10797.1845703125
forecast_0908,2025-02-07 20:00:00,13145.517470146508,13615.438191457622,11897.6005859375
forecast_0909,2025-02-07 21:00:00,15043.346583405932,15490.769904924917,13779.7783203125
forecast_0910,2025-02-07 22:00:00,15652.341834724184,16463.162532755665,14896.4111328125
forecast_0911,2025-02-07 23:00:00,16938.06094536311,17779.34139641802,16238.1572265625
forecast_0912,2025-02-08 00:00:00,17551.45411888,18279.735001755682,16897.490234375
forecast_0913,2025-02-08 01:00:00,16950.558087160272,17763.114989379123,16940.337890625
forecast_0914,2025-02-08 02:00:00,17622.50151841653,18329.357013816658,17945.283203125
forecast_0915,2025-02-08 03:00:00,16559.53882315622,17933.1012960289,19060.041015625
forecast_0916,2025-02-08 04:00:00,18399.114164381037,19085.40219664214,19221.005859375
forecast_0917,2025-02-08 05:00:00,17471.981565770675,18587.03235945836,19166.0
forecast_0918,2025-02-08 06:00:00,18062.115676365225,18918.461356338074,19159.810546875
forecast_0919,2025-02-08 07:00:00,17580.847694935946,18651.775411833612,17983.408203125
forecast_0920,2025-02-08 08:00:00,16427.313801352717,17736.222131099395,16444.751953125
forecast_0921,2025-02-08 09:00:00,15492.942150696626,16362.327157331481,12019.03125
forecast_0922,2025-02-08 10:00:00,12477.813667611283,13065.642932278159,8613.265625
forecast_0923,2025-02-08 11:00:00,9656.316355680752,9687.504331070433,6559.47998046875
forecast_0924,2025-02-08 12:00:00,7514.515051770987,6845.002036332067,4450.984375
forecast_0925,2025-02-08 13:00:00,5662.372680558897,4888.488227581069,3210.428955078125
forecast_0926,2025-02-08 14:00:00,5436.64881594936,4317.255254846585,2860.096923828125
forecast_0927,2025-02-08 15:00:00,5754.872253793284,4420.7301399127355,2955.111328125
forecast_0928,2025-02-08 16:00:00,6213.0518434984415,4754.312392575796,3135.551513671875
forecast_0929,2025-02-08 17:00:00,5579.968733863892,4606.494949072176,3337.053955078125
forecast_0930,2025-02-08 18:00:00,7280.997143717912,6641.960468886645,4486.88427734375
forecast_0931,2025-02-08 19:00:00,8895.817033540257,8224.533246573643,6116.42236328125
forecast_0932,2025-02-08 20:00:00,10332.276436858501,9693.207979102839,7593.60205078125
forecast_0933,2025-02-08 21:00:00,12387.065981105086,11702.911321507847,8807.0341796875
forecast_0934,2025-02-08 22:00:00,14427.489614332017,14040.371519391232,12104.40625
forecast_0935,2025-02-08 23:00:00,16908.12957939393,16725.180867381496,15184.4140625
forecast_0936,2025-02-09 00:00:00,18475.060238385253,18458.25728005677,17573.19921875
forecast_0937,2025-02-09 01:00:00,16947.633399609716,16847.040129775865,14838.7666015625
forecast_0938,2025-02-09 02:00:00,17973.14692655437,17806.536509453057,16300.58984375
forecast_0939,2025-02-09 03:00:00,18403.344448956625,18370.193804287515,17151.544921875
forecast_0940,2025-02-09 04:00:00,18995.166926921393,18886.78114835165,17614.455078125
forecast_0941,2025-02-09 05:00:00,19196.8648287339,19301.215074945394,18625.732421875
forecast_0942,2025-02-09 06:00:00,19434.28807896599,19617.884093475564,18540.658203125
forecast_0943,2025-02-09 07:00:00,18942.372356236006,19369.609708172182,18297.228515625
forecast_0944,2025-02-09 08:00:00,17896.510524356716,18635.15656271774,17188.6796875
forecast_0945,2025-02-09 09:00:00,16452.31491515331,17437.7308133625,13467.3251953125
forecast_0946,2025-02-09 10:00:00,14522.68738005539,15505.169239823397,11814.1708984375
forecast_0947,2025-02-09 11:00:00,12320.680113877255,12971.558611333629,9416.2626953125
forecast_0948,2025-02-09 12:00:00,9797.076194657904,9915.846756464827,7105.99755859375
forecast_0949,2025-02-09 13:00:00,9265.478798779735,9006.927160415302,6562.140625
forecast_0950,2025-02-09 14:00:00,10249.989838499823,9651.21005223821,7268.62255859375
forecast_0951,2025-02-09 15:00:00,10907.60990616172,10661.405734336051,7778.306640625
forecast_0952,2025-02-09 16:00:00,12019.330773699585,12229.676228212851,9342.412109375
forecast_0953,2025-02-09 17:00:00,12709.335846037655,13443.565030690894,10564.6630859375
forecast_0954,2025-02-09 18:00:00,15090.499047573996,15720.702955750006,12202.45703125
forecast_0955,2025-02-09 19:00:00,15660.469647684598,16365.701326572605,13314.8173828125
forecast_0956,2025-02-09 20:00:00,15261.049415094954,16237.558446107465,12552.03125
forecast_0957,2025-02-09 21:00:00,15396.877825048761,16078.229050056287,12504.0595703125
forecast_0958,2025-02-09 22:00:00,15814.084411212792,16339.679159134696,13765.984375
forecast_0959,2025-02-09 23:00:00,16881.15587897742,17328.162799196623,14965.2587890625
forecast_0960,2025-02-10 00:00:00,17408.22192753965,18036.51813097227,16609.560546875
forecast_0961,2025-02-10 01:00:00,17052.195193541258,17838.482423794823,16078.70703125
forecast_0962,2025-02-10 02:00:00,17346.20499666583,18102.01709178084,16398.591796875
forecast_0963,2025-02-10 03:00:00,17981.80124465985,18608.056021172808,17227.8125
forecast_0964,2025-02-10 04:00:00,18292.65454818498,18974.584733742493,18042.951171875
forecast_0965,2025-02-10 05:00:00,18174.732220465372,19092.1542372366,18739.021484375
forecast_0966,2025-02-10 06:00:00,18100.695936074495,19032.997980535933,18839.478515625
forecast_0967,2025-02-10 07:00:00,18281.196921717234,19128.163436713287,18630.55078125
forecast_0968,2025-02-10 08:00:00,18078.89218362148,19037.872583470595,18425.619140625
forecast_0969,2025-02-10 09:00:00,17444.113463535192,18627.309590147477,17777.447265625
forecast_0970,2025-02-10 10:00:00,15399.105161607618,17145.885028509852,16817.560546875
forecast_0971,2025-02-10 11:00:00,14077.534413983813,15792.357892586024,14083.890625
forecast_0972,2025-02-10 12:00:00,13792.485199352257,14723.07571322679,12478.7333984375
forecast_0973,2025-02-10 13:00:00,12704.70233429678,13306.015289710598,10626.0205078125
forecast_0974,2025-02-10 14:00:00,12863.769064985587,13397.744822504128,11037.06640625
forecast_0975,2025-02-10 15:00:00,12972.90110167414,13233.996829711992,11124.265625
forecast_0976,2025-02-10 16:00:00,12684.884276382307,12827.491014094972,10781.056640625
forecast_0977,2025-02-10 17:00:00,12311.535497095849,12686.595376841844,10189.6064453125
forecast_0978,2025-02-10 18:00:00,14324.940192032842,14975.68824390075,11627.5283203125
forecast_0979,2025-02-10 19:00:00,15307.6455756711,16003.351128967157,13521.9013671875
forecast_0980,2025-02-10 20:00:00,13903.833943213534,14792.62386026002,11161.2783203125
forecast_0981,2025-02-10 21:00:00,12392.29125684126,13203.150658967088,8941.3681640625
forecast_0982,2025-02-10 22:00:00,12772.663949906279,13038.1532507683,9705.66796875
forecast_0983,2025-02-10 23:00:00,12011.648289738092,12457.972394644006,8885.0048828125
forecast_0984,2025-02-11 00:00:00,11563.534809838318,12236.678207552013,8832.2138671875
forecast_0985,2025-02-11 01:00:00,12249.526948099252,12884.704029401535,9588.5107421875
forecast_0986,2025-02-11 02:00:00,12876.168501717882,13411.194584361374,9862.9833984375
forecast_0987,2025-02-11 03:00:00,14310.150097308613,14800.23699470402,10991.8974609375
forecast_0988,2025-02-11 04:00:00,13917.906877411833,14907.984104061521,10491.8916015625
forecast_0989,2025-02-11 05:00:00,11368.669199816388,12751.358032387667,8336.74609375
forecast_0990,2025-02-11 06:00:00,9171.046042344475,10435.251937602587,6961.83837890625
forecast_0991,2025-02-11 07:00:00,9149.71793038067,10132.249726825521,6932.40234375
forecast_0992,2025-02-11 08:00:00,8503.151520099667,9245.150041972243,6148.14697265625
forecast_0993,2025-02-11 09:00:00,6704.339800921709,7277.125860618251,4830.056640625
forecast_0994,2025-02-11 10:00:00,5732.691691874998,6071.285801325799,4269.341796875
forecast_0995,2025-02-11 11:00:00,4422.629204637148,4490.537244097173,3552.2666015625
forecast_0996,2025-02-11 12:00:00,3665.39571826754,3242.049103890534,2439.032470703125
forecast_0997,2025-02-11 13:00:00,2294.9591462487115,2272.0061469869397,1907.31787109375
forecast_0998,2025-02-11 14:00:00,3286.384647371608,2989.9957837792763,2100.329833984375
forecast_0999,2025-02-11 15:00:00,2964.5598395396546,2869.847893377985,2356.680419921875
forecast_1000,2025-02-11 16:00:00,2157.1499630007947,2163.165014834489,2130.515869140625
forecast_1001,2025-02-11 17:00:00,2419.6088648779505,2748.7311619539632,2484.945556640625
forecast_1002,2025-02-11 18:00:00,5864.165541173959,6369.782794516068,5040.970703125
forecast_1003,2025-02-11 19:00:00,10491.806895141794,10339.842698612661,7014.89697265625
forecast_1004,2025-02-11 20:00:00,13070.475517071127,13131.415043775578,10297.2412109375
forecast_1005,2025-02-11 21:00:00,13671.2149608434,13984.408195279317,12133.8818359375
forecast_1006,2025-02-11 22:00:00,14701.616194805993,14654.267373025716,12825.3486328125
forecast_1007,2025-02-11 23:00:00,16788.24443132551,17125.187752454854,16108.0146484375
forecast_1008,2025-02-12 00:00:00,18996.92606015585,18828.271226946556,17307.75
forecast_1009,2025-02-12 01:00:00,17333.939286277993,17337.573653857275,15330.1240234375
forecast_1010,2025-02-12 02:00:00,18151.567846379534,18250.78009791697,16520.958984375
forecast_1011,2025-02-12 03:00:00,18520.20919902002,18488.765235054147,16332.0673828125
forecast_1012,2025-02-12 04:00:00,18047.400851255283,18362.318350757963,15820.0390625
forecast_1013,2025-02-12 05:00:00,16796.437261099494,17572.049048706416,15044.3583984375
forecast_1014,2025-02-12 06:00:00,15309.901474050659,16116.897447100633,12074.140625
forecast_1015,2025-02-12 07:00:00,11414.04644971783,12275.854893676104,7575.61474609375
forecast_1016,2025-02-12 08:00:00,7996.026889552583,10317.17359739397,6749.740234375
forecast_1017,2025-02-12 09:00:00,6531.9496250938655,8115.7430345081575,5275.796875
forecast_1018,2025-02-12 10:00:00,7023.504905692384,8839.48122695974,6510.96337890625
forecast_1019,2025-02-12 11:00:00,10526.140484899837,12274.883830802206,9132.3984375
forecast_1020,2025-02-12 12:00:00,13553.19975050851,14875.409034304947,12210.4541015625
forecast_1021,2025-02-12 13:00:00,15178.687727213288,16281.47427696822,14316.52734375
forecast_1022,2025-02-12 14:00:00,15223.158981011156,16035.92885147986,13037.4267578125
forecast_1023,2025-02-12 15:00:00,16047.267449075902,17067.199480334588,15180.1669921875
forecast_1024,2025-02-12 16:00:00,16839.665581894194,17867.02097543704,16652.794921875
forecast_1025,2025-02-12 17:00:00,17385.152574344724,18307.87542355046,17306.072265625
forecast_1026,2025-02-12 18:00:00,17848.59029540704,18519.742008312554,17826.650390625
forecast_1027,2025-02-12 19:00:00,18157.972125965847,18493.359269692482,18277.154296875
forecast_1028,2025-02-12 20:00:00,17796.361074691064,18204.503365574637,17524.251953125
forecast_1029,2025-02-12 21:00:00,17937.968926883346,18308.799040261732,17864.666015625
forecast_1030,2025-02-12 22:00:00,17888.035201662577,18368.99345815007,18004.037109375
forecast_1031,2025-02-12 23:00:00,17035.597145552747,18016.999312024316,17101.345703125
forecast_1032,2025-02-13 00:00:00,16035.399024476792,17131.667710060858,15148.34765625
forecast_1033,2025-02-13 01:00:00,15319.579082163527,16080.037933754309,13349.5908203125
forecast_1034,2025-02-13 02:00:00,15266.11833874607,16433.954086884834,14577.84375
forecast_1035,2025-02-13 03:00:00,13994.56201235453,15257.35536466337,13453.3408203125
forecast_1036,2025-02-13 04:00:00,10546.038192447439,12030.674114082049,9860.25
forecast_1037,2025-02-13 05:00:00,11860.560840514761,12620.0882176905,9247.6123046875
forecast_1038,2025-02-13 06:00:00,13951.03794269352,15533.84545105109,13362.2783203125
forecast_1039,2025-02-13 07:00:00,15173.612484193296,16708.260664545414,15806.5830078125
forecast_1040,2025-02-13 08:00:00,15978.509470339346,17444.24702276802,16640.265625
forecast_1041,2025-02-13 09:00:00,16112.858812210256,17530.57724839714,16517.650390625
forecast_1042,2025-02-13 10:00:00,16816.40296677299,17889.902064308946,16469.3515625
forecast_1043,2025-02-13 11:00:00,16488.71370137368,17700.731841247187,16401.283203125
forecast_1044,2025-02-13 12:00:00,14652.048573319096,16063.111126561496,13747.4794921875
forecast_1045,2025-02-13 13:00:00,15689.534195338234,16920.039441096873,14970.4072265625
forecast_1046,2025-02-13 14:00:00,15735.380789321067,16896.9201356338,14393.3486328125
forecast_1047,2025-02-13 15:00:00,15804.640666498135,17021.382310773075,14726.4423828125
forecast_1048,2025-02-13 16:00:00,16018.8615441394,17304.253106413817,15470.5751953125
forecast_1049,2025-02-13 17:00:00,16931.302058163157,18116.804997444502,16744.109375
forecast_1050,2025-02-13 18:00:00,17982.343048850973,18920.414127489512,18094.615234375
forecast_1051,2025-02-13 19:00:00,18517.618711374962,19355.73875775772,18869.291015625
forecast_1052,2025-02-13 20:00:00,18821.96574606993,19619.853695895523,18963.478515625
forecast_1053,2025-02-13 21:00:00,18752.408259217562,19590.46527812537,19144.421875
forecast_1054,2025-02-13 22:00:00,19147.579599532794,19794.051247616273,19475.453125
forecast_1055,2025-02-13 23:00:00,19651.963191758634,20085.990973890126,19661.517578125
forecast_1056,2025-02-14 00:00:00,19687.447132473233,20098.186234588247,19658.978515625
forecast_1057,2025-02-14 01:00:00,19319.858292849138,19869.081309940768,19596.759765625
forecast_1058,2025-02-14 02:00:00,19695.932601657674,20082.57244967544,19627.09375
forecast_1059,2025-02-14 03:00:00,19739.568401833578,20117.73707368665,19605.466796875
forecast_1060,2025-02-14 04:00:00,19708.233357101693,20042.11511108392,19456.041015625
forecast_1061,2025-02-14 05:00:00,19985.499360367583,20222.95310419177,19696.8359375
forecast_1062,2025-02-14 06:00:00,20320.436576327582,20378.45584893399,19932.654296875
forecast_1063,2025-02-14 07:00:00,20419.457777818956,20450.48876490066,19997.736328125
forecast_1064,2025-02-14 08:00:00,20392.126187801077,20405.107318249677,19869.501953125
forecast_1065,2025-02-14 09:00:00,18297.06413444032,19132.776395790108,17252.576171875
forecast_1066,2025-02-14 10:00:00,15535.998242326688,16847.702091146526,14377.546875
forecast_1067,2025-02-14 11:00:00,13009.724632236335,13895.039926938203,10604.6396484375
forecast_1068,2025-02-14 12:00:00,11373.374449935398,12127.97559432236,8809.0556640625
forecast_1069,2025-02-14 13:00:00,11007.407415761843,11459.242729716803,7866.70947265625
forecast_1070,2025-02-14 14:00:00,11294.710660448285,11654.711595175366,8086.78173828125
forecast_1071,2025-02-14 15:00:00,11271.938074799677,11741.271499866436,8447.8505859375
forecast_1072,2025-02-14 16:00:00,12734.522519791599,13215.84119195987,10022.9013671875
forecast_1073,2025-02-14 17:00:00,13651.289699864094,14335.898207863807,10886.95703125
forecast_1074,2025-02-14 18:00:00,16416.47020862969,16691.045005466214,13160.2060546875
forecast_1075,2025-02-14 19:00:00,16862.07224296481,17000.55509245583,13726.1455078125
forecast_1076,2025-02-14 20:00:00,16521.285860125125,16475.43357820593,13372.9775390625
forecast_1077,2025-02-14 21:00:00,16966.24917271048,16711.08916761078,14264.88671875
forecast_1078,2025-02-14 22:00:00,16842.09383847705,16482.98282231809,13590.5869140625
forecast_1079,2025-02-14 23:00:00,17037.842926536156,16653.525187866297,14599.7158203125
forecast_1080,2025-02-15 00:00:00,17935.190592695253,17570.061875501116,15986.71484375
forecast_1081,2025-02-15 01:00:00,17589.289585791816,17272.8546571895,15357.1982421875
forecast_1082,2025-02-15 02:00:00,18145.651397082387,17903.747990859698,16216.3515625
forecast_1083,2025-02-15 03:00:00,17796.506736917625,17633.558106547807,14834.3828125
forecast_1084,2025-02-15 04:00:00,17927.939905195737,17490.910492681433,14537.12109375
forecast_1085,2025-02-15 05:00:00,18102.39708702206,17751.170637809766,14820.4833984375
forecast_1086,2025-02-15 06:00:00,17670.05212267285,17579.93166419122,14890.8212890625
forecast_1087,2025-02-15 07:00:00,16222.731298699331,16238.791162663903,11874.984375
forecast_1088,2025-02-15 08:00:00,13691.542435334615,14302.05913630062,9759.3193359375
forecast_1089,2025-02-15 09:00:00,11273.608690767782,11983.011377729272,7460.005859375
forecast_1090,2025-02-15 10:00:00,9900.892606816742,10270.738115915123,6619.46875
forecast_1091,2025-02-15 11:00:00,10068.297171698094,10244.338905401088,6475.787109375
forecast_1092,2025-02-15 12:00:00,12009.805464913732,12536.15694053818,8347.1416015625
forecast_1093,2025-02-15 13:00:00,13095.290523775695,13855.192421759592,10028.1298828125
forecast_1094,2025-02-15 14:00:00,15353.200566359274,16259.45592525857,12950.20703125
forecast_1095,2025-02-15 15:00:00,15644.15852610201,16484.009496323197,13966.5888671875
forecast_1096,2025-02-15 16:00:00,15378.720256099969,16311.714574360769,14112.8681640625
forecast_1097,2025-02-15 17:00:00,16355.306132737012,17337.012041977374,15354.1435546875
forecast_1098,2025-02-15 18:00:00,17126.59621235603,17988.052433046294,15831.6396484375
forecast_1099,2025-02-15 19:00:00,18404.89888835785,18805.60398439322,18045.341796875
forecast_1100,2025-02-15 20:00:00,19161.565130274983,19434.008285025167,18736.587890625
forecast_1101,2025-02-15 21:00:00,19013.378061391508,19233.85498329921,17784.828125
forecast_1102,2025-02-15 22:00:00,19250.63982946257,19291.230735586512,17981.552734375
forecast_1103,2025-02-15 23:00:00,19893.743530552278,19715.47435496079,18639.275390625
forecast_1104,2025-02-16 00:00:00,19946.20744005699,19955.25242922688,18891.876953125
forecast_1105,2025-02-16 01:00:00,20079.94796335708,19996.127053601707,19069.603515625
forecast_1106,2025-02-16 02:00:00,19719.000405415674,19722.687762445683,18665.8828125
forecast_1107,2025-02-16 03:00:00,19913.432988627006,19773.5443164193,18493.365234375
forecast_1108,2025-02-16 04:00:00,19048.721760131302,19118.05631421382,17941.03125
forecast_1109,2025-02-16 05:00:00,18129.415158094616,18480.05689232517,16670.248046875
forecast_1110,2025-02-16 06:00:00,17324.105696736013,17711.698870796234,15387.3134765625
forecast_1111,2025-02-16 07:00:00,16782.16037059445,17352.872321256094,15222.1650390625
forecast_1112,2025-02-16 08:00:00,16552.705550202485,16983.23580029856,13782.6904296875
forecast_1113,2025-02-16 09:00:00,14673.564123211001,15561.332281698036,11584.5576171875
forecast_1114,2025-02-16 10:00:00,11325.532399092508,12929.274622412493,9655.0302734375
forecast_1115,2025-02-16 11:00:00,10440.534512857046,11787.339131726147,9137.4501953125
forecast_1116,2025-02-16 12:00:00,10640.675315934697,12134.582013488063,10006.7158203125
forecast_1117,2025-02-16 13:00:00,12019.209540333391,12938.342674857922,10127.8564453125
forecast_1118,2025-02-16 14:00:00,14518.117143962098,15213.147107392411,12789.4365234375
forecast_1119,2025-02-16 15:00:00,15719.420470220282,16379.916678300186,14632.41015625
forecast_1120,2025-02-16 16:00:00,17141.274297968368,17667.901903811868,15780.5625
forecast_1121,2025-02-16 17:00:00,17500.19438422164,17973.028494575097,15978.0087890625
forecast_1122,2025-02-16 18:00:00,17327.851211520672,17735.34370472731,16574.326171875
forecast_1123,2025-02-16 19:00:00,17370.310357910283,18008.096358131443,16472.447265625
forecast_1124,2025-02-16 20:00:00,17273.92757881561,17930.574521092276,16351.2998046875
forecast_1125,2025-02-16 21:00:00,17686.603497750257,18294.391095629846,16524.748046875
forecast_1126,2025-02-16 22:00:00,17226.106502674884,17746.09573908918,15912.44140625
forecast_1127,2025-02-16 23:00:00,17075.67432327017,17671.915570284185,15770.8017578125
forecast_1128,2025-02-17 00:00:00,16749.08380161911,17257.029848010025,15470.7578125
forecast_1129,2025-02-17 01:00:00,15981.541411360526,16230.794603290171,13838.76171875
forecast_1130,2025-02-17 02:00:00,15534.969669362665,16026.2053939854,14178.2578125
forecast_1131,2025-02-17 03:00:00,15467.535427131757,15917.444079362322,13269.0126953125
forecast_1132,2025-02-17 04:00:00,14888.277481637168,15442.578645434503,13099.0927734375
forecast_1133,2025-02-17 05:00:00,13885.25794934596,13665.472396547564,11096.43359375
forecast_1134,2025-02-17 06:00:00,13049.596971278503,13645.213396658124,10501.0732421875
forecast_1135,2025-02-17 07:00:00,13627.076150752951,14687.711017695518,11601.5107421875
forecast_1136,2025-02-17 08:00:00,13248.155729874741,14347.521785974477,11068.6669921875
forecast_1137,2025-02-17 09:00:00,13936.511809825402,14860.981893215656,10974.2080078125
forecast_1138,2025-02-17 10:00:00,14145.273592537005,14815.437733535804,10976.48828125
forecast_1139,2025-02-17 11:00:00,14052.333634817334,14516.297569989289,10951.6865234375
forecast_1140,2025-02-17 12:00:00,14028.981310805115,14057.218788330903,11025.3984375
forecast_1141,2025-02-17 13:00:00,13549.352873897382,13334.32226966669,11074.2275390625
forecast_1142,2025-02-17 14:00:00,13015.035511473741,12453.010390931988,10796.4833984375
forecast_1143,2025-02-17 15:00:00,12368.135728756566,11611.080474193188,10342.701171875
forecast_1144,2025-02-17 16:00:00,11242.532436070782,9642.409032038493,9130.9921875
forecast_1145,2025-02-17 17:00:00,9549.92036267865,8404.7535984495,8179.41259765625
forecast_1146,2025-02-17 18:00:00,9790.993203089143,8396.37617599896,7445.63671875
forecast_1147,2025-02-17 19:00:00,9695.735668007153,8555.78862148388,7297.177734375
forecast_1148,2025-02-17 20:00:00,8578.5460240043,7926.073786540052,7215.08984375
forecast_1149,2025-02-17 21:00:00,7625.209737135552,6624.467004910548,5289.541015625
forecast_1150,2025-02-17 22:00:00,6122.567339290361,5587.305353517244,4528.67626953125
forecast_1151,2025-02-17 23:00:00,6230.334255657265,5986.645197172473,5320.59619140625
forecast_1152,2025-02-18 00:00:00,7109.270668790478,7085.210741762581,6071.92724609375
forecast_1153,2025-02-18 01:00:00,9797.249440358995,9729.639384504808,6797.01953125
forecast_1154,2025-02-18 02:00:00,10886.774340832984,11787.47169027006,8558.9931640625
forecast_1155,2025-02-18 03:00:00,11848.50697772689,13099.989834053671,10434.78125
forecast_1156,2025-02-18 04:00:00,12705.094282734894,14176.178629516246,11728.0849609375
forecast_1157,2025-02-18 05:00:00,12389.932128271159,13968.74764893077,11325.5390625
forecast_1158,2025-02-18 06:00:00,13295.871515874938,14694.777234743116,12046.6826171875
forecast_1159,2025-02-18 07:00:00,13682.536093813142,15188.208176143109,13091.12109375
forecast_1160,2025-02-18 08:00:00,12038.066146745608,13526.252120603844,10923.7431640625
forecast_1161,2025-02-18 09:00:00,11265.078274704245,12294.998271448587,9695.39453125
forecast_1162,2025-02-18 10:00:00,10795.12712987014,11464.862982046376,8978.8681640625
forecast_1163,2025-02-18 11:00:00,11061.295006070446,11177.125773736636,8856.2998046875
forecast_1164,2025-02-18 12:00:00,11910.241724669075,11804.683485833608,9167.9150390625
forecast_1165,2025-02-18 13:00:00,12963.993343808279,12977.714755853498,9727.927734375
forecast_1166,2025-02-18 14:00:00,13407.578031336816,13455.861921949801,10198.0810546875
forecast_1167,2025-02-18 15:00:00,13519.768134370595,13528.595822741263,10626.810546875
forecast_1168,2025-02-18 16:00:00,13328.83484113424,13159.518779383525,10584.3662109375
forecast_1169,2025-02-18 17:00:00,12322.109635589122,12057.900492356846,10498.6689453125
forecast_1170,2025-02-18 18:00:00,11191.922151744157,10598.878314092579,9997.3759765625
forecast_1171,2025-02-18 19:00:00,10445.977386258246,9759.918079680661,9372.5712890625
forecast_1172,2025-02-18 20:00:00,10518.624417515217,10267.93931988682,10087.771484375
forecast_1173,2025-02-18 21:00:00,11497.696771260922,11299.736115809117,9373.6455078125
forecast_1174,2025-02-18 22:00:00,10788.303080341055,10734.350636610623,8410.1337890625
forecast_1175,2025-02-18 23:00:00,9741.254177409657,9967.322927331385,7542.93701171875
forecast_1176,2025-02-19 00:00:00,10897.761452540846,10739.374681519364,7702.44287109375
forecast_1177,2025-02-19 01:00:00,9276.62976169799,9148.442023823307,6094.48779296875
forecast_1178,2025-02-19 02:00:00,10640.338722130145,10826.576951832256,7001.71484375
forecast_1179,2025-02-19 03:00:00,11004.279357298652,11670.639958931311,8226.5771484375
forecast_1180,2025-02-19 04:00:00,11426.786022278371,12164.014413607914,8202.9912109375
forecast_1181,2025-02-19 05:00:00,13284.116683804697,13980.333197885164,9874.005859375
forecast_1182,2025-02-19 06:00:00,14176.187488112651,15083.80801686081,11292.3408203125
forecast_1183,2025-02-19 07:00:00,14053.180717054507,15258.465873279207,11406.9521484375
forecast_1184,2025-02-19 08:00:00,13057.06301456,14130.160683130522,9826.31640625
forecast_1185,2025-02-19 09:00:00,10498.240771815807,11170.531904649983,7789.33154296875
forecast_1186,2025-02-19 10:00:00,8449.00147244216,8391.46142956629,5925.78271484375
forecast_1187,2025-02-19 11:00:00,6965.927103902316,6496.05775222706,4485.93310546875
forecast_1188,2025-02-19 12:00:00,6106.725424173213,5320.735509849714,4142.02587890625
forecast_1189,2025-02-19 13:00:00,5028.9405616881795,4281.339725682153,4356.89599609375
forecast_1190,2025-02-19 14:00:00,6221.567286266368,5172.694644638417,4800.36962890625
forecast_1191,2025-02-19 15:00:00,6744.371083100256,5728.330216892093,5794.97900390625
forecast_1192,2025-02-19 16:00:00,6856.240214334512,5847.186257301265,6349.81787109375
forecast_1193,2025-02-19 17:00:00,7492.253689655264,6171.733391519272,6659.64306640625
forecast_1194,2025-02-19 18:00:00,8042.04550930738,6909.330447404613,7137.23681640625
forecast_1195,2025-02-19 19:00:00,7789.783106550494,6774.277529271074,6425.916015625
forecast_1196,2025-02-19 20:00:00,7791.039376011087,6836.019470353845,6145.79443359375
forecast_1197,2025-02-19 21:00:00,7974.985240630272,7561.463125256342,6785.40234375
forecast_1198,2025-02-19 22:00:00,8444.451411050188,8430.818418572477,7125.90087890625
forecast_1199,2025-02-19 23:00:00,8389.100959753763,8811.64217517218,7218.39404296875
forecast_1200,2025-02-20 00:00:00,8977.903538128581,9307.041737388225,6794.53125
forecast_1201,2025-02-20 01:00:00,8168.727408475184,7899.44453037825,5393.80322265625
forecast_1202,2025-02-20 02:00:00,8931.200334299832,8805.135652738361,5613.15869140625
forecast_1203,2025-02-20 03:00:00,9172.963637857398,9251.305713083473,5871.96826171875
forecast_1204,2025-02-20 04:00:00,9636.76453656115,9717.183405599668,5696.0546875
forecast_1205,2025-02-20 05:00:00,10099.985637907244,10158.035092677233,5860.92578125
forecast_1206,2025-02-20 06:00:00,10450.90738520857,10631.140825755814,6307.07177734375
forecast_1207,2025-02-20 07:00:00,11983.139988889798,12127.965951431222,7316.50537109375
forecast_1208,2025-02-20 08:00:00,13204.102447880308,13630.187622021673,9079.0439453125
forecast_1209,2025-02-20 09:00:00,12209.333951178873,13453.922652989402,10768.3818359375
forecast_1210,2025-02-20 10:00:00,10481.755147473039,11843.409286242797,9634.15625
forecast_1211,2025-02-20 11:00:00,9176.71485666026,9798.047454237487,7148.73974609375
forecast_1212,2025-02-20 12:00:00,9551.759082175964,9872.354965002209,7648.28076171875
forecast_1213,2025-02-20 13:00:00,10476.683240186587,10439.452346272392,7946.23828125
forecast_1214,2025-02-20 14:00:00,10991.09754585171,10656.956452104117,8514.5771484375
forecast_1215,2025-02-20 15:00:00,11196.60571703278,10764.1966113015,8950.4873046875
forecast_1216,2025-02-20 16:00:00,10750.275748076425,9984.306620828876,8563.2275390625
forecast_1217,2025-02-20 17:00:00,10325.133651077056,9346.375081942162,8095.3359375
forecast_1218,2025-02-20 18:00:00,10719.40383029115,10059.996172128185,8409.3056640625
forecast_1219,2025-02-20 19:00:00,11119.70056155523,10901.35741003655,9176.87890625
forecast_1220,2025-02-20 20:00:00,11557.518995114235,11446.106478312791,9196.76953125
forecast_1221,2025-02-20 21:00:00,11090.260824827012,10914.184689967391,9312.6474609375
forecast_1222,2025-02-20 22:00:00,9970.732263267006,9470.857817527594,7533.513671875
forecast_1223,2025-02-20 23:00:00,9124.260789435844,9063.906474266201,7137.56982421875
forecast_1224,2025-02-21 00:00:00,10452.658683251935,10296.744335236224,7050.61962890625
forecast_1225,2025-02-21 01:00:00,8602.85957449564,8910.96627505356,6443.31884765625
forecast_1226,2025-02-21 02:00:00,9502.710478602032,9736.422407218486,6622.16796875
forecast_1227,2025-02-21 03:00:00,9585.933232566425,9936.204850660528,6524.65625
forecast_1228,2025-02-21 04:00:00,9568.784236712772,9993.380620771833,6532.03369140625
forecast_1229,2025-02-21 05:00:00,9968.478126967439,10410.029370484393,6647.68603515625
forecast_1230,2025-02-21 06:00:00,10321.651049352351,10919.83855055497,6874.45556640625
forecast_1231,2025-02-21 07:00:00,10880.542350363157,11379.803151344848,7013.67822265625
forecast_1232,2025-02-21 08:00:00,10952.149784787403,11301.493722090896,7073.87109375
forecast_1233,2025-02-21 09:00:00,9479.658879611092,9809.790279697447,6522.24365234375
forecast_1234,2025-02-21 10:00:00,7461.004262591092,7253.267456159456,5151.0078125
forecast_1235,2025-02-21 11:00:00,5729.965469699065,5146.148646528228,4047.634033203125
forecast_1236,2025-02-21 12:00:00,5582.184920167645,4728.1740609628305,4021.686279296875
forecast_1237,2025-02-21 13:00:00,7216.689107286094,6124.892100748369,4839.47509765625
forecast_1238,2025-02-21 14:00:00,8225.666429421552,7196.477502729897,6174.85546875
forecast_1239,2025-02-21 15:00:00,8062.372670918003,7214.311083928333,7423.3828125
forecast_1240,2025-02-21 16:00:00,7899.26818521664,6771.067949323879,7125.591796875
forecast_1241,2025-02-21 17:00:00,8558.436449410929,7229.95607511721,7764.31689453125
forecast_1242,2025-02-21 18:00:00,9978.218341340853,8659.357891291567,8154.95458984375
forecast_1243,2025-02-21 19:00:00,11178.932863814134,10393.933760917684,8906.6279296875
forecast_1244,2025-02-21 20:00:00,11021.470511878422,10759.720395766917,9928.0712890625
forecast_1245,2025-02-21 21:00:00,11282.261288485635,11262.99046159018,10273.65234375
forecast_1246,2025-02-21 22:00:00,11352.396325704522,11534.40137747979,10770.2626953125
forecast_1247,2025-02-21 23:00:00,11795.98669055394,12029.813217107025,10245.0224609375
forecast_1248,2025-02-22 00:00:00,12065.633911772817,12533.290919709823,10509.345703125
forecast_1249,2025-02-22 01:00:00,13582.920541405412,12821.454808744464,11327.20703125
forecast_1250,2025-02-22 02:00:00,13168.062267132134,13310.766724874604,11337.9736328125
forecast_1251,2025-02-22 03:00:00,13323.160766926485,13609.686565847158,11286.7421875
forecast_1252,2025-02-22 04:00:00,13744.372716957208,13720.21097502362,11851.6455078125
forecast_1253,2025-02-22 05:00:00,13269.323475389709,13687.357179052622,11289.0078125
forecast_1254,2025-02-22 06:00:00,10816.214511894239,11268.934925652044,8519.8818359375
forecast_1255,2025-02-22 07:00:00,10214.943941597348,10808.552903195021,6446.57666015625
forecast_1256,2025-02-22 08:00:00,8319.595055848158,9406.446516476131,6601.52197265625
forecast_1257,2025-02-22 09:00:00,6940.815723502331,7680.798790205073,5858.5078125
forecast_1258,2025-02-22 10:00:00,4221.282629977567,4613.45036051928,4218.30224609375
forecast_1259,2025-02-22 11:00:00,2913.963544051563,2484.155959915687,2778.971923828125
forecast_1260,2025-02-22 12:00:00,3683.6213901122273,2918.908591252959,2886.0048828125
forecast_1261,2025-02-22 13:00:00,6237.942502794891,5230.095666232735,4551.0537109375
forecast_1262,2025-02-22 14:00:00,7977.025595528415,6753.124146769547,6147.189453125
forecast_1263,2025-02-22 15:00:00,7788.23663773564,6745.873323363934,6571.51416015625
forecast_1264,2025-02-22 16:00:00,7787.289283563028,6546.277267999467,6436.47314453125
forecast_1265,2025-02-22 17:00:00,9678.095679849284,8271.315219342194,7043.52880859375
forecast_1266,2025-02-22 18:00:00,11179.1695771571,10673.531285060495,8474.5400390625
forecast_1267,2025-02-22 19:00:00,11311.465429653155,11469.942728238326,9080.7314453125
forecast_1268,2025-02-22 20:00:00,12424.764907709317,12991.992043023092,10724.275390625
forecast_1269,2025-02-22 21:00:00,14442.871679435324,15400.752824825886,13504.0859375
forecast_1270,2025-02-22 22:00:00,15569.803347078048,16700.766382862806,14998.6181640625
forecast_1271,2025-02-22 23:00:00,15860.851543958725,17117.047336537118,14870.1455078125
forecast_1272,2025-02-23 00:00:00,16174.295080263466,17347.694527486354,16132.7861328125
forecast_1273,2025-02-23 01:00:00,15799.543902896407,16979.745661732264,15076.7607421875
forecast_1274,2025-02-23 02:00:00,16119.548825931874,17365.26727939354,16397.3203125
forecast_1275,2025-02-23 03:00:00,16862.90847334802,18000.863572568996,17144.353515625
forecast_1276,2025-02-23 04:00:00,17345.641264408834,18388.267291562952,17717.828125
forecast_1277,2025-02-23 05:00:00,17142.86069137236,18338.979789718513,17720.5078125
forecast_1278,2025-02-23 06:00:00,17330.56405350531,18510.25293003023,17647.728515625
forecast_1279,2025-02-23 07:00:00,17761.72078284429,18881.59655895809,18217.919921875
forecast_1280,2025-02-23 08:00:00,17047.678808677352,18482.16470036436,18061.91015625
forecast_1281,2025-02-23 09:00:00,15256.399271540333,17113.943942200225,16341.015625
forecast_1282,2025-02-23 10:00:00,13645.802475862285,15346.806675446578,13250.2724609375
forecast_1283,2025-02-23 11:00:00,13914.703272538716,15230.566907577246,13244.63671875
forecast_1284,2025-02-23 12:00:00,14810.615316523314,15549.462127566352,12709.7001953125
forecast_1285,2025-02-23 13:00:00,14181.090050655126,14420.51022706028,11662.140625
forecast_1286,2025-02-23 14:00:00,13574.24395608282,13431.326946068635,10965.5205078125
forecast_1287,2025-02-23 15:00:00,13005.694586501275,12690.121621768729,10903.7294921875
forecast_1288,2025-02-23 16:00:00,12373.035634774713,11507.138892352683,10237.2158203125
forecast_1289,2025-02-23 17:00:00,11175.35084059243,9743.995043748851,9199.2041015625
forecast_1290,2025-02-23 18:00:00,10364.366501756245,9058.03016678973,9090.24609375
forecast_1291,2025-02-23 19:00:00,10270.383635646604,9236.056635607865,9586.6650390625
forecast_1292,2025-02-23 20:00:00,9802.170344910406,9044.960432134758,9554.3271484375
forecast_1293,2025-02-23 21:00:00,10197.712028098502,9200.285791819624,8556.1181640625
forecast_1294,2025-02-23 22:00:00,9664.626978969058,9359.713802125898,8049.05224609375
forecast_1295,2025-02-23 23:00:00,9560.703140235584,9282.948023371082,7301.96044921875
forecast_1296,2025-02-24 00:00:00,10691.017466939222,10559.812712137456,7655.97705078125
forecast_1297,2025-02-24 01:00:00,12779.95218507816,13474.46474424146,10324.3681640625
forecast_1298,2025-02-24 02:00:00,14330.570903084981,14832.472008214405,11221.2080078125
forecast_1299,2025-02-24 03:00:00,15046.97077163889,15901.00221536489,13192.9365234375
forecast_1300,2025-02-24 04:00:00,15608.203326041395,16472.433454831127,13148.48828125
forecast_1301,2025-02-24 05:00:00,15014.163159393514,15785.23053456518,10791.3564453125
forecast_1302,2025-02-24 06:00:00,14870.269067687374,15455.260705785633,10917.64453125
forecast_1303,2025-02-24 07:00:00,14808.730380493458,15290.193011405412,11067.0390625
forecast_1304,2025-02-24 08:00:00,14283.422888786226,14699.096828516813,9996.9111328125
forecast_1305,2025-02-24 09:00:00,12626.159997656636,12949.38455448837,8957.4833984375
forecast_1306,2025-02-24 10:00:00,11334.813393535049,11347.594496657563,7496.06494140625
forecast_1307,2025-02-24 11:00:00,9011.95865342265,9294.200447735779,6421.0234375
forecast_1308,2025-02-24 12:00:00,8013.789537797172,7732.109695500225,4995.46337890625
forecast_1309,2025-02-24 13:00:00,7905.036221544695,7303.242326617126,4742.0341796875
forecast_1310,2025-02-24 14:00:00,8286.368867258747,7582.362087066497,5260.28076171875
forecast_1311,2025-02-24 15:00:00,9345.770318680137,8832.750692934018,5931.39697265625
forecast_1312,2025-02-24 16:00:00,9464.931521307557,9071.639939742014,6429.25390625
forecast_1313,2025-02-24 17:00:00,10327.120060008241,10137.918176231356,7533.95849609375
forecast_1314,2025-02-24 18:00:00,13356.317303780448,13522.392298547311,9866.33984375
forecast_1315,2025-02-24 19:00:00,15711.872646047232,15655.2143096396,11967.83984375
forecast_1316,2025-02-24 20:00:00,16832.662416898173,16682.409807387347,14005.6220703125
forecast_1317,2025-02-24 21:00:00,18287.18607790654,17985.940724415123,15912.8916015625
forecast_1318,2025-02-24 22:00:00,19476.76135471646,19063.577671785355,17610.533203125
forecast_1319,2025-02-24 23:00:00,20080.90713009891,19605.10439298959,18305.771484375
forecast_1320,2025-02-25 00:00:00,20514.967085523363,20046.50314733741,18858.212890625
forecast_1321,2025-02-25 01:00:00,20217.441568549024,20013.5660829898,19110.009765625
forecast_1322,2025-02-25 02:00:00,20612.34054860982,20308.507348284475,19491.46875
forecast_1323,2025-02-25 03:00:00,20679.579212556084,20464.021048218776,19862.677734375
forecast_1324,2025-02-25 04:00:00,20672.90295633941,20557.657943588507,20015.3203125
forecast_1325,2025-02-25 05:00:00,21107.81962985627,20870.333140084498,20233.736328125
forecast_1326,2025-02-25 06:00:00,20750.42312636658,20696.652503526777,20348.453125
forecast_1327,2025-02-25 07:00:00,20907.611541892682,20764.04532579169,20299.513671875
forecast_1328,2025-02-25 08:00:00,20980.39868711905,20826.092887231003,19895.646484375
forecast_1329,2025-02-25 09:00:00,20796.806133833124,20760.261190412115,20010.384765625
forecast_1330,2025-02-25 10:00:00,19709.65449268113,20179.344447143012,19866.3046875
forecast_1331,2025-02-25 11:00:00,18712.51838596975,19447.811153158487,18846.177734375
forecast_1332,2025-02-25 12:00:00,17756.41565431538,18631.691402569002,17803.146484375
forecast_1333,2025-02-25 13:00:00,16240.723304923375,17212.550528479747,15681.5126953125
forecast_1334,2025-02-25 14:00:00,16972.328447991815,17674.459071323374,16230.2890625
forecast_1335,2025-02-25 15:00:00,16850.68195927744,17683.4636289189,16040.6123046875
forecast_1336,2025-02-25 16:00:00,17176.16590516611,17871.977873818134,16140.21484375
forecast_1337,2025-02-25 17:00:00,18525.811186589388,18952.440924641607,17639.244140625
forecast_1338,2025-02-25 18:00:00,19264.63523746453,19627.731373547907,18943.005859375
forecast_1339,2025-02-25 19:00:00,19665.206375955684,19908.753552381462,19757.234375
forecast_1340,2025-02-25 20:00:00,19657.612601501518,19914.6902761654,19774.353515625
forecast_1341,2025-02-25 21:00:00,19609.087068823683,19825.699896783182,19807.66015625
forecast_1342,2025-02-25 22:00:00,19707.402711420385,19721.143461868425,19703.587890625
forecast_1343,2025-02-25 23:00:00,19398.784890021183,19477.90115970774,19341.87890625
forecast_1344,2025-02-26 00:00:00,19461.839601902044,19496.430437093288,19177.404296875
forecast_1345,2025-02-26 01:00:00,19432.544247195005,19425.174336348882,18578.4375
forecast_1346,2025-02-26 02:00:00,19320.812814051547,19327.70517651437,18526.220703125
forecast_1347,2025-02-26 03:00:00,18747.317524963877,18973.507384140707,17835.216796875
forecast_1348,2025-02-26 04:00:00,18498.839017220227,18816.941925304538,17430.185546875
forecast_1349,2025-02-26 05:00:00,18799.71293916627,19273.739921138964,18109.361328125
forecast_1350,2025-02-26 06:00:00,17823.44296109495,18823.38841464479,17166.263671875
forecast_1351,2025-02-26 07:00:00,18713.53190596321,19308.203039529395,17778.619140625
forecast_1352,2025-02-26 08:00:00,17615.536202715797,18418.714010401472,16577.142578125
forecast_1353,2025-02-26 09:00:00,16742.408755262342,17810.19172622347,16606.263671875
forecast_1354,2025-02-26 10:00:00,14631.53859297847,15978.509183700327,14173.95703125
forecast_1355,2025-02-26 11:00:00,12871.514251018914,13679.219423637209,11165.7421875
forecast_1356,2025-02-26 12:00:00,12881.04364403879,13364.64525336543,10970.515625
forecast_1357,2025-02-26 13:00:00,13090.165145968855,13636.721239959395,11225.6328125
forecast_1358,2025-02-26 14:00:00,13850.333247413808,14291.58560808689,12060.81640625
forecast_1359,2025-02-26 15:00:00,14091.654970057607,14669.045398275895,11974.4970703125
forecast_1360,2025-02-26 16:00:00,14329.489721487018,15250.259229163585,13010.0302734375
forecast_1361,2025-02-26 17:00:00,14243.94280282848,15048.438946892016,12989.6494140625
forecast_1362,2025-02-26 18:00:00,14815.048360061111,15450.769894113579,13586.859375
forecast_1363,2025-02-26 19:00:00,15699.786211692246,16485.56049610615,14155.9638671875
forecast_1364,2025-02-26 20:00:00,17384.17921994246,18314.28422832609,17326.6953125
forecast_1365,2025-02-26 21:00:00,18679.462572048178,19443.80241054162,19086.302734375
forecast_1366,2025-02-26 22:00:00,18113.80010064484,19039.64335241472,18322.693359375
forecast_1367,2025-02-26 23:00:00,17464.272293863673,18426.101991430594,16829.076171875
forecast_1368,2025-02-27 00:00:00,18896.613799593804,19308.096937717753,17942.078125
forecast_1369,2025-02-27 01:00:00,19152.647862727492,19605.08510757726,19024.140625
forecast_1370,2025-02-27 02:00:00,19578.293804514127,19888.09457522443,19200.833984375
forecast_1371,2025-02-27 03:00:00,20003.309047548493,20207.30485891925,19600.876953125
forecast_1372,2025-02-27 04:00:00,20061.045772102534,20237.45837522517,19608.369140625
forecast_1373,2025-02-27 05:00:00,19806.111993723905,20079.769662090526,19614.009765625
forecast_1374,2025-02-27 06:00:00,19680.233865245944,20019.38570307081,19450.810546875
forecast_1375,2025-02-27 07:00:00,20020.490017207725,20226.51884670445,19124.169921875
forecast_1376,2025-02-27 08:00:00,19018.928731269996,19549.781352197006,18083.869140625
forecast_1377,2025-02-27 09:00:00,17319.317514008166,18186.429770476356,16556.931640625
forecast_1378,2025-02-27 10:00:00,15638.922666947457,16989.079652824857,15256.5283203125
forecast_1379,2025-02-27 11:00:00,14430.812041428875,15784.725288098605,13468.57421875
forecast_1380,2025-02-27 12:00:00,13758.48619446581,15067.726303588715,12238.7890625
forecast_1381,2025-02-27 13:00:00,12505.073528654617,13845.999940212878,10387.2001953125
forecast_1382,2025-02-27 14:00:00,10639.3750823383,11107.770160939886,8320.9072265625
forecast_1383,2025-02-27 15:00:00,9556.483340621166,9451.45260875682,6477.74462890625
forecast_1384,2025-02-27 16:00:00,8584.930133360747,8724.400313004198,6037.72705078125
forecast_1385,2025-02-27 17:00:00,8514.861817540248,8638.361048532992,5495.3671875
forecast_1386,2025-02-27 18:00:00,10111.846274413183,10355.77054322966,6716.99609375
forecast_1387,2025-02-27 19:00:00,12462.142281783139,12938.134706384586,9490.0966796875
forecast_1388,2025-02-27 20:00:00,13894.596781265482,14475.645635725603,11929.1484375
forecast_1389,2025-02-27 21:00:00,15941.492668768378,16587.707014942414,13839.33984375
forecast_1390,2025-02-27 22:00:00,15838.055592849318,16476.481325734563,13024.71484375
forecast_1391,2025-02-27 23:00:00,15289.211163457201,15903.203889557293,12333.3671875
forecast_1392,2025-02-28 00:00:00,14043.765915433702,14827.898510846999,11031.9189453125
forecast_1393,2025-02-28 01:00:00,15237.314165126523,15767.385282883053,11408.1845703125
forecast_1394,2025-02-28 02:00:00,16742.638706451107,17480.409907652087,14409.8486328125
forecast_1395,2025-02-28 03:00:00,17949.94790588206,18086.27796459118,16063.5986328125
forecast_1396,2025-02-28 04:00:00,18293.088226762717,18546.615237053866,16568.677734375
forecast_1397,2025-02-28 05:00:00,18912.001849793953,19098.463718244893,16290.7451171875
forecast_1398,2025-02-28 06:00:00,18570.96057197213,18935.51475372241,15598.9443359375
forecast_1399,2025-02-28 07:00:00,19435.75371600815,19654.73083306283,18307.931640625
forecast_1400,2025-02-28 08:00:00,17782.065937850704,18682.934679023165,16917.009765625
forecast_1401,2025-02-28 09:00:00,17941.1162707229,18724.048034611056,17701.23046875
forecast_1402,2025-02-28 10:00:00,17810.168176428684,18634.918931403965,17786.853515625
forecast_1403,2025-02-28 11:00:00,16147.008049564123,17407.51839962985,15485.5947265625
forecast_1404,2025-02-28 12:00:00,13709.787220870752,14779.23697141018,11881.18359375
forecast_1405,2025-02-28 13:00:00,12210.91890078651,12823.557512668975,10069.744140625
forecast_1406,2025-02-28 14:00:00,12665.094440903007,13069.320617014808,9963.2998046875
forecast_1407,2025-02-28 15:00:00,12196.66280550083,12357.45433024638,9369.6298828125
forecast_1408,2025-02-28 16:00:00,12585.381967470283,13441.464049437229,10497.0810546875
forecast_1409,2025-02-28 17:00:00,15925.971815021985,16478.78130292625,13945.4794921875
forecast_1410,2025-02-28 18:00:00,17553.695082970655,17645.27723238192,16418.376953125
forecast_1411,2025-02-28 19:00:00,17971.227684587247,17751.67620503704,15720.7890625
forecast_1412,2025-02-28 20:00:00,15971.578451112653,15496.850726679018,11146.59375
forecast_1413,2025-02-28 21:00:00,15557.160675037241,14733.90604625374,11780.3447265625
forecast_1414,2025-02-28 22:00:00,13921.737228017664,13234.172598097386,10125.453125
forecast_1415,2025-02-28 23:00:00,12877.376068915368,12817.952143278413,10654.6474609375
forecast_1416,2025-03-01 00:00:00,9822.12154982644,10033.28939980203,7875.45947265625
forecast_1417,2025-03-01 01:00:00,14768.752825574133,14176.32087529518,11707.3857421875
forecast_1418,2025-03-01 02:00:00,11108.302523407277,11179.710399115505,9101.9306640625
forecast_1419,2025-03-01 03:00:00,8802.13478121452,9322.328086137213,6145.11328125
forecast_1420,2025-03-01 04:00:00,9232.56741848801,9457.428244644098,6382.07275390625
forecast_1421,2025-03-01 05:00:00,6946.520200812162,7748.01859012397,5151.7421875
forecast_1422,2025-03-01 06:00:00,5783.173694338301,7004.844008025353,5180.00927734375
forecast_1423,2025-03-01 07:00:00,6540.5784488462705,7689.2704302744205,5403.35595703125
forecast_1424,2025-03-01 08:00:00,4769.936845313665,5687.611469498577,3676.736328125
forecast_1425,2025-03-01 09:00:00,2721.032288219374,3801.9267863055434,2793.583740234375
forecast_1426,2025-03-01 10:00:00,1875.5632269857474,2681.039480663052,2625.22802734375
forecast_1427,2025-03-01 11:00:00,1476.3697439537773,2013.7230542907646,2180.62548828125
forecast_1428,2025-03-01 12:00:00,1523.8768600466926,2054.1062490880563,2235.3173828125
forecast_1429,2025-03-01 13:00:00,2228.6182332734156,2649.575554784382,2814.559326171875
forecast_1430,2025-03-01 14:00:00,2698.3286490393134,3709.2429304197117,3021.953369140625
forecast_1431,2025-03-01 15:00:00,4971.6923699952295,5205.488764434603,4005.2685546875
forecast_1432,2025-03-01 16:00:00,3669.892940007231,3995.2817840756647,2862.826904296875
forecast_1433,2025-03-01 17:00:00,5726.007084035075,6629.489092528327,4709.4873046875
forecast_1434,2025-03-01 18:00:00,5756.57639934365,6637.621101196841,5415.978515625
forecast_1435,2025-03-01 19:00:00,5861.821290839665,7523.3261767650365,6588.66552734375
forecast_1436,2025-03-01 20:00:00,5017.4472452579885,6536.874425009544,5539.06689453125
forecast_1437,2025-03-01 21:00:00,2390.95807326826,3249.8871772487078,3131.276611328125
forecast_1438,2025-03-01 22:00:00,2212.851624984383,2788.600609854997,2536.724609375
forecast_1439,2025-03-01 23:00:00,1852.7336474183578,2559.110997819852,2546.807373046875
forecast_1440,2025-03-02 00:00:00,2231.4514895882985,2971.4064620359723,2406.52734375
forecast_1441,2025-03-02 01:00:00,7242.464695275483,8497.04877678081,6163.1796875
forecast_1442,2025-03-02 02:00:00,6658.915149145514,7678.490614471148,5758.546875
forecast_1443,2025-03-02 03:00:00,6270.638675860516,7926.937763606482,5692.11865234375
forecast_1444,2025-03-02 04:00:00,6059.802697713128,7125.762982866569,4857.11865234375
forecast_1445,2025-03-02 05:00:00,5640.5619039162575,6913.21256846408,4613.01953125
forecast_1446,2025-03-02 06:00:00,2954.7160696396268,3794.22898918294,2916.103759765625
forecast_1447,2025-03-02 07:00:00,2301.1577232072523,3024.2241272019633,2876.6552734375
forecast_1448,2025-03-02 08:00:00,2126.280988639891,3314.324794712469,2800.959716796875
forecast_1449,2025-03-02 09:00:00,3111.7718547419313,3952.3856340394414,2708.602783203125
forecast_1450,2025-03-02 10:00:00,3549.157578433648,4401.107957600341,2937.307373046875
forecast_1451,2025-03-02 11:00:00,4347.21878097328,5234.132896838174,3510.156494140625
forecast_1452,2025-03-02 12:00:00,4343.014632994953,5194.371713785984,3643.085693359375
forecast_1453,2025-03-02 13:00:00,5033.325991861074,6082.032110105159,4434.2744140625
forecast_1454,2025-03-02 14:00:00,4833.838552725793,5623.095188406383,4030.497802734375
forecast_1455,2025-03-02 15:00:00,5672.048568143762,6662.967858788825,5138.07080078125
forecast_1456,2025-03-02 16:00:00,6652.403328364179,7733.852535320984,6127.025390625
forecast_1457,2025-03-02 17:00:00,7707.899820305558,9253.932960491858,7932.9453125
forecast_1458,2025-03-02 18:00:00,8684.488113893745,9895.128175957601,8080.9296875
forecast_1459,2025-03-02 19:00:00,10029.049694849582,11773.612683305468,10770.6337890625
forecast_1460,2025-03-02 20:00:00,10070.203581499893,11847.50442839789,10926.9833984375
forecast_1461,2025-03-02 21:00:00,10406.362951316369,12129.717990774005,11154.83203125
forecast_1462,2025-03-02 22:00:00,11036.103927198817,12792.25229616648,11794.1787109375
forecast_1463,2025-03-02 23:00:00,10867.006943532342,12482.80636082652,11602.07421875
forecast_1464,2025-03-03 00:00:00,11877.654478837823,13258.676784905863,11981.6494140625
forecast_1465,2025-03-03 01:00:00,14437.55454209455,15711.165765377882,14120.7314453125
forecast_1466,2025-03-03 02:00:00,13417.807572112988,14912.90880435584,14154.8134765625
forecast_1467,2025-03-03 03:00:00,13532.344305811142,14881.337765680579,13220.125
forecast_1468,2025-03-03 04:00:00,12613.078533325724,14062.903339531498,12911.4716796875
forecast_1469,2025-03-03 05:00:00,12909.752070323348,14545.749155957019,13491.0615234375
forecast_1470,2025-03-03 06:00:00,14278.594683366742,15454.71774162774,13424.9755859375
forecast_1471,2025-03-03 07:00:00,14886.196294160814,16210.787877198421,14116.27734375
forecast_1472,2025-03-03 08:00:00,14265.393732103075,16054.1169126782,14117.4091796875
forecast_1473,2025-03-03 09:00:00,14068.835619785763,15994.696171126183,14661.9091796875
forecast_1474,2025-03-03 10:00:00,14254.265067726767,16070.052981216846,15074.3330078125
forecast_1475,2025-03-03 11:00:00,14294.109966943262,15779.463844783502,14089.4921875
forecast_1476,2025-03-03 12:00:00,13324.504961000972,15268.15520990819,13322.75
forecast_1477,2025-03-03 13:00:00,12978.607440926551,14748.49569998375,13513.08984375
forecast_1478,2025-03-03 14:00:00,12704.622453547288,14766.152730565467,13001.6806640625
forecast_1479,2025-03-03 15:00:00,12113.264026022223,13931.041495322017,12285.55859375
forecast_1480,2025-03-03 16:00:00,11323.6575476129,13391.289853419641,12045.7060546875
forecast_1481,2025-03-03 17:00:00,11323.259794517746,13776.372511075686,12605.6640625
forecast_1482,2025-03-03 18:00:00,11281.890720701962,13772.035181075,13112.15625
forecast_1483,2025-03-03 19:00:00,10092.690174819018,12801.703365351277,13108.8447265625
forecast_1484,2025-03-03 20:00:00,8852.08932738209,11951.654058175765,11993.0869140625
forecast_1485,2025-03-03 21:00:00,10269.052001049637,12679.549036234332,12093.99609375
forecast_1486,2025-03-03 22:00:00,11366.255471643026,13649.387333776769,12988.0908203125
forecast_1487,2025-03-03 23:00:00,11798.184638862134,14155.428889151968,13540.921875
forecast_1488,2025-03-04 00:00:00,12127.432322411809,14529.466849272838,13864.0703125
forecast_1489,2025-03-04 01:00:00,12839.15680308295,15052.345732069803,14275.3212890625
forecast_1490,2025-03-04 02:00:00,13164.751619720979,15319.178968325221,14232.6826171875
forecast_1491,2025-03-04 03:00:00,13041.786290672748,15210.63973778021,14240.4775390625
forecast_1492,2025-03-04 04:00:00,14350.067591573723,16204.803243586759,15079.1328125
forecast_1493,2025-03-04 05:00:00,14478.760351088304,16246.078253223957,15125.1513671875
forecast_1494,2025-03-04 06:00:00,14539.92044179132,16534.512989025527,15179.69140625
forecast_1495,2025-03-04 07:00:00,14745.422502399802,16680.579662263328,15417.3779296875
forecast_1496,2025-03-04 08:00:00,14639.460254435191,16715.387143556167,15407.0673828125
forecast_1497,2025-03-04 09:00:00,14894.23363270758,17162.20954368224,16480.724609375
forecast_1498,2025-03-04 10:00:00,14828.510193925318,17106.066821591165,15599.171875
forecast_1499,2025-03-04 11:00:00,14687.778872805384,17020.134068169056,15894.0
forecast_1500,2025-03-04 12:00:00,14597.300459065209,16934.816980015945,15838.6220703125
forecast_1501,2025-03-04 13:00:00,14475.7415501225,16791.145061650714,15661.6845703125
forecast_1502,2025-03-04 14:00:00,14401.665941479465,16467.802687711264,14942.91015625
forecast_1503,2025-03-04 15:00:00,14528.283781258293,16558.680580142413,15493.5830078125
forecast_1504,2025-03-04 16:00:00,13712.83105319699,15777.912600484438,15374.453125
forecast_1505,2025-03-04 17:00:00,12554.475428497293,14968.247177561778,14322.9423828125
forecast_1506,2025-03-04 18:00:00,12271.498936200853,14371.335093490294,13655.4794921875
forecast_1507,2025-03-04 19:00:00,12564.669938054038,14646.388886155302,14306.6630859375
forecast_1508,2025-03-04 20:00:00,11470.282651909325,13371.723559128237,13343.0791015625
forecast_1509,2025-03-04 21:00:00,12879.963094868699,14687.294633164773,13685.5322265625
forecast_1510,2025-03-04 22:00:00,12988.424686013366,14792.323740392432,14755.609375
forecast_1511,2025-03-04 23:00:00,12664.870365317878,14308.48144506128,14287.7216796875
forecast_1512,2025-03-05 00:00:00,11716.392183984715,13990.810643676832,13386.3408203125
forecast_1513,2025-03-05 01:00:00,6874.402651579158,8718.964913962245,7890.59326171875
forecast_1514,2025-03-05 02:00:00,5778.36625971367,7943.002899522483,7561.00146484375
forecast_1515,2025-03-05 03:00:00,5794.721870712627,7838.753347957454,6808.39892578125
forecast_1516,2025-03-05 04:00:00,5067.179201660232,7142.808288813383,6464.46923828125
forecast_1517,2025-03-05 05:00:00,4523.309639202036,6128.267631839197,4976.16357421875
forecast_1518,2025-03-05 06:00:00,4749.107685510349,6345.016466984889,4900.40234375
forecast_1519,2025-03-05 07:00:00,4061.6747323775,5683.2005763003135,4658.51171875
forecast_1520,2025-03-05 08:00:00,3763.87375469315,5394.486985994225,4321.66845703125
forecast_1521,2025-03-05 09:00:00,3381.085003184874,4866.772412214061,4181.96728515625
forecast_1522,2025-03-05 10:00:00,3338.606843930039,4671.008532503476,3423.2802734375
forecast_1523,2025-03-05 11:00:00,2808.458739329036,3785.5456984929615,3402.641357421875
forecast_1524,2025-03-05 12:00:00,2213.7087367165013,2758.5957817925255,2781.765869140625
forecast_1525,2025-03-05 13:00:00,1875.378812014565,2275.1769091812916,2430.09375
forecast_1526,2025-03-05 14:00:00,1828.4239439287228,2368.7315222928714,2847.281982421875
forecast_1527,2025-03-05 15:00:00,1501.7909175206987,1884.7510797258474,2756.616455078125
forecast_1528,2025-03-05 16:00:00,1289.4424093108325,1776.4983431749813,2722.087646484375
forecast_1529,2025-03-05 17:00:00,1214.1648531422316,1678.4647289506488,2698.3232421875
forecast_1530,2025-03-05 18:00:00,1318.4311591320704,1605.4867026884056,2507.186279296875
forecast_1531,2025-03-05 19:00:00,1817.3237980252743,1900.745247072983,1959.0194091796875
forecast_1532,2025-03-05 20:00:00,3216.5604554977313,3110.37368456458,2464.659423828125
forecast_1533,2025-03-05 21:00:00,2794.688290605901,2836.3830833206703,2509.850830078125
forecast_1534,2025-03-05 22:00:00,2230.320378966163,2553.525256539544,2455.565673828125
forecast_1535,2025-03-05 23:00:00,2003.1294276513256,2277.5342398127623,2267.145751953125
forecast_1536,2025-03-06 00:00:00,2272.2963610996358,2490.380625288282,2324.315185546875
forecast_1537,2025-03-06 01:00:00,2031.1724464197607,2408.1096525203116,2480.732177734375
forecast_1538,2025-03-06 02:00:00,1569.1383983286796,2225.561475781877,2543.98974609375
forecast_1539,2025-03-06 03:00:00,1223.0295697161914,1902.075904800075,2088.599609375
forecast_1540,2025-03-06 04:00:00,1264.5063582309504,1771.3221514524134,1902.2012939453125
forecast_1541,2025-03-06 05:00:00,1465.7593934942738,2114.5371776017682,1975.7366943359375
forecast_1542,2025-03-06 06:00:00,1296.940208990583,1997.331959308364,1975.4080810546875
forecast_1543,2025-03-06 07:00:00,1125.5673342466946,1714.3890737561542,1800.3369140625
forecast_1544,2025-03-06 08:00:00,1130.2576821233306,1491.408483036399,2084.55859375
forecast_1545,2025-03-06 09:00:00,521.6147295673195,815.2522219888364,1438.2825927734375
forecast_1546,2025-03-06 10:00:00,592.5437162184879,702.1082914461966,1447.8514404296875
forecast_1547,2025-03-06 11:00:00,741.1627964239349,636.3359243209637,1484.8359375
forecast_1548,2025-03-06 12:00:00,895.2276994757749,794.7826204493946,1684.7388916015625
forecast_1549,2025-03-06 13:00:00,1017.5104419280474,844.5755027893478,1817.5972900390625
forecast_1550,2025-03-06 14:00:00,1300.8260573943337,1230.127593463163,2093.5517578125
forecast_1551,2025-03-06 15:00:00,1295.6321581745028,1206.0573999143935,2064.3662109375
forecast_1552,2025-03-06 16:00:00,1013.6752331326293,1065.0310298213242,2069.185302734375
forecast_1553,2025-03-06 17:00:00,1156.743339654078,1334.706800663873,2394.263671875
forecast_1554,2025-03-06 18:00:00,938.1461308365259,1409.3006477081558,2459.638916015625
forecast_1555,2025-03-06 19:00:00,652.4861157372862,1037.5118908561217,2030.6859130859375
forecast_1556,2025-03-06 20:00:00,835.8135503765621,1124.4932824372474,2022.6844482421875
forecast_1557,2025-03-06 21:00:00,1312.590299406404,1538.5887625640985,2450.861328125
forecast_1558,2025-03-06 22:00:00,1340.008120163071,2070.1660620353414,2794.087158203125
forecast_1559,2025-03-06 23:00:00,2089.2919240404467,2369.601844713389,3274.775634765625
forecast_1560,2025-03-07 00:00:00,1695.9015057746042,2509.9977155248444,3576.877685546875
forecast_1561,2025-03-07 01:00:00,1518.803410281666,2013.2639462630063,2622.556884765625
forecast_1562,2025-03-07 02:00:00,1594.6211133286163,2184.575129533139,2801.2724609375
forecast_1563,2025-03-07 03:00:00,1130.220515195036,2265.4618939622574,3353.240478515625
forecast_1564,2025-03-07 04:00:00,454.4807283074833,1178.7290044615227,2075.037841796875
forecast_1565,2025-03-07 05:00:00,816.2632277864426,1702.2986577536203,2312.948486328125
forecast_1566,2025-03-07 06:00:00,1053.6970796901956,1979.0793165127125,2415.939697265625
forecast_1567,2025-03-07 07:00:00,1500.3289852765306,1680.5122247747436,2346.57958984375
forecast_1568,2025-03-07 08:00:00,1177.2524364321077,1641.8895503804745,2300.077392578125
forecast_1569,2025-03-07 09:00:00,829.7261458285927,1062.676666656553,1859.83203125
forecast_1570,2025-03-07 10:00:00,704.1814953163522,868.4219065790892,1727.5552978515625
forecast_1571,2025-03-07 11:00:00,801.5743280627516,993.4840692099594,1944.9993896484375
forecast_1572,2025-03-07 12:00:00,2545.159477634847,3963.5384364695046,5647.82470703125
forecast_1573,2025-03-07 13:00:00,809.2666164559217,1272.3762685599538,2068.2177734375
forecast_1574,2025-03-07 14:00:00,342.45510036426555,663.3290305954317,1521.26171875
forecast_1575,2025-03-07 15:00:00,745.2028718299717,968.2030886552832,1915.9315185546875
forecast_1576,2025-03-07 16:00:00,469.15591856372464,711.5827965158954,1583.1387939453125
forecast_1577,2025-03-07 17:00:00,1721.828470820173,2591.633236446027,4145.734375
forecast_1578,2025-03-07 18:00:00,563.4106873960621,778.5970254242884,1677.0281982421875
forecast_1579,2025-03-07 19:00:00,672.8501871869033,1046.0327109519071,1837.7235107421875
forecast_1580,2025-03-07 20:00:00,1108.5144982791692,1419.7627569090814,1988.5498046875
forecast_1581,2025-03-07 21:00:00,1190.1864455266282,1645.0788982263844,2215.803466796875
forecast_1582,2025-03-07 22:00:00,1797.5019736113697,2207.5572999940982,2446.17236328125
forecast_1583,2025-03-07 23:00:00,2672.1749073706633,3174.5389813419724,3015.158935546875
forecast_1584,2025-03-08 00:00:00,3171.186440518213,3879.479285614413,3515.831298828125
forecast_1585,2025-03-08 01:00:00,3954.646648599753,4718.063612572811,3876.842529296875
forecast_1586,2025-03-08 02:00:00,4243.088582040102,5625.43403060152,4473.51416015625
forecast_1587,2025-03-08 03:00:00,6434.463266414823,7774.345150746732,5314.18798828125
forecast_1588,2025-03-08 04:00:00,8075.578117800526,9320.400625768321,6094.40185546875
forecast_1589,2025-03-08 05:00:00,7209.010034966485,8668.647212585722,5513.05810546875
forecast_1590,2025-03-08 06:00:00,6523.49505205371,7782.142645393489,5237.45263671875
forecast_1591,2025-03-08 07:00:00,6599.185160374186,7863.1678493868585,5336.15478515625
forecast_1592,2025-03-08 08:00:00,5834.76291815277,6819.966452153666,4348.669921875
forecast_1593,2025-03-08 09:00:00,4143.818227110452,5304.585967156606,3969.810546875
forecast_1594,2025-03-08 10:00:00,4469.698411998041,4598.706240072571,3752.455322265625
forecast_1595,2025-03-08 11:00:00,4279.424203333285,4421.403898530818,3606.9208984375
forecast_1596,2025-03-08 12:00:00,3737.441069297455,3710.579306931281,3165.512939453125
forecast_1597,2025-03-08 13:00:00,4785.616908223681,4083.1638555251484,4287.318359375
forecast_1598,2025-03-08 14:00:00,7476.574771194711,7075.8627386536755,5407.50537109375
forecast_1599,2025-03-08 15:00:00,8997.398605374441,7449.3260879186255,5680.126953125
forecast_1600,2025-03-08 16:00:00,8430.145443090893,7130.1898625174545,6123.970703125
forecast_1601,2025-03-08 17:00:00,8516.57878797308,7452.549429760621,6264.92822265625
forecast_1602,2025-03-08 18:00:00,8816.165499855928,8556.789852171527,5566.66552734375
forecast_1603,2025-03-08 19:00:00,11125.118272532556,10918.042254801869,7646.96728515625
forecast_1604,2025-03-08 20:00:00,9659.869351379191,9455.863282940065,6332.48583984375
forecast_1605,2025-03-08 21:00:00,8787.490818975624,8315.988821052666,4855.58349609375
forecast_1606,2025-03-08 22:00:00,8266.327999297755,8129.934868144594,5661.73681640625
forecast_1607,2025-03-08 23:00:00,8789.939189822542,8708.460618975121,6061.869140625
forecast_1608,2025-03-09 00:00:00,9731.580427479268,9834.673152556385,6649.73291015625
forecast_1609,2025-03-09 01:00:00,6886.7570015302235,7441.051389240979,5159.0537109375
forecast_1610,2025-03-09 02:00:00,6156.985588651459,7044.867826477408,5006.93994140625
forecast_1611,2025-03-09 03:00:00,5786.221993089098,6549.794718751182,4385.5234375
forecast_1612,2025-03-09 04:00:00,5102.707149647005,5811.645236663513,3840.336669921875
forecast_1613,2025-03-09 05:00:00,4951.2945128905285,5506.68839906926,3659.161865234375
forecast_1614,2025-03-09 06:00:00,4949.509608609799,5545.919976856443,3705.783447265625
forecast_1615,2025-03-09 07:00:00,5192.55232784171,5714.851368184452,3339.275390625
forecast_1616,2025-03-09 08:00:00,2662.327304858606,2998.3058775892828,2319.994384765625
forecast_1617,2025-03-09 09:00:00,1290.9249902677434,1653.5997615698666,1901.1370849609375
forecast_1618,2025-03-09 10:00:00,592.0035147127282,732.6919777578573,1472.6461181640625
forecast_1619,2025-03-09 11:00:00,488.10918198786817,428.4083155433573,1136.4632568359375
forecast_1620,2025-03-09 12:00:00,291.89557950739413,270.43327009706013,949.4866333007812
forecast_1621,2025-03-09 13:00:00,690.3728559391739,596.5031559619291,1387.5384521484375
forecast_1622,2025-03-09 14:00:00,444.43317616764494,776.172076414175,1163.9970703125
forecast_1623,2025-03-09 15:00:00,734.6372146612415,988.9752243461594,1525.0738525390625
forecast_1624,2025-03-09 16:00:00,389.58765578976465,717.910523700452,1617.33447265625
forecast_1625,2025-03-09 17:00:00,444.8899761046524,709.1077993282735,1531.5205078125
forecast_1626,2025-03-09 18:00:00,844.9897915443017,934.0912232668618,1688.1123046875
forecast_1627,2025-03-09 19:00:00,895.4123462455279,1237.1056844061027,1916.2421875
forecast_1628,2025-03-09 20:00:00,1799.0391030964363,2185.5110390748887,2288.627685546875
forecast_1629,2025-03-09 21:00:00,2413.070377935981,2797.801768324355,2676.037841796875
forecast_1630,2025-03-09 22:00:00,3111.485107433551,3532.265913587286,3278.306396484375
forecast_1631,2025-03-09 23:00:00,4378.134607466369,5194.143859658914,4292.60107421875
forecast_1632,2025-03-10 00:00:00,5478.70279067729,6396.741031594173,5045.01025390625
forecast_1633,2025-03-10 01:00:00,7102.796426761684,8328.156089358134,6167.53662109375
forecast_1634,2025-03-10 02:00:00,7467.720698246849,8832.839627255198,6639.447265625
forecast_1635,2025-03-10 03:00:00,7307.399394371714,8794.797055570552,6144.103515625
forecast_1636,2025-03-10 04:00:00,7202.994178875675,8823.008917210318,6297.27978515625
forecast_1637,2025-03-10 05:00:00,7119.388721639263,8711.277299448804,6185.55078125
forecast_1638,2025-03-10 06:00:00,6890.655011677216,8332.464221078772,5630.47119140625
forecast_1639,2025-03-10 07:00:00,7086.607893130645,8442.676766158409,5640.0703125
forecast_1640,2025-03-10 08:00:00,5837.526240632021,7008.286470347077,4665.2578125
forecast_1641,2025-03-10 09:00:00,3577.8780514610744,4801.553729974012,3910.478515625
forecast_1642,2025-03-10 10:00:00,3119.9433756870594,3636.6549892760977,3147.416748046875
forecast_1643,2025-03-10 11:00:00,2820.924600355991,3078.9497322149573,2684.673095703125
forecast_1644,2025-03-10 12:00:00,2868.066508633467,3150.824460218134,2730.036376953125
forecast_1645,2025-03-10 13:00:00,3481.756924780073,3650.5240071602975,2865.617431640625
forecast_1646,2025-03-10 14:00:00,4195.291355207883,4359.594453914768,3309.158935546875
forecast_1647,2025-03-10 15:00:00,4738.98444998474,5009.246119373303,4145.94189453125
forecast_1648,2025-03-10 16:00:00,5324.375387825725,5619.733826367816,4824.69384765625
forecast_1649,2025-03-10 17:00:00,6265.014952892212,6211.562822029622,5637.20947265625
forecast_1650,2025-03-10 18:00:00,6505.272006497879,6651.235443706901,5388.70751953125
forecast_1651,2025-03-10 19:00:00,8124.194346177173,8658.61413673251,5403.19775390625
forecast_1652,2025-03-10 20:00:00,9218.613259475842,10184.59186952674,7152.62744140625
forecast_1653,2025-03-10 21:00:00,11025.232247764325,11353.672011567767,7277.37939453125
forecast_1654,2025-03-10 22:00:00,11868.722384645285,11839.166426216567,7901.04052734375
forecast_1655,2025-03-10 23:00:00,14077.978337959672,14353.437525065117,10025.24609375
forecast_1656,2025-03-11 00:00:00,16645.000684747487,17330.945062151033,14522.9736328125
forecast_1657,2025-03-11 01:00:00,17606.978414391888,17752.330399413433,15629.6484375
forecast_1658,2025-03-11 02:00:00,17418.386952962777,17587.601437352067,15068.75390625
forecast_1659,2025-03-11 03:00:00,18034.009995741893,18053.684217970243,15655.703125
forecast_1660,2025-03-11 04:00:00,18931.193662145764,18786.134519547377,16644.224609375
forecast_1661,2025-03-11 05:00:00,19747.734294133017,19366.269905547313,17720.142578125
forecast_1662,2025-03-11 06:00:00,18670.175169070062,18296.497083889084,16377.8291015625
forecast_1663,2025-03-11 07:00:00,14055.579320900893,14684.714201338906,11822.4482421875
forecast_1664,2025-03-11 08:00:00,8663.056355956443,9782.878289988039,6211.33154296875
forecast_1665,2025-03-11 09:00:00,4684.699551307376,5172.578159185126,3726.592041015625
forecast_1666,2025-03-11 10:00:00,3957.0693286524756,3891.903058737481,2822.650390625
forecast_1667,2025-03-11 11:00:00,2180.697557724255,2182.2210224746004,2044.4324951171875
forecast_1668,2025-03-11 12:00:00,1978.6531175385485,1764.9244951236121,1585.5181884765625
forecast_1669,2025-03-11 13:00:00,1909.3554466153928,1604.3354422253342,1495.1724853515625
forecast_1670,2025-03-11 14:00:00,1370.7642533416329,1128.1545680859938,1194.1859130859375
forecast_1671,2025-03-11 15:00:00,1399.28886825105,1203.0672864573824,1281.0357666015625
forecast_1672,2025-03-11 16:00:00,2213.3338032868396,1733.8768390804555,1340.4744873046875
forecast_1673,2025-03-11 17:00:00,1996.3972054819099,2154.443699296636,1764.39990234375
forecast_1674,2025-03-11 18:00:00,4567.7023257540495,4472.337778191816,2907.976318359375
forecast_1675,2025-03-11 19:00:00,6563.678540967168,6806.5815590939765,4695.40673828125
forecast_1676,2025-03-11 20:00:00,7940.653382333152,8351.08465321687,6773.38818359375
forecast_1677,2025-03-11 21:00:00,10417.333231394845,10792.261896308699,8641.2138671875
forecast_1678,2025-03-11 22:00:00,12046.88079354744,12951.574841492715,11514.37890625
forecast_1679,2025-03-11 23:00:00,16442.81344189903,16805.04852459932,15581.1796875
forecast_1680,2025-03-12 00:00:00,18506.157673058577,18386.751079641203,17439.494140625
forecast_1681,2025-03-12 01:00:00,16828.577366197707,17195.176473715896,17143.779296875
forecast_1682,2025-03-12 02:00:00,16528.184601732577,16770.88554583294,14841.8056640625
forecast_1683,2025-03-12 03:00:00,15291.618125881932,15928.041385274595,15099.3857421875
forecast_1684,2025-03-12 04:00:00,15227.283892373032,15745.791972305185,13135.3017578125
forecast_1685,2025-03-12 05:00:00,17707.578637549523,17960.26046970601,15177.2314453125
forecast_1686,2025-03-12 06:00:00,19178.022833097486,19433.849112576292,18768.07421875
forecast_1687,2025-03-12 07:00:00,19840.246357291115,19792.93437184029,19351.3125
forecast_1688,2025-03-12 08:00:00,19748.839898074206,19719.191992896725,19514.001953125
forecast_1689,2025-03-12 09:00:00,19772.042873792645,19866.45786948705,19587.005859375
forecast_1690,2025-03-12 10:00:00,18370.59878638455,18802.724717418485,17918.4609375
forecast_1691,2025-03-12 11:00:00,18236.299036492812,18818.164124965333,18159.642578125
forecast_1692,2025-03-12 12:00:00,18000.55236628084,18374.88268186937,17743.2421875
forecast_1693,2025-03-12 13:00:00,17381.185379015034,17977.582647297044,16795.478515625
forecast_1694,2025-03-12 14:00:00,17671.41482959541,18376.9218368814,17295.9765625
forecast_1695,2025-03-12 15:00:00,17934.477448711426,18632.65165872371,17523.2265625
forecast_1696,2025-03-12 16:00:00,18065.764072253733,18642.048596706532,17186.208984375
forecast_1697,2025-03-12 17:00:00,18114.285398322925,18615.483894478526,17359.927734375
forecast_1698,2025-03-12 18:00:00,17659.864549070728,18257.854789416226,17126.005859375
forecast_1699,2025-03-12 19:00:00,18033.855653492064,18827.179422255816,17445.134765625
forecast_1700,2025-03-12 20:00:00,15882.37316680414,16745.329727550332,14876.47265625
forecast_1701,2025-03-12 21:00:00,15960.349321923168,16758.806978403707,14858.7392578125
forecast_1702,2025-03-12 22:00:00,15203.988959785001,16052.936208259678,14500.1728515625
forecast_1703,2025-03-12 23:00:00,14713.203628069343,15609.3075436221,13764.7001953125
forecast_1704,2025-03-13 00:00:00,15493.603173860753,16236.146177634653,14337.26953125
forecast_1705,2025-03-13 01:00:00,14339.005362071832,15564.720049975595,14434.9580078125
forecast_1706,2025-03-13 02:00:00,14446.530075019864,15861.089006604154,14766.4912109375
forecast_1707,2025-03-13 03:00:00,14725.87743261484,16044.403446425393,14802.4296875
forecast_1708,2025-03-13 04:00:00,14587.258395972714,15879.23727056095,14182.6708984375
forecast_1709,2025-03-13 05:00:00,14037.840827621229,15300.073663613923,13085.9541015625
forecast_1710,2025-03-13 06:00:00,11665.294593121136,13130.004981882488,9890.3408203125
forecast_1711,2025-03-13 07:00:00,10768.87114010414,11782.729062056267,8124.91650390625
forecast_1712,2025-03-13 08:00:00,10420.557109755642,11450.6349563439,7925.7421875
forecast_1713,2025-03-13 09:00:00,8421.754439842092,9723.870892692716,7495.39990234375
forecast_1714,2025-03-13 10:00:00,6969.138703196988,7607.774662921671,5792.66455078125
forecast_1715,2025-03-13 11:00:00,4285.6769597929215,4377.825662961268,3370.505126953125
forecast_1716,2025-03-13 12:00:00,4310.67755591827,3786.2943285553847,2642.899658203125
forecast_1717,2025-03-13 13:00:00,3936.1625358568403,3281.154844646798,2256.572509765625
forecast_1718,2025-03-13 14:00:00,3276.445450761347,2493.273067558059,1906.943359375
forecast_1719,2025-03-13 15:00:00,2008.8784362574181,1450.9184027034894,1527.1697998046875
forecast_1720,2025-03-13 16:00:00,1240.6800155957176,917.6539676710325,1326.990234375
forecast_1721,2025-03-13 17:00:00,669.7086273526178,629.0778476630117,1262.50244140625
forecast_1722,2025-03-13 18:00:00,1175.929119172337,989.360485490731,1221.1051025390625
forecast_1723,2025-03-13 19:00:00,2119.5500999060437,1692.4635267066092,1420.0421142578125
forecast_1724,2025-03-13 20:00:00,3235.413315545821,3063.32131155537,2323.448486328125
forecast_1725,2025-03-13 21:00:00,4253.801235668887,4152.9549105939295,3324.515869140625
forecast_1726,2025-03-13 22:00:00,5866.619307755955,5774.358016191336,4269.26611328125
forecast_1727,2025-03-13 23:00:00,6445.131724484634,6356.981107640949,4581.8154296875
forecast_1728,2025-03-14 00:00:00,5752.9868009567335,5981.15973998296,4400.73876953125
forecast_1729,2025-03-14 01:00:00,4492.136296428178,4874.156515454122,3657.08984375
forecast_1730,2025-03-14 02:00:00,3877.373695613402,4124.528485905983,3092.989013671875
forecast_1731,2025-03-14 03:00:00,3363.110832224364,3787.8303673238106,2972.1875
forecast_1732,2025-03-14 04:00:00,1868.2891658568371,2700.8317608989973,2543.108154296875
forecast_1733,2025-03-14 05:00:00,1820.3848961375238,1845.3818503747405,1544.5325927734375
forecast_1734,2025-03-14 06:00:00,2719.490572808322,2843.531561499978,2052.538818359375
forecast_1735,2025-03-14 07:00:00,1930.1527163714022,2866.8226272990237,2613.858642578125
forecast_1736,2025-03-14 08:00:00,1448.4463830387026,2226.929578874053,1930.18798828125
forecast_1737,2025-03-14 09:00:00,1325.6062408173866,1766.931006726896,1685.83447265625
forecast_1738,2025-03-14 10:00:00,1258.8131706708177,1872.384718038421,1624.7017822265625
forecast_1739,2025-03-14 11:00:00,1126.269990540808,1414.764808842488,1565.6881103515625
forecast_1740,2025-03-14 12:00:00,1024.6283098161348,1416.1159047226606,1598.72216796875
forecast_1741,2025-03-14 13:00:00,1361.580943706239,1656.446576262485,1634.982421875
forecast_1742,2025-03-14 14:00:00,1544.863883076418,1868.7585389069825,1837.1632080078125
forecast_1743,2025-03-14 15:00:00,1638.6830874775756,1968.044955544226,1998.94775390625
forecast_1744,2025-03-14 16:00:00,1825.543365655642,2114.33208411171,2098.015869140625
forecast_1745,2025-03-14 17:00:00,2097.8287998333294,2460.442357507747,2422.60986328125
forecast_1746,2025-03-14 18:00:00,2154.8474368037446,2534.7918639614845,2630.389892578125
forecast_1747,2025-03-14 19:00:00,1895.9617853754755,2185.218874978551,2623.341552734375
forecast_1748,2025-03-14 20:00:00,3283.7778112353676,3266.4353440692853,2936.155029296875
forecast_1749,2025-03-14 21:00:00,2439.1785613460206,2708.124893597014,2827.931640625
forecast_1750,2025-03-14 22:00:00,3446.7678351639966,3398.45213065524,2871.792236328125
forecast_1751,2025-03-14 23:00:00,3926.933223158965,3887.4670593908268,3297.824462890625
forecast_1752,2025-03-15 00:00:00,4079.068746163736,4069.2073286956056,3386.186767578125
forecast_1753,2025-03-15 01:00:00,5864.165756001123,5783.320975378689,4866.23291015625
forecast_1754,2025-03-15 02:00:00,5709.562439319388,5715.443255124192,5016.04736328125
forecast_1755,2025-03-15 03:00:00,4631.284376430635,4937.027334321266,4188.22509765625
forecast_1756,2025-03-15 04:00:00,5969.383219626667,6014.064107736769,4634.70947265625
forecast_1757,2025-03-15 05:00:00,6225.934025362383,6396.526621031653,4566.044921875
forecast_1758,2025-03-15 06:00:00,5830.996784763399,6223.280768984148,4420.03564453125
forecast_1759,2025-03-15 07:00:00,6189.986746194144,6805.594562848259,4993.94384765625
forecast_1760,2025-03-15 08:00:00,5029.640491271992,6359.565924882947,5358.93994140625
forecast_1761,2025-03-15 09:00:00,5447.743147716723,6435.973596237827,4477.22607421875
forecast_1762,2025-03-15 10:00:00,5978.986707172056,7481.449740169413,5626.998046875
forecast_1763,2025-03-15 11:00:00,5536.350128041449,6599.831696891664,4820.24169921875
forecast_1764,2025-03-15 12:00:00,5567.583864596192,6415.100085940775,4827.689453125
forecast_1765,2025-03-15 13:00:00,5162.405567408643,5959.077534055303,4454.91015625
forecast_1766,2025-03-15 14:00:00,4610.076715561441,5294.4591222948975,4092.772216796875
forecast_1767,2025-03-15 15:00:00,2274.343783084444,3176.5027711742955,3297.869873046875
forecast_1768,2025-03-15 16:00:00,2250.8220567244807,2850.1707364460976,2867.025146484375
forecast_1769,2025-03-15 17:00:00,1813.2551618061616,2647.7394809313655,2933.565185546875
forecast_1770,2025-03-15 18:00:00,2067.0237565632333,2985.9209186179655,2913.525634765625
forecast_1771,2025-03-15 19:00:00,2164.106672871283,3033.1590976801713,3209.455810546875
forecast_1772,2025-03-15 20:00:00,2490.958969718518,3617.906336682002,3559.615966796875
forecast_1773,2025-03-15 21:00:00,2567.438171740202,3595.2285644200215,3427.8671875
forecast_1774,2025-03-15 22:00:00,2491.869648832051,3609.5780891969644,3757.848388671875
forecast_1775,2025-03-15 23:00:00,2501.9666015984076,3151.5651970030594,3066.60546875
forecast_1776,2025-03-16 00:00:00,2420.1652625634006,3047.334443606001,2913.572021484375
forecast_1777,2025-03-16 01:00:00,1949.4861416546885,2678.4335969310187,2446.320556640625
forecast_1778,2025-03-16 02:00:00,1611.6472422711563,2260.833053252204,2098.96484375
forecast_1779,2025-03-16 03:00:00,1734.2300226564882,2283.0200977311765,1878.6156005859375
forecast_1780,2025-03-16 04:00:00,1602.5544649865558,2091.635038402088,1808.2432861328125
forecast_1781,2025-03-16 05:00:00,1306.3079374867948,1801.4196705833338,1675.6754150390625
forecast_1782,2025-03-16 06:00:00,1257.3984881596016,1848.0124942699701,1847.62451171875
forecast_1783,2025-03-16 07:00:00,1440.6933766958814,1855.6761526906225,1904.4857177734375
forecast_1784,2025-03-16 08:00:00,1423.0030709892415,1793.3648732960798,1974.6561279296875
forecast_1785,2025-03-16 09:00:00,1195.8423502396386,1551.1179403214683,1853.5477294921875
forecast_1786,2025-03-16 10:00:00,1147.0217811559291,1621.0635713827078,1981.9913330078125
forecast_1787,2025-03-16 11:00:00,1088.044490398488,1508.9549363503243,2134.268798828125
forecast_1788,2025-03-16 12:00:00,914.0514126749613,1229.0404345644577,2041.66015625
forecast_1789,2025-03-16 13:00:00,876.7586297570311,1233.3290033295768,2045.58935546875
forecast_1790,2025-03-16 14:00:00,1845.2782456751847,1679.380777474586,2290.571044921875
forecast_1791,2025-03-16 15:00:00,2842.7450507217354,2831.6152820597235,2656.974365234375
forecast_1792,2025-03-16 16:00:00,6274.54855425713,6347.129758028521,4812.017578125
forecast_1793,2025-03-16 17:00:00,6954.526953260491,6758.557426983445,5653.22265625
forecast_1794,2025-03-16 18:00:00,9345.114957825317,8641.940391026154,8008.87255859375
forecast_1795,2025-03-16 19:00:00,9358.898720429115,9281.13703153817,8521.71875
forecast_1796,2025-03-16 20:00:00,14068.186952087508,14377.261805064665,12365.359375
forecast_1797,2025-03-16 21:00:00,15321.211187743953,14812.767597157736,13874.40625
forecast_1798,2025-03-16 22:00:00,14324.238125972184,13931.53325639836,13231.21875
forecast_1799,2025-03-16 23:00:00,9585.807201802098,9199.346845815446,7363.84375
forecast_1800,2025-03-17 00:00:00,6892.983681965138,7309.97835414757,5898.20458984375
forecast_1801,2025-03-17 01:00:00,14643.7817626283,15164.530541998938,12106.1875
forecast_1802,2025-03-17 02:00:00,13564.074870232811,14028.790399319429,10517.7197265625
forecast_1803,2025-03-17 03:00:00,11387.493852245469,12240.223356858758,9450.1513671875
forecast_1804,2025-03-17 04:00:00,9810.085826034712,9743.097052519743,9466.2880859375
forecast_1805,2025-03-17 05:00:00,10514.251383872754,10294.37674016166,6970.84228515625
forecast_1806,2025-03-17 06:00:00,8679.945389385526,9703.984877770567,8414.064453125
forecast_1807,2025-03-17 07:00:00,5656.611037220113,6717.585516274603,5697.75048828125
forecast_1808,2025-03-17 08:00:00,2712.6469203343763,3213.6363377404705,3010.928466796875
forecast_1809,2025-03-17 09:00:00,1667.0979789084238,1792.39297415775,1836.6103515625
forecast_1810,2025-03-17 10:00:00,1406.0594673366509,1584.8856375436387,2144.515625
forecast_1811,2025-03-17 11:00:00,1667.210743993599,1290.8392692683688,1915.5809326171875
forecast_1812,2025-03-17 12:00:00,3946.039674589774,3480.3053314895687,2829.350830078125
forecast_1813,2025-03-17 13:00:00,8527.69994715697,7678.82715347842,7243.34375
forecast_1814,2025-03-17 14:00:00,10678.050267916102,9574.85481839996,7486.90478515625
forecast_1815,2025-03-17 15:00:00,11318.73227877601,10986.874880421805,9229.4248046875
forecast_1816,2025-03-17 16:00:00,11532.088357003631,10920.560684260892,9032.6904296875
forecast_1817,2025-03-17 17:00:00,10406.92355336681,9491.67706325291,7956.38037109375
forecast_1818,2025-03-17 18:00:00,9146.58204384569,8542.569383710375,8092.78955078125
forecast_1819,2025-03-17 19:00:00,11282.420677220342,10459.242798039448,7708.89013671875
forecast_1820,2025-03-17 20:00:00,10882.977703812809,10988.959499984398,8077.64306640625
forecast_1821,2025-03-17 21:00:00,13442.052533555076,13791.012612189403,11053.0576171875
forecast_1822,2025-03-17 22:00:00,15459.543495321712,15694.15983552409,13237.6787109375
forecast_1823,2025-03-17 23:00:00,14466.041262379451,15279.990165457119,13058.46875
forecast_1824,2025-03-18 00:00:00,11272.6599365537,12481.000897669324,10356.5791015625
forecast_1825,2025-03-18 01:00:00,7988.522605484339,9738.372606332638,6710.9140625
forecast_1826,2025-03-18 02:00:00,6926.593806000435,8556.623427250523,5772.5546875
forecast_1827,2025-03-18 03:00:00,4911.474017854862,6631.338167019933,4540.40283203125
forecast_1828,2025-03-18 04:00:00,5132.071148533025,5971.626650687433,4479.25732421875
forecast_1829,2025-03-18 05:00:00,5563.868291557785,6686.439455434104,5008.14501953125
forecast_1830,2025-03-18 06:00:00,4609.645079204416,5115.656864409824,4223.13037109375
forecast_1831,2025-03-18 07:00:00,2678.0401634627933,3829.164057663743,3747.8662109375
forecast_1832,2025-03-18 08:00:00,1501.9372782746163,2279.806315019105,2647.21337890625
forecast_1833,2025-03-18 09:00:00,1911.0026437624451,2837.0121538089,3109.215087890625
forecast_1834,2025-03-18 10:00:00,1144.5539149532626,880.1276186857228,1473.0693359375
forecast_1835,2025-03-18 11:00:00,1796.3993307844535,1580.5722775829818,1982.2763671875
forecast_1836,2025-03-18 12:00:00,1618.9229959830009,1781.6887473982206,2381.450439453125
forecast_1837,2025-03-18 13:00:00,2051.916354340793,1926.2623865142523,2789.190673828125
forecast_1838,2025-03-18 14:00:00,2779.1879262745724,2719.779670009697,2983.912841796875
forecast_1839,2025-03-18 15:00:00,6165.389419969974,6260.330023434828,4827.32177734375
forecast_1840,2025-03-18 16:00:00,10383.07523818649,10369.633467683314,7833.4921875
forecast_1841,2025-03-18 17:00:00,14763.67906680121,15217.603065269614,12518.4111328125
forecast_1842,2025-03-18 18:00:00,12382.717342658165,13844.32311900207,13456.4541015625
forecast_1843,2025-03-18 19:00:00,10897.205195566641,12148.901301767872,12841.8427734375
forecast_1844,2025-03-18 20:00:00,10128.32118493566,11091.966569878663,10876.0361328125
forecast_1845,2025-03-18 21:00:00,8676.858151530527,9505.344316209244,10655.51171875
forecast_1846,2025-03-18 22:00:00,6376.472820641602,6540.830451339632,6866.20849609375
forecast_1847,2025-03-18 23:00:00,5170.690071366207,5049.697555071107,4846.86279296875
forecast_1848,2025-03-19 00:00:00,4379.214804882749,4334.00006276293,4080.0
forecast_1849,2025-03-19 01:00:00,2904.5544152164457,3154.882009156366,2648.6572265625
forecast_1850,2025-03-19 02:00:00,2376.0997251195326,2883.0330814648196,2527.782958984375
forecast_1851,2025-03-19 03:00:00,2224.436861149144,2994.015946394868,2420.365478515625
forecast_1852,2025-03-19 04:00:00,2281.244619254784,2825.4682936156278,2366.091552734375
forecast_1853,2025-03-19 05:00:00,2074.3432414847107,2646.260219921133,2273.493896484375
forecast_1854,2025-03-19 06:00:00,2048.1901200676075,2877.511743214546,2474.240234375
forecast_1855,2025-03-19 07:00:00,2956.63728845039,3684.170593169856,2876.181884765625
forecast_1856,2025-03-19 08:00:00,3187.475487905773,3555.448415411839,2867.841552734375
forecast_1857,2025-03-19 09:00:00,3463.9468983332245,3765.687301061156,3433.210693359375
forecast_1858,2025-03-19 10:00:00,5841.389452933554,5127.790720506664,4012.161376953125
forecast_1859,2025-03-19 11:00:00,6667.734467350761,5561.354226953139,4778.16455078125
forecast_1860,2025-03-19 12:00:00,7662.93623589696,6430.742094696443,5454.21826171875
forecast_1861,2025-03-19 13:00:00,8077.742043679209,6992.027954142752,6093.66064453125
forecast_1862,2025-03-19 14:00:00,8497.887231669407,7385.407247758592,6673.98486328125
forecast_1863,2025-03-19 15:00:00,9606.26060123437,8458.130686668146,7183.92724609375
forecast_1864,2025-03-19 16:00:00,10632.452110215654,9644.878714617618,8206.6669921875
forecast_1865,2025-03-19 17:00:00,9647.640106475008,8861.733936279687,8441.4501953125
forecast_1866,2025-03-19 18:00:00,11299.60486334827,10596.535149875916,9032.69921875
forecast_1867,2025-03-19 19:00:00,12926.687742178869,13194.218733715628,11829.4677734375
forecast_1868,2025-03-19 20:00:00,14355.094553566327,14262.43283079916,11728.02734375
forecast_1869,2025-03-19 21:00:00,14015.836467496762,14117.703024448838,11931.5361328125
forecast_1870,2025-03-19 22:00:00,13703.575833638057,14380.220408149818,12453.3984375
forecast_1871,2025-03-19 23:00:00,13403.578912806455,14427.79564847301,13309.6435546875
forecast_1872,2025-03-20 00:00:00,16459.442558527047,16887.034679427397,14627.3701171875
forecast_1873,2025-03-20 01:00:00,16925.64279831027,17440.318507321266,15010.6181640625
forecast_1874,2025-03-20 02:00:00,17499.510944377267,18070.306263845894,16604.96875
forecast_1875,2025-03-20 03:00:00,18289.217231153576,18726.09513654337,17413.8359375
forecast_1876,2025-03-20 04:00:00,18480.147767617418,18870.95030005754,17744.244140625
forecast_1877,2025-03-20 05:00:00,19074.100519013187,19224.245288090304,17816.654296875
forecast_1878,2025-03-20 06:00:00,19266.062582775605,19382.31339911632,18430.271484375
forecast_1879,2025-03-20 07:00:00,19797.506203220153,19852.172665026403,18897.62890625
forecast_1880,2025-03-20 08:00:00,19366.3145745893,19668.567415744114,18600.5859375
forecast_1881,2025-03-20 09:00:00,18794.461122455323,19307.35418918125,18486.0
forecast_1882,2025-03-20 10:00:00,18444.22252645291,19074.584837900926,17797.1015625
forecast_1883,2025-03-20 11:00:00,17430.69709666549,18423.219695474207,17259.615234375
forecast_1884,2025-03-20 12:00:00,16828.19746774098,17872.263689160547,16505.115234375
forecast_1885,2025-03-20 13:00:00,16543.478611662944,17220.162170907483,15463.3173828125
forecast_1886,2025-03-20 14:00:00,16968.43810027991,17583.339357627283,15951.7578125
forecast_1887,2025-03-20 15:00:00,17265.142532193095,17616.468938435333,16561.79296875
forecast_1888,2025-03-20 16:00:00,17975.153330086534,18393.235188345057,17187.5859375
forecast_1889,2025-03-20 17:00:00,17789.34414455276,18354.916990747734,17747.40625
forecast_1890,2025-03-20 18:00:00,17964.23434306454,18519.64875038839,18143.720703125
forecast_1891,2025-03-20 19:00:00,18985.70189133119,19389.591151878732,18469.30859375
forecast_1892,2025-03-20 20:00:00,19380.81157010849,19637.493821460073,18831.541015625
forecast_1893,2025-03-20 21:00:00,19495.520614121706,19675.135161805734,18722.259765625
forecast_1894,2025-03-20 22:00:00,19877.4926314194,19962.424828209936,19123.017578125
forecast_1895,2025-03-20 23:00:00,19522.34997129391,19937.01707265597,18733.0078125
forecast_1896,2025-03-21 00:00:00,20246.918887731677,20231.75078293937,19495.923828125
forecast_1897,2025-03-21 01:00:00,19277.68305432622,19214.916460277986,18554.591796875
forecast_1898,2025-03-21 02:00:00,20423.124436508566,20351.50910875725,19329.568359375
forecast_1899,2025-03-21 03:00:00,20604.41267990068,20373.797863952586,19689.826171875
forecast_1900,2025-03-21 04:00:00,20842.062618684606,20456.236245401175,19709.994140625
forecast_1901,2025-03-21 05:00:00,21374.051614878663,20659.435371072752,19603.6875
forecast_1902,2025-03-21 06:00:00,21305.43482483001,20615.965145931536,19617.119140625
forecast_1903,2025-03-21 07:00:00,21299.650641544675,20670.43617287637,19756.431640625
forecast_1904,2025-03-21 08:00:00,20984.15473961889,20547.883488602783,19546.763671875
forecast_1905,2025-03-21 09:00:00,20145.461012576907,20070.27111957594,18916.84765625
forecast_1906,2025-03-21 10:00:00,19523.879904454996,19659.121571674914,18438.771484375
forecast_1907,2025-03-21 11:00:00,19072.74084576539,19282.922809617612,18158.119140625
forecast_1908,2025-03-21 12:00:00,18366.12957754213,18892.72358992718,17727.294921875
forecast_1909,2025-03-21 13:00:00,18670.509268158603,18880.62351981275,17224.109375
forecast_1910,2025-03-21 14:00:00,18052.315710252522,18448.059056232476,17106.498046875
forecast_1911,2025-03-21 15:00:00,17419.887045753934,17859.140721663633,16493.283203125
forecast_1912,2025-03-21 16:00:00,16863.70580763473,17455.46189064389,16164.5283203125
forecast_1913,2025-03-21 17:00:00,17700.363394816457,18261.250543582024,17240.173828125
forecast_1914,2025-03-21 18:00:00,18508.448306760743,18964.501368404242,18127.8828125
forecast_1915,2025-03-21 19:00:00,19032.225578519276,19360.534849812102,18763.990234375
forecast_1916,2025-03-21 20:00:00,19546.809162024743,19688.90880374174,18926.73828125
forecast_1917,2025-03-21 21:00:00,19187.38873639211,19373.490490042925,18826.2109375
forecast_1918,2025-03-21 22:00:00,18657.60877028169,18530.573112633178,18002.259765625
forecast_1919,2025-03-21 23:00:00,18821.712716119382,18739.925382860732,18167.873046875
forecast_1920,2025-03-22 00:00:00,19140.430007457817,19278.426830713066,18777.419921875
forecast_1921,2025-03-22 01:00:00,20160.055572863203,19959.289245702574,19413.255859375
forecast_1922,2025-03-22 02:00:00,20391.098216686714,20280.905494889405,19659.171875
forecast_1923,2025-03-22 03:00:00,20474.60380863798,20144.623330808303,19693.078125
forecast_1924,2025-03-22 04:00:00,20148.330989592447,19989.35030125294,19670.849609375
forecast_1925,2025-03-22 05:00:00,20332.509824784283,20125.260801923247,19717.583984375
forecast_1926,2025-03-22 06:00:00,20403.270083739662,20144.489024598588,19766.892578125
forecast_1927,2025-03-22 07:00:00,20566.536055531018,20294.87855237234,19959.185546875
forecast_1928,2025-03-22 08:00:00,20185.605652907765,20156.970016210398,19737.03125
forecast_1929,2025-03-22 09:00:00,19691.861942972944,19941.45028923708,19186.837890625
forecast_1930,2025-03-22 10:00:00,19003.717834181036,19464.29556936274,18757.607421875
forecast_1931,2025-03-22 11:00:00,18819.051852373246,19099.834196808384,17909.705078125
forecast_1932,2025-03-22 12:00:00,18113.944256589286,18580.450345127487,17323.341796875
forecast_1933,2025-03-22 13:00:00,17883.009304379702,18328.61872146207,16926.69140625
forecast_1934,2025-03-22 14:00:00,17853.376412056063,18473.2509724585,16996.9375
forecast_1935,2025-03-22 15:00:00,17609.56704034498,18391.22066261263,17291.65625
forecast_1936,2025-03-22 16:00:00,17498.245358366534,18176.428301972355,17493.892578125
forecast_1937,2025-03-22 17:00:00,17889.526317104832,18478.616804295714,17429.26171875
forecast_1938,2025-03-22 18:00:00,17798.36839177337,18344.91998422479,17778.078125
forecast_1939,2025-03-22 19:00:00,18269.90077333321,18863.936877568143,18199.775390625
forecast_1940,2025-03-22 20:00:00,18502.862962913496,18594.932893900932,18268.173828125
forecast_1941,2025-03-22 21:00:00,19384.42961070012,18930.98125395235,18545.455078125
forecast_1942,2025-03-22 22:00:00,19142.800879310234,18856.94379513068,18387.333984375
forecast_1943,2025-03-22 23:00:00,19421.39748345929,19314.33643986568,18901.845703125
forecast_1944,2025-03-23 00:00:00,19912.923588606653,19960.704249993258,19777.578125
forecast_1945,2025-03-23 01:00:00,19365.068146598212,19446.56626394951,19413.314453125
forecast_1946,2025-03-23 02:00:00,19829.242835109322,19697.789063108645,19387.318359375
forecast_1947,2025-03-23 03:00:00,20213.362892425008,20024.841463966226,19711.962890625
forecast_1948,2025-03-23 04:00:00,20104.20529336819,19927.78091574497,19512.822265625
forecast_1949,2025-03-23 05:00:00,19900.91030796404,19789.911321010193,19347.34765625
forecast_1950,2025-03-23 06:00:00,19402.83725182672,19257.08963403423,18652.947265625
forecast_1951,2025-03-23 07:00:00,15901.360569599008,16429.1391320655,14868.9404296875
forecast_1952,2025-03-23 08:00:00,8612.859084842903,10277.542869537949,7987.904296875
forecast_1953,2025-03-23 09:00:00,4075.439906719504,5022.9782814148475,4203.57470703125
forecast_1954,2025-03-23 10:00:00,1869.106353082128,2514.344349876309,2504.843017578125
forecast_1955,2025-03-23 11:00:00,1554.278389610832,2161.7854579988007,2636.70068359375
forecast_1956,2025-03-23 12:00:00,1896.5017531568515,2662.242477000369,3425.625732421875
forecast_1957,2025-03-23 13:00:00,1958.2731156641926,2902.8394190083154,3479.2822265625
forecast_1958,2025-03-23 14:00:00,2968.0919817480226,4868.963965701046,5971.52197265625
forecast_1959,2025-03-23 15:00:00,3091.4615178690538,4145.30795075718,4479.67431640625
forecast_1960,2025-03-23 16:00:00,3053.764823243761,3240.038314592937,3838.680419921875
forecast_1961,2025-03-23 17:00:00,3889.36696894513,4636.631018002158,3368.154296875
forecast_1962,2025-03-23 18:00:00,2406.458322728967,2935.295580544268,2255.045166015625
forecast_1963,2025-03-23 19:00:00,4143.634535459642,5391.8259434690035,3286.74609375
forecast_1964,2025-03-23 20:00:00,7182.353223744786,8881.89662459793,5796.22900390625
forecast_1965,2025-03-23 21:00:00,9928.361794893577,11437.551224373812,7768.66796875
forecast_1966,2025-03-23 22:00:00,11868.815966049635,13794.234072215047,10672.421875
forecast_1967,2025-03-23 23:00:00,13605.02906977524,15851.342236459004,14038.7119140625
forecast_1968,2025-03-24 00:00:00,15415.410788855783,16702.541754330057,15571.1044921875
forecast_1969,2025-03-24 01:00:00,15987.812326604912,17373.775171561247,15379.5556640625
forecast_1970,2025-03-24 02:00:00,14044.866711796294,15378.157591984615,12815.515625
forecast_1971,2025-03-24 03:00:00,14094.761704902949,15511.538226254019,13956.9365234375
forecast_1972,2025-03-24 04:00:00,13880.49583309616,14992.849067514557,14921.015625
forecast_1973,2025-03-24 05:00:00,13687.726894433274,15129.263007715437,15290.8388671875
forecast_1974,2025-03-24 06:00:00,17212.668833041287,18382.451604175076,17324.80859375
forecast_1975,2025-03-24 07:00:00,16339.878191896003,17417.70139977656,17258.21875
forecast_1976,2025-03-24 08:00:00,15829.089625218247,16864.292392573396,16075.3154296875
forecast_1977,2025-03-24 09:00:00,14841.335246254823,16309.95322038062,15099.4345703125
forecast_1978,2025-03-24 10:00:00,16227.718200346288,17068.008317965385,16274.875
forecast_1979,2025-03-24 11:00:00,16606.773081245483,17557.53198183309,16214.2529296875
forecast_1980,2025-03-24 12:00:00,17020.309952624542,17891.869496477688,16230.9111328125
forecast_1981,2025-03-24 13:00:00,16590.177786131455,17607.225388293744,16387.150390625
forecast_1982,2025-03-24 14:00:00,16032.314512857849,17219.268566568968,15728.328125
forecast_1983,2025-03-24 15:00:00,15082.380401460281,16482.116728221525,14834.8955078125
forecast_1984,2025-03-24 16:00:00,14406.309838107114,15831.644102395603,14888.0966796875
forecast_1985,2025-03-24 17:00:00,14045.268550360895,15066.791906376337,14028.51953125
forecast_1986,2025-03-24 18:00:00,13525.420231125681,13925.149901010307,12617.0244140625
forecast_1987,2025-03-24 19:00:00,14138.097936983684,15155.562865982534,13355.0234375
forecast_1988,2025-03-24 20:00:00,14353.002973321352,14447.069274134734,11322.4013671875
forecast_1989,2025-03-24 21:00:00,16171.651683311075,16839.962281103424,15407.7177734375
forecast_1990,2025-03-24 22:00:00,17783.946817330936,18394.066836226815,18014.431640625
forecast_1991,2025-03-24 23:00:00,19472.87764626889,19540.79825676659,19388.763671875
forecast_1992,2025-03-25 00:00:00,19620.092236062665,19466.24045524295,19368.97265625
forecast_1993,2025-03-25 01:00:00,19946.825891413777,19851.287797520723,19492.615234375
forecast_1994,2025-03-25 02:00:00,19901.25014977676,19762.51276634118,19399.15234375
forecast_1995,2025-03-25 03:00:00,19525.189540015715,19438.07593760512,19158.642578125
forecast_1996,2025-03-25 04:00:00,17835.19076469256,17791.032883602566,16613.115234375
forecast_1997,2025-03-25 05:00:00,12418.087834245807,13718.615538630896,11884.0390625
forecast_1998,2025-03-25 06:00:00,9353.089535461335,11254.388596284634,8889.5810546875
forecast_1999,2025-03-25 07:00:00,8751.059096763453,10831.00310195894,8366.3984375
forecast_2000,2025-03-25 08:00:00,7772.206596725144,9747.13346299919,6886.44580078125
forecast_2001,2025-03-25 09:00:00,6750.609435306168,8643.042940770476,6768.78515625
forecast_2002,2025-03-25 10:00:00,9281.372538594544,11315.272395763126,8117.63037109375
forecast_2003,2025-03-25 11:00:00,11012.38086068787,13432.574511919105,11910.9404296875
forecast_2004,2025-03-25 12:00:00,11391.171678843104,13611.298922129714,12461.9189453125
forecast_2005,2025-03-25 13:00:00,13253.788187532211,15123.087192751496,13506.6982421875
forecast_2006,2025-03-25 14:00:00,16202.441101578084,17457.299201286754,16156.5048828125
forecast_2007,2025-03-25 15:00:00,17504.57086288211,18733.112909184372,17984.115234375
forecast_2008,2025-03-25 16:00:00,17253.12881157073,18750.146531435446,18717.837890625
forecast_2009,2025-03-25 17:00:00,17692.052805988784,18249.112929808878,18002.984375
forecast_2010,2025-03-25 18:00:00,18310.590716261468,18441.669846925004,18153.466796875
forecast_2011,2025-03-25 19:00:00,18428.834926340598,18786.1759984334,18389.537109375
forecast_2012,2025-03-25 20:00:00,18839.386994418808,18962.767171198022,18461.216796875
forecast_2013,2025-03-25 21:00:00,19182.24480345312,19502.75448220686,18977.138671875
forecast_2014,2025-03-25 22:00:00,19484.59309503121,19730.03482005201,19338.943359375
forecast_2015,2025-03-25 23:00:00,19484.05001532005,19788.65542286062,18997.771484375
forecast_2016,2025-03-26 00:00:00,19667.64865618351,19932.84415001062,19556.134765625
forecast_2017,2025-03-26 01:00:00,20633.219800521052,20209.13875375443,20335.431640625
forecast_2018,2025-03-26 02:00:00,20020.655728360885,19696.383725613647,19825.712890625
forecast_2019,2025-03-26 03:00:00,19902.05042717258,19299.86669337905,18341.84375
forecast_2020,2025-03-26 04:00:00,19765.907070211462,19373.161468246137,18038.736328125
forecast_2021,2025-03-26 05:00:00,18500.59377917846,18592.37143450438,17797.013671875
forecast_2022,2025-03-26 06:00:00,15889.054209566477,16701.071332808548,16691.966796875
forecast_2023,2025-03-26 07:00:00,10278.342988248995,11079.085710575766,9894.5390625
forecast_2024,2025-03-26 08:00:00,5261.094342989874,6475.891458533528,4631.48876953125
forecast_2025,2025-03-26 09:00:00,3678.051827188139,5131.170530861175,3735.14453125
forecast_2026,2025-03-26 10:00:00,2750.8614435149316,4701.198918322762,4332.408203125
forecast_2027,2025-03-26 11:00:00,1355.6295089589719,2131.101570438799,2321.7919921875
forecast_2028,2025-03-26 12:00:00,1498.3887671963287,2595.829391859138,2625.877685546875
forecast_2029,2025-03-26 13:00:00,1973.602132628112,3303.353588406032,3342.369140625
forecast_2030,2025-03-26 14:00:00,3132.9219686619217,4428.875797590054,4000.922119140625
forecast_2031,2025-03-26 15:00:00,4558.025192724687,5958.631576372385,6698.30859375
forecast_2032,2025-03-26 16:00:00,3234.0337144144287,4084.67214545059,4054.799560546875
forecast_2033,2025-03-26 17:00:00,3371.157738672837,4194.36207584292,3614.372314453125
forecast_2034,2025-03-26 18:00:00,4981.731433879994,5985.12433082901,3830.193115234375
forecast_2035,2025-03-26 19:00:00,8768.182982385784,11523.996653799131,7840.48388671875
forecast_2036,2025-03-26 20:00:00,10674.656280637542,12643.47631865312,9637.5498046875
forecast_2037,2025-03-26 21:00:00,11763.816867609092,14470.448187132559,12126.6787109375
forecast_2038,2025-03-26 22:00:00,12702.048670316615,15316.109269238214,14039.8720703125
forecast_2039,2025-03-26 23:00:00,15801.83271853982,17928.453078263872,17543.189453125
forecast_2040,2025-03-27 00:00:00,17334.51653640686,18808.918918686042,18719.501953125
forecast_2041,2025-03-27 01:00:00,18331.018536099305,19340.634392127093,19802.724609375
forecast_2042,2025-03-27 02:00:00,18795.71972009327,19631.970787382346,19905.962890625
forecast_2043,2025-03-27 03:00:00,18871.022892590445,19662.62391293364,19408.78125
forecast_2044,2025-03-27 04:00:00,18826.050244397942,19262.043706344535,19022.080078125
forecast_2045,2025-03-27 05:00:00,15883.006422176633,17065.468360603652,16703.53125
forecast_2046,2025-03-27 06:00:00,11314.416861069418,12607.695352686838,10376.0419921875
forecast_2047,2025-03-27 07:00:00,14697.361873280483,16427.907100151042,16303.8291015625
forecast_2048,2025-03-27 08:00:00,15597.634591020833,17394.701693394916,16911.302734375
forecast_2049,2025-03-27 09:00:00,13268.512625272673,14684.517199579986,14625.0322265625
forecast_2050,2025-03-27 10:00:00,12660.52249554386,14233.049898821591,13580.6376953125
forecast_2051,2025-03-27 11:00:00,11664.293311794598,13126.493039284542,12933.4921875
forecast_2052,2025-03-27 12:00:00,10428.892401164958,12084.954497537856,12250.1435546875
forecast_2053,2025-03-27 13:00:00,9975.54751568848,11772.372424650704,10923.4716796875
forecast_2054,2025-03-27 14:00:00,10352.906335807722,11690.890415781985,9610.7744140625
forecast_2055,2025-03-27 15:00:00,9862.293984276348,10860.563825926394,8434.0263671875
forecast_2056,2025-03-27 16:00:00,6463.086795552969,6469.0193434914645,5133.99951171875
forecast_2057,2025-03-27 17:00:00,6552.610370659008,6416.925383648228,4380.89892578125
forecast_2058,2025-03-27 18:00:00,8169.551857709763,8359.900919172034,5892.46484375
forecast_2059,2025-03-27 19:00:00,9204.750602936983,9116.308579729954,7010.5234375
forecast_2060,2025-03-27 20:00:00,9408.005266977834,9609.433845822588,7407.15869140625
forecast_2061,2025-03-27 21:00:00,12309.694706735918,13370.692359755409,10345.2177734375
forecast_2062,2025-03-27 22:00:00,14386.91602888625,14905.664280782941,12770.09375
forecast_2063,2025-03-27 23:00:00,16145.325677254667,16809.13237065591,15657.9375
forecast_2064,2025-03-28 00:00:00,13621.938987575602,14463.68367215427,11897.640625
forecast_2065,2025-03-28 01:00:00,4451.412673115794,5075.306777911559,3787.354736328125
forecast_2066,2025-03-28 02:00:00,4337.96074610568,4906.07205385371,3513.157958984375
forecast_2067,2025-03-28 03:00:00,2409.61015374833,3420.662940153817,3419.551025390625
forecast_2068,2025-03-28 04:00:00,3447.618485062291,4001.397189743226,3402.046142578125
forecast_2069,2025-03-28 05:00:00,3453.699511257687,3660.6807656962787,2608.612548828125
forecast_2070,2025-03-28 06:00:00,1823.0304484380345,2103.673801521731,1922.92724609375
forecast_2071,2025-03-28 07:00:00,1922.023527830215,2579.0923019615166,2235.057373046875
forecast_2072,2025-03-28 08:00:00,1885.7563948066368,2016.7397189371186,1997.06298828125
forecast_2073,2025-03-28 09:00:00,2458.415014048771,2454.453839764652,2284.361572265625
forecast_2074,2025-03-28 10:00:00,3119.330543132028,2938.114673975909,2431.84228515625
forecast_2075,2025-03-28 11:00:00,3197.308619532093,3035.658277138953,2682.643310546875
forecast_2076,2025-03-28 12:00:00,2372.7413169422907,2310.065609021313,2237.89794921875
forecast_2077,2025-03-28 13:00:00,2350.436419325477,2373.0441680267327,2975.828125
forecast_2078,2025-03-28 14:00:00,2399.3069456037865,2297.7572353821697,3278.337646484375
forecast_2079,2025-03-28 15:00:00,2204.7117646128304,2191.9785082225403,3224.0703125
forecast_2080,2025-03-28 16:00:00,2431.098653698392,2308.421650313942,2995.2158203125
forecast_2081,2025-03-28 17:00:00,1859.1415286200963,1697.38179629634,1861.4263916015625
forecast_2082,2025-03-28 18:00:00,1678.8826240851922,2459.3685889710714,2571.207763671875
forecast_2083,2025-03-28 19:00:00,3125.1597126875904,2628.213785477452,2480.242919921875
forecast_2084,2025-03-28 20:00:00,6155.757703025971,6241.226002546415,3961.375732421875
forecast_2085,2025-03-28 21:00:00,7642.653801960568,7350.851915535504,5514.01318359375
forecast_2086,2025-03-28 22:00:00,7565.355635112641,7200.157437049977,5900.69091796875
forecast_2087,2025-03-28 23:00:00,7639.717671629106,7358.849650551024,6173.80908203125
forecast_2088,2025-03-29 00:00:00,8246.228784851557,7699.274763623862,6272.248046875
forecast_2089,2025-03-29 01:00:00,1054.6573995951567,1591.5676376073272,2436.996337890625
forecast_2090,2025-03-29 02:00:00,716.3959935939372,1276.265915296004,1907.0587158203125
forecast_2091,2025-03-29 03:00:00,848.8635274540208,1646.643238488372,2118.402099609375
forecast_2092,2025-03-29 04:00:00,2227.21329163373,3288.1904067706864,2620.973876953125
forecast_2093,2025-03-29 05:00:00,3737.0671666902936,4926.630746750349,3548.996826171875
forecast_2094,2025-03-29 06:00:00,5716.013848281091,6717.497637402357,4376.56005859375
forecast_2095,2025-03-29 07:00:00,6306.6597343921185,7277.00826014181,5313.57080078125
forecast_2096,2025-03-29 08:00:00,7399.850432641281,8482.88097839776,6262.33349609375
forecast_2097,2025-03-29 09:00:00,7371.228868586599,7314.7869739571415,6026.54443359375
forecast_2098,2025-03-29 10:00:00,8818.371285467343,8480.856786007193,7111.185546875
forecast_2099,2025-03-29 11:00:00,10849.81398551177,10957.85255045626,9549.3955078125
forecast_2100,2025-03-29 12:00:00,12741.357433269015,13214.62205410322,11565.7255859375
forecast_2101,2025-03-29 13:00:00,14268.729715120055,14641.867263530807,13019.0185546875
forecast_2102,2025-03-29 14:00:00,14434.242742346596,15222.103820591343,13515.6845703125
forecast_2103,2025-03-29 15:00:00,14242.655915735892,15093.176459072123,13645.8251953125
forecast_2104,2025-03-29 16:00:00,14246.244399633986,14931.18540356186,13204.9111328125
forecast_2105,2025-03-29 17:00:00,13917.123301481002,13968.424007560312,12000.2265625
forecast_2106,2025-03-29 18:00:00,14168.168241776197,15057.808122473394,13570.046875
forecast_2107,2025-03-29 19:00:00,13643.108092095457,13149.674907942768,10676.8095703125
forecast_2108,2025-03-29 20:00:00,13409.166284330873,12838.298797995352,10725.2275390625
forecast_2109,2025-03-29 21:00:00,13740.047064972181,13301.343442062414,11085.0791015625
forecast_2110,2025-03-29 22:00:00,13793.249471299972,13261.228097922809,11417.1455078125
forecast_2111,2025-03-29 23:00:00,13393.579900209079,12522.010101065876,11043.2529296875
forecast_2112,2025-03-30 00:00:00,12758.708260497131,11992.248178655555,10818.8447265625
forecast_2113,2025-03-30 01:00:00,12931.26509631248,11784.33404358867,9923.5517578125
forecast_2114,2025-03-30 02:00:00,12490.040998440514,11550.314884185165,9936.6982421875
forecast_2115,2025-03-30 03:00:00,11610.175551780214,10754.050795671377,9345.1337890625
forecast_2116,2025-03-30 04:00:00,10988.604302870015,10620.03798337303,8736.94921875
forecast_2117,2025-03-30 05:00:00,11017.290217339034,10716.872730567944,8945.748046875
forecast_2118,2025-03-30 06:00:00,11051.919337810654,11128.768762351192,8688.3212890625
forecast_2119,2025-03-30 07:00:00,10185.546471953272,10312.504632902928,8788.7275390625
forecast_2120,2025-03-30 08:00:00,8466.870434979584,7656.497347157327,7321.51123046875
forecast_2121,2025-03-30 09:00:00,7766.785753371925,7304.50499564223,7144.56689453125
forecast_2122,2025-03-30 10:00:00,8275.20057655427,7981.782127215163,8016.63525390625
forecast_2123,2025-03-30 11:00:00,8397.793693126212,8166.536770856217,8204.5751953125
forecast_2124,2025-03-30 12:00:00,8142.251195233082,8152.831859893457,8246.20703125
forecast_2125,2025-03-30 13:00:00,9200.313512412518,8756.76888858822,8279.79296875
forecast_2126,2025-03-30 14:00:00,8934.827499014496,8624.576354911407,8164.34912109375
forecast_2127,2025-03-30 15:00:00,8303.420948637715,8075.514118105371,7765.60302734375
forecast_2128,2025-03-30 16:00:00,7173.848840563795,6898.445278439298,7122.4296875
forecast_2129,2025-03-30 17:00:00,6938.642234460412,6304.310331928944,6612.13818359375
forecast_2130,2025-03-30 18:00:00,7132.683183619059,6407.49812251201,6404.58447265625
forecast_2131,2025-03-30 19:00:00,7113.535934157995,6510.398984780911,5513.52587890625
forecast_2132,2025-03-30 20:00:00,8825.524268694391,7827.370561234164,6032.09033203125
forecast_2133,2025-03-30 21:00:00,8543.519086079265,7954.753921315194,6356.07177734375
forecast_2134,2025-03-30 22:00:00,9141.283331301707,8648.358639051645,6219.08984375
forecast_2135,2025-03-30 23:00:00,9900.222182752834,9155.29262376188,6671.025390625
forecast_2136,2025-03-31 00:00:00,9912.615160725807,9414.645854729106,6352.04150390625
forecast_2137,2025-03-31 01:00:00,15598.516630635624,15938.406501601969,13437.921875
forecast_2138,2025-03-31 02:00:00,14833.976096182168,15510.582357704998,13438.26171875
forecast_2139,2025-03-31 03:00:00,15230.524208464944,15843.744133327742,13495.3525390625
forecast_2140,2025-03-31 04:00:00,14962.150092819349,15680.90638576993,13098.6298828125
forecast_2141,2025-03-31 05:00:00,15257.27791672975,16118.116569581494,13483.60546875
forecast_2142,2025-03-31 06:00:00,15428.825745484124,16440.38839615527,14182.2548828125
forecast_2143,2025-03-31 07:00:00,11011.115500428472,12203.502273743725,8779.3251953125
forecast_2144,2025-03-31 08:00:00,8129.418329403792,8719.188720598904,5918.05078125
forecast_2145,2025-03-31 09:00:00,5044.047839459635,5708.340339332727,4378.44970703125
forecast_2146,2025-03-31 10:00:00,3309.6474124346014,3287.0785101617575,2897.634521484375
forecast_2147,2025-03-31 11:00:00,3659.45175965575,3099.6388674459195,2843.090576171875
forecast_2148,2025-03-31 12:00:00,4354.974009656604,3438.489470752553,3251.760986328125
forecast_2149,2025-03-31 13:00:00,5461.601506048722,4490.803994459071,4286.30810546875
forecast_2150,2025-03-31 14:00:00,5810.179026250104,5097.64172129619,5182.83544921875
forecast_2151,2025-03-31 15:00:00,5394.428854243437,4953.266684229715,5382.35302734375
forecast_2152,2025-03-31 16:00:00,5041.775977656167,4592.990985842249,5019.349609375
forecast_2153,2025-03-31 17:00:00,5388.232645669776,4493.220318193109,4720.5029296875
forecast_2154,2025-03-31 18:00:00,7119.955896049136,6403.282613678846,6234.88671875
forecast_2155,2025-03-31 19:00:00,9697.968296256908,9132.21534934055,6428.78369140625
forecast_2156,2025-03-31 20:00:00,11282.167717625141,10379.62073344368,7765.72705078125
forecast_2157,2025-03-31 21:00:00,11701.190226733717,10469.860839861973,7746.48583984375
forecast_2158,2025-03-31 22:00:00,11355.934120320322,11103.88651127174,7774.19140625
forecast_2159,2025-03-31 23:00:00,12762.355700339249,13183.388657920199,10016.494140625
forecast_2160,2025-04-01 00:00:00,13295.5060709118,13363.930611351632,10313.9248046875
forecast_2161,2025-04-01 01:00:00,6873.876603216552,7330.9054814217,5116.3486328125
forecast_2162,2025-04-01 02:00:00,6923.10731254722,7612.22188563744,5190.33837890625
forecast_2163,2025-04-01 03:00:00,7286.683588832299,7888.945086562118,5182.28076171875
forecast_2164,2025-04-01 04:00:00,7353.778559835882,8051.9323247050215,5150.03076171875
forecast_2165,2025-04-01 05:00:00,6283.981570322566,7051.590253130447,4494.73876953125
forecast_2166,2025-04-01 06:00:00,6271.318226732162,6606.663729784883,3984.6865234375
forecast_2167,2025-04-01 07:00:00,4359.435888119398,4855.429116762036,3152.157470703125
forecast_2168,2025-04-01 08:00:00,2778.210684252489,3258.845753993438,2699.336669921875
forecast_2169,2025-04-01 09:00:00,1650.3405520194392,1703.8560247878127,1944.2412109375
forecast_2170,2025-04-01 10:00:00,1204.4098008158476,1327.6358261952973,2196.049072265625
forecast_2171,2025-04-01 11:00:00,1182.6389356962386,1020.0994181311305,1887.8511962890625
forecast_2172,2025-04-01 12:00:00,644.2332541560371,436.0755652675331,1306.4461669921875
forecast_2173,2025-04-01 13:00:00,655.0594806679735,451.0049304791721,1533.0172119140625
forecast_2174,2025-04-01 14:00:00,1346.3792667351117,1696.0733374282245,2734.353515625
forecast_2175,2025-04-01 15:00:00,1661.0020965456226,2033.1043228493381,2458.234375
forecast_2176,2025-04-01 16:00:00,1218.7459619975625,1607.6540649792994,2544.8896484375
forecast_2177,2025-04-01 17:00:00,1583.0914794171395,2067.7858864250447,2683.494384765625
forecast_2178,2025-04-01 18:00:00,1650.170038383097,2330.839450786307,2785.1953125
forecast_2179,2025-04-01 19:00:00,2320.3106797086157,2641.147740795199,2886.4033203125
forecast_2180,2025-04-01 20:00:00,2134.1745591535396,2395.4791453917346,2470.966064453125
forecast_2181,2025-04-01 21:00:00,2723.7205521630767,2899.537900948077,2656.631103515625
forecast_2182,2025-04-01 22:00:00,2799.018651042121,2998.512128488336,2713.203857421875
forecast_2183,2025-04-01 23:00:00,3551.489632173534,3690.6151728286486,3105.797119140625
forecast_2184,2025-04-02 00:00:00,3804.0152155554724,3987.971205129488,3201.676025390625
forecast_2185,2025-04-02 01:00:00,2089.175568520176,2417.038327276838,2294.138427734375
forecast_2186,2025-04-02 02:00:00,2036.9124356979933,2419.7159685938504,2311.524169921875
forecast_2187,2025-04-02 03:00:00,1735.029315331793,2322.293448620354,2259.523193359375
forecast_2188,2025-04-02 04:00:00,1693.917611013082,2211.629095376255,1999.134765625
forecast_2189,2025-04-02 05:00:00,1328.4202889549274,1862.7436104222647,1823.3046875
forecast_2190,2025-04-02 06:00:00,1050.82543006421,1717.405797186429,1727.0469970703125
forecast_2191,2025-04-02 07:00:00,1366.6813882151207,1758.9382566720767,1786.67431640625
forecast_2192,2025-04-02 08:00:00,1543.1160802085994,2445.443623802724,2686.218505859375
forecast_2193,2025-04-02 09:00:00,968.7161278955233,1054.2478777651286,1901.1348876953125
forecast_2194,2025-04-02 10:00:00,1261.7714354207292,1357.7139463003425,1829.8634033203125
forecast_2195,2025-04-02 11:00:00,1227.415219895665,1737.1220840989474,1978.1846923828125
forecast_2196,2025-04-02 12:00:00,1305.3579845709107,1496.5150451516383,2033.6754150390625
forecast_2197,2025-04-02 13:00:00,1234.3417531217908,1596.6191043003557,2105.559326171875
forecast_2198,2025-04-02 14:00:00,1609.5594709610568,1959.8507968028878,2285.0771484375
forecast_2199,2025-04-02 15:00:00,2047.1782602654641,2509.9877736684307,2645.277099609375
forecast_2200,2025-04-02 16:00:00,2494.853790581236,2961.9929458035526,3172.23828125
forecast_2201,2025-04-02 17:00:00,2077.96777529533,2504.254368042797,2756.82421875
forecast_2202,2025-04-02 18:00:00,2273.1762557155344,3052.8919294603415,3069.5390625
forecast_2203,2025-04-02 19:00:00,1572.9868617824463,2530.912148008718,3872.156982421875
forecast_2204,2025-04-02 20:00:00,1455.297333498031,1958.2312801620042,2614.753662109375
forecast_2205,2025-04-02 21:00:00,1546.7223375590067,2060.1470665183033,2391.732177734375
forecast_2206,2025-04-02 22:00:00,1810.6232316021442,2154.607830911249,2139.115966796875
forecast_2207,2025-04-02 23:00:00,1823.0674661055655,2266.0455658446076,2527.93359375
forecast_2208,2025-04-03 00:00:00,1627.1329214040845,2158.768675048639,2632.62939453125
forecast_2209,2025-04-03 01:00:00,1508.9674432753204,2131.169699441781,2647.768310546875
forecast_2210,2025-04-03 02:00:00,1665.8848944211654,2252.9217837465367,2393.779541015625
forecast_2211,2025-04-03 03:00:00,1883.6113721945374,2412.794456124994,2661.963623046875
forecast_2212,2025-04-03 04:00:00,1835.5941665949576,2289.3310739669782,2713.409912109375
forecast_2213,2025-04-03 05:00:00,2298.7255180478833,2617.5744715274554,2889.8330078125
forecast_2214,2025-04-03 06:00:00,2169.3238355796375,2513.344240323774,2770.349853515625
forecast_2215,2025-04-03 07:00:00,1900.0469473025405,2355.690382835933,2564.654052734375
forecast_2216,2025-04-03 08:00:00,1697.33494153026,2023.2261711802505,2152.096923828125
forecast_2217,2025-04-03 09:00:00,1343.7771083690682,1603.8654029577103,1897.7430419921875
forecast_2218,2025-04-03 10:00:00,1667.5248021169023,1869.3456563357097,1840.2467041015625
forecast_2219,2025-04-03 11:00:00,1180.0551491577767,1351.1158075660219,1713.9761962890625
forecast_2220,2025-04-03 12:00:00,1089.2088061465608,1150.261811512539,1538.8082275390625
forecast_2221,2025-04-03 13:00:00,1046.1134057794827,1197.9679041498161,1527.5274658203125
forecast_2222,2025-04-03 14:00:00,1083.5315253901042,1186.4601301317314,1569.8193359375
forecast_2223,2025-04-03 15:00:00,1129.8646727690766,1270.8285953330235,1711.1126708984375
forecast_2224,2025-04-03 16:00:00,1128.102332409157,1498.5750453659325,2032.5830078125
forecast_2225,2025-04-03 17:00:00,1183.8326135697248,1554.505615376794,2133.197021484375
forecast_2226,2025-04-03 18:00:00,1154.6938805128802,1526.3620612894003,2307.747314453125
forecast_2227,2025-04-03 19:00:00,1433.531644625467,1909.0307283538182,2704.979736328125
forecast_2228,2025-04-03 20:00:00,1751.2296917732644,2247.6508398888454,2587.203857421875
forecast_2229,2025-04-03 21:00:00,2035.4483430007365,2426.054340792939,2724.368896484375
forecast_2230,2025-04-03 22:00:00,2624.797764341745,2974.3646413723536,2900.147216796875
forecast_2231,2025-04-03 23:00:00,2799.993461819977,3305.5357775709617,2860.15234375
forecast_2232,2025-04-04 00:00:00,4644.751128793374,5143.8802225140935,3672.855224609375
forecast_2233,2025-04-04 01:00:00,5275.682107727571,5813.693990045836,4036.2548828125
forecast_2234,2025-04-04 02:00:00,5895.6531273669525,6647.833157114403,4329.3125
forecast_2235,2025-04-04 03:00:00,6651.130783311104,7256.461650458326,4419.390625
forecast_2236,2025-04-04 04:00:00,7491.084775077484,7883.0814917107145,4471.14892578125
forecast_2237,2025-04-04 05:00:00,9642.611580638084,9468.094992340808,5022.74072265625
forecast_2238,2025-04-04 06:00:00,9252.944144565467,9149.769485229888,4987.45947265625
forecast_2239,2025-04-04 07:00:00,7189.636984442626,7288.484079273756,4277.24169921875
forecast_2240,2025-04-04 08:00:00,5224.706738231167,5261.876999348662,3669.842041015625
forecast_2241,2025-04-04 09:00:00,3669.164378922286,3419.1042663117632,2732.404541015625
forecast_2242,2025-04-04 10:00:00,2620.2932288699067,2136.9574155638647,2092.2314453125
forecast_2243,2025-04-04 11:00:00,1599.8590864493508,1414.6308081136885,2045.79296875
forecast_2244,2025-04-04 12:00:00,1465.8635983970064,1235.9017936798414,2147.9765625
forecast_2245,2025-04-04 13:00:00,1347.7792422817085,1205.5965175156002,2330.030029296875
forecast_2246,2025-04-04 14:00:00,1702.3840390456596,2292.5624153595454,3447.668212890625
forecast_2247,2025-04-04 15:00:00,3746.6913704028357,6273.688065709868,8669.35546875
forecast_2248,2025-04-04 16:00:00,1967.3530343316147,2205.217064038252,3615.431396484375
forecast_2249,2025-04-04 17:00:00,2337.9430464330812,2114.832676567591,3137.46484375
forecast_2250,2025-04-04 18:00:00,2894.1075656078497,2600.7329439972937,2577.84375
forecast_2251,2025-04-04 19:00:00,2776.2947320770622,2534.554877579768,2133.635009765625
forecast_2252,2025-04-04 20:00:00,3162.099326964461,3651.278620540189,2919.660888671875
forecast_2253,2025-04-04 21:00:00,3535.018254302925,4114.92633974023,3537.751220703125
forecast_2254,2025-04-04 22:00:00,3313.732557555308,4194.899219242814,3396.1474609375
forecast_2255,2025-04-04 23:00:00,4731.820332662526,5512.553736639811,3763.499267578125
forecast_2256,2025-04-05 00:00:00,6326.02015792646,7140.649407199879,4664.94482421875
forecast_2257,2025-04-05 01:00:00,8961.584530614069,9642.854029552174,5294.63330078125
forecast_2258,2025-04-05 02:00:00,11155.39861272398,12136.233988714723,7512.44482421875
forecast_2259,2025-04-05 03:00:00,10674.86172931857,11452.733122083242,7727.14990234375
forecast_2260,2025-04-05 04:00:00,10653.846856748827,11626.597640042824,7706.06103515625
forecast_2261,2025-04-05 05:00:00,12069.595682543253,13274.410515858708,9420.5341796875
forecast_2262,2025-04-05 06:00:00,11980.75859804673,13367.374788505498,9594.8662109375
forecast_2263,2025-04-05 07:00:00,9427.714403305843,11176.34299988973,7646.984375
forecast_2264,2025-04-05 08:00:00,6545.701970719443,8400.27720275146,5945.67724609375
forecast_2265,2025-04-05 09:00:00,7933.688818306176,10126.08157865221,7166.09130859375
forecast_2266,2025-04-05 10:00:00,5435.166696841923,6936.851587226956,4960.46240234375
forecast_2267,2025-04-05 11:00:00,9357.463104906848,11236.314771351346,7796.80615234375
forecast_2268,2025-04-05 12:00:00,10208.410511944043,11832.344042071862,9091.015625
forecast_2269,2025-04-05 13:00:00,12726.633127262163,14360.56343521956,11693.984375
forecast_2270,2025-04-05 14:00:00,13055.487105481336,14644.789704638626,12646.7666015625
forecast_2271,2025-04-05 15:00:00,14946.17986906466,16570.37222102791,14890.22265625
forecast_2272,2025-04-05 16:00:00,16326.65353274862,17435.079855920776,16235.3408203125
forecast_2273,2025-04-05 17:00:00,15902.62270746397,16930.06250361679,15707.7421875
forecast_2274,2025-04-05 18:00:00,15808.431436602466,15529.08652563362,13835.5498046875
forecast_2275,2025-04-05 19:00:00,15545.245938870628,16032.509183753984,14493.5498046875
forecast_2276,2025-04-05 20:00:00,16003.801067962679,16371.435543151612,14989.3876953125
forecast_2277,2025-04-05 21:00:00,15137.122304320494,15002.086714008165,13880.84375
forecast_2278,2025-04-05 22:00:00,13746.959243871468,13653.432924448618,12258.4814453125
forecast_2279,2025-04-05 23:00:00,14946.29173706028,15916.330751738591,13932.7578125
forecast_2280,2025-04-06 00:00:00,16558.13862832157,17008.86539697516,15567.1201171875
forecast_2281,2025-04-06 01:00:00,15961.609523466748,15992.726844133913,14223.6552734375
forecast_2282,2025-04-06 02:00:00,15339.736575612129,15880.352063157861,13819.1298828125
forecast_2283,2025-04-06 03:00:00,15279.237599207223,15799.270197809607,14404.1220703125
forecast_2284,2025-04-06 04:00:00,15281.773329328184,15698.22186035018,14392.25
forecast_2285,2025-04-06 05:00:00,15667.869134986211,15951.557112145663,14561.1591796875
forecast_2286,2025-04-06 06:00:00,16174.105039490376,16649.795932689154,14975.9814453125
forecast_2287,2025-04-06 07:00:00,16134.998068226443,16446.681050882937,14664.5888671875
forecast_2288,2025-04-06 08:00:00,16293.798447116465,16844.62260366073,15149.578125
forecast_2289,2025-04-06 09:00:00,16105.933632936167,16754.27736969823,14745.9970703125
forecast_2290,2025-04-06 10:00:00,14108.310292146725,14143.751356285735,11963.42578125
forecast_2291,2025-04-06 11:00:00,13287.216799677699,13232.752550362296,11723.9423828125
forecast_2292,2025-04-06 12:00:00,12051.046656208282,12226.365773257432,10653.8095703125
forecast_2293,2025-04-06 13:00:00,13392.322500843784,13511.592113846398,11585.4140625
forecast_2294,2025-04-06 14:00:00,14130.500811118327,14553.635043402028,12556.03125
forecast_2295,2025-04-06 15:00:00,14704.182296617797,15406.062721353679,13200.9970703125
forecast_2296,2025-04-06 16:00:00,13628.706209223894,14381.439877217437,12807.4541015625
forecast_2297,2025-04-06 17:00:00,13086.878041757102,13774.435207691227,12275.4560546875
forecast_2298,2025-04-06 18:00:00,13070.750403243816,12886.6671177787,11005.0703125
forecast_2299,2025-04-06 19:00:00,14183.47214043405,13796.576611164353,12661.8173828125
forecast_2300,2025-04-06 20:00:00,14140.663037061006,14022.29713616144,13271.7275390625
forecast_2301,2025-04-06 21:00:00,14255.583075427578,14100.062630945504,13620.1376953125
forecast_2302,2025-04-06 22:00:00,15708.144074825472,15670.627068456299,14083.078125
forecast_2303,2025-04-06 23:00:00,16040.959908007148,15918.597465289582,14686.6279296875
forecast_2304,2025-04-07 00:00:00,15944.532456921383,15819.548696061935,14138.18359375
forecast_2305,2025-04-07 01:00:00,17686.895320872405,17487.6903969592,16304.7861328125
forecast_2306,2025-04-07 02:00:00,17424.734612225162,17298.70970968732,16187.5517578125
forecast_2307,2025-04-07 03:00:00,16489.818221797323,16451.726775390704,14920.1845703125
forecast_2308,2025-04-07 04:00:00,15108.434328710926,15369.130722976886,13536.4150390625
forecast_2309,2025-04-07 05:00:00,14279.711136160755,15246.897831620689,13150.0830078125
forecast_2310,2025-04-07 06:00:00,15397.771622511582,16545.143836066614,15225.9013671875
forecast_2311,2025-04-07 07:00:00,15283.963044367672,16393.316364837756,15216.1611328125
forecast_2312,2025-04-07 08:00:00,14085.570475110579,15055.907477984729,13450.45703125
forecast_2313,2025-04-07 09:00:00,12798.339425706652,13792.484370788323,11137.7451171875
forecast_2314,2025-04-07 10:00:00,12226.996631905295,13181.152674691824,10746.3740234375
forecast_2315,2025-04-07 11:00:00,11156.263600814193,11690.585186569508,9457.3046875
forecast_2316,2025-04-07 12:00:00,11074.66334306563,11256.6168248366,8637.6259765625
forecast_2317,2025-04-07 13:00:00,10786.404771744437,10713.0100526426,8554.0322265625
forecast_2318,2025-04-07 14:00:00,12304.781177273908,12815.987978003031,10804.0654296875
forecast_2319,2025-04-07 15:00:00,14443.455579820577,14697.148244616395,13138.078125
forecast_2320,2025-04-07 16:00:00,15495.512097684385,15761.536958760547,14649.2138671875
forecast_2321,2025-04-07 17:00:00,17158.605479310143,17881.088716875915,16977.208984375
forecast_2322,2025-04-07 18:00:00,16288.956350559916,17058.348154114636,15805.3359375
forecast_2323,2025-04-07 19:00:00,17355.046147740588,18017.370532346147,17071.189453125
forecast_2324,2025-04-07 20:00:00,17812.37776833321,18094.55196347209,17341.33203125
forecast_2325,2025-04-07 21:00:00,18775.684357730395,19357.816967785908,18420.955078125
forecast_2326,2025-04-07 22:00:00,19395.095762218796,19655.74296823691,18914.833984375
forecast_2327,2025-04-07 23:00:00,19663.174734848715,19937.023628397634,19362.298828125
forecast_2328,2025-04-08 00:00:00,19507.608356765493,19933.896146855885,19606.658203125
forecast_2329,2025-04-08 01:00:00,19530.49311166841,19908.49388874193,19310.263671875
forecast_2330,2025-04-08 02:00:00,19522.06984261707,19682.729457142243,19330.767578125
forecast_2331,2025-04-08 03:00:00,19570.72012778251,19636.196062609364,19270.974609375
forecast_2332,2025-04-08 04:00:00,19369.880921045595,19643.23400824256,19171.787109375
forecast_2333,2025-04-08 05:00:00,18880.911414851867,19130.735920778672,17579.564453125
forecast_2334,2025-04-08 06:00:00,18732.676639588215,18707.31709361627,17616.119140625
forecast_2335,2025-04-08 07:00:00,18194.00223747675,18400.682319610285,17441.111328125
forecast_2336,2025-04-08 08:00:00,17932.6142180408,18124.790308314085,17052.9765625
forecast_2337,2025-04-08 09:00:00,16471.661109446904,16736.341377459892,15171.4921875
forecast_2338,2025-04-08 10:00:00,15052.497730708666,15083.967250714257,12713.3671875
forecast_2339,2025-04-08 11:00:00,14285.167222856542,14468.55182195662,12134.2265625
forecast_2340,2025-04-08 12:00:00,14612.171469808096,14937.679342377587,13034.8525390625
forecast_2341,2025-04-08 13:00:00,14674.331327535518,14883.945352332723,12642.8251953125
forecast_2342,2025-04-08 14:00:00,13715.76595772989,13765.518643960302,11112.1513671875
forecast_2343,2025-04-08 15:00:00,12093.49259030994,11287.911187680942,8594.0712890625
forecast_2344,2025-04-08 16:00:00,7076.417059393763,6827.766053245946,5521.03125
forecast_2345,2025-04-08 17:00:00,4454.201348694428,3557.202728064394,3662.0673828125
forecast_2346,2025-04-08 18:00:00,2526.90723286105,2387.47070362694,2642.304931640625
forecast_2347,2025-04-08 19:00:00,1529.3660905712804,1558.5215838339604,1835.76953125
forecast_2348,2025-04-08 20:00:00,1357.7474550472966,1434.5600561214565,1921.6724853515625
forecast_2349,2025-04-08 21:00:00,1316.657170555978,1571.0258019668483,2096.43310546875
forecast_2350,2025-04-08 22:00:00,923.3921502024757,1422.4518134055627,1752.0294189453125
forecast_2351,2025-04-08 23:00:00,940.522119874568,1567.0442137212117,1773.4029541015625
forecast_2352,2025-04-09 00:00:00,1441.8061154230354,2060.2575727245467,2032.0296630859375
forecast_2353,2025-04-09 01:00:00,1959.077155879979,2595.960531825149,2130.881591796875
forecast_2354,2025-04-09 02:00:00,1531.6269922540791,2499.083411844615,2115.029541015625
forecast_2355,2025-04-09 03:00:00,1538.2295398451768,2252.301190613493,2199.782958984375
forecast_2356,2025-04-09 04:00:00,1718.3943317488042,2326.135190702396,2262.1484375
forecast_2357,2025-04-09 05:00:00,2204.336240166085,2887.468259606433,2191.968505859375
forecast_2358,2025-04-09 06:00:00,3215.416370299013,3939.263313909375,2614.844482421875
forecast_2359,2025-04-09 07:00:00,3526.4650757015133,4462.271184094411,2908.903564453125
forecast_2360,2025-04-09 08:00:00,3235.8731738257047,4092.490306217772,3260.997802734375
forecast_2361,2025-04-09 09:00:00,2548.5453082015565,3536.135017523984,2865.842529296875
forecast_2362,2025-04-09 10:00:00,3641.349797711629,4011.247138997335,3138.703857421875
forecast_2363,2025-04-09 11:00:00,3538.667082716257,3864.4947470326015,3445.149169921875
forecast_2364,2025-04-09 12:00:00,3893.420405352622,4176.380048162503,3474.480224609375
forecast_2365,2025-04-09 13:00:00,4497.065472619417,4624.169335472126,3871.028564453125
forecast_2366,2025-04-09 14:00:00,5254.597566289069,5304.992454211784,3997.9208984375
forecast_2367,2025-04-09 15:00:00,7450.407901168629,7546.525968799844,4738.36181640625
forecast_2368,2025-04-09 16:00:00,9264.562669774285,9941.723390979025,7142.30908203125
forecast_2369,2025-04-09 17:00:00,10439.437802963004,11329.957157771249,9262.8759765625
forecast_2370,2025-04-09 18:00:00,9912.448608627004,10084.0886563235,7404.078125
forecast_2371,2025-04-09 19:00:00,7417.87203212226,7064.286378473094,4748.70068359375
forecast_2372,2025-04-09 20:00:00,5123.696583438015,5661.12061257803,4278.77099609375
forecast_2373,2025-04-09 21:00:00,5104.258737208544,6987.171541177626,5615.1328125
forecast_2374,2025-04-09 22:00:00,8510.050150137384,10749.248408352478,7226.51953125
forecast_2375,2025-04-09 23:00:00,10031.956330204765,11910.235805362623,8118.5859375
forecast_2376,2025-04-10 00:00:00,12781.41563648437,14023.179115206605,11365.3017578125
forecast_2377,2025-04-10 01:00:00,9359.303236640138,10815.852983678842,7431.61279296875
forecast_2378,2025-04-10 02:00:00,10492.521438812495,12250.078330741737,8901.4072265625
forecast_2379,2025-04-10 03:00:00,9824.87949882351,10927.205944642472,7492.47021484375
forecast_2380,2025-04-10 04:00:00,9102.853072872815,10279.588753685566,7775.19775390625
forecast_2381,2025-04-10 05:00:00,8963.621945401788,10152.175963912248,7407.9765625
forecast_2382,2025-04-10 06:00:00,6981.497057500156,7993.988288283306,5214.89306640625
forecast_2383,2025-04-10 07:00:00,5420.941513054067,5529.869730057411,3509.802734375
forecast_2384,2025-04-10 08:00:00,4819.17259410795,5212.245321263399,3293.631591796875
forecast_2385,2025-04-10 09:00:00,4601.347484417295,5352.3457124853685,3654.245361328125
forecast_2386,2025-04-10 10:00:00,4787.839777583124,5005.3139540254615,3973.893798828125
forecast_2387,2025-04-10 11:00:00,4207.7201671815565,3796.3534979373035,2850.130126953125
forecast_2388,2025-04-10 12:00:00,4408.176761887445,3577.9262910582984,2995.329833984375
forecast_2389,2025-04-10 13:00:00,3162.4573645478445,2649.8767190857116,2688.828125
forecast_2390,2025-04-10 14:00:00,2571.929660794548,2161.3758685604203,2589.863525390625
forecast_2391,2025-04-10 15:00:00,3245.7560685193653,2868.574081547439,2840.943115234375
forecast_2392,2025-04-10 16:00:00,3513.473162989263,3396.496206380066,3464.086669921875
forecast_2393,2025-04-10 17:00:00,2578.514369569066,3504.722007636543,3612.832275390625
forecast_2394,2025-04-10 18:00:00,3045.907731390584,3581.2779850936054,4341.794921875
forecast_2395,2025-04-10 19:00:00,2963.3144397354954,3145.6146353872477,3211.708984375
forecast_2396,2025-04-10 20:00:00,2455.267134836202,2900.832115092012,2772.611328125
forecast_2397,2025-04-10 21:00:00,2604.175478600986,3540.576024419196,3165.9951171875
forecast_2398,2025-04-10 22:00:00,4037.8841655785673,4615.185560652673,3826.272216796875
forecast_2399,2025-04-10 23:00:00,4152.924043860093,4924.790046269096,4276.82861328125
forecast_2400,2025-04-11 00:00:00,3942.2295062693806,4750.590051647718,4015.039306640625
forecast_2401,2025-04-11 01:00:00,3008.4994114414803,3638.290519576785,3204.6357421875
forecast_2402,2025-04-11 02:00:00,3199.1063838575255,4075.1018368896466,3292.830322265625
forecast_2403,2025-04-11 03:00:00,3328.5666657821926,4077.7047712541507,3177.863037109375
forecast_2404,2025-04-11 04:00:00,3246.8388267700157,3857.7505643170107,2937.313720703125
forecast_2405,2025-04-11 05:00:00,2974.97845892383,3593.953308260379,2670.927001953125
forecast_2406,2025-04-11 06:00:00,2577.3122640987576,3144.0513747620053,2560.835205078125
forecast_2407,2025-04-11 07:00:00,2012.4974869244863,2584.8686161256337,2339.190185546875
forecast_2408,2025-04-11 08:00:00,1621.3825724799076,2101.382632055225,2227.8115234375
forecast_2409,2025-04-11 09:00:00,885.9510999083273,1137.95344695084,1886.0318603515625
forecast_2410,2025-04-11 10:00:00,828.4474401072068,1130.5757184034499,1617.5086669921875
forecast_2411,2025-04-11 11:00:00,696.3560874078757,1048.7014606372104,1448.3494873046875
forecast_2412,2025-04-11 12:00:00,960.2953122508094,1192.600289110884,1470.0467529296875
forecast_2413,2025-04-11 13:00:00,777.0956315543032,1244.8596252980456,1566.65234375
forecast_2414,2025-04-11 14:00:00,1046.979983639493,1622.2764005290328,1873.9810791015625
forecast_2415,2025-04-11 15:00:00,1289.2096327926831,1885.2576834364336,2151.445068359375
forecast_2416,2025-04-11 16:00:00,1433.1266522371325,2191.4805653932144,2339.572021484375
forecast_2417,2025-04-11 17:00:00,1379.8943437667995,2104.1464863919855,2618.793212890625
forecast_2418,2025-04-11 18:00:00,1900.1002700165632,2572.028404443364,2471.194091796875
forecast_2419,2025-04-11 19:00:00,3697.1413783183148,4312.861938093146,3009.130615234375
forecast_2420,2025-04-11 20:00:00,4865.821248334731,5779.968126766371,4097.38623046875
forecast_2421,2025-04-11 21:00:00,5567.726269795412,6080.074345732024,4007.964599609375
forecast_2422,2025-04-11 22:00:00,5856.580848605329,6509.812822489519,4533.64990234375
forecast_2423,2025-04-11 23:00:00,5872.878584427318,6953.071248067559,4740.65380859375
forecast_2424,2025-04-12 00:00:00,5881.405580939075,6861.9289252402905,4956.2841796875
forecast_2425,2025-04-12 01:00:00,4566.683712939268,5132.871163377431,3370.915283203125
forecast_2426,2025-04-12 02:00:00,5005.145587897534,5986.007854452752,3755.5654296875
forecast_2427,2025-04-12 03:00:00,5360.133802566006,6777.497473926458,4468.0146484375
forecast_2428,2025-04-12 04:00:00,5618.5283466263,6996.452913510229,4972.015625
forecast_2429,2025-04-12 05:00:00,6509.08816209773,7403.451697612256,4907.47265625
forecast_2430,2025-04-12 06:00:00,6499.594005992652,7096.061899742106,4033.980712890625
forecast_2431,2025-04-12 07:00:00,7542.220638389805,9006.869261329859,6756.99267578125
forecast_2432,2025-04-12 08:00:00,6866.869054866725,7841.81148486245,5792.03369140625
forecast_2433,2025-04-12 09:00:00,9977.721970686567,11951.644242414686,8218.005859375
forecast_2434,2025-04-12 10:00:00,11140.39571049091,13170.86944948505,10654.63671875
forecast_2435,2025-04-12 11:00:00,10787.929079318303,12120.787946286902,10207.17578125
forecast_2436,2025-04-12 12:00:00,11992.790527167148,13349.706200933999,11447.4130859375
forecast_2437,2025-04-12 13:00:00,13912.049474271515,15740.715827742457,14836.5888671875
forecast_2438,2025-04-12 14:00:00,15137.721271882396,16553.008242231725,16326.7841796875
forecast_2439,2025-04-12 15:00:00,12032.684419519002,13351.78411078214,12045.9248046875
forecast_2440,2025-04-12 16:00:00,12046.705105591214,13676.839074318486,11208.6806640625
forecast_2441,2025-04-12 17:00:00,10661.83288376558,11380.903659311934,8469.341796875
forecast_2442,2025-04-12 18:00:00,13780.754805014165,15465.10704476967,13291.69921875
forecast_2443,2025-04-12 19:00:00,13045.348717112756,13682.792440715839,11538.6220703125
forecast_2444,2025-04-12 20:00:00,15583.25597669046,16672.736260794056,15274.28125
forecast_2445,2025-04-12 21:00:00,16262.47421592684,17077.914032975586,16027.1513671875
forecast_2446,2025-04-12 22:00:00,16195.414859137703,16759.590417074323,15829.875
forecast_2447,2025-04-12 23:00:00,16482.313065258255,16972.99298026025,15376.12890625
forecast_2448,2025-04-13 00:00:00,16827.046159361897,17324.697396056028,16282.89453125
forecast_2449,2025-04-13 01:00:00,16506.11803822331,17122.511434947584,16721.546875
forecast_2450,2025-04-13 02:00:00,10716.242661403268,10615.595649095176,7200.82568359375
forecast_2451,2025-04-13 03:00:00,16422.991178946082,16651.021061299314,13724.2001953125
forecast_2452,2025-04-13 04:00:00,18053.926943098646,18425.29875137904,17730.8125
forecast_2453,2025-04-13 05:00:00,17846.354637154,18099.517421707344,17703.890625
forecast_2454,2025-04-13 06:00:00,18249.75691314937,18615.0100399167,18256.65234375
forecast_2455,2025-04-13 07:00:00,18876.021763103767,19079.72540079903,17939.677734375
forecast_2456,2025-04-13 08:00:00,19027.13689525865,19128.472089607923,18178.25390625
forecast_2457,2025-04-13 09:00:00,19151.752706910498,19106.38705659087,17558.638671875
forecast_2458,2025-04-13 10:00:00,18855.47133952497,19410.74322769388,17773.328125
forecast_2459,2025-04-13 11:00:00,18571.878699044944,19651.29324960574,17768.841796875
forecast_2460,2025-04-13 12:00:00,17838.674542071873,19045.763805141927,17441.087890625
forecast_2461,2025-04-13 13:00:00,18072.8947991494,19293.340073723004,17530.490234375
forecast_2462,2025-04-13 14:00:00,18090.233474980672,19200.37464178765,17171.9921875
forecast_2463,2025-04-13 15:00:00,18116.706445645512,19167.06454636458,16907.646484375
forecast_2464,2025-04-13 16:00:00,17736.19430063502,18685.247351730875,16477.751953125
forecast_2465,2025-04-13 17:00:00,18019.82670041339,18928.626004855996,17493.271484375
forecast_2466,2025-04-13 18:00:00,18714.420341937825,19213.572610757627,18422.513671875
forecast_2467,2025-04-13 19:00:00,18433.054776142668,19117.414853909562,18178.822265625
forecast_2468,2025-04-13 20:00:00,19030.282097706757,18865.151234243167,18271.611328125
forecast_2469,2025-04-13 21:00:00,18861.408049533668,18964.994694060122,18330.21875
forecast_2470,2025-04-13 22:00:00,18847.133758762524,19173.69992788806,18206.189453125
forecast_2471,2025-04-13 23:00:00,18187.997777897886,18684.186490547927,18013.94140625
forecast_2472,2025-04-14 00:00:00,18437.65269151992,18974.86976032802,18503.912109375
forecast_2473,2025-04-14 01:00:00,16494.913889368,17859.965079801346,15782.5986328125
forecast_2474,2025-04-14 02:00:00,15019.858917785674,16172.533082833554,13921.7021484375
forecast_2475,2025-04-14 03:00:00,12916.650414514745,14050.363166083784,11828.0859375
forecast_2476,2025-04-14 04:00:00,12488.616387316037,13941.101792678775,11138.6826171875
forecast_2477,2025-04-14 05:00:00,11468.412202534619,12707.64751008135,10282.4423828125
forecast_2478,2025-04-14 06:00:00,9816.213225388397,11395.60279844627,7565.24365234375
forecast_2479,2025-04-14 07:00:00,7382.689206552165,8563.910911685578,5783.28857421875
forecast_2480,2025-04-14 08:00:00,5652.969463744572,6969.730523264459,5386.87841796875
forecast_2481,2025-04-14 09:00:00,3618.514393471865,4393.347623681248,3766.249755859375
forecast_2482,2025-04-14 10:00:00,2810.9229923139096,3987.4155005127004,4041.419677734375
forecast_2483,2025-04-14 11:00:00,2390.509166517895,3374.4679826046504,2974.1064453125
forecast_2484,2025-04-14 12:00:00,4324.952955715249,5190.840933242499,6016.47216796875
forecast_2485,2025-04-14 13:00:00,4148.786728636527,4300.33099808134,3793.595947265625
forecast_2486,2025-04-14 14:00:00,2645.3924254004387,3077.338158656485,3370.453125
forecast_2487,2025-04-14 15:00:00,1533.0248310624343,1828.597836972684,2253.884765625
forecast_2488,2025-04-14 16:00:00,1243.415065835042,1349.5373821910937,1745.63671875
forecast_2489,2025-04-14 17:00:00,1743.1075646782583,1630.4290534599872,2096.694091796875
forecast_2490,2025-04-14 18:00:00,2034.0272118092716,2069.6646261129877,2586.271484375
forecast_2491,2025-04-14 19:00:00,3421.498384853261,3739.577042818986,4127.787109375
forecast_2492,2025-04-14 20:00:00,2781.385497414668,2631.9818235988796,3307.787353515625
forecast_2493,2025-04-14 21:00:00,3389.2553071332377,3317.6045506563896,3620.01953125
forecast_2494,2025-04-14 22:00:00,4193.540333293318,4474.508632998996,4513.6015625
forecast_2495,2025-04-14 23:00:00,4484.152435862054,4427.124887768374,4557.98388671875
forecast_2496,2025-04-15 00:00:00,5653.690799154356,5491.647513943388,4728.23486328125
forecast_2497,2025-04-15 01:00:00,8456.02462112793,7911.841124787026,5914.1875
forecast_2498,2025-04-15 02:00:00,7812.570456712477,7279.912603580076,5967.0703125
forecast_2499,2025-04-15 03:00:00,7054.996067968649,6553.126253795725,4185.31201171875
forecast_2500,2025-04-15 04:00:00,7400.8232359559815,6700.091782236674,4266.0478515625
forecast_2501,2025-04-15 05:00:00,5944.06698656138,5718.829592763332,3438.006591796875
forecast_2502,2025-04-15 06:00:00,4962.536914821123,4761.817615863175,3213.755859375
forecast_2503,2025-04-15 07:00:00,6386.803205481726,5833.849903065979,3423.898193359375
forecast_2504,2025-04-15 08:00:00,5529.571893356806,5435.147014495478,3753.443603515625
forecast_2505,2025-04-15 09:00:00,6819.930018386538,6715.732783876983,4488.31005859375
forecast_2506,2025-04-15 10:00:00,8130.666955511177,7655.640174560152,5227.45166015625
forecast_2507,2025-04-15 11:00:00,9564.908019779465,8797.000171614758,7339.40771484375
forecast_2508,2025-04-15 12:00:00,9671.65145378323,8630.011711271618,7042.88720703125
forecast_2509,2025-04-15 13:00:00,9759.023072047466,8541.29363319643,7436.484375
forecast_2510,2025-04-15 14:00:00,9895.57051464372,9113.125038646413,7232.78857421875
forecast_2511,2025-04-15 15:00:00,10638.085722997002,10224.863770607564,8370.0185546875
forecast_2512,2025-04-15 16:00:00,10847.93634630621,10758.126303281155,9339.2861328125
forecast_2513,2025-04-15 17:00:00,11398.222603386685,11187.561926299177,9798.8583984375
forecast_2514,2025-04-15 18:00:00,12027.00246677029,11752.896674148458,10507.4326171875
forecast_2515,2025-04-15 19:00:00,14509.531688796276,14222.283052730625,12388.48828125
forecast_2516,2025-04-15 20:00:00,15946.800664071336,16223.174905684675,15240.82421875
forecast_2517,2025-04-15 21:00:00,16891.732028496474,17306.18033996645,16986.412109375
forecast_2518,2025-04-15 22:00:00,17839.436276063865,18256.311888188025,18061.482421875
forecast_2519,2025-04-15 23:00:00,18495.427096517342,18679.66383645335,18315.24609375
forecast_2520,2025-04-16 00:00:00,18595.24880473373,18721.373943924176,18400.255859375
forecast_2521,2025-04-16 01:00:00,19912.563484793507,19621.394348613605,19077.49609375
forecast_2522,2025-04-16 02:00:00,19550.481942954113,19263.608151205684,18752.357421875
forecast_2523,2025-04-16 03:00:00,19574.010676826336,19358.32080749919,18604.166015625
forecast_2524,2025-04-16 04:00:00,17776.002252579245,18052.08283217314,16478.06640625
forecast_2525,2025-04-16 05:00:00,19143.474025771524,19215.6391101301,18827.3046875
forecast_2526,2025-04-16 06:00:00,19783.824522575214,19742.705654184356,19280.41796875
forecast_2527,2025-04-16 07:00:00,18264.53688048139,18457.03887285533,17744.375
forecast_2528,2025-04-16 08:00:00,14528.821326869367,15627.760353253005,14741.0576171875
forecast_2529,2025-04-16 09:00:00,12970.688928573329,14319.789522239207,13456.9189453125
forecast_2530,2025-04-16 10:00:00,10235.551316863493,11664.511464962161,9832.59375
forecast_2531,2025-04-16 11:00:00,11001.615003064315,11969.278318843808,10531.1552734375
forecast_2532,2025-04-16 12:00:00,12937.182931195694,13293.554116159643,11267.078125
forecast_2533,2025-04-16 13:00:00,13871.900183044152,14622.81293429709,13150.35546875
forecast_2534,2025-04-16 14:00:00,14624.560561831198,15548.745109597763,13835.0185546875
forecast_2535,2025-04-16 15:00:00,16270.485718276828,16827.89522177157,15291.8505859375
forecast_2536,2025-04-16 16:00:00,17094.06382717353,17537.385861071383,16605.701171875
forecast_2537,2025-04-16 17:00:00,17771.967197957554,17980.600239166582,16994.953125
forecast_2538,2025-04-16 18:00:00,18342.100654999915,18562.45019194649,17820.958984375
forecast_2539,2025-04-16 19:00:00,19043.755559206147,19139.724583197956,18407.935546875
forecast_2540,2025-04-16 20:00:00,19149.224245233792,19347.4009947606,18715.845703125
forecast_2541,2025-04-16 21:00:00,19082.860705960855,19308.93955945533,18590.591796875
forecast_2542,2025-04-16 22:00:00,18021.835116645256,18367.7961482119,18117.833984375
forecast_2543,2025-04-16 23:00:00,18335.01963070536,18556.86079097152,18156.1171875
forecast_2544,2025-04-17 00:00:00,18442.738025468432,18933.76808877426,18543.423828125
forecast_2545,2025-04-17 01:00:00,18559.49488677363,19095.3541298345,19143.892578125
forecast_2546,2025-04-17 02:00:00,18906.57303481088,19338.293700142145,19459.158203125
forecast_2547,2025-04-17 03:00:00,18824.27436534376,19107.162988192893,18864.814453125
forecast_2548,2025-04-17 04:00:00,17573.460832669807,18204.42573299381,17939.556640625
forecast_2549,2025-04-17 05:00:00,17646.859553535116,18203.18722735814,17576.400390625
forecast_2550,2025-04-17 06:00:00,18363.153383873574,18929.69977765149,18013.380859375
forecast_2551,2025-04-17 07:00:00,17472.070810310717,18595.9698986257,18383.400390625
forecast_2552,2025-04-17 08:00:00,16388.866397517748,17412.164212601216,15076.3310546875
forecast_2553,2025-04-17 09:00:00,14775.824107598533,16453.714697920066,15768.4140625
forecast_2554,2025-04-17 10:00:00,11615.546926665902,13616.804735944857,11744.8935546875
forecast_2555,2025-04-17 11:00:00,10897.1363278754,12886.800988544455,10287.8330078125
forecast_2556,2025-04-17 12:00:00,11822.624100917375,13811.883754013365,12215.7958984375
forecast_2557,2025-04-17 13:00:00,10873.297058474944,12885.749036848534,12158.8671875
forecast_2558,2025-04-17 14:00:00,11185.254831097938,12978.407319914299,11907.47265625
forecast_2559,2025-04-17 15:00:00,11510.960572127797,13077.632701709997,11593.3203125
forecast_2560,2025-04-17 16:00:00,12913.801515497784,14767.304886550439,12837.4453125
forecast_2561,2025-04-17 17:00:00,13958.981559079251,15789.877052034744,14637.6083984375
forecast_2562,2025-04-17 18:00:00,14072.819177800591,15492.940705792207,14947.7998046875
forecast_2563,2025-04-17 19:00:00,15686.550453183016,16719.08179973581,15959.6767578125
forecast_2564,2025-04-17 20:00:00,15476.7643030117,16496.794296347365,15964.9580078125
forecast_2565,2025-04-17 21:00:00,15187.163324069883,15736.36924737212,15805.109375
forecast_2566,2025-04-17 22:00:00,14970.808818949332,15908.168073329358,15013.7158203125
forecast_2567,2025-04-17 23:00:00,14874.346135201966,15480.566653875609,15193.9072265625
forecast_2568,2025-04-18 00:00:00,18555.54325737004,18766.92754690178,17742.50390625
forecast_2569,2025-04-18 01:00:00,17925.03157993142,18480.829309695415,18276.181640625
forecast_2570,2025-04-18 02:00:00,18463.03902047811,18712.347736204985,18027.353515625
forecast_2571,2025-04-18 03:00:00,18320.211594536486,18969.01192547049,18198.845703125
forecast_2572,2025-04-18 04:00:00,18721.486164462425,19175.709411533247,18689.224609375
forecast_2573,2025-04-18 05:00:00,18303.143524114155,18585.203739184966,18287.025390625
forecast_2574,2025-04-18 06:00:00,15976.941809111011,16770.67468000621,16328.7314453125
forecast_2575,2025-04-18 07:00:00,15284.03776946977,16089.987418241933,14690.3349609375
forecast_2576,2025-04-18 08:00:00,13283.11322669311,14023.499731165022,12961.1015625
forecast_2577,2025-04-18 09:00:00,11279.515915397982,11836.364674276589,10143.4912109375
forecast_2578,2025-04-18 10:00:00,12041.358463311963,13073.031932771451,10144.3818359375
forecast_2579,2025-04-18 11:00:00,12328.856178209711,12769.507220715,10134.2275390625
forecast_2580,2025-04-18 12:00:00,12117.068765263195,12393.88264669717,10388.3486328125
forecast_2581,2025-04-18 13:00:00,10900.001987482814,11319.68454278274,9363.4609375
forecast_2582,2025-04-18 14:00:00,9904.927147451064,10129.884503745216,7693.11572265625
forecast_2583,2025-04-18 15:00:00,9010.00237774727,8778.616461912105,6725.640625
forecast_2584,2025-04-18 16:00:00,8612.600695093635,8621.80042911126,6000.25
forecast_2585,2025-04-18 17:00:00,8284.640971561406,8434.99621544181,6972.69091796875
forecast_2586,2025-04-18 18:00:00,9080.850463828745,8991.312029243692,7075.22509765625
forecast_2587,2025-04-18 19:00:00,9869.138472533656,10168.541836549959,7832.99365234375
forecast_2588,2025-04-18 20:00:00,11537.167211024416,11932.449211050476,9047.341796875
forecast_2589,2025-04-18 21:00:00,12718.196297873192,13393.40522294548,10772.6982421875
forecast_2590,2025-04-18 22:00:00,12673.848740453734,12705.462771811552,9654.3935546875
forecast_2591,2025-04-18 23:00:00,10104.152938873514,12083.681163611793,9969.494140625
forecast_2592,2025-04-19 00:00:00,11882.44441711254,13594.597082504939,11338.3681640625
forecast_2593,2025-04-19 01:00:00,12276.967391715907,13661.944858278446,10751.2412109375
forecast_2594,2025-04-19 02:00:00,13776.16706562988,15267.58614184436,12272.0068359375
forecast_2595,2025-04-19 03:00:00,15816.91320890634,17320.874285308695,15922.4267578125
forecast_2596,2025-04-19 04:00:00,16128.486365128309,17039.459466183976,15851.8349609375
forecast_2597,2025-04-19 05:00:00,16245.381446933443,17030.766016085654,15828.1201171875
forecast_2598,2025-04-19 06:00:00,14371.235461434339,15719.251373744573,14840.9169921875
forecast_2599,2025-04-19 07:00:00,12761.975902323675,14522.858248323279,13061.83984375
forecast_2600,2025-04-19 08:00:00,12535.950855812005,14335.884486648269,12897.828125
forecast_2601,2025-04-19 09:00:00,12146.20073861098,14016.021318088897,13027.2109375
forecast_2602,2025-04-19 10:00:00,13130.291437493153,14449.411882348628,13417.0830078125
forecast_2603,2025-04-19 11:00:00,13891.135005928805,14986.007859876972,13852.8642578125
forecast_2604,2025-04-19 12:00:00,15987.908566066231,17043.263552654484,15786.5439453125
forecast_2605,2025-04-19 13:00:00,16909.43461175659,17789.05655320252,16329.1748046875
forecast_2606,2025-04-19 14:00:00,17222.531167786572,18279.768117585725,17136.185546875
forecast_2607,2025-04-19 15:00:00,16959.303482331663,18225.965305130765,17365.56640625
forecast_2608,2025-04-19 16:00:00,17470.668987835685,18110.675046590703,17226.384765625
forecast_2609,2025-04-19 17:00:00,18416.781382296307,18867.412311193875,18067.83203125
forecast_2610,2025-04-19 18:00:00,18201.543426754157,18937.20054140455,18229.283203125
forecast_2611,2025-04-19 19:00:00,17614.543844765663,18559.147518822323,17338.19140625
forecast_2612,2025-04-19 20:00:00,17911.48585753858,18620.19253738823,17255.892578125
forecast_2613,2025-04-19 21:00:00,17687.78378306715,18068.10590193044,17583.763671875
forecast_2614,2025-04-19 22:00:00,16663.708869318983,16958.766664803337,16416.267578125
forecast_2615,2025-04-19 23:00:00,12725.034133036228,12878.047205850875,8921.4912109375
forecast_2616,2025-04-20 00:00:00,12601.78772438881,12784.951047276456,9514.228515625
forecast_2617,2025-04-20 01:00:00,11892.866058493879,12710.922304836498,10968.1669921875
forecast_2618,2025-04-20 02:00:00,10229.03398276375,10647.609647943507,8733.9755859375
forecast_2619,2025-04-20 03:00:00,6010.688731966481,6876.821965618226,5072.88525390625
forecast_2620,2025-04-20 04:00:00,4150.777982848628,4946.605729339068,4104.90478515625
forecast_2621,2025-04-20 05:00:00,3444.864068820399,4343.433857019068,3152.4736328125
forecast_2622,2025-04-20 06:00:00,2500.721282438717,3492.1314169989428,2680.015625
forecast_2623,2025-04-20 07:00:00,1722.2031244963364,2570.1834677064703,2144.5078125
forecast_2624,2025-04-20 08:00:00,1359.039992420553,2033.5560344936482,2041.4866943359375
forecast_2625,2025-04-20 09:00:00,1160.456695538213,1837.1015929556302,2049.4560546875
forecast_2626,2025-04-20 10:00:00,1208.2778476307612,1757.5814722779705,2131.849853515625
forecast_2627,2025-04-20 11:00:00,1121.720611840038,1788.9661983994606,2379.016845703125
forecast_2628,2025-04-20 12:00:00,1016.9160821365315,1588.4644861096479,2193.463134765625
forecast_2629,2025-04-20 13:00:00,921.8399540429465,1406.222533814175,1688.7288818359375
forecast_2630,2025-04-20 14:00:00,1112.6363114941,1422.3657204468136,1648.7042236328125
forecast_2631,2025-04-20 15:00:00,1436.373970896606,1684.854405392723,1865.4849853515625
forecast_2632,2025-04-20 16:00:00,1433.5510542623506,1766.646987178699,1934.9398193359375
forecast_2633,2025-04-20 17:00:00,1480.7332920791168,1890.0604950013549,2143.516357421875
forecast_2634,2025-04-20 18:00:00,1251.5740044845093,1752.5192511726732,2179.6142578125
forecast_2635,2025-04-20 19:00:00,1454.704548713816,1861.8781339195148,2318.798095703125
forecast_2636,2025-04-20 20:00:00,1088.088196930723,1527.722952671904,2110.705322265625
forecast_2637,2025-04-20 21:00:00,1206.4050256041446,1735.3906131318458,2178.958984375
forecast_2638,2025-04-20 22:00:00,1460.5556506014145,2224.9416583794177,2207.599609375
forecast_2639,2025-04-20 23:00:00,1570.9349596146326,2217.1855059963455,2270.125244140625
forecast_2640,2025-04-21 00:00:00,1657.0250082013076,2354.7438971177407,2211.23828125
forecast_2641,2025-04-21 01:00:00,1137.4643536003016,1656.919819182368,1846.0672607421875
forecast_2642,2025-04-21 02:00:00,1572.427560109591,2601.3468646263586,3063.734130859375
forecast_2643,2025-04-21 03:00:00,1178.030635025136,1985.8946155092633,1887.8076171875
forecast_2644,2025-04-21 04:00:00,1686.8058497956213,2333.102712102848,2429.11767578125
forecast_2645,2025-04-21 05:00:00,1777.260034523345,2440.659222224099,2052.091064453125
forecast_2646,2025-04-21 06:00:00,2369.4378473516817,2940.9364165902957,2531.521728515625
forecast_2647,2025-04-21 07:00:00,2422.692874918223,3106.7826549832407,2373.860595703125
forecast_2648,2025-04-21 08:00:00,2319.8770682663912,2893.0568377224313,2403.0224609375
forecast_2649,2025-04-21 09:00:00,2290.6808213004765,3176.755473355969,2689.1337890625
forecast_2650,2025-04-21 10:00:00,2031.023054249805,3004.709934184095,2620.0234375
forecast_2651,2025-04-21 11:00:00,2789.6086863920514,3788.5668551892486,3064.592041015625
forecast_2652,2025-04-21 12:00:00,2573.3456385315353,3528.6054372153812,3362.8046875
forecast_2653,2025-04-21 13:00:00,3252.563910736605,4179.820429372612,3650.589111328125
forecast_2654,2025-04-21 14:00:00,3184.7434030861377,4022.90329593616,3678.168212890625
forecast_2655,2025-04-21 15:00:00,2400.679364157786,3448.619972673685,3278.644287109375
forecast_2656,2025-04-21 16:00:00,2875.6658554173955,4094.746628908957,3509.287841796875
forecast_2657,2025-04-21 17:00:00,2611.060773409359,3501.758017287798,2918.9921875
forecast_2658,2025-04-21 18:00:00,4032.4041981889472,4661.42944297491,3196.832763671875
forecast_2659,2025-04-21 19:00:00,6485.841779847404,6903.218638109586,4284.02685546875
forecast_2660,2025-04-21 20:00:00,9354.43662501991,10614.80070295418,7509.17822265625
forecast_2661,2025-04-21 21:00:00,8435.86690956324,9858.149722632834,7155.9375
forecast_2662,2025-04-21 22:00:00,8828.839069376747,10294.641464595648,7079.46435546875
forecast_2663,2025-04-21 23:00:00,9335.678483549718,10756.792676429548,7465.06494140625
forecast_2664,2025-04-22 00:00:00,9658.382731850354,10844.430428382499,7668.84033203125
forecast_2665,2025-04-22 01:00:00,11295.921697270454,12862.740155921972,9902.0166015625
forecast_2666,2025-04-22 02:00:00,10515.572104118988,11578.696111199228,8475.4501953125
forecast_2667,2025-04-22 03:00:00,8927.657697189577,10229.974544076409,7754.70849609375
forecast_2668,2025-04-22 04:00:00,7775.19529705082,9201.041326511468,6153.57568359375
forecast_2669,2025-04-22 05:00:00,6441.354196370993,8195.881230646759,5100.26318359375
forecast_2670,2025-04-22 06:00:00,5701.63836911925,7303.231802876278,4616.322265625
forecast_2671,2025-04-22 07:00:00,4505.099783201567,6336.964802274526,4521.83837890625
forecast_2672,2025-04-22 08:00:00,5011.856489255354,5972.677528684255,3907.765380859375
forecast_2673,2025-04-22 09:00:00,7175.02963943543,9682.089881412494,7345.60009765625
forecast_2674,2025-04-22 10:00:00,9027.631953075688,11105.149452974285,8694.1123046875
forecast_2675,2025-04-22 11:00:00,10946.590602339405,12707.94587019641,11207.5048828125
forecast_2676,2025-04-22 12:00:00,13191.650005111771,14770.200022405586,12800.2744140625
forecast_2677,2025-04-22 13:00:00,13557.504256169488,15567.638240549384,13965.5732421875
forecast_2678,2025-04-22 14:00:00,11334.246705576163,12884.618802466008,11136.875
forecast_2679,2025-04-22 15:00:00,6577.332156871521,8158.209194331382,6605.78955078125
forecast_2680,2025-04-22 16:00:00,3932.2269411343027,5055.519678065202,3742.8154296875
forecast_2681,2025-04-22 17:00:00,2066.9315825824688,2553.1951009816653,2901.462646484375
forecast_2682,2025-04-22 18:00:00,1581.319579871005,1914.156599141076,2374.186767578125
forecast_2683,2025-04-22 19:00:00,2870.9932199902714,4044.888322944661,3994.750732421875
forecast_2684,2025-04-22 20:00:00,4519.227820983995,5963.955174659408,5295.126953125
forecast_2685,2025-04-22 21:00:00,4872.677468857035,5506.789658431639,4404.05908203125
forecast_2686,2025-04-22 22:00:00,4980.2052056823995,5427.030673204589,4749.18115234375
forecast_2687,2025-04-22 23:00:00,4797.481149607716,5727.320905244149,4910.07470703125
forecast_2688,2025-04-23 00:00:00,4528.723723545918,5212.68210948378,4401.98779296875
forecast_2689,2025-04-23 01:00:00,6870.006471233923,7623.3766857701285,6372.33935546875
forecast_2690,2025-04-23 02:00:00,5052.544079502363,5844.622739218673,4989.65673828125
forecast_2691,2025-04-23 03:00:00,5818.409014289762,6454.307579822837,4478.12255859375
forecast_2692,2025-04-23 04:00:00,6483.219102504728,6964.609850491484,4630.62548828125
forecast_2693,2025-04-23 05:00:00,5969.085202481099,6429.983743021008,4249.693359375
forecast_2694,2025-04-23 06:00:00,6159.41783062325,6820.464660375917,4242.42724609375
forecast_2695,2025-04-23 07:00:00,5505.508230396332,6072.918797827648,4036.081298828125
forecast_2696,2025-04-23 08:00:00,4892.565829458945,5421.642438760237,3524.0595703125
forecast_2697,2025-04-23 09:00:00,4046.005288225285,4471.73807915906,2934.735595703125
forecast_2698,2025-04-23 10:00:00,3185.3307095076366,3455.3337393704005,2458.666015625
forecast_2699,2025-04-23 11:00:00,1935.1399094669882,2099.949292496829,1942.8841552734375
forecast_2700,2025-04-23 12:00:00,1023.7447330959465,1251.496731510896,1603.7005615234375
forecast_2701,2025-04-23 13:00:00,856.9947921746069,1179.5637191577964,1522.1446533203125
forecast_2702,2025-04-23 14:00:00,1015.2874128696484,1572.0877093498614,1813.9918212890625
forecast_2703,2025-04-23 15:00:00,1040.3992620732597,1537.8790943665767,1927.0625
forecast_2704,2025-04-23 16:00:00,1385.763370548405,1845.4238129155642,2148.9013671875
forecast_2705,2025-04-23 17:00:00,3700.9683237376216,4870.515855873942,6093.08251953125
forecast_2706,2025-04-23 18:00:00,4093.1670476959007,4760.0769469808265,4773.9833984375
forecast_2707,2025-04-23 19:00:00,2798.6078781530787,3084.45247017195,2389.094970703125
forecast_2708,2025-04-23 20:00:00,5429.3055635159035,6048.369568542001,3978.779541015625
forecast_2709,2025-04-23 21:00:00,7049.654288484361,7453.068143342047,5090.94677734375
forecast_2710,2025-04-23 22:00:00,9770.841631508372,10050.509195077964,6680.58203125
forecast_2711,2025-04-23 23:00:00,13559.570214233165,13926.795252569591,9828.2900390625
forecast_2712,2025-04-24 00:00:00,16324.953354377298,17162.01976532519,15164.8466796875
forecast_2713,2025-04-24 01:00:00,17538.986488406845,17835.704233417127,17526.603515625
forecast_2714,2025-04-24 02:00:00,18482.92821383765,18715.473199523585,18594.861328125
forecast_2715,2025-04-24 03:00:00,19135.22483178012,19003.78399230099,18944.064453125
forecast_2716,2025-04-24 04:00:00,19902.274703559233,19423.707879898102,19004.56640625
forecast_2717,2025-04-24 05:00:00,18779.86562899715,18761.319868274684,18670.896484375
forecast_2718,2025-04-24 06:00:00,18742.520234814452,18677.73178710447,18097.9921875
forecast_2719,2025-04-24 07:00:00,17738.849806871352,17939.08309121844,17179.03125
forecast_2720,2025-04-24 08:00:00,15208.912538963865,15905.829931030192,14262.0888671875
forecast_2721,2025-04-24 09:00:00,11368.16383821176,12462.657709081428,10711.2802734375
forecast_2722,2025-04-24 10:00:00,10151.243396344733,11870.371766527322,9547.72265625
forecast_2723,2025-04-24 11:00:00,11997.526700326187,12989.061241761796,10976.5966796875
forecast_2724,2025-04-24 12:00:00,13111.966010290516,13595.274725401345,11653.0693359375
forecast_2725,2025-04-24 13:00:00,14623.676270797296,14797.579050240554,12608.7978515625
forecast_2726,2025-04-24 14:00:00,15486.57873792293,15939.842239748239,13722.9033203125
forecast_2727,2025-04-24 15:00:00,16207.715431513037,17010.0195654334,15423.9736328125
forecast_2728,2025-04-24 16:00:00,16511.958761600974,17301.41875590745,15934.7685546875
forecast_2729,2025-04-24 17:00:00,16349.244660762373,17174.48604950134,16113.6484375
forecast_2730,2025-04-24 18:00:00,17013.286973629485,17449.23136879561,16479.869140625
forecast_2731,2025-04-24 19:00:00,17627.719524744847,17858.558604276044,16906.466796875
forecast_2732,2025-04-24 20:00:00,18063.805834110943,18179.073274222555,17246.673828125
forecast_2733,2025-04-24 21:00:00,18262.191404895202,18178.837583066143,17012.587890625
forecast_2734,2025-04-24 22:00:00,17825.94017860932,17755.498736556918,16608.130859375
forecast_2735,2025-04-24 23:00:00,17242.744927062442,17263.9687871093,16355.7548828125
forecast_2736,2025-04-25 00:00:00,17191.09852300043,16940.159211506372,15614.3046875
forecast_2737,2025-04-25 01:00:00,16127.69173981704,16353.054124580649,15410.7734375
forecast_2738,2025-04-25 02:00:00,15680.327631160768,15534.947458204184,14388.6162109375
forecast_2739,2025-04-25 03:00:00,16102.33096892393,16155.37636298396,14403.98046875
forecast_2740,2025-04-25 04:00:00,15585.099607235044,15606.387341460086,13961.2607421875
forecast_2741,2025-04-25 05:00:00,15592.004159401293,15731.965376915414,13880.21875
forecast_2742,2025-04-25 06:00:00,15351.966140803022,15941.999520156387,14392.3203125
forecast_2743,2025-04-25 07:00:00,14303.669781507404,14816.330261822408,12973.6904296875
forecast_2744,2025-04-25 08:00:00,13846.685648163588,14102.213391495585,11496.7197265625
forecast_2745,2025-04-25 09:00:00,13233.381789131441,12926.585909915222,9997.046875
forecast_2746,2025-04-25 10:00:00,13559.438991455578,13616.179804616218,10739.3671875
forecast_2747,2025-04-25 11:00:00,13558.595802634358,13611.374957821681,10876.06640625
forecast_2748,2025-04-25 12:00:00,12822.21068149982,12774.099608735114,10324.4404296875
forecast_2749,2025-04-25 13:00:00,11924.391843582864,11627.231764016551,9158.1787109375
forecast_2750,2025-04-25 14:00:00,11424.866656951075,11171.826566368254,8924.47265625
forecast_2751,2025-04-25 15:00:00,11248.291731435438,11228.162300734159,9176.0615234375
forecast_2752,2025-04-25 16:00:00,11531.537646334522,11376.596725525276,9381.4287109375
forecast_2753,2025-04-25 17:00:00,11619.108658405567,11412.116092670753,9745.3603515625
forecast_2754,2025-04-25 18:00:00,11661.72457182952,11910.374905947025,10933.7626953125
forecast_2755,2025-04-25 19:00:00,12677.65964199193,12547.947743347246,11228.1123046875
forecast_2756,2025-04-25 20:00:00,13432.211103968228,13610.746827852818,12260.61328125
forecast_2757,2025-04-25 21:00:00,16162.161166639595,16615.504808213373,15517.7919921875
forecast_2758,2025-04-25 22:00:00,15926.08409098248,16119.585886722845,15470.0341796875
forecast_2759,2025-04-25 23:00:00,14551.817575203992,14307.856650443933,13830.8828125
forecast_2760,2025-04-26 00:00:00,13486.143870372754,13108.650641936503,12515.828125
forecast_2761,2025-04-26 01:00:00,11759.340508213189,12137.650877802007,8556.40234375
forecast_2762,2025-04-26 02:00:00,13400.947283567491,14060.652813895798,10698.416015625
forecast_2763,2025-04-26 03:00:00,16526.079478690153,17093.8811557319,13799.4921875
forecast_2764,2025-04-26 04:00:00,16678.022180734784,17270.326746980412,15951.24609375
forecast_2765,2025-04-26 05:00:00,17678.776410689745,17908.217153063037,16039.265625
forecast_2766,2025-04-26 06:00:00,17506.104439366063,17871.63758034105,16110.0625
forecast_2767,2025-04-26 07:00:00,16571.494373557754,16890.780210686633,14830.1357421875
forecast_2768,2025-04-26 08:00:00,16326.097249463553,16599.22558976802,14487.9951171875
forecast_2769,2025-04-26 09:00:00,13398.354061072016,14322.668810261495,11972.4716796875
forecast_2770,2025-04-26 10:00:00,12930.191465250988,13239.912970382997,10990.6162109375
forecast_2771,2025-04-26 11:00:00,13314.378048283266,13813.63676448377,11691.2939453125
forecast_2772,2025-04-26 12:00:00,13766.042738072025,14366.938241927914,12366.1640625
forecast_2773,2025-04-26 13:00:00,13558.625678421673,14124.906047797529,12127.859375
forecast_2774,2025-04-26 14:00:00,15106.030039002553,15485.155787067033,13513.5107421875
forecast_2775,2025-04-26 15:00:00,16038.5129404681,16334.612128598106,14300.5986328125
forecast_2776,2025-04-26 16:00:00,15797.064650824184,16492.38572777488,15523.4677734375
forecast_2777,2025-04-26 17:00:00,16576.626457228605,17058.52297007218,15826.26171875
forecast_2778,2025-04-26 18:00:00,17671.934255882763,18116.34893100516,17297.48046875
forecast_2779,2025-04-26 19:00:00,18600.11147118588,19034.309441097208,18617.162109375
forecast_2780,2025-04-26 20:00:00,19431.271993454706,19584.55990617044,19252.193359375
forecast_2781,2025-04-26 21:00:00,19861.530041821912,19836.198990240948,19539.99609375
forecast_2782,2025-04-26 22:00:00,20664.86643831524,20314.574051907482,19868.546875
forecast_2783,2025-04-26 23:00:00,20850.904070257522,20273.861976834953,19704.208984375
forecast_2784,2025-04-27 00:00:00,20615.271905808237,20356.907637245735,19919.828125
forecast_2785,2025-04-27 01:00:00,20992.445321871375,20398.766524512408,19784.078125
forecast_2786,2025-04-27 02:00:00,20712.460360944933,20336.206864277694,19857.560546875
forecast_2787,2025-04-27 03:00:00,20687.25891140569,20317.96342708415,19793.830078125
forecast_2788,2025-04-27 04:00:00,20654.835154819753,20241.93329333743,19665.5703125
forecast_2789,2025-04-27 05:00:00,20059.328734660474,19721.44486278526,19282.541015625
forecast_2790,2025-04-27 06:00:00,20019.287809813883,19640.50094672406,19124.845703125
forecast_2791,2025-04-27 07:00:00,19415.344034411228,19226.173561074243,18908.615234375
forecast_2792,2025-04-27 08:00:00,18271.567637572196,18551.57714068094,18194.361328125
forecast_2793,2025-04-27 09:00:00,16845.6804955987,17544.70506820169,16692.375
forecast_2794,2025-04-27 10:00:00,16439.20824685001,16753.326319092204,15464.8486328125
forecast_2795,2025-04-27 11:00:00,16487.16001292585,17143.188521223015,15946.0556640625
forecast_2796,2025-04-27 12:00:00,16507.22915041485,16935.361717583837,15479.515625
forecast_2797,2025-04-27 13:00:00,16812.53328464022,17228.703588783705,15996.6484375
forecast_2798,2025-04-27 14:00:00,16489.83022569071,16619.982314294088,15369.79296875
forecast_2799,2025-04-27 15:00:00,16190.636711288469,16536.644992074635,15132.1162109375
forecast_2800,2025-04-27 16:00:00,16440.47348304363,16778.9224509991,15323.8974609375
forecast_2801,2025-04-27 17:00:00,16491.79309115401,16829.7791349108,15701.0361328125
forecast_2802,2025-04-27 18:00:00,15765.36773738475,16488.00388922616,15702.7763671875
forecast_2803,2025-04-27 19:00:00,16094.728880269811,16571.625034651104,15653.7236328125
forecast_2804,2025-04-27 20:00:00,16582.232490958115,17187.630826513498,15971.1953125
forecast_2805,2025-04-27 21:00:00,15941.0874862972,16030.8285779808,15069.62890625
forecast_2806,2025-04-27 22:00:00,16652.937730984013,17336.100164866704,15193.98828125
forecast_2807,2025-04-27 23:00:00,17731.669618446747,18053.318093009824,17106.103515625
forecast_2808,2025-04-28 00:00:00,15548.738045598178,15854.625728884635,14947.65625
forecast_2809,2025-04-28 01:00:00,16812.946556504903,17332.09122142739,16052.49609375
forecast_2810,2025-04-28 02:00:00,17010.689213335987,17413.933909821528,16370.0205078125
forecast_2811,2025-04-28 03:00:00,17060.129946055844,17501.354759013047,16133.0439453125
forecast_2812,2025-04-28 04:00:00,15422.788420321309,16064.432988071025,14239.91015625
forecast_2813,2025-04-28 05:00:00,13900.383342672993,14812.689657974304,11957.5517578125
forecast_2814,2025-04-28 06:00:00,13818.260454727157,14632.775578214952,12331.6201171875
forecast_2815,2025-04-28 07:00:00,12262.143585957661,12720.490707742738,10320.9404296875
forecast_2816,2025-04-28 08:00:00,8530.130907278342,8800.308530706574,7014.10693359375
forecast_2817,2025-04-28 09:00:00,4422.872872069403,4094.7935563899273,3543.510498046875
forecast_2818,2025-04-28 10:00:00,5111.298087867718,4541.633393928554,3911.072998046875
forecast_2819,2025-04-28 11:00:00,9758.820920582839,8965.363470978631,7689.171875
forecast_2820,2025-04-28 12:00:00,11746.453812315793,11339.57835324105,10148.3720703125
forecast_2821,2025-04-28 13:00:00,12160.37899470764,12362.975857320842,10618.6953125
forecast_2822,2025-04-28 14:00:00,12595.19838746679,13323.156926979995,11457.4814453125
forecast_2823,2025-04-28 15:00:00,12809.584388398678,12789.662870031862,9991.3388671875
forecast_2824,2025-04-28 16:00:00,8965.251372630697,8509.924319327665,6408.65234375
forecast_2825,2025-04-28 17:00:00,5251.232710403935,5176.945013203567,4901.77587890625
forecast_2826,2025-04-28 18:00:00,4386.722926954782,3507.787085054406,3569.193603515625
forecast_2827,2025-04-28 19:00:00,3914.3651751403736,3814.2556751348484,2932.603759765625
forecast_2828,2025-04-28 20:00:00,5960.215163287833,5834.630166823919,4046.487060546875
forecast_2829,2025-04-28 21:00:00,6468.921916888548,6261.144663241057,4870.93603515625
forecast_2830,2025-04-28 22:00:00,7046.3244466811175,6849.164149486423,5706.48876953125
forecast_2831,2025-04-28 23:00:00,7081.665266858134,6485.529530834085,5439.90087890625
forecast_2832,2025-04-29 00:00:00,5621.128501664489,5257.959287252214,4167.10107421875
forecast_2833,2025-04-29 01:00:00,2909.0852483708777,3308.1415791715663,2699.853515625
forecast_2834,2025-04-29 02:00:00,2728.5251526407487,3031.6397862302238,2491.840576171875
forecast_2835,2025-04-29 03:00:00,2987.207489556161,3392.723640323363,2616.6083984375
forecast_2836,2025-04-29 04:00:00,2569.294739518941,3248.3857950034235,2466.45751953125
forecast_2837,2025-04-29 05:00:00,2820.4767896913154,3705.8085592175903,2671.219970703125
forecast_2838,2025-04-29 06:00:00,4462.044947555918,5411.132760661568,3418.078857421875
forecast_2839,2025-04-29 07:00:00,4832.344143198168,5548.766319552254,3813.393798828125
forecast_2840,2025-04-29 08:00:00,6113.206097615925,6808.804017602453,4698.09521484375
forecast_2841,2025-04-29 09:00:00,5962.415453687696,6022.2897037475195,4674.2841796875
forecast_2842,2025-04-29 10:00:00,7008.836314409833,6431.643039151575,4873.36669921875
forecast_2843,2025-04-29 11:00:00,7162.457372863989,6390.001696768355,5068.37744140625
forecast_2844,2025-04-29 12:00:00,8321.876025331032,7595.341148285181,5830.61572265625
forecast_2845,2025-04-29 13:00:00,8191.869516426192,7503.31759759454,5813.73779296875
forecast_2846,2025-04-29 14:00:00,8960.914860274817,8218.062828071537,6129.021484375
forecast_2847,2025-04-29 15:00:00,9458.325494161696,9241.364671248366,7359.24609375
forecast_2848,2025-04-29 16:00:00,9840.927824483639,9395.796066880413,7080.55712890625
forecast_2849,2025-04-29 17:00:00,8596.825660012579,8408.761598498817,6739.1953125
forecast_2850,2025-04-29 18:00:00,8409.690591695748,7864.344415792926,6389.32177734375
forecast_2851,2025-04-29 19:00:00,11517.921608455545,11989.535027409536,8936.4892578125
forecast_2852,2025-04-29 20:00:00,14820.120573080605,15590.708768231227,13342.62890625
forecast_2853,2025-04-29 21:00:00,17097.156035986794,17875.097910445642,16926.294921875
forecast_2854,2025-04-29 22:00:00,18677.060540005252,19266.709193287847,19002.427734375
forecast_2855,2025-04-29 23:00:00,19965.219405072738,19863.940868281217,19643.708984375
forecast_2856,2025-04-30 00:00:00,19451.163930229908,19554.52667056817,19519.486328125
forecast_2857,2025-04-30 01:00:00,18308.999097113458,18864.216645640357,18334.599609375
forecast_2858,2025-04-30 02:00:00,19681.650369920753,19845.155824051864,19662.56640625
forecast_2859,2025-04-30 03:00:00,20350.30825405762,20056.060124150466,19639.810546875
forecast_2860,2025-04-30 04:00:00,19829.397366331825,19775.354837800456,19715.517578125
forecast_2861,2025-04-30 05:00:00,20059.45812924249,19877.742935579765,19669.7265625
forecast_2862,2025-04-30 06:00:00,19648.09449892598,19512.028622889928,19338.439453125
forecast_2863,2025-04-30 07:00:00,18893.80312528858,18956.963817529206,18416.626953125
forecast_2864,2025-04-30 08:00:00,17671.34539856635,18309.639534093745,16516.541015625
forecast_2865,2025-04-30 09:00:00,16523.914904082892,17493.150828818907,15847.90234375
forecast_2866,2025-04-30 10:00:00,15661.901299822817,16548.579143533407,14900.9501953125
forecast_2867,2025-04-30 11:00:00,15380.703087721267,15899.77893735359,14029.2607421875
forecast_2868,2025-04-30 12:00:00,14792.809384636514,15415.991677132402,13788.5576171875
forecast_2869,2025-04-30 13:00:00,14120.528648993286,14849.746765186412,13530.8330078125
forecast_2870,2025-04-30 14:00:00,13018.574960754915,13988.307333276098,12843.5419921875
forecast_2871,2025-04-30 15:00:00,12403.7331609991,13263.49958016617,11310.9375
forecast_2872,2025-04-30 16:00:00,10752.938080125192,11829.03361551306,10131.42578125
forecast_2873,2025-04-30 17:00:00,8620.297520180782,9906.321138084088,8887.5947265625
forecast_2874,2025-04-30 18:00:00,8556.599732637807,9894.992557379357,7985.08740234375
forecast_2875,2025-04-30 19:00:00,8271.231032774005,9871.648561114353,8313.73828125
forecast_2876,2025-04-30 20:00:00,8423.074472474305,10747.14889986876,7743.48974609375
forecast_2877,2025-04-30 21:00:00,9475.217014437723,11565.929958212208,8900.0068359375
forecast_2878,2025-04-30 22:00:00,10546.809272420207,12435.266563334393,10241.6708984375
forecast_2879,2025-04-30 23:00:00,12297.381143220678,14532.85435933011,13416.4013671875
forecast_2880,2025-05-01 00:00:00,12593.995413568384,14238.92867551263,13461.4404296875
forecast_2881,2025-05-01 01:00:00,15980.635630115554,17231.182763655495,17128.28125
forecast_2882,2025-05-01 02:00:00,16840.538387149856,17997.761217525844,18389.826171875
forecast_2883,2025-05-01 03:00:00,16985.51623610785,18221.24445173321,18958.0703125
forecast_2884,2025-05-01 04:00:00,17869.366793214154,18718.87822930773,19323.521484375
forecast_2885,2025-05-01 05:00:00,18181.660505381657,18918.13651074047,19445.341796875
forecast_2886,2025-05-01 06:00:00,18506.7879565126,19094.324781046173,19467.525390625
forecast_2887,2025-05-01 07:00:00,19034.953809718227,19450.337644428102,19162.181640625
forecast_2888,2025-05-01 08:00:00,18340.923445679196,19078.078201901593,18756.0625
forecast_2889,2025-05-01 09:00:00,17718.078615647937,18659.707373795783,18863.173828125
forecast_2890,2025-05-01 10:00:00,17825.8207301917,18011.603752643125,17534.173828125
forecast_2891,2025-05-01 11:00:00,17715.519807894903,17928.520592737364,17396.978515625
forecast_2892,2025-05-01 12:00:00,17615.240529275427,18309.793872213126,17926.697265625
forecast_2893,2025-05-01 13:00:00,17628.844680987233,18457.65070426149,17952.033203125
forecast_2894,2025-05-01 14:00:00,17210.981409885222,18433.441402799745,17585.318359375
forecast_2895,2025-05-01 15:00:00,17083.655643797363,18114.5957958248,17338.80078125
forecast_2896,2025-05-01 16:00:00,17546.539544551626,18592.925944970368,18037.765625
forecast_2897,2025-05-01 17:00:00,15141.033326533872,15949.081271978543,12986.9599609375
forecast_2898,2025-05-01 18:00:00,12625.616428670306,14062.184327107418,11471.7529296875
forecast_2899,2025-05-01 19:00:00,14010.490454814768,15238.352882326139,11421.9912109375
forecast_2900,2025-05-01 20:00:00,14331.058972155304,15995.575146200037,13637.3125
forecast_2901,2025-05-01 21:00:00,9278.1802462312,10877.839051266878,8652.7236328125
forecast_2902,2025-05-01 22:00:00,13877.549641057149,14551.26042671367,12285.67578125
forecast_2903,2025-05-01 23:00:00,16230.457979063842,16741.949373548312,15934.1484375
forecast_2904,2025-05-02 00:00:00,17768.938473790597,17908.406718919305,17289.109375
forecast_2905,2025-05-02 01:00:00,17635.55033607693,17956.652131687726,17035.8984375
forecast_2906,2025-05-02 02:00:00,16852.837760486487,17397.343712621478,16000.11328125
forecast_2907,2025-05-02 03:00:00,17170.911196484667,17566.64176264673,17235.388671875
forecast_2908,2025-05-02 04:00:00,16562.337475821107,16768.2782038211,14997.6025390625
forecast_2909,2025-05-02 05:00:00,16263.6987914336,15665.410726291946,14547.9580078125
forecast_2910,2025-05-02 06:00:00,17485.734522808227,17546.461388447497,15761.67578125
forecast_2911,2025-05-02 07:00:00,16907.754230602884,17204.979628374753,15305.1376953125
forecast_2912,2025-05-02 08:00:00,15524.590502132305,15966.441754961743,14511.8349609375
forecast_2913,2025-05-02 09:00:00,15549.613098154772,15691.67413847729,13839.2490234375
forecast_2914,2025-05-02 10:00:00,13748.85587644114,13345.339595121084,11139.9658203125
forecast_2915,2025-05-02 11:00:00,12444.929319536415,12080.443335302381,9326.2099609375
forecast_2916,2025-05-02 12:00:00,11382.981842854046,11764.424985352343,9419.9423828125
forecast_2917,2025-05-02 13:00:00,10800.32691946402,10795.498533965474,8816.4052734375
forecast_2918,2025-05-02 14:00:00,11093.640370857476,10506.938273725635,8396.7705078125
forecast_2919,2025-05-02 15:00:00,9841.036290244178,9327.217303486828,7648.56640625
forecast_2920,2025-05-02 16:00:00,9026.300664091397,8145.1777379545,6429.40380859375
forecast_2921,2025-05-02 17:00:00,7517.5278431246215,6906.735571567544,5345.15966796875
forecast_2922,2025-05-02 18:00:00,8071.857196065824,7514.943306590589,6376.1796875
forecast_2923,2025-05-02 19:00:00,11289.446506896105,11399.926189861359,9711.1875
forecast_2924,2025-05-02 20:00:00,13118.574002037107,13625.52637567146,11689.2900390625
forecast_2925,2025-05-02 21:00:00,15193.857984115682,16127.625562162333,14727.0029296875
forecast_2926,2025-05-02 22:00:00,16198.133074374664,16484.608830499466,14973.4677734375
forecast_2927,2025-05-02 23:00:00,15049.172585887014,15884.730167087917,14168.03515625
forecast_2928,2025-05-03 00:00:00,14396.41274188645,15351.273706147462,14432.4736328125
forecast_2929,2025-05-03 01:00:00,14289.863048187548,15328.852745892957,12954.9169921875
forecast_2930,2025-05-03 02:00:00,15081.931133639058,15541.791824565185,12931.8623046875
forecast_2931,2025-05-03 03:00:00,13074.204931466838,13065.250451996948,10616.83203125
forecast_2932,2025-05-03 04:00:00,9806.97872585651,10317.376304151354,7260.22900390625
forecast_2933,2025-05-03 05:00:00,10392.0367025304,11905.052564244517,9160.7724609375
forecast_2934,2025-05-03 06:00:00,6186.391954900672,7045.986847440849,4493.68896484375
forecast_2935,2025-05-03 07:00:00,3634.7898943252067,4265.894894160066,3308.2744140625
forecast_2936,2025-05-03 08:00:00,3001.9716783470985,3694.645418422172,2663.494140625
forecast_2937,2025-05-03 09:00:00,5981.315314559323,6486.814511521348,4736.833984375
forecast_2938,2025-05-03 10:00:00,10017.194513506303,11051.403472746306,8978.4248046875
forecast_2939,2025-05-03 11:00:00,13166.06361963167,13974.271922341966,11377.1044921875
forecast_2940,2025-05-03 12:00:00,14824.601187592922,16101.804661690494,13715.2119140625
forecast_2941,2025-05-03 13:00:00,14949.636594578189,16221.030253236775,14675.7373046875
forecast_2942,2025-05-03 14:00:00,13671.512492590924,14497.91801438895,12912.359375
forecast_2943,2025-05-03 15:00:00,14185.321859704098,14462.470485368314,12456.1845703125
forecast_2944,2025-05-03 16:00:00,13760.444259866854,14323.290070251485,12783.2451171875
forecast_2945,2025-05-03 17:00:00,11901.498941085963,12127.693190850536,10679.001953125
forecast_2946,2025-05-03 18:00:00,11598.279360977918,11411.827931979591,9826.6552734375
forecast_2947,2025-05-03 19:00:00,13070.895470829202,13355.418489483065,12021.91796875
forecast_2948,2025-05-03 20:00:00,15497.640674912614,16061.643851880639,14932.5712890625
forecast_2949,2025-05-03 21:00:00,15986.770121717882,16534.1469706779,16230.1806640625
forecast_2950,2025-05-03 22:00:00,15886.353268271514,16239.014028186924,15627.2880859375
forecast_2951,2025-05-03 23:00:00,15818.687498084048,15975.365841283463,15017.2509765625
forecast_2952,2025-05-04 00:00:00,16669.762303671832,16806.08694408375,16035.3173828125
forecast_2953,2025-05-04 01:00:00,16840.03101110061,16764.752459292857,16029.3837890625
forecast_2954,2025-05-04 02:00:00,16604.997481430688,16572.51423168285,15877.7548828125
forecast_2955,2025-05-04 03:00:00,16240.175877060956,15910.066244692982,15121.8955078125
forecast_2956,2025-05-04 04:00:00,16570.99484269834,16743.03276393828,15302.8203125
forecast_2957,2025-05-04 05:00:00,17070.992217327224,17194.85386484339,15886.32421875
forecast_2958,2025-05-04 06:00:00,17139.659436796665,17301.159439568204,16257.0771484375
forecast_2959,2025-05-04 07:00:00,16623.08448835538,16822.833947839907,15785.94921875
forecast_2960,2025-05-04 08:00:00,16206.593736473795,16397.246338434063,15053.15625
forecast_2961,2025-05-04 09:00:00,15050.535289333002,14967.282757952424,12665.7685546875
forecast_2962,2025-05-04 10:00:00,14837.160272069837,14802.59189641451,12691.3544921875
forecast_2963,2025-05-04 11:00:00,14354.433999304361,14496.15163309596,12782.3642578125
forecast_2964,2025-05-04 12:00:00,14378.62904192205,15176.008512621447,13581.87109375
forecast_2965,2025-05-04 13:00:00,15224.547174089705,15965.833769401237,14444.015625
forecast_2966,2025-05-04 14:00:00,16141.385486432884,16632.68229164442,15297.12890625
forecast_2967,2025-05-04 15:00:00,16547.479119874857,16713.897961739072,15463.8681640625
forecast_2968,2025-05-04 16:00:00,15942.443925363306,16255.316923814278,15359.55859375
forecast_2969,2025-05-04 17:00:00,15396.408046119908,16046.959649298477,15470.17578125
forecast_2970,2025-05-04 18:00:00,15247.726702267988,16038.022641276148,15035.4267578125
forecast_2971,2025-05-04 19:00:00,15545.257126180488,16178.611232660327,15163.3505859375
forecast_2972,2025-05-04 20:00:00,15798.784663465733,16177.198607188624,15100.0859375
forecast_2973,2025-05-04 21:00:00,14504.044184026037,14521.520945175718,13018.0810546875
forecast_2974,2025-05-04 22:00:00,10554.002191676842,9684.431584118047,6834.27294921875
forecast_2975,2025-05-04 23:00:00,6804.019515697636,6837.152430445551,4474.552734375
forecast_2976,2025-05-05 00:00:00,4753.518762631151,4744.427850763806,3340.890869140625
forecast_2977,2025-05-05 01:00:00,5027.349303649544,5923.118973678651,4147.08837890625
forecast_2978,2025-05-05 02:00:00,4528.651175896059,5347.948719091159,3798.268798828125
forecast_2979,2025-05-05 03:00:00,4816.254724653456,5340.633356808154,3395.611083984375
forecast_2980,2025-05-05 04:00:00,5354.956499344178,5802.760509942749,4014.8759765625
forecast_2981,2025-05-05 05:00:00,4358.21626304085,4906.419557291929,3281.404296875
forecast_2982,2025-05-05 06:00:00,3133.9895958096286,3852.3100316646305,2866.906982421875
forecast_2983,2025-05-05 07:00:00,2471.7426813956463,3555.4751240939595,2795.365478515625
forecast_2984,2025-05-05 08:00:00,1520.8500784633825,2074.684207977431,2239.501708984375
forecast_2985,2025-05-05 09:00:00,1143.854755493394,1439.2480352597806,1971.25439453125
forecast_2986,2025-05-05 10:00:00,1235.7499335091281,1228.0404032495592,1987.6058349609375
forecast_2987,2025-05-05 11:00:00,1131.2565946750808,928.4476883702348,1884.677734375
forecast_2988,2025-05-05 12:00:00,1011.1944659212621,1107.0907233057562,1908.4915771484375
forecast_2989,2025-05-05 13:00:00,1731.2605164702502,2478.4524585826994,3253.782958984375
forecast_2990,2025-05-05 14:00:00,1255.891036224622,1530.5955803976258,1510.4610595703125
forecast_2991,2025-05-05 15:00:00,892.068912080711,1220.0855868773194,1513.0338134765625
forecast_2992,2025-05-05 16:00:00,987.484919038234,1355.9813048041026,1824.46875
forecast_2993,2025-05-05 17:00:00,1220.571713333172,1786.3214998557419,2498.521484375
forecast_2994,2025-05-05 18:00:00,1068.5372451012847,1504.6712808303323,2427.957275390625
forecast_2995,2025-05-05 19:00:00,5713.838115035729,7170.985396791382,4713.67626953125
forecast_2996,2025-05-05 20:00:00,4639.468322234832,5402.730126564846,3394.587890625
forecast_2997,2025-05-05 21:00:00,3984.699914391074,4626.07556615368,3152.843505859375
forecast_2998,2025-05-05 22:00:00,4413.573001805979,5074.730681493222,3327.898193359375
forecast_2999,2025-05-05 23:00:00,3131.7022734313678,3671.262384516152,2631.947509765625
forecast_3000,2025-05-06 00:00:00,4187.77347137011,5006.9257581322545,3060.862060546875
forecast_3001,2025-05-06 01:00:00,1336.180854753533,2051.8675333735355,2407.51953125
forecast_3002,2025-05-06 02:00:00,1845.7614977359076,3186.4195147381115,3030.058837890625
forecast_3003,2025-05-06 03:00:00,1965.141762949358,2633.6121981182455,2051.381103515625
forecast_3004,2025-05-06 04:00:00,2031.7160955528332,2175.0039563432374,2024.7164306640625
forecast_3005,2025-05-06 05:00:00,1540.1560812422476,2333.711974558113,2130.11865234375
forecast_3006,2025-05-06 06:00:00,2173.179307971839,3099.7682626838246,2850.2734375
forecast_3007,2025-05-06 07:00:00,1960.3151553374344,2559.301085637975,1979.37255859375
forecast_3008,2025-05-06 08:00:00,1687.4245420721986,2379.095119760542,1993.994140625
forecast_3009,2025-05-06 09:00:00,1790.04853547258,2280.0740094167527,1895.0736083984375
forecast_3010,2025-05-06 10:00:00,1567.057337575834,1884.912903747134,1776.97021484375
forecast_3011,2025-05-06 11:00:00,1293.095566245203,1553.118856619953,1574.306640625
forecast_3012,2025-05-06 12:00:00,1412.5714050275797,1758.6754080367293,1773.3936767578125
forecast_3013,2025-05-06 13:00:00,1579.2352720498786,2063.693911506808,1950.0009765625
forecast_3014,2025-05-06 14:00:00,1954.7880723575263,2236.3567536350547,2270.43115234375
forecast_3015,2025-05-06 15:00:00,2060.3233797095954,2233.0576707750593,2090.289306640625
forecast_3016,2025-05-06 16:00:00,1403.1618913432094,1768.7730483292203,2005.9339599609375
forecast_3017,2025-05-06 17:00:00,1579.9004369092922,1962.8396443367442,2176.6025390625
forecast_3018,2025-05-06 18:00:00,1389.135329514861,1993.9963587909174,2416.549072265625
forecast_3019,2025-05-06 19:00:00,1330.0024037738808,1560.7363153131523,2423.423095703125
forecast_3020,2025-05-06 20:00:00,1221.8576363434854,1417.4085860513237,2074.802490234375
forecast_3021,2025-05-06 21:00:00,1567.9702261885136,1917.109368574119,2073.352294921875
forecast_3022,2025-05-06 22:00:00,1852.367074046887,2029.5013942723012,2190.650390625
forecast_3023,2025-05-06 23:00:00,1980.1064866855593,2155.8241958069552,2330.1630859375
forecast_3024,2025-05-07 00:00:00,2687.396630735113,2927.680907747271,2511.062255859375
forecast_3025,2025-05-07 01:00:00,2641.072655614039,3277.7490877263454,2881.418212890625
forecast_3026,2025-05-07 02:00:00,2614.5864170900168,3234.041157104575,2768.625
forecast_3027,2025-05-07 03:00:00,2735.633704983634,3618.0896378089137,2970.343017578125
forecast_3028,2025-05-07 04:00:00,3303.9970199839468,4138.421314068398,2851.855712890625
forecast_3029,2025-05-07 05:00:00,4110.717025602108,4829.659905849089,2979.600341796875
forecast_3030,2025-05-07 06:00:00,3961.6634168242977,4844.758307682935,3100.20703125
forecast_3031,2025-05-07 07:00:00,3745.969710677808,4166.356657177474,2852.249267578125
forecast_3032,2025-05-07 08:00:00,2832.1900776278053,2991.454784793932,2653.3212890625
forecast_3033,2025-05-07 09:00:00,2207.020593632248,1984.8216525263,2285.788330078125
forecast_3034,2025-05-07 10:00:00,2533.289599616064,1972.0073357532574,1997.7913818359375
forecast_3035,2025-05-07 11:00:00,2711.7346637303617,2041.3208520399448,2054.4853515625
forecast_3036,2025-05-07 12:00:00,3147.053575441434,2486.7536779502475,2620.571533203125
forecast_3037,2025-05-07 13:00:00,2362.7956027306154,2243.745838708971,2466.900146484375
forecast_3038,2025-05-07 14:00:00,2256.893019853763,1845.7781438105878,2275.553466796875
forecast_3039,2025-05-07 15:00:00,1769.842732521457,1865.4200737111048,2598.568115234375
forecast_3040,2025-05-07 16:00:00,1428.5033819288205,1257.4289384892031,2243.6083984375
forecast_3041,2025-05-07 17:00:00,1543.015045275441,1190.7400884064753,1750.5377197265625
forecast_3042,2025-05-07 18:00:00,1373.6438839465952,1233.9380893768116,1919.4921875
forecast_3043,2025-05-07 19:00:00,2313.123493656303,2227.550501589317,1841.96337890625
forecast_3044,2025-05-07 20:00:00,2874.816799139222,3439.2999159764076,3008.268798828125
forecast_3045,2025-05-07 21:00:00,4353.879511485034,5049.3145234016065,4083.482421875
forecast_3046,2025-05-07 22:00:00,5414.7062535691075,6095.26274197382,4777.771484375
forecast_3047,2025-05-07 23:00:00,6489.177429476296,6948.70375994678,5108.45458984375
forecast_3048,2025-05-08 00:00:00,6074.116371833367,6435.689941690327,4668.3017578125
forecast_3049,2025-05-08 01:00:00,4545.872550950531,5046.961805462579,3250.814208984375
forecast_3050,2025-05-08 02:00:00,5677.048347465034,6226.540959735109,3717.222900390625
forecast_3051,2025-05-08 03:00:00,8119.842457974336,8730.832008725443,5088.23779296875
forecast_3052,2025-05-08 04:00:00,10629.585972423833,11283.919339133974,7608.85498046875
forecast_3053,2025-05-08 05:00:00,10685.130419891368,11324.715883251336,8320.1123046875
forecast_3054,2025-05-08 06:00:00,9256.828516998721,9561.65667399172,6025.755859375
forecast_3055,2025-05-08 07:00:00,5620.740887059284,6113.014426180929,3893.262451171875
forecast_3056,2025-05-08 08:00:00,4055.9426519472654,4109.454816736199,2995.251708984375
forecast_3057,2025-05-08 09:00:00,2428.097688444249,2854.8749139588604,2799.731201171875
forecast_3058,2025-05-08 10:00:00,1588.583170543703,2125.7189633280686,2609.468017578125
forecast_3059,2025-05-08 11:00:00,1523.3065834029408,1763.0651700340595,2105.4443359375
forecast_3060,2025-05-08 12:00:00,1226.3153258773891,1328.3592801880636,2007.4283447265625
forecast_3061,2025-05-08 13:00:00,1769.436716650819,2079.8281406056944,2977.655517578125
forecast_3062,2025-05-08 14:00:00,3758.7134517157842,3857.549176944062,3249.211181640625
forecast_3063,2025-05-08 15:00:00,3219.877471324163,3705.442715310363,3619.485107421875
forecast_3064,2025-05-08 16:00:00,3516.894469463382,4356.601338400803,3685.099609375
forecast_3065,2025-05-08 17:00:00,3897.9258357346416,4566.060491210414,4498.73486328125
forecast_3066,2025-05-08 18:00:00,5668.520666985363,6039.3456472002745,4583.38525390625
forecast_3067,2025-05-08 19:00:00,6676.062675749266,6736.22381139865,4256.404296875
forecast_3068,2025-05-08 20:00:00,5131.940132432294,5687.0087167918755,4126.49169921875
forecast_3069,2025-05-08 21:00:00,4554.187383769899,5565.662814442444,3928.909423828125
forecast_3070,2025-05-08 22:00:00,4767.393090401614,5336.141763505984,3488.71875
forecast_3071,2025-05-08 23:00:00,3788.9820469735378,4616.60704751433,3418.647705078125
forecast_3072,2025-05-09 00:00:00,4707.36890616551,5993.476846204747,3858.723388671875
forecast_3073,2025-05-09 01:00:00,9124.79863566314,10489.883970312892,6783.603515625
forecast_3074,2025-05-09 02:00:00,8420.259665641843,9703.388587624948,6133.34814453125
forecast_3075,2025-05-09 03:00:00,6456.546413952567,7897.005456167515,4996.94677734375
forecast_3076,2025-05-09 04:00:00,6915.416736667965,8674.237750530428,5195.9189453125
forecast_3077,2025-05-09 05:00:00,4995.790324043182,6000.226319389498,3971.065185546875
forecast_3078,2025-05-09 06:00:00,3921.710604580174,5086.445867118781,3047.9267578125
forecast_3079,2025-05-09 07:00:00,3426.096480650764,4661.580276737352,2921.552978515625
forecast_3080,2025-05-09 08:00:00,3063.3269269774955,3793.942456470215,2691.3505859375
forecast_3081,2025-05-09 09:00:00,2130.8116716552304,2880.746806810597,2530.191650390625
forecast_3082,2025-05-09 10:00:00,2556.8707817176837,3228.4177758963433,2718.839599609375
forecast_3083,2025-05-09 11:00:00,1920.5304902753335,2701.366715419892,2908.275390625
forecast_3084,2025-05-09 12:00:00,4241.545016389789,5135.092513103016,3737.297607421875
forecast_3085,2025-05-09 13:00:00,6537.558238552757,8176.21403969588,6211.68798828125
forecast_3086,2025-05-09 14:00:00,11934.935476299406,12819.647784685647,9779.47265625
forecast_3087,2025-05-09 15:00:00,12638.22959396034,13406.403466750253,10811.0537109375
forecast_3088,2025-05-09 16:00:00,13076.443929998339,13892.115306317672,11453.10546875
forecast_3089,2025-05-09 17:00:00,14277.47511596317,15247.19738484927,13342.48828125
forecast_3090,2025-05-09 18:00:00,12526.601348279799,12888.506260248072,11240.7802734375
forecast_3091,2025-05-09 19:00:00,8910.216060895287,9061.563156351103,7990.328125
forecast_3092,2025-05-09 20:00:00,5859.729669979083,5528.984154057198,4601.46630859375
forecast_3093,2025-05-09 21:00:00,2877.6818137351775,2946.1944239044788,3569.3291015625
forecast_3094,2025-05-09 22:00:00,1631.6505027403648,2252.843806544445,2714.496337890625
forecast_3095,2025-05-09 23:00:00,3824.0710083062613,5486.504157384364,4745.57958984375
forecast_3096,2025-05-10 00:00:00,8356.390109376494,10938.727648773667,9129.44140625
forecast_3097,2025-05-10 01:00:00,14278.11547597187,15684.23343293988,15953.1474609375
forecast_3098,2025-05-10 02:00:00,15312.937641080709,16282.671756077,16099.25390625
forecast_3099,2025-05-10 03:00:00,16409.591363551626,17570.987283864768,16839.498046875
forecast_3100,2025-05-10 04:00:00,16454.39790862841,17551.73491739738,17006.197265625
forecast_3101,2025-05-10 05:00:00,16336.89216248286,17036.596351202377,16867.515625
forecast_3102,2025-05-10 06:00:00,17688.88751594619,17766.471949056366,16893.765625
forecast_3103,2025-05-10 07:00:00,18522.487803662953,18145.304000949225,16589.181640625
forecast_3104,2025-05-10 08:00:00,19152.649982682466,18842.576979488436,17791.443359375
forecast_3105,2025-05-10 09:00:00,19179.28320190493,18857.93302418144,17981.791015625
forecast_3106,2025-05-10 10:00:00,19338.55899687765,18877.521685395375,18236.87109375
forecast_3107,2025-05-10 11:00:00,19235.806287863867,18785.48835313583,18253.181640625
forecast_3108,2025-05-10 12:00:00,19248.347450798086,18641.695583265777,18144.052734375
forecast_3109,2025-05-10 13:00:00,18706.47710634501,18301.458059831166,17840.044921875
forecast_3110,2025-05-10 14:00:00,18592.059011409525,18223.64466399159,17205.921875
forecast_3111,2025-05-10 15:00:00,18122.395261349506,18078.09334675952,17317.599609375
forecast_3112,2025-05-10 16:00:00,16858.282077123746,17483.855416074814,15939.2001953125
forecast_3113,2025-05-10 17:00:00,16342.748550082006,16683.89942366158,15464.484375
forecast_3114,2025-05-10 18:00:00,15153.06389508094,15933.457398615134,14855.0498046875
forecast_3115,2025-05-10 19:00:00,11983.161724907517,12438.695773227784,10159.15234375
forecast_3116,2025-05-10 20:00:00,12021.725177728307,11907.113096366505,10277.4306640625
forecast_3117,2025-05-10 21:00:00,10063.404976588296,9592.92850706476,7845.673828125
forecast_3118,2025-05-10 22:00:00,11206.604412614186,11346.139290435553,9011.5322265625
forecast_3119,2025-05-10 23:00:00,10830.377202795955,10838.280320171621,9279.1142578125
forecast_3120,2025-05-11 00:00:00,8672.579858058167,8959.736312767822,7180.26953125
forecast_3121,2025-05-11 01:00:00,9684.864858079265,9706.49170643475,7351.24755859375
forecast_3122,2025-05-11 02:00:00,9325.78880404788,9088.401772962936,6942.34228515625
forecast_3123,2025-05-11 03:00:00,8384.139451639592,8448.946817767805,6328.55078125
forecast_3124,2025-05-11 04:00:00,7845.660672251949,7922.177900822747,5777.47900390625
forecast_3125,2025-05-11 05:00:00,7996.286631172338,8345.077225237876,5376.7041015625
forecast_3126,2025-05-11 06:00:00,6388.702049724305,6794.564876628763,4864.14501953125
forecast_3127,2025-05-11 07:00:00,4847.870230043426,5293.496871251204,3737.74609375
forecast_3128,2025-05-11 08:00:00,3804.1186008712402,4041.6116077412894,3030.941650390625
forecast_3129,2025-05-11 09:00:00,2684.4395953813164,2873.825038316596,2527.442626953125
forecast_3130,2025-05-11 10:00:00,1696.8452539907587,1575.5904490277935,1861.9622802734375
forecast_3131,2025-05-11 11:00:00,1482.0828388348789,1188.9758084247758,1851.46484375
forecast_3132,2025-05-11 12:00:00,1068.0783817898057,1175.6466974972752,2073.170654296875
forecast_3133,2025-05-11 13:00:00,1346.4269257696335,1367.3290844441904,2129.177734375
forecast_3134,2025-05-11 14:00:00,2929.99563361078,2754.820723560793,3214.493896484375
forecast_3135,2025-05-11 15:00:00,3955.804213654574,3550.119694873004,3368.2265625
forecast_3136,2025-05-11 16:00:00,4276.8952284641755,3610.1749178017362,3023.984375
forecast_3137,2025-05-11 17:00:00,4529.985993032233,4307.822795941783,3920.826171875
forecast_3138,2025-05-11 18:00:00,4456.919771989728,4362.451631592798,4644.29345703125
forecast_3139,2025-05-11 19:00:00,5219.771654515454,5182.83919423521,4064.28125
forecast_3140,2025-05-11 20:00:00,6872.961789472445,6964.0483119592955,5241.39697265625
forecast_3141,2025-05-11 21:00:00,10555.774855900017,11588.1475875326,10000.2861328125
forecast_3142,2025-05-11 22:00:00,13055.800728225533,12677.339903554266,9905.3271484375
forecast_3143,2025-05-11 23:00:00,14275.373455873349,14089.83343997171,11203.7412109375
forecast_3144,2025-05-12 00:00:00,15420.771976760227,15814.681354211585,13594.1669921875
forecast_3145,2025-05-12 01:00:00,14320.637703776592,14921.255307478823,12084.9248046875
forecast_3146,2025-05-12 02:00:00,14942.632894847347,15320.805133294449,12684.8642578125
forecast_3147,2025-05-12 03:00:00,15631.402722895251,16375.591269127097,14431.7734375
forecast_3148,2025-05-12 04:00:00,17637.23429914633,17980.294679861334,16875.03515625
forecast_3149,2025-05-12 05:00:00,17782.542477727246,17842.385831230455,17169.419921875
forecast_3150,2025-05-12 06:00:00,16231.917648357836,16511.00547828838,15899.9619140625
forecast_3151,2025-05-12 07:00:00,14956.98273354193,15514.66777431572,14855.5224609375
forecast_3152,2025-05-12 08:00:00,13328.08034455647,14187.892651973923,12600.6064453125
forecast_3153,2025-05-12 09:00:00,11424.263561353346,12158.8503524228,10356.5986328125
forecast_3154,2025-05-12 10:00:00,9703.360017971674,9674.254151604708,7730.70751953125
forecast_3155,2025-05-12 11:00:00,8764.9369311439,8492.915458603811,7086.44287109375
forecast_3156,2025-05-12 12:00:00,8723.346226498881,8283.886354523911,6861.54296875
forecast_3157,2025-05-12 13:00:00,8415.15447209511,7819.403850974487,6304.76513671875
forecast_3158,2025-05-12 14:00:00,7331.731625478889,6583.3371530824825,5525.53369140625
forecast_3159,2025-05-12 15:00:00,7116.443680261592,6257.852919717079,4992.517578125
forecast_3160,2025-05-12 16:00:00,7327.0568157959815,6774.433665125074,5357.75
forecast_3161,2025-05-12 17:00:00,8031.281070793856,7539.337083136339,6243.11083984375
forecast_3162,2025-05-12 18:00:00,9242.751624423207,8605.928997054005,7416.36181640625
forecast_3163,2025-05-12 19:00:00,12504.347743307771,11649.458703621858,9124.375
forecast_3164,2025-05-12 20:00:00,13986.857080268232,13938.803901884436,11876.9453125
forecast_3165,2025-05-12 21:00:00,16315.203575190219,16273.315518053405,14610.6767578125
forecast_3166,2025-05-12 22:00:00,17304.384635493567,17485.816567502276,16603.923828125
forecast_3167,2025-05-12 23:00:00,18253.467416111525,18278.123176678288,17874.185546875
forecast_3168,2025-05-13 00:00:00,19446.811645606766,19273.007723409293,18726.3203125
forecast_3169,2025-05-13 01:00:00,20567.594060798685,19883.26149725997,19489.505859375
forecast_3170,2025-05-13 02:00:00,20523.87614922481,19993.92878004723,19713.169921875
forecast_3171,2025-05-13 03:00:00,20520.06163793854,19875.987500870113,19512.728515625
forecast_3172,2025-05-13 04:00:00,19503.053963432867,19274.822825853753,19259.5390625
forecast_3173,2025-05-13 05:00:00,19751.01047321582,19527.281776362506,19285.068359375
forecast_3174,2025-05-13 06:00:00,19283.831309625326,19199.6392246152,19133.65234375
forecast_3175,2025-05-13 07:00:00,18493.15384718494,18701.124132728753,18385.146484375
forecast_3176,2025-05-13 08:00:00,17070.746404188423,17509.67483683331,16757.0078125
forecast_3177,2025-05-13 09:00:00,16268.078638331031,17097.217945678683,16165.2919921875
forecast_3178,2025-05-13 10:00:00,16143.534257220954,16767.903609445522,15698.4345703125
forecast_3179,2025-05-13 11:00:00,15755.203554294781,15961.188908974033,14405.2880859375
forecast_3180,2025-05-13 12:00:00,15366.185516081552,15676.691377454987,14260.046875
forecast_3181,2025-05-13 13:00:00,14774.109543402326,15285.765643983385,13880.4267578125
forecast_3182,2025-05-13 14:00:00,14717.901141431119,15070.46888736904,13251.1396484375
forecast_3183,2025-05-13 15:00:00,14248.387920839265,14692.286591553695,13109.31640625
forecast_3184,2025-05-13 16:00:00,13778.717131713427,14309.492936239025,12846.9248046875
forecast_3185,2025-05-13 17:00:00,13314.087273719344,14212.514381269699,13527.0830078125
forecast_3186,2025-05-13 18:00:00,13677.127209974222,14112.376990528235,13152.5078125
forecast_3187,2025-05-13 19:00:00,15489.364056501416,15853.209822636334,14944.7841796875
forecast_3188,2025-05-13 20:00:00,17301.676230907844,17491.302993635494,17617.404296875
forecast_3189,2025-05-13 21:00:00,18364.91670442973,18067.16438951609,17557.712890625
forecast_3190,2025-05-13 22:00:00,18932.14982449482,18902.875110863108,18899.91015625
forecast_3191,2025-05-13 23:00:00,19257.433491870044,19073.91468822545,18963.9765625
forecast_3192,2025-05-14 00:00:00,19785.71761168228,19304.459255047084,18932.646484375
forecast_3193,2025-05-14 01:00:00,19679.225420904284,19433.98805396408,19189.328125
forecast_3194,2025-05-14 02:00:00,19941.90593641702,19373.44314469854,19030.08984375
forecast_3195,2025-05-14 03:00:00,19872.864754631784,19353.904727794627,18925.677734375
forecast_3196,2025-05-14 04:00:00,20087.30290602435,19437.33729867966,18800.3828125
forecast_3197,2025-05-14 05:00:00,20238.785507420827,19465.409671908303,18513.80078125
forecast_3198,2025-05-14 06:00:00,19372.474704740387,18800.01468570846,17664.384765625
forecast_3199,2025-05-14 07:00:00,16520.65256543527,16511.96536210235,14201.9326171875
forecast_3200,2025-05-14 08:00:00,12319.422842147107,13223.231857860388,11424.9912109375
forecast_3201,2025-05-14 09:00:00,9954.90491704607,10749.972080895943,8516.3642578125
forecast_3202,2025-05-14 10:00:00,7751.646489961232,8176.0472700467635,6193.13623046875
forecast_3203,2025-05-14 11:00:00,6096.928889899892,6074.196858865909,4764.78857421875
forecast_3204,2025-05-14 12:00:00,5107.613164440374,5011.732204255748,4118.0810546875
forecast_3205,2025-05-14 13:00:00,6887.317937708389,5948.0381371307085,4037.793701171875
forecast_3206,2025-05-14 14:00:00,7063.964995764175,6185.41793315839,4321.87109375
forecast_3207,2025-05-14 15:00:00,6284.364347144067,5788.809981402497,4302.6416015625
forecast_3208,2025-05-14 16:00:00,6154.621743898577,6114.162726137358,4850.84716796875
forecast_3209,2025-05-14 17:00:00,5783.600334386302,5813.005282377552,5031.20849609375
forecast_3210,2025-05-14 18:00:00,5985.031848096348,5901.223615400986,4192.9697265625
forecast_3211,2025-05-14 19:00:00,7384.527480349501,7733.775011550057,5180.59521484375
forecast_3212,2025-05-14 20:00:00,7148.152744737464,7931.991166864971,5740.24560546875
forecast_3213,2025-05-14 21:00:00,7302.005839516085,8808.392539718481,6456.89111328125
forecast_3214,2025-05-14 22:00:00,8569.185062378609,9701.202352409367,7006.765625
forecast_3215,2025-05-14 23:00:00,7998.730474766103,9158.009759291039,6327.1015625
forecast_3216,2025-05-15 00:00:00,8606.258509534902,9831.318377388516,6746.44189453125
forecast_3217,2025-05-15 01:00:00,13164.260291848977,14491.819278561732,11272.98828125
forecast_3218,2025-05-15 02:00:00,13831.320198993002,14761.616783958678,11938.953125
forecast_3219,2025-05-15 03:00:00,12328.459561759797,13624.973295658809,10957.6953125
forecast_3220,2025-05-15 04:00:00,14521.728965025855,16025.961538189045,14079.2705078125
forecast_3221,2025-05-15 05:00:00,15793.860209857748,17389.075267316835,16315.3828125
forecast_3222,2025-05-15 06:00:00,16117.901483230597,17911.875459578947,17031.681640625
forecast_3223,2025-05-15 07:00:00,17765.08785466275,18336.065913500115,17702.224609375
forecast_3224,2025-05-15 08:00:00,18037.85285574442,18622.566896876666,18066.36328125
forecast_3225,2025-05-15 09:00:00,17138.7090311196,17996.031817623618,17646.462890625
forecast_3226,2025-05-15 10:00:00,16547.058251097707,17443.463305450492,16732.408203125
forecast_3227,2025-05-15 11:00:00,14600.134577998457,15883.688968032551,15004.93359375
forecast_3228,2025-05-15 12:00:00,14582.444669107426,15731.704445984411,14391.0537109375
forecast_3229,2025-05-15 13:00:00,16640.981500387403,17384.977176720582,16450.072265625
forecast_3230,2025-05-15 14:00:00,17949.8258708038,18438.46744088067,17798.0234375
forecast_3231,2025-05-15 15:00:00,17857.060568637302,18540.304167945356,18058.705078125
forecast_3232,2025-05-15 16:00:00,17154.698521272585,17891.714058475096,17787.169921875
forecast_3233,2025-05-15 17:00:00,16635.801576324415,17445.652976949368,17311.408203125
forecast_3234,2025-05-15 18:00:00,17256.424715486486,17949.92823940815,17573.201171875
forecast_3235,2025-05-15 19:00:00,17751.441451192968,18153.642581221928,17647.568359375
forecast_3236,2025-05-15 20:00:00,17174.303046646528,17731.920672032065,17292.912109375
forecast_3237,2025-05-15 21:00:00,16867.721992094033,17370.864012848615,16794.53125
forecast_3238,2025-05-15 22:00:00,17802.498855572543,18257.66117125504,18150.916015625
forecast_3239,2025-05-15 23:00:00,16739.468759874373,17280.299634891504,16974.400390625
forecast_3240,2025-05-16 00:00:00,16247.785037645293,16707.32668644134,16053.4794921875
forecast_3241,2025-05-16 01:00:00,17286.619720395945,17784.038235741395,17532.671875
forecast_3242,2025-05-16 02:00:00,17823.02796503474,18182.147127035576,17547.623046875
forecast_3243,2025-05-16 03:00:00,17762.524945386715,18120.00471225285,17796.685546875
forecast_3244,2025-05-16 04:00:00,18148.890296920013,18341.911714752645,18050.4921875
forecast_3245,2025-05-16 05:00:00,17801.35579650278,18092.791426004653,17735.345703125
forecast_3246,2025-05-16 06:00:00,17316.40673792771,17691.46112089492,17156.59375
forecast_3247,2025-05-16 07:00:00,16090.704982376728,16851.18015283362,16187.6513671875
forecast_3248,2025-05-16 08:00:00,15132.689207984768,15983.354581936108,15069.3671875
forecast_3249,2025-05-16 09:00:00,13527.873760345752,14616.710239496817,13401.046875
forecast_3250,2025-05-16 10:00:00,13491.86108844833,14403.005685076063,12949.7626953125
forecast_3251,2025-05-16 11:00:00,11251.487361121268,11834.936359748193,10383.8212890625
forecast_3252,2025-05-16 12:00:00,11133.824535433969,11445.29918703534,9029.576171875
forecast_3253,2025-05-16 13:00:00,9043.129218572023,9157.522480192249,6991.75732421875
forecast_3254,2025-05-16 14:00:00,8073.794936769276,7712.6182170808115,5437.998046875
forecast_3255,2025-05-16 15:00:00,5566.82586639295,5922.711371079513,4303.71142578125
forecast_3256,2025-05-16 16:00:00,6263.734983477415,7188.656793158988,4727.10595703125
forecast_3257,2025-05-16 17:00:00,6904.909865177311,7880.804396585418,5296.85546875
forecast_3258,2025-05-16 18:00:00,5497.010007199579,6205.418566003241,4419.11279296875
forecast_3259,2025-05-16 19:00:00,5961.632867832495,6453.193992574828,4213.92041015625
forecast_3260,2025-05-16 20:00:00,6037.125442794727,6471.966752590735,4420.31494140625
forecast_3261,2025-05-16 21:00:00,5290.127545035573,7311.574366355577,5726.82958984375
forecast_3262,2025-05-16 22:00:00,3831.382086574688,4759.368987310272,3951.527587890625
forecast_3263,2025-05-16 23:00:00,6323.787000077232,7263.023053397486,5697.21044921875
forecast_3264,2025-05-17 00:00:00,4560.8495096253655,4906.647452786858,4338.72021484375
forecast_3265,2025-05-17 01:00:00,3033.4127718522113,3689.3953133604555,3241.926513671875
forecast_3266,2025-05-17 02:00:00,3784.3524500942526,4912.299418444688,3999.214111328125
forecast_3267,2025-05-17 03:00:00,3953.0112356721665,5043.413517548819,4657.53125
forecast_3268,2025-05-17 04:00:00,4538.7620088163,5416.235201738705,4357.6875
forecast_3269,2025-05-17 05:00:00,3554.4007318507106,4570.257154242859,3923.426513671875
forecast_3270,2025-05-17 06:00:00,2683.924531650283,3802.683264679248,2993.645263671875
forecast_3271,2025-05-17 07:00:00,1772.9323734297632,2629.064105004454,2734.342529296875
forecast_3272,2025-05-17 08:00:00,2541.6221304728633,3597.6007601131855,2767.3974609375
forecast_3273,2025-05-17 09:00:00,3167.0745853937124,3253.8022314447617,2881.404296875
forecast_3274,2025-05-17 10:00:00,3752.8696949522155,3851.957770952911,3517.8720703125
forecast_3275,2025-05-17 11:00:00,4435.023395689614,4340.390124293146,3991.094482421875
forecast_3276,2025-05-17 12:00:00,6697.133771903098,6471.582920525523,5180.01025390625
forecast_3277,2025-05-17 13:00:00,9535.153181320267,9442.462035775083,7767.59765625
forecast_3278,2025-05-17 14:00:00,11715.131217864257,12031.414173863965,10025.39453125
forecast_3279,2025-05-17 15:00:00,13496.188320506224,14008.42963110328,12381.5703125
forecast_3280,2025-05-17 16:00:00,13785.084020936318,14611.988588617613,13234.0009765625
forecast_3281,2025-05-17 17:00:00,15550.018024268742,16276.173478250897,15315.0791015625
forecast_3282,2025-05-17 18:00:00,17210.51555594417,17533.745071557736,17084.919921875
forecast_3283,2025-05-17 19:00:00,18514.065343963302,18875.90688373472,18707.939453125
forecast_3284,2025-05-17 20:00:00,19168.93220715428,19049.177584064215,19332.03515625
forecast_3285,2025-05-17 21:00:00,19652.922822797536,19500.26357793882,19771.71484375
forecast_3286,2025-05-17 22:00:00,19444.840555841183,19536.803944234824,19249.337890625
forecast_3287,2025-05-17 23:00:00,19489.349825648795,19556.807963641953,19290.669921875
forecast_3288,2025-05-18 00:00:00,18915.457129474366,18964.887211457662,19223.955078125
forecast_3289,2025-05-18 01:00:00,19013.224610963807,18865.51327059712,18739.80078125
forecast_3290,2025-05-18 02:00:00,18400.26786909783,18505.322589022915,18193.6328125
forecast_3291,2025-05-18 03:00:00,16396.3041944028,16928.148226098434,16145.5595703125
forecast_3292,2025-05-18 04:00:00,14480.521932229947,15424.52654503256,13900.3583984375
forecast_3293,2025-05-18 05:00:00,16379.566299369926,16804.66257613047,15049.2333984375
forecast_3294,2025-05-18 06:00:00,11855.289070346424,12883.150111488038,9996.08203125
forecast_3295,2025-05-18 07:00:00,4502.806625970631,5300.096136520623,4095.620361328125
forecast_3296,2025-05-18 08:00:00,2037.0648498472658,2422.4693333251143,2491.052734375
forecast_3297,2025-05-18 09:00:00,1024.2991808385536,1149.7956130922735,1654.7308349609375
forecast_3298,2025-05-18 10:00:00,1006.3112594931481,1059.1365810472212,1648.75390625
forecast_3299,2025-05-18 11:00:00,1196.8823977171419,1148.5307261777057,1881.2972412109375
forecast_3300,2025-05-18 12:00:00,2357.0873179480323,1931.1150998304606,2125.779541015625
forecast_3301,2025-05-18 13:00:00,3529.7942356763233,3083.02085751472,3263.884033203125
forecast_3302,2025-05-18 14:00:00,5751.224899782212,4823.584179057596,4599.0703125
forecast_3303,2025-05-18 15:00:00,6375.38671389407,5459.442763793626,4756.64990234375
forecast_3304,2025-05-18 16:00:00,6902.959537587639,6381.172288599525,5767.109375
forecast_3305,2025-05-18 17:00:00,8300.305317806604,7858.286973300752,7045.56884765625
forecast_3306,2025-05-18 18:00:00,9203.714802679619,8811.302259321523,7684.17724609375
forecast_3307,2025-05-18 19:00:00,11737.499381730886,11596.514386908442,9492.892578125
forecast_3308,2025-05-18 20:00:00,14903.768708394771,14817.46832818115,13128.0810546875
forecast_3309,2025-05-18 21:00:00,15528.54712538094,15562.70272965091,13994.7607421875
forecast_3310,2025-05-18 22:00:00,16159.148523947812,15872.192937941716,13711.1259765625
forecast_3311,2025-05-18 23:00:00,16706.916567470755,16926.175856955477,16282.03125
forecast_3312,2025-05-19 00:00:00,16536.075913353743,16539.980353722345,15341.0517578125
forecast_3313,2025-05-19 01:00:00,12725.161856087778,13639.59085670756,11640.4560546875
forecast_3314,2025-05-19 02:00:00,11930.379051803811,13308.498548523898,11049.3408203125
forecast_3315,2025-05-19 03:00:00,11803.767591883976,13155.198471648957,11476.88671875
forecast_3316,2025-05-19 04:00:00,11949.192059876736,13229.38489382968,10986.203125
forecast_3317,2025-05-19 05:00:00,11510.984417691172,13294.773807979316,11449.4423828125
forecast_3318,2025-05-19 06:00:00,12061.141805514106,14022.392448022185,12598.9716796875
forecast_3319,2025-05-19 07:00:00,12321.443080826315,14058.590552852402,12664.7626953125
forecast_3320,2025-05-19 08:00:00,13178.450702259539,14822.708467888526,13547.3955078125
forecast_3321,2025-05-19 09:00:00,13573.870448907861,15260.36210325117,13576.66015625
forecast_3322,2025-05-19 10:00:00,15029.784174100738,16111.952599444416,14538.3037109375
forecast_3323,2025-05-19 11:00:00,15781.85023839031,16357.20481218752,15031.8046875
forecast_3324,2025-05-19 12:00:00,16505.971622966223,17089.54767290427,15623.52734375
forecast_3325,2025-05-19 13:00:00,17130.65577813313,17640.602023912066,16341.6875
forecast_3326,2025-05-19 14:00:00,17162.092609487572,17867.58753496603,16558.396484375
forecast_3327,2025-05-19 15:00:00,17732.838309467366,18291.770791404102,17579.162109375
forecast_3328,2025-05-19 16:00:00,18254.062531881966,18470.657139482937,17762.869140625
forecast_3329,2025-05-19 17:00:00,18228.035955855004,18622.94464139356,18307.619140625
forecast_3330,2025-05-19 18:00:00,18300.518348405094,18495.26225508611,18557.19921875
forecast_3331,2025-05-19 19:00:00,18323.262425411944,18508.215088372977,18297.896484375
forecast_3332,2025-05-19 20:00:00,18262.963749605184,18302.27417889433,18062.927734375
forecast_3333,2025-05-19 21:00:00,18565.204132534847,18744.347832806332,18400.228515625
forecast_3334,2025-05-19 22:00:00,18530.141500306527,18524.170617838456,18315.736328125
forecast_3335,2025-05-19 23:00:00,18107.31139988327,18208.260033713617,17702.525390625
forecast_3336,2025-05-20 00:00:00,17882.51721745079,18141.343098838122,17869.923828125
forecast_3337,2025-05-20 01:00:00,17958.327261764018,18214.64446981116,17472.107421875
forecast_3338,2025-05-20 02:00:00,18292.07530398704,18337.497522340967,17694.27734375
forecast_3339,2025-05-20 03:00:00,17890.604331534814,17989.475823707144,17154.076171875
forecast_3340,2025-05-20 04:00:00,18170.114113689582,18262.99050554938,17405.603515625
forecast_3341,2025-05-20 05:00:00,18606.136796485822,18547.647828102166,17904.8984375
forecast_3342,2025-05-20 06:00:00,18408.403128550264,18425.505114042295,17828.076171875
forecast_3343,2025-05-20 07:00:00,18352.168235979127,18342.243210824123,17839.642578125
forecast_3344,2025-05-20 08:00:00,18504.033867909973,18603.51136936585,18256.591796875
forecast_3345,2025-05-20 09:00:00,17786.817228041615,18213.862391828407,17843.814453125
forecast_3346,2025-05-20 10:00:00,16777.623229923898,17143.28109737723,17039.671875
forecast_3347,2025-05-20 11:00:00,15364.755205976047,15625.56045330608,14771.6455078125
forecast_3348,2025-05-20 12:00:00,14091.500908546344,14772.587838298055,13480.4755859375
forecast_3349,2025-05-20 13:00:00,14782.984673963785,15172.095019666689,13734.90234375
forecast_3350,2025-05-20 14:00:00,15723.181825872947,15958.371495534437,14478.1533203125
forecast_3351,2025-05-20 15:00:00,15842.770383691704,16300.252917262787,15389.7802734375
forecast_3352,2025-05-20 16:00:00,16359.500364857153,16827.533473045776,16305.2021484375
forecast_3353,2025-05-20 17:00:00,16959.647588958112,17260.783024592514,17299.296875
forecast_3354,2025-05-20 18:00:00,16703.56420326097,16594.208796834126,16790.955078125
forecast_3355,2025-05-20 19:00:00,17792.60786381395,17619.425678385654,18172.501953125
forecast_3356,2025-05-20 20:00:00,18835.63212469905,18886.536937763703,19321.21875
forecast_3357,2025-05-20 21:00:00,19758.180723612542,19401.321623906,19617.9140625
forecast_3358,2025-05-20 22:00:00,19428.357405942726,19091.391859153468,19629.6796875
forecast_3359,2025-05-20 23:00:00,19439.132164542418,19294.535726248025,19912.033203125
forecast_3360,2025-05-21 00:00:00,19920.874849314823,19554.85991163178,20062.046875
forecast_3361,2025-05-21 01:00:00,18435.810673910088,18182.97194632909,18045.501953125
forecast_3362,2025-05-21 02:00:00,18418.82918269661,18432.64424592739,18022.736328125
forecast_3363,2025-05-21 03:00:00,18385.09017014486,18188.430584599588,18111.3359375
forecast_3364,2025-05-21 04:00:00,17423.721512804193,17493.51983158695,17823.521484375
forecast_3365,2025-05-21 05:00:00,17651.47612572159,17957.13336667818,18330.138671875
forecast_3366,2025-05-21 06:00:00,13673.00414418298,14359.885997005393,14910.3486328125
forecast_3367,2025-05-21 07:00:00,6384.899823406272,7101.6285987134725,5394.76123046875
forecast_3368,2025-05-21 08:00:00,4980.38143357421,5644.217197740058,5207.10693359375
forecast_3369,2025-05-21 09:00:00,3510.3801109849237,4073.9649800331617,3417.361572265625
forecast_3370,2025-05-21 10:00:00,3400.109402683363,4075.02602584431,3600.053955078125
forecast_3371,2025-05-21 11:00:00,2454.1224032982186,2742.7066322578944,2915.842529296875
forecast_3372,2025-05-21 12:00:00,2192.4005370249165,2859.4939488690334,3271.398681640625
forecast_3373,2025-05-21 13:00:00,2964.1074498408457,3513.095612938736,3632.203369140625
forecast_3374,2025-05-21 14:00:00,3018.2214234636676,3700.3255902418605,3710.1025390625
forecast_3375,2025-05-21 15:00:00,3104.149458384916,3299.9252070601024,3122.951904296875
forecast_3376,2025-05-21 16:00:00,1971.2846842263752,2261.5826590720253,2659.154541015625
forecast_3377,2025-05-21 17:00:00,1943.9243648881961,2081.550086163944,2403.025390625
forecast_3378,2025-05-21 18:00:00,1928.1280577660748,2362.103463902189,2891.0322265625
forecast_3379,2025-05-21 19:00:00,1508.8314062913396,2307.6419936192974,2633.27734375
forecast_3380,2025-05-21 20:00:00,1677.9098876164983,2652.6929929267326,2647.787109375
forecast_3381,2025-05-21 21:00:00,1929.0429474616499,2716.637457924904,3039.1171875
forecast_3382,2025-05-21 22:00:00,2641.826172067018,2481.0970694708026,2547.69775390625
forecast_3383,2025-05-21 23:00:00,1924.5216022581117,2202.4688382465797,2549.45703125
forecast_3384,2025-05-22 00:00:00,1915.0501792041064,3165.1896301504257,3541.2197265625
forecast_3385,2025-05-22 01:00:00,2997.0847022956013,4260.199553849629,4308.52978515625
forecast_3386,2025-05-22 02:00:00,1994.9182768883752,3473.310732752672,3564.172607421875
forecast_3387,2025-05-22 03:00:00,3084.949478263308,4650.812412385829,4076.767822265625
forecast_3388,2025-05-22 04:00:00,2367.515581362716,3810.9215867359726,3777.733154296875
forecast_3389,2025-05-22 05:00:00,2580.100856836095,4224.4392137326195,3817.614501953125
forecast_3390,2025-05-22 06:00:00,2787.2794747882563,4080.258490000452,3638.090087890625
forecast_3391,2025-05-22 07:00:00,2873.091970767292,4148.1928145124275,3649.3076171875
forecast_3392,2025-05-22 08:00:00,3205.6987245207247,4483.053379112367,3696.354248046875
forecast_3393,2025-05-22 09:00:00,4339.803887107826,5166.7833615174895,3571.135986328125
forecast_3394,2025-05-22 10:00:00,4330.299488015251,5011.389977083767,3535.9228515625
forecast_3395,2025-05-22 11:00:00,3676.1583653161492,4213.997488565836,2949.882568359375
forecast_3396,2025-05-22 12:00:00,3598.951226451029,4001.1860321377594,2832.25390625
forecast_3397,2025-05-22 13:00:00,2970.6206330581845,3539.450100194227,2729.305908203125
forecast_3398,2025-05-22 14:00:00,3007.415714445579,3224.694259906897,2420.416015625
forecast_3399,2025-05-22 15:00:00,2272.1487211089448,2472.082731628204,2197.9453125
forecast_3400,2025-05-22 16:00:00,1977.7730411156767,2103.928254649348,2006.2979736328125
forecast_3401,2025-05-22 17:00:00,1575.8495610093505,1834.0080428117762,2043.9293212890625
forecast_3402,2025-05-22 18:00:00,1408.7980629413598,1897.5758225595519,2293.925537109375
forecast_3403,2025-05-22 19:00:00,1541.8426538138247,2031.4659963972254,2394.718994140625
forecast_3404,2025-05-22 20:00:00,1800.014223199783,2433.1609619205574,2670.866455078125
forecast_3405,2025-05-22 21:00:00,2215.9396028112424,2761.2484170425673,2759.913818359375
forecast_3406,2025-05-22 22:00:00,2441.956757586956,2956.6511002424313,2747.192138671875
forecast_3407,2025-05-22 23:00:00,2553.997745676759,3058.0290137930424,2888.3564453125
forecast_3408,2025-05-23 00:00:00,2422.6048054030853,2949.9526420017505,2617.279541015625
forecast_3409,2025-05-23 01:00:00,3409.4737171159245,3594.0197272756513,3046.087646484375
forecast_3410,2025-05-23 02:00:00,3025.493982051723,3207.749296457264,2778.530517578125
forecast_3411,2025-05-23 03:00:00,2773.081783241053,3231.0119456765983,2579.282958984375
forecast_3412,2025-05-23 04:00:00,3834.600489740821,4403.61214046894,3108.6220703125
forecast_3413,2025-05-23 05:00:00,3313.0068618812766,3743.655557633684,2747.391357421875
forecast_3414,2025-05-23 06:00:00,2673.9299643503136,2910.4817713688876,2217.20654296875
forecast_3415,2025-05-23 07:00:00,3009.726517207567,3347.7195904344767,2286.203125
forecast_3416,2025-05-23 08:00:00,3191.8904705610394,3699.7545267344076,2530.0517578125
forecast_3417,2025-05-23 09:00:00,2720.800950573999,3325.738524895332,2453.603271484375
forecast_3418,2025-05-23 10:00:00,2957.616802331604,3296.8855206241305,2359.913818359375
forecast_3419,2025-05-23 11:00:00,3375.1536290231516,3627.7919490558716,2566.140625
forecast_3420,2025-05-23 12:00:00,2727.796592449128,3166.566636446437,2498.470703125
forecast_3421,2025-05-23 13:00:00,2535.811345324022,2861.260394091682,2406.099853515625
forecast_3422,2025-05-23 14:00:00,2357.562432815903,2795.6247394790353,2396.3857421875
forecast_3423,2025-05-23 15:00:00,2231.231912877125,2560.8149695795937,2343.701904296875
forecast_3424,2025-05-23 16:00:00,1811.1603336314015,2220.898528288853,2317.953369140625
forecast_3425,2025-05-23 17:00:00,2002.0333110665622,2682.14028260381,2701.750732421875
forecast_3426,2025-05-23 18:00:00,3481.1714421215615,3942.2554476444066,3309.40625
forecast_3427,2025-05-23 19:00:00,2805.5109116292774,3068.025051486699,3003.989501953125
forecast_3428,2025-05-23 20:00:00,3285.876674508691,4042.097187950976,3521.076904296875
forecast_3429,2025-05-23 21:00:00,4163.065595382026,4775.163046999613,4004.789794921875
forecast_3430,2025-05-23 22:00:00,4291.989003955523,4611.768422498636,3682.989013671875
forecast_3431,2025-05-23 23:00:00,3290.401814665652,3416.6082251777616,3044.393310546875
forecast_3432,2025-05-24 00:00:00,2968.8594970473873,2992.7539596649012,2611.128173828125
forecast_3433,2025-05-24 01:00:00,4399.543920413526,4488.44661113839,3149.986328125
forecast_3434,2025-05-24 02:00:00,4271.710291844069,4316.022691469738,3007.540771484375
forecast_3435,2025-05-24 03:00:00,4437.416275609825,4631.742580824007,3277.307373046875
forecast_3436,2025-05-24 04:00:00,5105.243604806161,5197.322956952052,3452.027099609375
forecast_3437,2025-05-24 05:00:00,5111.014947584865,5467.22386963224,3632.754638671875
forecast_3438,2025-05-24 06:00:00,5241.646263544441,6259.097603564935,4039.708740234375
forecast_3439,2025-05-24 07:00:00,4805.250347532021,5608.590489697293,3730.9755859375
forecast_3440,2025-05-24 08:00:00,5084.149708475861,5934.659499106998,3860.768310546875
forecast_3441,2025-05-24 09:00:00,4537.586481522381,5236.791124524213,3488.7724609375
forecast_3442,2025-05-24 10:00:00,4359.2158865251495,5130.530475004405,3422.645751953125
forecast_3443,2025-05-24 11:00:00,3563.277184576956,4210.524186875387,3074.829345703125
forecast_3444,2025-05-24 12:00:00,3538.0330799641997,4283.570896002918,3055.279296875
forecast_3445,2025-05-24 13:00:00,3898.2063164418214,4584.933251679782,3322.608642578125
forecast_3446,2025-05-24 14:00:00,3954.8977116288565,4438.213275535597,3225.606689453125
forecast_3447,2025-05-24 15:00:00,4740.336092669717,5143.085590574646,3667.404296875
forecast_3448,2025-05-24 16:00:00,5692.717028097659,6226.419606668876,4504.3212890625
forecast_3449,2025-05-24 17:00:00,6818.419774443617,7407.031640584328,5504.58154296875
forecast_3450,2025-05-24 18:00:00,7240.526151296316,8247.362667942023,6551.03662109375
forecast_3451,2025-05-24 19:00:00,6937.7780874743785,7501.009299538213,6151.37744140625
forecast_3452,2025-05-24 20:00:00,6490.620484177987,6887.385609332656,5397.349609375
forecast_3453,2025-05-24 21:00:00,6494.629027338888,6879.0321028597455,5278.50927734375
forecast_3454,2025-05-24 22:00:00,6395.987560074952,6750.786594661009,5201.6025390625
forecast_3455,2025-05-24 23:00:00,6513.62354966151,6611.738148153997,4950.32763671875
forecast_3456,2025-05-25 00:00:00,6006.304229464947,5759.797570057803,4149.95947265625
forecast_3457,2025-05-25 01:00:00,6556.301576641947,6827.1886338308195,5146.0634765625
forecast_3458,2025-05-25 02:00:00,4822.583322540577,5250.2982817286,4239.796875
forecast_3459,2025-05-25 03:00:00,3445.666525708155,3626.644868721163,2970.254150390625
forecast_3460,2025-05-25 04:00:00,2710.6721738450933,3050.1497899471296,2527.125
forecast_3461,2025-05-25 05:00:00,2995.6871112017516,3153.9758416013146,2383.343017578125
forecast_3462,2025-05-25 06:00:00,3868.558006846297,3928.0634367952816,2986.137939453125
forecast_3463,2025-05-25 07:00:00,3573.9994493720014,3416.227722228707,2490.698974609375
forecast_3464,2025-05-25 08:00:00,2799.211197453372,2623.8937608411484,2076.798095703125
forecast_3465,2025-05-25 09:00:00,1534.534559984018,1414.3061796757909,1538.2171630859375
forecast_3466,2025-05-25 10:00:00,1188.0050870482671,1076.5665628468498,1485.9251708984375
forecast_3467,2025-05-25 11:00:00,1083.9341180700658,942.1813852819702,1623.1571044921875
forecast_3468,2025-05-25 12:00:00,1985.1688182593216,1920.9067464632708,2978.9111328125
forecast_3469,2025-05-25 13:00:00,3033.08238819952,2314.0346577203236,2695.357666015625
forecast_3470,2025-05-25 14:00:00,3287.6292865554396,2690.459815553443,3123.489990234375
forecast_3471,2025-05-25 15:00:00,2598.6863065813272,2438.3503430805345,2587.691650390625
forecast_3472,2025-05-25 16:00:00,1483.8525646271203,2210.1625688105005,2213.12939453125
forecast_3473,2025-05-25 17:00:00,2304.4759629203445,2964.2736479789687,3373.520263671875
forecast_3474,2025-05-25 18:00:00,2531.808474367475,2965.735408896533,3441.242431640625
forecast_3475,2025-05-25 19:00:00,2799.9389732853188,3063.5192753367796,2577.49609375
forecast_3476,2025-05-25 20:00:00,4917.494685728284,4945.274336508575,3638.431884765625
forecast_3477,2025-05-25 21:00:00,6190.169394903827,6654.9819368008975,5585.21044921875
forecast_3478,2025-05-25 22:00:00,8183.833837028119,9333.786997546393,7132.69580078125
forecast_3479,2025-05-25 23:00:00,8712.618049308046,8988.956532015934,6305.50537109375
forecast_3480,2025-05-26 00:00:00,7523.8158693556625,8242.248596582634,5956.58203125
forecast_3481,2025-05-26 01:00:00,8859.567747262321,9425.264743439207,6569.91748046875
forecast_3482,2025-05-26 02:00:00,8207.322422764162,8339.558044419156,5776.71435546875
forecast_3483,2025-05-26 03:00:00,8091.212918830633,8253.697546722753,5326.353515625
forecast_3484,2025-05-26 04:00:00,7231.533712221317,7502.200132292677,4823.50634765625
forecast_3485,2025-05-26 05:00:00,5663.525212042856,6356.034792124543,4100.154296875
forecast_3486,2025-05-26 06:00:00,3555.181571840713,4291.293737892727,2956.813232421875
forecast_3487,2025-05-26 07:00:00,2813.999072872488,3011.9369669844295,2326.924072265625
forecast_3488,2025-05-26 08:00:00,1805.2084269754375,2061.373256143135,2088.0732421875
forecast_3489,2025-05-26 09:00:00,1468.8843480707856,1431.6457391449635,1936.0972900390625
forecast_3490,2025-05-26 10:00:00,2743.335692248795,3586.3563220105316,5914.76953125
forecast_3491,2025-05-26 11:00:00,946.7390188929526,1133.0451303891746,2338.445556640625
forecast_3492,2025-05-26 12:00:00,904.7346174796241,821.3760319866036,1858.4710693359375
forecast_3493,2025-05-26 13:00:00,1450.4972542312858,1661.8839146826901,3624.040283203125
forecast_3494,2025-05-26 14:00:00,1945.423182301523,2565.1852381977233,2530.624267578125
forecast_3495,2025-05-26 15:00:00,2137.068580598639,2766.371727418367,2709.730712890625
forecast_3496,2025-05-26 16:00:00,1626.6806383742214,2174.846264653725,2485.6396484375
forecast_3497,2025-05-26 17:00:00,973.2722540372083,1357.7802345736627,2135.525390625
forecast_3498,2025-05-26 18:00:00,748.2662817504141,1179.840827855255,1815.5372314453125
forecast_3499,2025-05-26 19:00:00,1168.2915733249692,1752.000312475903,1842.8271484375
forecast_3500,2025-05-26 20:00:00,1775.2586958926286,2580.2667289950805,2435.6982421875
forecast_3501,2025-05-26 21:00:00,2672.421326152377,3382.6160494232236,2609.876953125
forecast_3502,2025-05-26 22:00:00,3536.6890502706447,4349.317994257842,3203.324462890625
forecast_3503,2025-05-26 23:00:00,4851.760219960845,5765.575149243299,3906.482421875
forecast_3504,2025-05-27 00:00:00,5769.768202635337,6813.515698462163,4306.06494140625
forecast_3505,2025-05-27 01:00:00,7645.274235358794,8866.181373931182,5935.39697265625
forecast_3506,2025-05-27 02:00:00,6896.884738636381,7965.609703692993,5367.27099609375
forecast_3507,2025-05-27 03:00:00,6172.665096979215,7300.671134193082,4614.60009765625
forecast_3508,2025-05-27 04:00:00,4906.468126080419,6066.923829176985,3899.7392578125
forecast_3509,2025-05-27 05:00:00,4447.685114954536,5320.640953347476,3393.996826171875
forecast_3510,2025-05-27 06:00:00,3333.661900369998,4143.288648842197,2845.461181640625
forecast_3511,2025-05-27 07:00:00,2503.0309224558855,2909.2924021331924,2401.310791015625
forecast_3512,2025-05-27 08:00:00,1437.460455663212,1621.9681714572314,1902.439453125
forecast_3513,2025-05-27 09:00:00,1175.3004739649396,1084.033785148943,1698.9918212890625
forecast_3514,2025-05-27 10:00:00,1658.5485658599514,2656.964488063383,3255.537841796875
forecast_3515,2025-05-27 11:00:00,1495.239423447663,1763.1777572156202,2440.798828125
forecast_3516,2025-05-27 12:00:00,498.2992683145637,842.2128996004423,1348.55078125
forecast_3517,2025-05-27 13:00:00,764.0977746134106,1449.0978188645317,1811.6953125
forecast_3518,2025-05-27 14:00:00,1056.909389694637,1352.2548317261185,2004.6865234375
forecast_3519,2025-05-27 15:00:00,1020.6940455712054,1441.1739524060959,1950.9478759765625
forecast_3520,2025-05-27 16:00:00,1085.5664269650656,1577.5240637924041,2408.340087890625
forecast_3521,2025-05-27 17:00:00,1203.7774593881345,1528.010679309798,2021.9193115234375
forecast_3522,2025-05-27 18:00:00,1321.85797764038,1496.141790550178,2422.82958984375
forecast_3523,2025-05-27 19:00:00,1170.1568775360188,1704.6791001572599,2996.8115234375
forecast_3524,2025-05-27 20:00:00,1020.2539185460325,1620.8785974127707,2122.357177734375
forecast_3525,2025-05-27 21:00:00,1288.8806126962518,2037.1753500001391,2023.2642822265625
forecast_3526,2025-05-27 22:00:00,2111.6579569931087,2827.2208723228327,2535.8203125
forecast_3527,2025-05-27 23:00:00,2857.50687488231,3506.9386518457886,2840.704833984375
forecast_3528,2025-05-28 00:00:00,3612.9104669056896,4057.8336996241624,3112.4287109375
forecast_3529,2025-05-28 01:00:00,5399.374313230448,6249.717556148212,4507.57666015625
forecast_3530,2025-05-28 02:00:00,5623.391962984084,6529.758080158993,4573.88134765625
forecast_3531,2025-05-28 03:00:00,6405.540079816189,7005.906586650158,4439.29736328125
forecast_3532,2025-05-28 04:00:00,6603.562847805274,7168.09289396521,4646.443359375
forecast_3533,2025-05-28 05:00:00,6602.0561662969985,7075.131433491586,4466.376953125
forecast_3534,2025-05-28 06:00:00,3890.8552731878353,4539.53089760107,3163.71875
forecast_3535,2025-05-28 07:00:00,2278.125140889669,2905.3123702474395,2647.771240234375
forecast_3536,2025-05-28 08:00:00,1232.2275330383188,1412.7871093977922,1851.7501220703125
forecast_3537,2025-05-28 09:00:00,768.3967688114084,665.7482261666985,1553.3583984375
forecast_3538,2025-05-28 10:00:00,782.4798262968116,550.9571533701412,1537.2784423828125
forecast_3539,2025-05-28 11:00:00,1085.2778506324207,1054.246916265501,1715.6241455078125
forecast_3540,2025-05-28 12:00:00,914.7567584592284,1722.720725032186,2280.062255859375
forecast_3541,2025-05-28 13:00:00,1178.8546135967356,1533.4537016980587,1865.0654296875
forecast_3542,2025-05-28 14:00:00,1383.4600475940001,1951.285417732097,2265.782958984375
forecast_3543,2025-05-28 15:00:00,1422.5943371779952,2313.1114444271216,2662.266357421875
forecast_3544,2025-05-28 16:00:00,2711.313055588743,3766.85903312785,3677.850341796875
forecast_3545,2025-05-28 17:00:00,1510.5746115078139,1965.1256894724659,3285.449951171875
forecast_3546,2025-05-28 18:00:00,1384.878842025129,1828.3700747947782,2258.861083984375
forecast_3547,2025-05-28 19:00:00,1644.1223487175102,2271.6006008116806,2558.479248046875
forecast_3548,2025-05-28 20:00:00,1903.4349026220407,2138.556660563438,2482.362548828125
forecast_3549,2025-05-28 21:00:00,1993.4135326435648,2695.1052629776595,2451.095947265625
forecast_3550,2025-05-28 22:00:00,3263.9766979045685,4151.409858720644,3378.5400390625
forecast_3551,2025-05-28 23:00:00,3636.30573240768,4065.627591057907,3672.246337890625
forecast_3552,2025-05-29 00:00:00,2866.0881223347205,3345.2832678771883,3043.781982421875
forecast_3553,2025-05-29 01:00:00,2968.951577597836,3763.7371511721276,2775.696533203125
forecast_3554,2025-05-29 02:00:00,2953.896881717541,3254.978147401702,2656.248779296875
forecast_3555,2025-05-29 03:00:00,3049.8818933224834,3608.3317119311196,2816.923583984375
forecast_3556,2025-05-29 04:00:00,2805.7679623917193,3367.612399103477,2684.302001953125
forecast_3557,2025-05-29 05:00:00,2629.258009357469,3010.985051228297,2367.565673828125
forecast_3558,2025-05-29 06:00:00,1556.8664009041513,2129.2209561154473,1894.9815673828125
forecast_3559,2025-05-29 07:00:00,1334.7021231105991,1868.6287940181871,2024.4072265625
forecast_3560,2025-05-29 08:00:00,1150.6064928294827,1230.9823057002154,1945.0537109375
forecast_3561,2025-05-29 09:00:00,1035.1017459822608,1051.838402884121,1703.1962890625
forecast_3562,2025-05-29 10:00:00,1008.3711644131183,1341.51130699967,1712.05859375
forecast_3563,2025-05-29 11:00:00,928.5356156161859,1453.0641488047008,1849.4593505859375
forecast_3564,2025-05-29 12:00:00,1028.7597263608473,1440.468976361138,1636.8560791015625
forecast_3565,2025-05-29 13:00:00,1086.8992481585426,1480.1719466142074,1672.7027587890625
forecast_3566,2025-05-29 14:00:00,1199.1951076034181,1558.2680502760204,1744.7509765625
forecast_3567,2025-05-29 15:00:00,1296.1005804953948,1699.1635322769887,1904.45849609375
forecast_3568,2025-05-29 16:00:00,1420.8035984528753,2203.5153668495686,2336.213134765625
forecast_3569,2025-05-29 17:00:00,1506.5539160711478,2146.675822774795,2668.345458984375
forecast_3570,2025-05-29 18:00:00,1748.0804400289667,2542.207316020763,2958.8642578125
forecast_3571,2025-05-29 19:00:00,2298.09770481025,3075.906880922851,3254.845458984375
forecast_3572,2025-05-29 20:00:00,2680.9374775563883,3567.3751426227113,3681.178955078125
forecast_3573,2025-05-29 21:00:00,2267.5717416818056,3161.911078328439,3319.531494140625
forecast_3574,2025-05-29 22:00:00,2336.457698906219,3284.1197511364694,3398.6259765625
forecast_3575,2025-05-29 23:00:00,2165.2558222534717,3104.8125113596843,3132.440673828125
forecast_3576,2025-05-30 00:00:00,2321.4397536287834,3286.228938871916,3300.298095703125
forecast_3577,2025-05-30 01:00:00,1908.3664065136095,2652.546797926447,3070.1552734375
forecast_3578,2025-05-30 02:00:00,1704.500569490226,2943.146097171415,3050.128173828125
forecast_3579,2025-05-30 03:00:00,1817.6105916228496,2890.0284497699367,2852.9755859375
forecast_3580,2025-05-30 04:00:00,3115.7295387883005,4401.100706741769,3883.684814453125
forecast_3581,2025-05-30 05:00:00,3293.2825833033244,4451.840298593286,3650.584716796875
forecast_3582,2025-05-30 06:00:00,3105.683775463294,3947.141460858643,3032.439208984375
forecast_3583,2025-05-30 07:00:00,2524.657756104023,3317.8775725368946,2645.191162109375
forecast_3584,2025-05-30 08:00:00,2019.3389124066266,2748.825834537288,2430.452392578125
forecast_3585,2025-05-30 09:00:00,2207.728585721183,2915.045437604546,2342.717041015625
forecast_3586,2025-05-30 10:00:00,2240.2493332087715,2812.164074582989,2311.181640625
forecast_3587,2025-05-30 11:00:00,1735.0448449179535,2204.363016720805,2080.936279296875
forecast_3588,2025-05-30 12:00:00,1193.9780992874985,1746.5356363404906,1900.1639404296875
forecast_3589,2025-05-30 13:00:00,1303.1527044558734,1710.3409773475692,2018.05322265625
forecast_3590,2025-05-30 14:00:00,1433.345186435754,1650.7530859774931,1959.5123291015625
forecast_3591,2025-05-30 15:00:00,1326.0082271989208,1666.1601701624518,1866.0142822265625
forecast_3592,2025-05-30 16:00:00,1273.8298942537392,1847.5762166653317,2128.183349609375
forecast_3593,2025-05-30 17:00:00,1400.6541039563663,1962.423539599315,2473.028076171875
forecast_3594,2025-05-30 18:00:00,1845.2631959618461,2495.6872623858053,2968.626220703125
forecast_3595,2025-05-30 19:00:00,2059.177302993071,2824.1761638814546,3105.490234375
forecast_3596,2025-05-30 20:00:00,2578.4432167502614,3388.3724601046924,3399.8251953125
forecast_3597,2025-05-30 21:00:00,2777.9750113921846,3694.992678384995,3580.6640625
forecast_3598,2025-05-30 22:00:00,2519.677098758376,3461.998945016432,3325.865478515625
forecast_3599,2025-05-30 23:00:00,2159.0594849607232,3073.0873983334786,3283.168701171875
forecast_3600,2025-05-31 00:00:00,1995.3802085545758,3198.686036964852,3369.2841796875
forecast_3601,2025-05-31 01:00:00,1643.9245645028655,2622.436765362731,2886.716552734375
forecast_3602,2025-05-31 02:00:00,1945.3987953549754,2534.1942013881317,2573.240966796875
forecast_3603,2025-05-31 03:00:00,3332.3219654426102,3986.481996871845,3509.439453125
forecast_3604,2025-05-31 04:00:00,3042.6583310475653,3440.348745198776,2610.501708984375
forecast_3605,2025-05-31 05:00:00,3412.9983706921216,3766.72756265058,2859.84765625
forecast_3606,2025-05-31 06:00:00,1987.3729432795922,2594.6369855539037,2029.6207275390625
forecast_3607,2025-05-31 07:00:00,1764.3382603188165,2402.8320800781985,2175.7392578125
forecast_3608,2025-05-31 08:00:00,1586.2094156171918,2052.1355087249117,2245.05517578125
forecast_3609,2025-05-31 09:00:00,1133.9097985402177,1379.5196532417826,2210.314697265625
forecast_3610,2025-05-31 10:00:00,1456.7794141873026,1305.5417144356907,2202.601318359375
forecast_3611,2025-05-31 11:00:00,1268.8078524491775,1534.5214315681374,2175.562255859375
forecast_3612,2025-05-31 12:00:00,1336.4329656331875,2097.6958450392385,2247.0546875
forecast_3613,2025-05-31 13:00:00,1612.6074284520616,2281.739189430719,2301.707763671875
forecast_3614,2025-05-31 14:00:00,1817.8658397352801,2357.3689579824427,2390.884521484375
forecast_3615,2025-05-31 15:00:00,1745.542855233763,2255.792815818577,2582.750732421875
forecast_3616,2025-05-31 16:00:00,1557.4554417542172,2176.2104130954526,2636.439208984375
forecast_3617,2025-05-31 17:00:00,1884.388197670655,2684.8555401513368,2653.29833984375
forecast_3618,2025-05-31 18:00:00,1895.9849182457788,2308.259387004783,2777.798583984375
forecast_3619,2025-05-31 19:00:00,2049.833838860809,2673.9161356581158,2924.065185546875
forecast_3620,2025-05-31 20:00:00,2389.010779410766,2944.570817921695,3066.564208984375
forecast_3621,2025-05-31 21:00:00,2350.345946554936,2876.497811698238,2947.099365234375
forecast_3622,2025-05-31 22:00:00,1962.7601967951996,2608.054593153793,2948.643310546875
forecast_3623,2025-05-31 23:00:00,2722.3697707020774,3256.9340096828832,3065.118896484375
forecast_3624,2025-06-01 00:00:00,1908.0186544945,2459.7651513204128,2594.311279296875
forecast_3625,2025-06-01 01:00:00,1967.247464382352,2672.0565449071023,2756.655517578125
forecast_3626,2025-06-01 02:00:00,2595.725884526343,3222.5832911095376,3012.683837890625
forecast_3627,2025-06-01 03:00:00,3288.4087243259055,4164.984135770277,3291.68359375
forecast_3628,2025-06-01 04:00:00,3660.164705817667,4517.147174219692,3476.051025390625
forecast_3629,2025-06-01 05:00:00,3262.714682791106,3924.330685767506,3033.676513671875
forecast_3630,2025-06-01 06:00:00,2383.1522950333074,3142.3886280383826,2563.556884765625
forecast_3631,2025-06-01 07:00:00,1554.4599597798533,2204.834925025656,2114.488037109375
forecast_3632,2025-06-01 08:00:00,809.3758726924414,1219.2365797254429,1860.7796630859375
forecast_3633,2025-06-01 09:00:00,903.9998750284574,1146.054458437274,1867.5106201171875
forecast_3634,2025-06-01 10:00:00,884.6189356038367,931.770585289408,1721.5418701171875
forecast_3635,2025-06-01 11:00:00,645.3950609421202,680.3815768623832,1648.1490478515625
forecast_3636,2025-06-01 12:00:00,1052.5909355170859,939.0409924017633,1695.0177001953125
forecast_3637,2025-06-01 13:00:00,787.4585258556872,757.7194008733412,1582.6944580078125
forecast_3638,2025-06-01 14:00:00,765.4395682784295,685.8678836886453,1869.1920166015625
forecast_3639,2025-06-01 15:00:00,1197.4634652477084,1474.627151413712,2066.926513671875
forecast_3640,2025-06-01 16:00:00,920.5562680614044,1605.9542054336393,2198.010986328125
forecast_3641,2025-06-01 17:00:00,917.1408180352707,1263.4753776649954,1769.1905517578125
forecast_3642,2025-06-01 18:00:00,2316.5912728606563,3057.46340465883,3021.629638671875
forecast_3643,2025-06-01 19:00:00,2324.1265469306863,3399.8141698134605,3456.2041015625
forecast_3644,2025-06-01 20:00:00,4017.3552544422128,5330.416076548822,4658.49951171875
forecast_3645,2025-06-01 21:00:00,4978.964854058155,5848.353402731468,4981.5869140625
forecast_3646,2025-06-01 22:00:00,5733.065045819036,6768.108908520331,5553.05322265625
forecast_3647,2025-06-01 23:00:00,4552.573999435284,5586.400649087514,5101.68701171875
forecast_3648,2025-06-02 00:00:00,5233.166421716678,6432.558417462945,4971.6904296875
forecast_3649,2025-06-02 01:00:00,5549.314173052735,6433.335957401953,4755.92236328125
forecast_3650,2025-06-02 02:00:00,5056.818408957581,6509.499120240058,5053.58251953125
forecast_3651,2025-06-02 03:00:00,5056.034705643391,6504.990757078951,4593.43701171875
forecast_3652,2025-06-02 04:00:00,4789.853926263029,5702.255035688894,3980.269775390625
forecast_3653,2025-06-02 05:00:00,4202.402330771649,5004.648544285022,3508.102294921875
forecast_3654,2025-06-02 06:00:00,2615.4601551895985,3525.296560451364,2893.844970703125
forecast_3655,2025-06-02 07:00:00,1916.8285688842775,2760.5299497862793,2696.352294921875
forecast_3656,2025-06-02 08:00:00,1601.097112232936,2425.8830216985057,2593.519775390625
forecast_3657,2025-06-02 09:00:00,1672.8647280855284,2414.581282570074,2627.022705078125
forecast_3658,2025-06-02 10:00:00,1528.993544377608,2157.312148425291,2596.576171875
forecast_3659,2025-06-02 11:00:00,1063.7592891805352,2015.2860852678382,2192.641845703125
forecast_3660,2025-06-02 12:00:00,1310.3884551561591,1894.4874766525445,1966.8377685546875
forecast_3661,2025-06-02 13:00:00,847.0427230991239,1657.1857615004144,2096.649658203125
forecast_3662,2025-06-02 14:00:00,658.456634738003,1481.5333501048697,2030.15234375
forecast_3663,2025-06-02 15:00:00,2184.1685615862416,3027.2213365288344,2614.7626953125
forecast_3664,2025-06-02 16:00:00,2508.214169308314,2985.327005306188,2819.9736328125
forecast_3665,2025-06-02 17:00:00,2515.9617695682773,3192.9988222071242,3010.574951171875
forecast_3666,2025-06-02 18:00:00,3294.2336872359915,3987.43767262636,3746.309326171875
forecast_3667,2025-06-02 19:00:00,3522.5487555208874,4139.315108266956,3848.870361328125
forecast_3668,2025-06-02 20:00:00,2858.0361603660267,3832.828677750373,3713.509033203125
forecast_3669,2025-06-02 21:00:00,2726.089201997989,4018.2568937338383,3540.354736328125
forecast_3670,2025-06-02 22:00:00,3417.295503587797,4321.450183725679,3623.59375
forecast_3671,2025-06-02 23:00:00,2350.381248107423,3174.6468317386884,3040.547607421875
forecast_3672,2025-06-03 00:00:00,2415.455082887268,3085.641488537036,2444.126220703125
forecast_3673,2025-06-03 01:00:00,1886.9672666349672,2392.772681034587,1888.5279541015625
forecast_3674,2025-06-03 02:00:00,2192.197133885593,2918.247440945628,2548.107421875
forecast_3675,2025-06-03 03:00:00,2184.088386869863,3326.1697948767946,2958.963623046875
forecast_3676,2025-06-03 04:00:00,2085.693231337823,2885.2175377171943,2666.459228515625
forecast_3677,2025-06-03 05:00:00,2236.679785609248,3359.471949896997,2873.1396484375
forecast_3678,2025-06-03 06:00:00,2248.5886810940574,3066.3110252091633,2665.581787109375
forecast_3679,2025-06-03 07:00:00,1940.9968597222614,2276.0021186779763,2487.390625
forecast_3680,2025-06-03 08:00:00,1507.7815038921642,2105.9862557039155,2454.828125
forecast_3681,2025-06-03 09:00:00,1238.7351633294402,1403.2493302793455,2228.564697265625
forecast_3682,2025-06-03 10:00:00,2314.016392446501,2155.182591372518,2641.658935546875
forecast_3683,2025-06-03 11:00:00,3242.8807025675433,3001.9129123268676,2961.480224609375
forecast_3684,2025-06-03 12:00:00,6275.9202725718105,6150.617912149552,5804.74169921875
forecast_3685,2025-06-03 13:00:00,7050.169867076952,6713.24478469038,6255.41748046875
forecast_3686,2025-06-03 14:00:00,9265.499128305622,9133.325563235265,8248.193359375
forecast_3687,2025-06-03 15:00:00,10859.548995887493,11039.715646576176,10317.9326171875
forecast_3688,2025-06-03 16:00:00,11732.393069504778,12601.69345194604,10901.2265625
forecast_3689,2025-06-03 17:00:00,12243.565183255658,13406.559972552563,12693.6708984375
forecast_3690,2025-06-03 18:00:00,13784.000324163171,14569.9851926767,14190.4111328125
forecast_3691,2025-06-03 19:00:00,13624.385857639587,14151.652399020335,13823.4921875
forecast_3692,2025-06-03 20:00:00,14432.791392996874,14730.35849032645,14405.6513671875
forecast_3693,2025-06-03 21:00:00,17219.448284514154,17649.694234917588,17506.892578125
forecast_3694,2025-06-03 22:00:00,17229.32268455244,17517.887352145626,17517.59375
forecast_3695,2025-06-03 23:00:00,16900.479272702647,17230.166484377896,17187.05859375
forecast_3696,2025-06-04 00:00:00,16645.878191513548,16843.62866553192,16670.421875
forecast_3697,2025-06-04 01:00:00,16242.874992462206,16146.947735220865,15111.125
forecast_3698,2025-06-04 02:00:00,16905.444258325086,17380.145486915815,16539.357421875
forecast_3699,2025-06-04 03:00:00,18008.90763376096,17684.225205623447,16983.072265625
forecast_3700,2025-06-04 04:00:00,18379.680577649262,18079.79331955329,17406.841796875
forecast_3701,2025-06-04 05:00:00,17625.943529970944,17465.989729707246,16746.9921875
forecast_3702,2025-06-04 06:00:00,18265.38939720152,18549.972701740455,17957.765625
forecast_3703,2025-06-04 07:00:00,18247.431418362437,18243.526973635326,17816.908203125
forecast_3704,2025-06-04 08:00:00,18173.357632217718,18140.675376022067,17464.39453125
forecast_3705,2025-06-04 09:00:00,17747.92918331786,17689.10280465564,16860.078125
forecast_3706,2025-06-04 10:00:00,17551.772601032466,17672.152198369316,16793.412109375
forecast_3707,2025-06-04 11:00:00,16894.34115256961,17508.54819323052,16368.5234375
forecast_3708,2025-06-04 12:00:00,16488.6424323467,17605.732569425127,16342.4091796875
forecast_3709,2025-06-04 13:00:00,16074.512647875932,17117.898325713446,15923.7138671875
forecast_3710,2025-06-04 14:00:00,15009.093068584682,16422.90809493067,15210.4580078125
forecast_3711,2025-06-04 15:00:00,13674.25578177695,14682.551777700977,14129.6513671875
forecast_3712,2025-06-04 16:00:00,14005.04759674097,14767.813707713009,14048.09765625
forecast_3713,2025-06-04 17:00:00,13917.029016620067,14200.280863939543,13269.7373046875
forecast_3714,2025-06-04 18:00:00,11927.950406928112,12050.670514032958,10291.9423828125
forecast_3715,2025-06-04 19:00:00,12828.021980566664,12606.467900420166,11518.27734375
forecast_3716,2025-06-04 20:00:00,14676.313817987195,14802.950969533616,14033.6875
forecast_3717,2025-06-04 21:00:00,15264.053744764145,15457.63629816935,15037.7177734375
forecast_3718,2025-06-04 22:00:00,12629.861915662701,12219.597283061035,10327.8203125
forecast_3719,2025-06-04 23:00:00,12327.880679894837,12357.748833234364,9852.0712890625
forecast_3720,2025-06-05 00:00:00,14907.042563940364,14827.007140977483,13898.2060546875
forecast_3721,2025-06-05 01:00:00,11370.478233527338,11550.402851168536,9123.0458984375
forecast_3722,2025-06-05 02:00:00,13163.788364215614,13126.51880228283,9841.63671875
forecast_3723,2025-06-05 03:00:00,15772.9165461706,16100.147261799779,13267.45703125
forecast_3724,2025-06-05 04:00:00,16710.61345209797,16753.376599001327,14687.0390625
forecast_3725,2025-06-05 05:00:00,16095.307262062264,16199.484071788444,13838.6513671875
forecast_3726,2025-06-05 06:00:00,14009.979316522025,14339.663087630968,11500.2626953125
forecast_3727,2025-06-05 07:00:00,14148.284152587888,15045.760834070774,12234.6298828125
forecast_3728,2025-06-05 08:00:00,12748.214043158645,13619.425723997374,11166.015625
forecast_3729,2025-06-05 09:00:00,10192.273654754956,10612.91074206541,8725.2333984375
forecast_3730,2025-06-05 10:00:00,8402.81159067119,8010.467502085756,6069.76708984375
forecast_3731,2025-06-05 11:00:00,6940.242576202243,6210.260108257717,4725.05908203125
forecast_3732,2025-06-05 12:00:00,6356.52060412104,5652.588534638897,4716.12060546875
forecast_3733,2025-06-05 13:00:00,6726.971382631323,6135.217530004145,4941.720703125
forecast_3734,2025-06-05 14:00:00,6771.648323558855,6302.562138644433,4947.8037109375
forecast_3735,2025-06-05 15:00:00,7870.662771669056,7534.098890611505,6525.80712890625
forecast_3736,2025-06-05 16:00:00,8722.686259283866,8565.053713701607,7237.93603515625
forecast_3737,2025-06-05 17:00:00,10699.014302941421,10796.907958005653,9842.1044921875
forecast_3738,2025-06-05 18:00:00,11895.195882425392,12640.260920355222,12051.0087890625
forecast_3739,2025-06-05 19:00:00,15532.622810740555,15534.472757985372,15482.9345703125
forecast_3740,2025-06-05 20:00:00,17242.981547726158,16698.192929629316,17209.908203125
forecast_3741,2025-06-05 21:00:00,17514.567844927973,17085.20090655303,17188.517578125
forecast_3742,2025-06-05 22:00:00,18568.509758093664,18252.849032251423,18547.802734375
forecast_3743,2025-06-05 23:00:00,18915.326872263984,18398.723724549527,18637.837890625
forecast_3744,2025-06-06 00:00:00,18925.421668743307,18653.43303347525,18850.341796875
forecast_3745,2025-06-06 01:00:00,18602.039899305804,18669.608901023184,19300.267578125
forecast_3746,2025-06-06 02:00:00,19307.961657721997,19058.507646706494,19563.1015625
forecast_3747,2025-06-06 03:00:00,19727.0294083243,19268.267529875357,19592.435546875
forecast_3748,2025-06-06 04:00:00,19804.46138121499,19363.43679909544,19427.365234375
forecast_3749,2025-06-06 05:00:00,19513.744333297393,19177.074523952077,19206.552734375
forecast_3750,2025-06-06 06:00:00,19578.541233197815,19188.450226613233,18985.3828125
forecast_3751,2025-06-06 07:00:00,18451.982847212777,18343.196929495844,18047.6484375
forecast_3752,2025-06-06 08:00:00,17518.124333425905,17554.7714878996,16937.998046875
forecast_3753,2025-06-06 09:00:00,15035.262243654855,15691.949145062408,15076.0810546875
forecast_3754,2025-06-06 10:00:00,14956.307329775429,15307.656343225643,14124.2607421875
forecast_3755,2025-06-06 11:00:00,14107.15225802784,14427.972821243697,13337.9677734375
forecast_3756,2025-06-06 12:00:00,14572.341250041114,15139.489836792545,14051.0859375
forecast_3757,2025-06-06 13:00:00,14448.597186120976,14916.940689876174,13668.8701171875
forecast_3758,2025-06-06 14:00:00,15240.466230853262,15662.639569890027,14314.7119140625
forecast_3759,2025-06-06 15:00:00,15971.741541549422,16053.259870304319,14865.5693359375
forecast_3760,2025-06-06 16:00:00,15209.350001322699,15720.514866908648,15278.4873046875
forecast_3761,2025-06-06 17:00:00,15124.300670751294,15461.670894759613,15386.6826171875
forecast_3762,2025-06-06 18:00:00,15255.478344026167,15887.322477697737,15916.51953125
forecast_3763,2025-06-06 19:00:00,16699.19249985195,16899.636859291688,16904.833984375
forecast_3764,2025-06-06 20:00:00,17606.327639405266,17741.14345594393,17984.724609375
forecast_3765,2025-06-06 21:00:00,18550.969261753642,17995.381537719215,18014.0390625
forecast_3766,2025-06-06 22:00:00,18874.661771811472,18595.036901461986,18962.958984375
forecast_3767,2025-06-06 23:00:00,19376.474986861554,19027.461563401972,19236.271484375
forecast_3768,2025-06-07 00:00:00,19143.95565113544,18873.88477550603,19146.6640625
forecast_3769,2025-06-07 01:00:00,19340.137204518127,18836.260979774306,18693.48046875
forecast_3770,2025-06-07 02:00:00,19121.002803527568,18815.53850618798,18771.126953125
forecast_3771,2025-06-07 03:00:00,19205.833353433387,18742.23454210245,18797.150390625
forecast_3772,2025-06-07 04:00:00,19160.660970235156,18770.63901180729,18574.541015625
forecast_3773,2025-06-07 05:00:00,19574.85548229937,19195.739642189903,18955.74609375
forecast_3774,2025-06-07 06:00:00,18916.206463137503,18515.48319115876,18199.498046875
forecast_3775,2025-06-07 07:00:00,17641.235211298543,17585.29588229473,17080.400390625
forecast_3776,2025-06-07 08:00:00,16071.401992991377,16363.959894162139,15210.25
forecast_3777,2025-06-07 09:00:00,13648.80298945029,14246.593533781066,12274.7685546875
forecast_3778,2025-06-07 10:00:00,12553.702696611872,13318.8165077784,11667.2587890625
forecast_3779,2025-06-07 11:00:00,11865.603850159807,11742.860826234848,10028.009765625
forecast_3780,2025-06-07 12:00:00,8586.39646822167,8427.06332443543,7371.79150390625
forecast_3781,2025-06-07 13:00:00,7027.271615473181,6642.6650039597735,5245.70556640625
forecast_3782,2025-06-07 14:00:00,6238.050294752298,5974.822307777509,4439.76708984375
forecast_3783,2025-06-07 15:00:00,5915.020036798897,6026.6897527373485,4536.20703125
forecast_3784,2025-06-07 16:00:00,6424.121602868918,6531.686689101564,4848.85107421875
forecast_3785,2025-06-07 17:00:00,6645.917841081384,6790.537035068569,5425.61572265625
forecast_3786,2025-06-07 18:00:00,8050.749872311652,7674.871461386016,6107.314453125
forecast_3787,2025-06-07 19:00:00,8674.08736072927,9385.835054627707,7475.521484375
forecast_3788,2025-06-07 20:00:00,10417.099544326433,11638.541101193534,9753.1552734375
forecast_3789,2025-06-07 21:00:00,14710.116344243028,15753.540654506825,14204.21875
forecast_3790,2025-06-07 22:00:00,16231.83955017304,16173.977305049297,15995.1669921875
forecast_3791,2025-06-07 23:00:00,15851.493583306212,15981.248251013567,15925.4287109375
forecast_3792,2025-06-08 00:00:00,16086.949041225444,15855.002585408525,14491.8310546875
forecast_3793,2025-06-08 01:00:00,13125.73749369361,13796.888034834838,10962.7392578125
forecast_3794,2025-06-08 02:00:00,12751.107570679449,13568.673950509823,10859.7470703125
forecast_3795,2025-06-08 03:00:00,13235.046554643572,13566.259450549296,10482.140625
forecast_3796,2025-06-08 04:00:00,13512.266754802227,13733.867193353206,10431.3916015625
forecast_3797,2025-06-08 05:00:00,12511.120701185388,12708.924282377246,9630.0224609375
forecast_3798,2025-06-08 06:00:00,7486.523240222721,8166.889495496578,5693.66162109375
forecast_3799,2025-06-08 07:00:00,4303.541827155766,4593.379995060546,3589.830810546875
forecast_3800,2025-06-08 08:00:00,2216.0969115620583,2224.7378780684608,2548.107177734375
forecast_3801,2025-06-08 09:00:00,1804.1015864306414,2114.8838015461884,2240.342041015625
forecast_3802,2025-06-08 10:00:00,2037.4571931908436,2861.10984055426,3208.739501953125
forecast_3803,2025-06-08 11:00:00,1288.1435952524712,1543.6862748420979,2201.516845703125
forecast_3804,2025-06-08 12:00:00,1017.0653626607126,1520.0194848284905,1714.9478759765625
forecast_3805,2025-06-08 13:00:00,928.6360629423513,1411.9543869553083,1808.5
forecast_3806,2025-06-08 14:00:00,1099.6121392869177,1470.080055524644,2084.39599609375
forecast_3807,2025-06-08 15:00:00,1086.4262884901293,1687.153140358617,2047.8740234375
forecast_3808,2025-06-08 16:00:00,823.8173992468945,1570.150700405198,2156.7451171875
forecast_3809,2025-06-08 17:00:00,660.4771632618288,1188.815982030619,2163.882080078125
forecast_3810,2025-06-08 18:00:00,1269.3251546303413,1517.2638039829465,1923.947265625
forecast_3811,2025-06-08 19:00:00,2232.985951287857,2655.816172348045,2757.015625
forecast_3812,2025-06-08 20:00:00,2683.1042416523164,3589.870499950552,3504.850341796875
forecast_3813,2025-06-08 21:00:00,2563.051638485906,4003.7367673304225,3735.1962890625
forecast_3814,2025-06-08 22:00:00,4487.621838060517,6152.842710031737,5076.84130859375
forecast_3815,2025-06-08 23:00:00,7481.2080791060935,8545.746844512883,6565.26171875
forecast_3816,2025-06-09 00:00:00,9382.43731525325,10109.499833296515,7609.44091796875
forecast_3817,2025-06-09 01:00:00,8702.32122974794,9194.923243286328,6556.10498046875
forecast_3818,2025-06-09 02:00:00,9371.122507843542,9848.955340956862,7197.43115234375
forecast_3819,2025-06-09 03:00:00,8853.178765354836,9183.069331247601,6766.63427734375
forecast_3820,2025-06-09 04:00:00,7999.153189838221,8560.94650094127,6284.52197265625
forecast_3821,2025-06-09 05:00:00,7334.520186124309,7915.301921606129,5375.18603515625
forecast_3822,2025-06-09 06:00:00,5795.821498576941,6563.07423638828,4542.18896484375
forecast_3823,2025-06-09 07:00:00,3515.6891106092417,4178.862743276964,3338.780517578125
forecast_3824,2025-06-09 08:00:00,2431.3935482398765,2967.5516229467585,3047.492919921875
forecast_3825,2025-06-09 09:00:00,1694.7033530097112,2517.660091754215,3032.1572265625
forecast_3826,2025-06-09 10:00:00,1503.7554871853204,2190.326689187121,2629.2197265625
forecast_3827,2025-06-09 11:00:00,1286.3929821726742,1938.7426773476068,2523.448974609375
forecast_3828,2025-06-09 12:00:00,1066.1556779625962,1810.4428463592046,2370.742431640625
forecast_3829,2025-06-09 13:00:00,1309.941008643047,1995.6545996295145,2489.786865234375
forecast_3830,2025-06-09 14:00:00,1817.7808143852262,2687.672727180332,2662.061279296875
forecast_3831,2025-06-09 15:00:00,1793.577042988215,2910.890087839467,2646.62890625
forecast_3832,2025-06-09 16:00:00,2558.159454547825,3934.3473607716955,3777.916015625
forecast_3833,2025-06-09 17:00:00,3973.164703706432,6585.406063509903,5547.884765625
forecast_3834,2025-06-09 18:00:00,5039.776104869014,5605.882482292934,4360.98486328125
forecast_3835,2025-06-09 19:00:00,4227.643944167799,5045.817668135728,3855.155517578125
forecast_3836,2025-06-09 20:00:00,5117.775269775118,7255.370059761508,5571.53515625
forecast_3837,2025-06-09 21:00:00,8762.289910957956,10411.977267374847,8062.40478515625
forecast_3838,2025-06-09 22:00:00,10055.850924550738,10953.843994725838,9080.4560546875
forecast_3839,2025-06-09 23:00:00,10398.400111361192,11750.558687521296,9662.5537109375
forecast_3840,2025-06-10 00:00:00,11180.15561644929,12268.746273818973,10425.9951171875
forecast_3841,2025-06-10 01:00:00,13791.830585708678,14982.24708450427,13357.2861328125
forecast_3842,2025-06-10 02:00:00,15088.881967167184,16381.643258654716,15797.5185546875
forecast_3843,2025-06-10 03:00:00,17262.223885644176,17828.734474898993,17401.333984375
forecast_3844,2025-06-10 04:00:00,17856.95768919748,18223.767249867095,17751.177734375
forecast_3845,2025-06-10 05:00:00,18680.23629933837,18792.827953410473,18613.673828125
forecast_3846,2025-06-10 06:00:00,18328.677876405323,17999.241258330305,17606.615234375
forecast_3847,2025-06-10 07:00:00,16058.08449746863,16416.820245398103,16114.56640625
forecast_3848,2025-06-10 08:00:00,12963.868432438225,14057.461327923651,13174.03515625
forecast_3849,2025-06-10 09:00:00,9130.238471039747,9643.288670456872,7903.77978515625
forecast_3850,2025-06-10 10:00:00,6912.619053854793,6981.24557600291,5781.48974609375
forecast_3851,2025-06-10 11:00:00,5738.3918436751055,5272.46436106561,4231.11328125
forecast_3852,2025-06-10 12:00:00,4962.471702568885,4582.858579511207,3759.944091796875
forecast_3853,2025-06-10 13:00:00,5583.307722149408,5664.678393035183,4494.71435546875
forecast_3854,2025-06-10 14:00:00,6560.379163189161,7062.9963622826735,5571.84912109375
forecast_3855,2025-06-10 15:00:00,7948.678500125505,8593.722077142826,6764.39599609375
forecast_3856,2025-06-10 16:00:00,7882.210001577555,8221.150543563881,6959.99755859375
forecast_3857,2025-06-10 17:00:00,9550.686085186293,10184.137124507955,8624.3818359375
forecast_3858,2025-06-10 18:00:00,9658.112115352265,9820.6853687566,8291.66015625
forecast_3859,2025-06-10 19:00:00,10851.878931314159,11137.368546988739,9168.32421875
forecast_3860,2025-06-10 20:00:00,12978.398070308196,13912.883056029532,12674.3798828125
forecast_3861,2025-06-10 21:00:00,14125.069248653117,14482.387897316032,14154.3916015625
forecast_3862,2025-06-10 22:00:00,15621.129704113166,16532.229417261766,16590.169921875
forecast_3863,2025-06-10 23:00:00,17242.029633358477,17541.554473369753,17970.427734375
forecast_3864,2025-06-11 00:00:00,17072.45014569431,17206.53405820907,17453.703125
forecast_3865,2025-06-11 01:00:00,15245.276727835913,16065.793145721756,15425.4091796875
forecast_3866,2025-06-11 02:00:00,14708.22477104127,15227.411055538963,14075.4453125
forecast_3867,2025-06-11 03:00:00,14799.863117573492,15613.476287068017,14460.3544921875
forecast_3868,2025-06-11 04:00:00,16000.580037916396,16536.910861128054,15204.66015625
forecast_3869,2025-06-11 05:00:00,15926.541996300326,16081.220036973384,14687.9892578125
forecast_3870,2025-06-11 06:00:00,15254.527077203611,15611.614802045659,13755.4619140625
forecast_3871,2025-06-11 07:00:00,14226.679923250935,14720.720555995442,12166.5029296875
forecast_3872,2025-06-11 08:00:00,10575.624536365536,11123.570339132508,9044.3642578125
forecast_3873,2025-06-11 09:00:00,7675.587760222735,7561.8143530679645,5995.47021484375
forecast_3874,2025-06-11 10:00:00,7240.121672925763,6701.830087516397,5679.35302734375
forecast_3875,2025-06-11 11:00:00,6812.177957743153,6593.676674715629,5368.93408203125
forecast_3876,2025-06-11 12:00:00,6702.95437774528,6363.044662954717,5241.68701171875
forecast_3877,2025-06-11 13:00:00,6376.432923827797,5880.504030439033,4914.85595703125
forecast_3878,2025-06-11 14:00:00,6174.6540911896755,5846.671008337451,4833.349609375
forecast_3879,2025-06-11 15:00:00,6264.484624833638,5753.404643121352,4627.10205078125
forecast_3880,2025-06-11 16:00:00,5887.878940174552,5100.251532280428,4273.201171875
forecast_3881,2025-06-11 17:00:00,7106.434879100118,6828.052321197407,5795.77490234375
forecast_3882,2025-06-11 18:00:00,4627.762224207828,4949.833267751606,3753.661376953125
forecast_3883,2025-06-11 19:00:00,4055.0983362664538,3573.8039321236965,2716.635498046875
forecast_3884,2025-06-11 20:00:00,4299.895755654865,4732.239520412618,4069.064208984375
forecast_3885,2025-06-11 21:00:00,4582.072403107515,5029.128993134216,4221.31005859375
forecast_3886,2025-06-11 22:00:00,6328.146221595372,6963.6586533941245,4975.32763671875
forecast_3887,2025-06-11 23:00:00,5793.428961268833,6746.110957397763,4831.71337890625
forecast_3888,2025-06-12 00:00:00,5952.451876752968,6503.944572030534,4708.01904296875
forecast_3889,2025-06-12 01:00:00,5311.442638230008,5610.690875641132,4067.197265625
forecast_3890,2025-06-12 02:00:00,4699.57222392535,4993.5993729681995,3505.313232421875
forecast_3891,2025-06-12 03:00:00,3633.3725140744873,3916.632683649301,3113.961181640625
forecast_3892,2025-06-12 04:00:00,3225.1325794145832,3662.025566113773,2899.035888671875
forecast_3893,2025-06-12 05:00:00,3142.313232772057,3629.180985476345,2573.501953125
forecast_3894,2025-06-12 06:00:00,1381.0375730538465,2064.735812496355,2103.45703125
forecast_3895,2025-06-12 07:00:00,1459.417446652503,1966.3479931437837,2167.047119140625
forecast_3896,2025-06-12 08:00:00,1029.0050145601638,1816.076148560558,1943.0982666015625
forecast_3897,2025-06-12 09:00:00,896.2814916179751,1505.9229079805832,1830.80810546875
forecast_3898,2025-06-12 10:00:00,1226.3054163968734,1809.696844849232,1818.1328125
forecast_3899,2025-06-12 11:00:00,916.8940165589556,1430.0868749838066,1782.4356689453125
forecast_3900,2025-06-12 12:00:00,1126.3375017936928,1592.9420535178908,1736.4365234375
forecast_3901,2025-06-12 13:00:00,972.1024466178837,1492.2255596991376,1854.6572265625
forecast_3902,2025-06-12 14:00:00,894.7482971781851,1465.7906747748693,1818.3717041015625
forecast_3903,2025-06-12 15:00:00,1046.6971237873727,1546.4638910076578,1909.5570068359375
forecast_3904,2025-06-12 16:00:00,1173.8395958375754,1809.767429203263,2175.406005859375
forecast_3905,2025-06-12 17:00:00,1060.9001009155477,1669.7882485171397,2149.73095703125
forecast_3906,2025-06-12 18:00:00,1425.2072183937876,1890.2467528961392,2289.29736328125
forecast_3907,2025-06-12 19:00:00,1207.0011102545188,1917.9320711996081,2182.02392578125
forecast_3908,2025-06-12 20:00:00,1320.1189129105617,2305.1756680701105,2370.486572265625
forecast_3909,2025-06-12 21:00:00,1803.4944604103625,2706.4386134578626,2663.91943359375
forecast_3910,2025-06-12 22:00:00,2173.0073966946743,3213.5589832336927,2972.7998046875
forecast_3911,2025-06-12 23:00:00,3188.281922080603,4137.6761036105945,3384.550537109375
forecast_3912,2025-06-13 00:00:00,3029.822550471073,4054.1925208917955,3183.318603515625
forecast_3913,2025-06-13 01:00:00,4400.043592602449,5730.302814507668,3864.272705078125
forecast_3914,2025-06-13 02:00:00,6049.163938606163,7135.147272638433,4613.39892578125
forecast_3915,2025-06-13 03:00:00,6903.487418341566,8080.856741258995,5634.69970703125
forecast_3916,2025-06-13 04:00:00,5992.073628915741,6529.778054122721,4281.67333984375
forecast_3917,2025-06-13 05:00:00,5306.432836351643,6023.344300627681,4197.296875
forecast_3918,2025-06-13 06:00:00,3370.982126719073,4234.06728496671,3133.285888671875
forecast_3919,2025-06-13 07:00:00,2159.766998099636,3484.9287579417905,3144.847412109375
forecast_3920,2025-06-13 08:00:00,1361.5723309962223,1946.4332121445061,2479.294677734375
forecast_3921,2025-06-13 09:00:00,1153.0824081815217,1818.9736953377421,2119.578125
forecast_3922,2025-06-13 10:00:00,983.6490907415719,1515.17995137935,1952.8736572265625
forecast_3923,2025-06-13 11:00:00,1110.4829516857487,1507.8473848139915,2148.125244140625
forecast_3924,2025-06-13 12:00:00,1087.210714684962,1523.1350704239007,2226.401611328125
forecast_3925,2025-06-13 13:00:00,900.7317660309832,1405.0837195215418,2351.72998046875
forecast_3926,2025-06-13 14:00:00,1102.746894371252,1709.804921683403,2299.736572265625
forecast_3927,2025-06-13 15:00:00,1772.1206740101213,2521.2492141998937,2550.8466796875
forecast_3928,2025-06-13 16:00:00,1362.9625272812193,1814.545409404886,1946.3212890625
forecast_3929,2025-06-13 17:00:00,1402.224505012714,2303.090401301437,2542.452880859375
forecast_3930,2025-06-13 18:00:00,2760.4574125393738,3532.666174959738,3190.331298828125
forecast_3931,2025-06-13 19:00:00,1802.1506821253151,2182.0217319298936,2062.680908203125
forecast_3932,2025-06-13 20:00:00,2677.0727113372996,3086.9106771977454,2899.777587890625
forecast_3933,2025-06-13 21:00:00,2536.973780935219,3501.909586417296,2881.061767578125
forecast_3934,2025-06-13 22:00:00,2933.5233016038264,3918.0294565169643,3197.155029296875
forecast_3935,2025-06-13 23:00:00,3653.6869311936725,4865.426543424797,3446.831298828125
forecast_3936,2025-06-14 00:00:00,3085.875078478899,3668.4053661100434,2718.482421875
forecast_3937,2025-06-14 01:00:00,9378.8479322258,10777.210035837432,7626.01025390625
forecast_3938,2025-06-14 02:00:00,7716.410151995339,9154.116133797505,6654.529296875
forecast_3939,2025-06-14 03:00:00,6223.503998541321,7461.418616628649,4876.12939453125
forecast_3940,2025-06-14 04:00:00,5370.28021792125,6043.592723610942,4200.54052734375
forecast_3941,2025-06-14 05:00:00,4166.770008859445,5296.7652926939845,3895.742431640625
forecast_3942,2025-06-14 06:00:00,3987.261022248146,4596.623242747226,3825.747314453125
forecast_3943,2025-06-14 07:00:00,1944.6230783341766,2327.955710232027,2545.31298828125
forecast_3944,2025-06-14 08:00:00,1290.0566017248939,1768.1069702194388,1806.0052490234375
forecast_3945,2025-06-14 09:00:00,1445.464941034356,1879.268906501493,1954.7032470703125
forecast_3946,2025-06-14 10:00:00,2482.8136839439235,3542.306481395933,2718.053466796875
forecast_3947,2025-06-14 11:00:00,1638.5226637924861,2268.07735608694,2173.103271484375
forecast_3948,2025-06-14 12:00:00,1531.7961167084627,2286.383513281107,2167.949462890625
forecast_3949,2025-06-14 13:00:00,1161.6862985761256,1731.8576474313722,2142.533935546875
forecast_3950,2025-06-14 14:00:00,1154.7100933582128,1679.360202890718,2029.3773193359375
forecast_3951,2025-06-14 15:00:00,1305.2527327553541,1654.178348094056,2009.4986572265625
forecast_3952,2025-06-14 16:00:00,1062.4644287260246,1606.8688958076114,2039.5439453125
forecast_3953,2025-06-14 17:00:00,1037.0275859239855,1971.082666645873,2643.841064453125
forecast_3954,2025-06-14 18:00:00,1863.3129867003975,2731.6758894357768,3175.232421875
forecast_3955,2025-06-14 19:00:00,2357.4430656851328,3377.0954557427335,3597.828369140625
forecast_3956,2025-06-14 20:00:00,1992.8660249777581,2956.716833240672,3209.509033203125
forecast_3957,2025-06-14 21:00:00,2518.567507145995,3253.0765422854483,3658.838623046875
forecast_3958,2025-06-14 22:00:00,3171.2255119732154,3916.515671474179,4173.5419921875
forecast_3959,2025-06-14 23:00:00,3171.5119342856506,4147.189386009858,4399.06005859375
forecast_3960,2025-06-15 00:00:00,2985.883403649259,4441.384624606679,4587.31884765625
forecast_3961,2025-06-15 01:00:00,6898.029683967993,7766.810620225899,6181.49462890625
forecast_3962,2025-06-15 02:00:00,6555.604405381837,7366.081021346556,5770.75830078125
forecast_3963,2025-06-15 03:00:00,5259.983303673987,6299.8615378058685,5001.30419921875
forecast_3964,2025-06-15 04:00:00,6843.716071296592,7984.846012801204,6308.96875
forecast_3965,2025-06-15 05:00:00,8703.042400214737,9275.040784664925,6682.6484375
forecast_3966,2025-06-15 06:00:00,7134.05826114026,7588.412744572544,5506.60986328125
forecast_3967,2025-06-15 07:00:00,4719.773395403219,5088.306095930923,4139.97705078125
forecast_3968,2025-06-15 08:00:00,3210.001214741833,3605.9431026203183,3154.869873046875
forecast_3969,2025-06-15 09:00:00,1627.1944725568233,2066.638827548202,2435.296630859375
forecast_3970,2025-06-15 10:00:00,1512.7450214582982,1711.6446798368095,2272.01171875
forecast_3971,2025-06-15 11:00:00,1769.7998735585045,2244.1778635879373,3128.801025390625
forecast_3972,2025-06-15 12:00:00,2133.474238478444,2667.414059704081,3450.260009765625
forecast_3973,2025-06-15 13:00:00,1938.8585463815002,2416.983917092024,3116.782470703125
forecast_3974,2025-06-15 14:00:00,2283.7700231245376,2745.3715427748944,3274.753662109375
forecast_3975,2025-06-15 15:00:00,3542.7213106586682,4053.459489631784,4285.986328125
forecast_3976,2025-06-15 16:00:00,4349.437971301026,5238.82086011196,4615.50439453125
forecast_3977,2025-06-15 17:00:00,4279.023125414456,5481.833337633845,4387.275390625
forecast_3978,2025-06-15 18:00:00,5902.3251628710495,7632.42139307782,5440.876953125
forecast_3979,2025-06-15 19:00:00,6267.180126469269,7512.0509443950705,5468.705078125
forecast_3980,2025-06-15 20:00:00,5881.073226714485,7640.001724065034,5477.72412109375
forecast_3981,2025-06-15 21:00:00,9802.74115340712,12277.55954431952,9213.5556640625
forecast_3982,2025-06-15 22:00:00,11906.14071031295,13737.622764885993,11302.9951171875
forecast_3983,2025-06-15 23:00:00,10345.120333674306,11059.52546802754,8993.4287109375
forecast_3984,2025-06-16 00:00:00,12106.10549409838,13297.476033139139,11444.15234375
forecast_3985,2025-06-16 01:00:00,10973.339994259688,12401.891435381824,9818.201171875
forecast_3986,2025-06-16 02:00:00,11552.453938994415,13069.434089472237,10632.6708984375
forecast_3987,2025-06-16 03:00:00,11804.723667544311,13453.024705015756,10909.2431640625
forecast_3988,2025-06-16 04:00:00,8468.731420907086,9187.191459127462,7117.587890625
forecast_3989,2025-06-16 05:00:00,6407.6578125241485,6826.1996747811645,5592.20751953125
forecast_3990,2025-06-16 06:00:00,5135.517093432278,6330.387358514805,4416.34912109375
forecast_3991,2025-06-16 07:00:00,6184.337192190525,7094.215642057263,6071.19873046875
forecast_3992,2025-06-16 08:00:00,6695.731747260569,7525.755123564142,5113.93603515625
forecast_3993,2025-06-16 09:00:00,8119.17955779629,9391.972816302563,7620.375
forecast_3994,2025-06-16 10:00:00,7990.138854015124,9144.420969056684,6734.17724609375
forecast_3995,2025-06-16 11:00:00,9104.293471591302,10155.280600445172,9235.9404296875
forecast_3996,2025-06-16 12:00:00,6445.486527804351,7481.9366483575695,6620.18310546875
forecast_3997,2025-06-16 13:00:00,7545.206460350506,9099.734843461625,7627.12890625
forecast_3998,2025-06-16 14:00:00,10658.480968253083,10932.45196208169,8321.921875
forecast_3999,2025-06-16 15:00:00,11515.197355496897,12056.039235835724,11046.1748046875
forecast_4000,2025-06-16 16:00:00,13277.80856908298,13953.300515535018,12861.3896484375
forecast_4001,2025-06-16 17:00:00,14297.594338877383,15242.443529742268,14722.875
forecast_4002,2025-06-16 18:00:00,14153.812185423352,14390.807965553522,14409.6123046875
forecast_4003,2025-06-16 19:00:00,13199.891138530264,13506.62175486672,12253.3046875
forecast_4004,2025-06-16 20:00:00,12846.616772431511,12771.45646898197,11200.2841796875
forecast_4005,2025-06-16 21:00:00,13047.907786389289,13599.524276010794,12447.6943359375
forecast_4006,2025-06-16 22:00:00,15364.354100078748,16401.83209575843,15338.1689453125
forecast_4007,2025-06-16 23:00:00,15235.834147741309,16447.641396586667,16319.09765625
forecast_4008,2025-06-17 00:00:00,16583.53504861702,17764.71598662141,17111.509765625
forecast_4009,2025-06-17 01:00:00,17602.289981413647,18273.58916869494,17708.794921875
forecast_4010,2025-06-17 02:00:00,18307.978826329803,18405.396381082,17773.57421875
forecast_4011,2025-06-17 03:00:00,18023.49018002161,18138.833071695033,18206.080078125
forecast_4012,2025-06-17 04:00:00,18062.174040972826,18306.935714908228,18226.990234375
forecast_4013,2025-06-17 05:00:00,17820.684199103176,17895.415498880204,17908.048828125
forecast_4014,2025-06-17 06:00:00,16906.042788049446,17328.993407051887,16842.376953125
forecast_4015,2025-06-17 07:00:00,15686.593343459215,16710.991717725698,15322.375
forecast_4016,2025-06-17 08:00:00,14842.647034021204,15963.654425330933,14997.9423828125
forecast_4017,2025-06-17 09:00:00,14670.492913992417,15658.650538425512,14694.2705078125
forecast_4018,2025-06-17 10:00:00,13906.434378418578,14437.11090401309,13584.1455078125
forecast_4019,2025-06-17 11:00:00,13069.193542093108,13770.171415688343,12645.328125
forecast_4020,2025-06-17 12:00:00,12934.211136291033,13472.616307636843,11552.9443359375
forecast_4021,2025-06-17 13:00:00,12609.95759482839,13425.25021657145,11926.1982421875
forecast_4022,2025-06-17 14:00:00,10676.921083310732,10875.6320588331,9017.625
forecast_4023,2025-06-17 15:00:00,9214.952570557834,9017.363965312048,7609.48828125
forecast_4024,2025-06-17 16:00:00,9911.504307373369,10165.549039379948,8734.9189453125
forecast_4025,2025-06-17 17:00:00,9812.625385417787,9511.128188177412,8009.3984375
forecast_4026,2025-06-17 18:00:00,9162.666882629846,10037.575492898412,7917.55078125
forecast_4027,2025-06-17 19:00:00,6928.690969066855,7657.347386924734,6003.66162109375
forecast_4028,2025-06-17 20:00:00,6040.188032098441,6268.207904100061,4807.521484375
forecast_4029,2025-06-17 21:00:00,6757.63612530949,6941.210794664186,4951.33740234375
forecast_4030,2025-06-17 22:00:00,5461.713673737116,6340.128878116115,4640.861328125
forecast_4031,2025-06-17 23:00:00,5750.167660322963,6739.4227060947505,4978.72119140625
forecast_4032,2025-06-18 00:00:00,7246.893032262146,8045.546571253813,5868.294921875
forecast_4033,2025-06-18 01:00:00,7224.371373345012,9057.778627056414,6176.71630859375
forecast_4034,2025-06-18 02:00:00,6536.64955147107,8451.814833724375,5703.703125
forecast_4035,2025-06-18 03:00:00,6678.028298790217,8494.260896480155,5700.08349609375
forecast_4036,2025-06-18 04:00:00,7339.888580364999,8527.659280554848,5695.30712890625
forecast_4037,2025-06-18 05:00:00,7747.080457008458,9271.066675088106,6555.111328125
forecast_4038,2025-06-18 06:00:00,9949.726371480021,10772.727734985121,6879.37060546875
forecast_4039,2025-06-18 07:00:00,8699.712977885585,9397.72236015561,6921.826171875
forecast_4040,2025-06-18 08:00:00,7877.8364923157815,8370.19376175974,6106.28857421875
forecast_4041,2025-06-18 09:00:00,5099.204148603448,5151.949221202699,4175.66552734375
forecast_4042,2025-06-18 10:00:00,4325.0753903028635,4314.617602927403,3519.564208984375
forecast_4043,2025-06-18 11:00:00,4079.926364643161,3701.9749368286875,3325.748046875
forecast_4044,2025-06-18 12:00:00,4282.466476128862,3936.170748669775,3266.330078125
forecast_4045,2025-06-18 13:00:00,3882.6403086125742,3852.8809716065575,3132.299072265625
forecast_4046,2025-06-18 14:00:00,3852.032302325391,3428.7973079379317,3180.78125
forecast_4047,2025-06-18 15:00:00,4146.675530276942,3763.2991729852292,3352.182373046875
forecast_4048,2025-06-18 16:00:00,4801.916687964349,4473.783296783824,3882.014892578125
forecast_4049,2025-06-18 17:00:00,5046.85861498427,4816.69603451208,3884.008056640625
forecast_4050,2025-06-18 18:00:00,4625.862629264215,4165.194900482216,3739.1181640625
forecast_4051,2025-06-18 19:00:00,6178.842850136327,5977.790885816396,5100.96728515625
forecast_4052,2025-06-18 20:00:00,8053.41972248642,8017.477175786185,6186.22412109375
forecast_4053,2025-06-18 21:00:00,9375.602406255613,9824.466954097197,7758.76708984375
forecast_4054,2025-06-18 22:00:00,10227.830721924725,10824.156147687236,8782.5283203125
forecast_4055,2025-06-18 23:00:00,10651.89227341177,11755.311543276395,9474.8232421875
forecast_4056,2025-06-19 00:00:00,12087.994534574416,13026.688391864544,10791.4287109375
forecast_4057,2025-06-19 01:00:00,13294.306586926401,13664.530088508513,11070.66015625
forecast_4058,2025-06-19 02:00:00,13321.924527415147,14192.9601362557,12261.015625
forecast_4059,2025-06-19 03:00:00,14156.441810691653,14205.868727168167,11211.8046875
forecast_4060,2025-06-19 04:00:00,12943.43284283961,13452.881488692334,10604.404296875
forecast_4061,2025-06-19 05:00:00,12590.200008549178,13087.828075807327,10262.2177734375
forecast_4062,2025-06-19 06:00:00,10955.535187941912,11430.227445661027,8324.896484375
forecast_4063,2025-06-19 07:00:00,6335.43278598343,6700.861620252841,4983.44384765625
forecast_4064,2025-06-19 08:00:00,3984.1315325259734,4562.587477549321,3854.588623046875
forecast_4065,2025-06-19 09:00:00,2558.9078812938915,2814.347203639396,2907.506591796875
forecast_4066,2025-06-19 10:00:00,1713.9633262923235,1850.2914291020638,2282.5810546875
forecast_4067,2025-06-19 11:00:00,942.4303707763193,889.9589090780578,1661.0916748046875
forecast_4068,2025-06-19 12:00:00,1280.043991539199,1143.1180544335118,1802.8958740234375
forecast_4069,2025-06-19 13:00:00,1847.5780579399402,2548.87828769912,3959.383544921875
forecast_4070,2025-06-19 14:00:00,1372.7738965940503,1686.5811607849748,2742.963623046875
forecast_4071,2025-06-19 15:00:00,837.4232657050075,1123.7249126681545,2049.2509765625
forecast_4072,2025-06-19 16:00:00,1075.7926281047864,1441.3867456400606,2538.252685546875
forecast_4073,2025-06-19 17:00:00,1830.5000275996258,3429.781912751889,3505.9384765625
forecast_4074,2025-06-19 18:00:00,3708.3364340375533,4197.785604359475,3997.649169921875
forecast_4075,2025-06-19 19:00:00,4502.086256545828,6809.382717674588,5682.0859375
forecast_4076,2025-06-19 20:00:00,5389.206558224607,7093.062425573529,5575.25537109375
forecast_4077,2025-06-19 21:00:00,6539.504959045367,8307.896134838304,6668.33984375
forecast_4078,2025-06-19 22:00:00,7622.319097136527,9176.753999389599,6977.85400390625
forecast_4079,2025-06-19 23:00:00,7202.962372822272,8861.594753500372,6584.97509765625
forecast_4080,2025-06-20 00:00:00,7037.262428260861,8517.114098121421,6109.21923828125
forecast_4081,2025-06-20 01:00:00,9507.772035751557,11107.573943631538,7820.607421875
forecast_4082,2025-06-20 02:00:00,9845.22762818962,11567.949732766268,8452.216796875
forecast_4083,2025-06-20 03:00:00,12081.630697097771,14318.197772807962,11743.9560546875
forecast_4084,2025-06-20 04:00:00,13577.04215428554,15198.542263002928,13022.45703125
forecast_4085,2025-06-20 05:00:00,13777.265314249476,14909.669734286386,12955.15625
forecast_4086,2025-06-20 06:00:00,13162.545744098295,14695.541338985577,12488.6064453125
forecast_4087,2025-06-20 07:00:00,11832.4765948837,13163.692213833325,10586.166015625
forecast_4088,2025-06-20 08:00:00,9403.722076651178,10700.36175382258,8082.12451171875
forecast_4089,2025-06-20 09:00:00,10784.631921623019,12941.827461662513,10487.8798828125
forecast_4090,2025-06-20 10:00:00,11886.468849672614,13882.141961562593,11523.8916015625
forecast_4091,2025-06-20 11:00:00,12664.971530037337,14719.437566613244,13539.9755859375
forecast_4092,2025-06-20 12:00:00,15093.856646090746,16595.9872859817,15632.2919921875
forecast_4093,2025-06-20 13:00:00,15892.548180315689,17249.71910437101,16601.84765625
forecast_4094,2025-06-20 14:00:00,16153.832155726954,17630.008038822074,17201.876953125
forecast_4095,2025-06-20 15:00:00,15988.953376273497,17192.21683049502,16715.416015625
forecast_4096,2025-06-20 16:00:00,17194.655038344023,18147.523845000993,17607.416015625
forecast_4097,2025-06-20 17:00:00,17499.459982589316,18184.10334086713,17982.716796875
forecast_4098,2025-06-20 18:00:00,17836.479361632595,18445.157463756055,18495.7890625
forecast_4099,2025-06-20 19:00:00,18332.91795172899,18852.026582638136,19026.7578125
forecast_4100,2025-06-20 20:00:00,18003.947257756736,18532.111411558915,18898.087890625
forecast_4101,2025-06-20 21:00:00,17540.988410273767,18783.40267275805,18795.814453125
forecast_4102,2025-06-20 22:00:00,17970.693098852335,18449.750847392785,18263.857421875
forecast_4103,2025-06-20 23:00:00,18059.093324509333,18536.53751348512,18325.779296875
forecast_4104,2025-06-21 00:00:00,18727.66331410013,18821.756175128718,18684.8828125
forecast_4105,2025-06-21 01:00:00,17951.23700587031,18702.81729231109,18088.384765625
forecast_4106,2025-06-21 02:00:00,17912.702443576643,18685.402313634357,18060.572265625
forecast_4107,2025-06-21 03:00:00,17335.392283655718,18146.36308345449,17480.494140625
forecast_4108,2025-06-21 04:00:00,16781.52827929653,17775.731261724795,17244.013671875
forecast_4109,2025-06-21 05:00:00,15736.054676450209,16974.29362398891,16296.80078125
forecast_4110,2025-06-21 06:00:00,16399.288614285277,17203.704024815514,16138.14453125
forecast_4111,2025-06-21 07:00:00,16093.16551570513,16733.314933196056,16598.724609375
forecast_4112,2025-06-21 08:00:00,16425.808523333326,17137.878692081882,16709.123046875
forecast_4113,2025-06-21 09:00:00,15782.221024935161,16226.760938835836,15913.046875
forecast_4114,2025-06-21 10:00:00,12743.339380725884,13596.675677868941,13377.6455078125
forecast_4115,2025-06-21 11:00:00,9943.727368397382,10889.34550984038,10449.2880859375
forecast_4116,2025-06-21 12:00:00,8505.284854577156,9126.652191569896,8194.8271484375
forecast_4117,2025-06-21 13:00:00,6965.3501898195855,8391.680397091235,6849.328125
forecast_4118,2025-06-21 14:00:00,8165.0837887715825,8790.288543792374,7867.53466796875
forecast_4119,2025-06-21 15:00:00,11405.134024347419,12958.98535705604,10067.70703125
forecast_4120,2025-06-21 16:00:00,11801.402972408034,12017.956575836344,10163.4599609375
forecast_4121,2025-06-21 17:00:00,9717.839278561369,10990.247038128544,10236.2978515625
forecast_4122,2025-06-21 18:00:00,8767.84256327818,9992.036479137236,8791.0341796875
forecast_4123,2025-06-21 19:00:00,11054.24400746478,11653.23796171468,10419.2529296875
forecast_4124,2025-06-21 20:00:00,12943.806044069648,13498.714031334632,13222.7744140625
forecast_4125,2025-06-21 21:00:00,11835.641714718902,13435.62055483247,12249.3681640625
forecast_4126,2025-06-21 22:00:00,13199.040048103734,14936.470170571823,13658.1533203125
forecast_4127,2025-06-21 23:00:00,14225.656575758761,15778.964282082914,15166.5673828125
forecast_4128,2025-06-22 00:00:00,16653.318347082575,17164.22474058057,17158.259765625
forecast_4129,2025-06-22 01:00:00,16979.615256186644,17204.099142484756,17064.310546875
forecast_4130,2025-06-22 02:00:00,16494.064505917904,16439.159775643857,15495.8154296875
forecast_4131,2025-06-22 03:00:00,15273.558424724664,14970.108401608282,13644.3427734375
forecast_4132,2025-06-22 04:00:00,14104.634603933473,14047.54622764945,12298.2333984375
forecast_4133,2025-06-22 05:00:00,12550.593189692772,12669.594510546081,9967.0458984375
forecast_4134,2025-06-22 06:00:00,10979.900946899677,11206.695068202282,7912.5546875
forecast_4135,2025-06-22 07:00:00,9771.319664062346,10121.037780300829,6998.1875
forecast_4136,2025-06-22 08:00:00,7269.899482440121,7753.80172148156,5575.64990234375
forecast_4137,2025-06-22 09:00:00,5079.143179212599,5710.497316928197,4655.5625
forecast_4138,2025-06-22 10:00:00,4905.979906485047,4799.016480605545,3967.215576171875
forecast_4139,2025-06-22 11:00:00,5387.153173304931,5015.550608314846,4564.0439453125
forecast_4140,2025-06-22 12:00:00,7405.672258086948,6907.918826770345,5635.40087890625
forecast_4141,2025-06-22 13:00:00,7239.84314454671,6487.5154318680925,4937.9296875
forecast_4142,2025-06-22 14:00:00,6290.480475690485,5456.84624595034,3806.680908203125
forecast_4143,2025-06-22 15:00:00,4030.656725283615,3637.766026224521,2959.085205078125
forecast_4144,2025-06-22 16:00:00,3930.082304659815,3497.3697589192325,3086.298828125
forecast_4145,2025-06-22 17:00:00,3542.231687241363,3304.9564245293004,2954.859619140625
forecast_4146,2025-06-22 18:00:00,4850.2684204824345,4470.512355637894,3667.854736328125
forecast_4147,2025-06-22 19:00:00,5838.127598413069,5849.791337972207,5033.72900390625
forecast_4148,2025-06-22 20:00:00,6733.250926467634,6987.286439581715,6146.40283203125
forecast_4149,2025-06-22 21:00:00,7240.245460875329,6579.487658756738,5635.44482421875
forecast_4150,2025-06-22 22:00:00,6285.005385534318,6245.089116842551,5081.82275390625
forecast_4151,2025-06-22 23:00:00,6014.502913633142,6450.063634286238,5190.443359375
forecast_4152,2025-06-23 00:00:00,5550.593891385541,6324.793257552632,5230.20458984375
forecast_4153,2025-06-23 01:00:00,4173.732973743645,5077.944444732016,4023.603515625
forecast_4154,2025-06-23 02:00:00,3771.8858167450753,4768.060578968143,3892.880859375
forecast_4155,2025-06-23 03:00:00,3840.48013993788,4766.198461710026,3750.6630859375
forecast_4156,2025-06-23 04:00:00,3847.0732881608465,4756.110112366923,3595.555419921875
forecast_4157,2025-06-23 05:00:00,3538.3624601477204,4239.1240335785815,3143.792724609375
forecast_4158,2025-06-23 06:00:00,2215.631010077559,2908.5419405465045,2570.507080078125
forecast_4159,2025-06-23 07:00:00,1603.8946533930516,2156.529101580645,2344.4521484375
forecast_4160,2025-06-23 08:00:00,778.68380470595,1297.7981255416473,1796.53076171875
forecast_4161,2025-06-23 09:00:00,759.9337466370334,1163.0739438910289,1502.5413818359375
forecast_4162,2025-06-23 10:00:00,958.9075307540484,1347.9454280220673,1583.7923583984375
forecast_4163,2025-06-23 11:00:00,913.6179862721694,1458.4955339592825,1678.46923828125
forecast_4164,2025-06-23 12:00:00,915.333707894095,1659.5863202167152,1883.9593505859375
forecast_4165,2025-06-23 13:00:00,1208.6728353368526,1864.546655806163,1983.8740234375
forecast_4166,2025-06-23 14:00:00,1413.4195825315242,2052.570431825886,2068.240478515625
forecast_4167,2025-06-23 15:00:00,1236.2123424383994,1919.1347146353278,2106.009033203125
forecast_4168,2025-06-23 16:00:00,1074.4547238448492,1564.9777506877406,2107.933837890625
forecast_4169,2025-06-23 17:00:00,906.6230463826503,1435.2826060211992,2039.1988525390625
forecast_4170,2025-06-23 18:00:00,1078.2346896626195,1749.433118710453,2175.502685546875
forecast_4171,2025-06-23 19:00:00,918.0176647665702,1665.155772701326,2507.59765625
forecast_4172,2025-06-23 20:00:00,907.5838716532484,1371.5454600358962,2217.42626953125
forecast_4173,2025-06-23 21:00:00,628.7332969173409,1137.7225463347493,1995.4674072265625
forecast_4174,2025-06-23 22:00:00,596.7221183410162,1169.0739564265414,1759.8175048828125
forecast_4175,2025-06-23 23:00:00,973.3854755907219,2259.8374215290396,2708.419677734375
forecast_4176,2025-06-24 00:00:00,1026.73130950387,2536.0034638785087,3154.821533203125
forecast_4177,2025-06-24 01:00:00,1411.3796908318272,2076.626196862126,2186.57666015625
forecast_4178,2025-06-24 02:00:00,1362.1045440891155,2153.3668992441817,2822.709716796875
forecast_4179,2025-06-24 03:00:00,859.5680141398495,1830.3780797856753,2024.4599609375
forecast_4180,2025-06-24 04:00:00,1372.9413891634395,2194.0759426745626,2225.854248046875
forecast_4181,2025-06-24 05:00:00,1544.683667356629,2890.7059957928914,2596.341064453125
forecast_4182,2025-06-24 06:00:00,1724.252976058413,2659.6677252479794,2350.517822265625
forecast_4183,2025-06-24 07:00:00,1819.2917269050545,2593.60151499688,2129.434326171875
forecast_4184,2025-06-24 08:00:00,2450.03712750912,3458.251873043337,2709.809326171875
forecast_4185,2025-06-24 09:00:00,2575.294209175593,3478.6085066235973,2841.297607421875
forecast_4186,2025-06-24 10:00:00,2880.9241144867074,3815.666953584282,3111.276123046875
forecast_4187,2025-06-24 11:00:00,2467.592015227481,3268.538056585104,2888.232421875
forecast_4188,2025-06-24 12:00:00,2747.3660761923,3430.884379533729,3054.61328125
forecast_4189,2025-06-24 13:00:00,2601.4206957587166,3282.2724243413513,3119.787109375
forecast_4190,2025-06-24 14:00:00,2781.6430269662224,3295.4840762778094,2852.085693359375
forecast_4191,2025-06-24 15:00:00,3189.511618262885,3708.094641537613,3040.174072265625
forecast_4192,2025-06-24 16:00:00,2637.869624753112,3260.585487420689,3276.69140625
forecast_4193,2025-06-24 17:00:00,3825.5809321097686,4378.0061793628665,3419.244140625
forecast_4194,2025-06-24 18:00:00,2627.8064365425635,3012.144013193015,2786.423828125
forecast_4195,2025-06-24 19:00:00,3308.890675809525,3912.2865476139286,3298.528076171875
forecast_4196,2025-06-24 20:00:00,4921.052329120407,5652.074435451115,4325.83154296875
forecast_4197,2025-06-24 21:00:00,5505.830816912679,6303.572329294408,4935.59228515625
forecast_4198,2025-06-24 22:00:00,5708.988420647475,6660.0599155512755,5278.431640625
forecast_4199,2025-06-24 23:00:00,5691.324087641608,6595.963788745408,5257.19970703125
forecast_4200,2025-06-25 00:00:00,6439.185448805034,7410.594223744121,5404.4716796875
forecast_4201,2025-06-25 01:00:00,4730.786540064829,5742.077057167174,4211.75830078125
forecast_4202,2025-06-25 02:00:00,4608.585219852919,5455.237377903719,4149.68505859375
forecast_4203,2025-06-25 03:00:00,3320.9626357044845,4099.470885308132,3163.826171875
forecast_4204,2025-06-25 04:00:00,2576.9598755457155,3512.3461960255568,2750.278564453125
forecast_4205,2025-06-25 05:00:00,2812.0226511290525,3813.0543962116276,2911.239013671875
forecast_4206,2025-06-25 06:00:00,3069.2389121232236,4070.526003145967,3138.868408203125
forecast_4207,2025-06-25 07:00:00,2399.8165285622576,3331.948898551976,2711.406982421875
forecast_4208,2025-06-25 08:00:00,2443.807909424264,3390.7548146709687,2750.457763671875
forecast_4209,2025-06-25 09:00:00,2702.8359326699015,3622.9286987675705,2798.887939453125
forecast_4210,2025-06-25 10:00:00,2065.5631453588558,2731.665297124405,2550.2626953125
forecast_4211,2025-06-25 11:00:00,1632.0809149150898,2344.0809249231124,2252.826416015625
forecast_4212,2025-06-25 12:00:00,1712.1009941968625,2510.4031438404845,2268.804443359375
forecast_4213,2025-06-25 13:00:00,1640.8782835921406,2367.2344230673634,2385.751708984375
forecast_4214,2025-06-25 14:00:00,1425.8851363259002,2137.3117092922744,2299.965087890625
forecast_4215,2025-06-25 15:00:00,1122.0875826521788,1728.8932577180715,2014.5816650390625
forecast_4216,2025-06-25 16:00:00,1005.2667727190367,1567.9983429639997,1880.5853271484375
forecast_4217,2025-06-25 17:00:00,1504.0743081975925,1887.578961297275,2162.779052734375
forecast_4218,2025-06-25 18:00:00,1596.1729008464981,2029.2493086426362,2321.108642578125
forecast_4219,2025-06-25 19:00:00,1464.4075394876718,2005.6452415718568,2248.032958984375
forecast_4220,2025-06-25 20:00:00,1946.0394470050219,2767.404622078673,2751.2587890625
forecast_4221,2025-06-25 21:00:00,2403.4094712010806,3357.2079801486284,3201.000732421875
forecast_4222,2025-06-25 22:00:00,3024.039256295703,4139.002159943994,3583.864990234375
forecast_4223,2025-06-25 23:00:00,4355.600793680809,5841.819606907619,4540.3154296875
forecast_4224,2025-06-26 00:00:00,5581.263830688922,6564.742572301217,4799.3828125
forecast_4225,2025-06-26 01:00:00,8963.894584205365,9968.133708942958,7137.62255859375
forecast_4226,2025-06-26 02:00:00,11294.402212232591,13008.738599387601,10591.0029296875
forecast_4227,2025-06-26 03:00:00,14171.960644564884,15243.131905078346,13191.4111328125
forecast_4228,2025-06-26 04:00:00,13733.119701337193,14261.056063353288,12702.2265625
forecast_4229,2025-06-26 05:00:00,13920.47330425277,14215.307577249707,12635.2802734375
forecast_4230,2025-06-26 06:00:00,14387.601520674823,14621.158250480537,12657.5869140625
forecast_4231,2025-06-26 07:00:00,13081.940034774327,13542.957339401888,11588.31640625
forecast_4232,2025-06-26 08:00:00,12537.110729814643,12973.72961458995,10543.0244140625
forecast_4233,2025-06-26 09:00:00,11975.875083203222,12297.15701849429,9679.328125
forecast_4234,2025-06-26 10:00:00,9584.538783552827,9837.47576480309,7644.00537109375
forecast_4235,2025-06-26 11:00:00,6831.8649744377035,6966.6316724954195,5333.50537109375
forecast_4236,2025-06-26 12:00:00,6499.92491355368,6386.013176410452,4637.07958984375
forecast_4237,2025-06-26 13:00:00,6152.927910536294,5759.114737691592,4226.28125
forecast_4238,2025-06-26 14:00:00,5262.482838826207,4906.359119549295,3786.829345703125
forecast_4239,2025-06-26 15:00:00,6520.3164265164,6176.260012959228,4578.66259765625
forecast_4240,2025-06-26 16:00:00,6107.636547585714,5702.256936092694,4516.11328125
forecast_4241,2025-06-26 17:00:00,5316.472364520134,5361.309032103886,4499.986328125
forecast_4242,2025-06-26 18:00:00,5612.579229048801,5488.603218891751,4631.42578125
forecast_4243,2025-06-26 19:00:00,6146.240804348094,5810.0004775129455,4907.578125
forecast_4244,2025-06-26 20:00:00,6599.096241581673,6565.466124250976,5748.46923828125
forecast_4245,2025-06-26 21:00:00,6038.850071957978,6316.710756443854,5433.29150390625
forecast_4246,2025-06-26 22:00:00,5402.690689835906,6099.127642758942,5434.70703125
forecast_4247,2025-06-26 23:00:00,4825.272946357595,5757.444457777431,5267.830078125
forecast_4248,2025-06-27 00:00:00,4996.85090554739,6001.814594510671,5017.802734375
forecast_4249,2025-06-27 01:00:00,5369.426330607337,6319.532703211243,4946.91162109375
forecast_4250,2025-06-27 02:00:00,4817.080779883025,5759.412511382374,4321.283203125
forecast_4251,2025-06-27 03:00:00,4955.082067922396,6004.633726782049,4160.18017578125
forecast_4252,2025-06-27 04:00:00,5834.406320193417,6528.729460463509,4407.89990234375
forecast_4253,2025-06-27 05:00:00,5130.383841908934,5832.526544876273,4231.46533203125
forecast_4254,2025-06-27 06:00:00,3814.907539700389,4567.603594947229,3498.155029296875
forecast_4255,2025-06-27 07:00:00,3345.058296785789,4200.476897082588,3298.806640625
forecast_4256,2025-06-27 08:00:00,2930.84598456588,3313.0160657007204,2764.328369140625
forecast_4257,2025-06-27 09:00:00,1590.3628958770137,1805.4422534435466,2269.099609375
forecast_4258,2025-06-27 10:00:00,1465.1507825929443,1673.57139239514,1994.8460693359375
forecast_4259,2025-06-27 11:00:00,779.6134414881687,829.4021409984473,1352.5546875
forecast_4260,2025-06-27 12:00:00,803.0207019738153,1043.543187191538,1446.6558837890625
forecast_4261,2025-06-27 13:00:00,1188.4141984469502,1493.3463702262795,1784.2652587890625
forecast_4262,2025-06-27 14:00:00,1543.7933982661727,1439.2532486284092,2328.441650390625
forecast_4263,2025-06-27 15:00:00,2068.9024709180085,2318.3423587971765,2545.765625
forecast_4264,2025-06-27 16:00:00,1445.641757863843,2184.610732128479,2680.26171875
forecast_4265,2025-06-27 17:00:00,1237.5371790170077,1945.8970328315163,2408.5888671875
forecast_4266,2025-06-27 18:00:00,1630.8507188534861,1981.342254632735,2367.115966796875
forecast_4267,2025-06-27 19:00:00,1320.5910679035426,1970.6308363041533,2470.730712890625
forecast_4268,2025-06-27 20:00:00,1225.570581924154,2076.894594031106,2737.855224609375
forecast_4269,2025-06-27 21:00:00,2555.231816470192,3784.604302540948,3754.6201171875
forecast_4270,2025-06-27 22:00:00,4883.757410160146,6203.310720811613,5077.3974609375
forecast_4271,2025-06-27 23:00:00,5561.736586194016,7136.44371983504,5631.62890625
forecast_4272,2025-06-28 00:00:00,6143.42683083725,7241.996903105486,5812.43310546875
forecast_4273,2025-06-28 01:00:00,8245.652546201502,9308.32844303059,7852.57470703125
forecast_4274,2025-06-28 02:00:00,9259.465066196128,9994.41408878464,7657.861328125
forecast_4275,2025-06-28 03:00:00,10892.713643923531,11949.861384838463,9357.109375
forecast_4276,2025-06-28 04:00:00,12271.801951024649,12886.912539815701,10627.8544921875
forecast_4277,2025-06-28 05:00:00,12755.65253432331,13076.34422835919,10924.1025390625
forecast_4278,2025-06-28 06:00:00,10078.376781911837,11028.127329725648,9064.8759765625
forecast_4279,2025-06-28 07:00:00,9846.014622867257,10539.761514112291,7668.31640625
forecast_4280,2025-06-28 08:00:00,5333.6598494991895,6442.9156008732625,5551.591796875
forecast_4281,2025-06-28 09:00:00,3960.2589734517196,4883.3740491126,3827.25
forecast_4282,2025-06-28 10:00:00,3522.873651368158,4513.774246525057,3687.271484375
forecast_4283,2025-06-28 11:00:00,2172.117723684089,2804.7339149808586,2814.8798828125
forecast_4284,2025-06-28 12:00:00,1229.4895759290162,1554.5141817721512,2141.784912109375
forecast_4285,2025-06-28 13:00:00,1107.2221463463202,1286.4378476978243,1710.01953125
forecast_4286,2025-06-28 14:00:00,1601.8675230482772,2011.413504651361,2596.978271484375
forecast_4287,2025-06-28 15:00:00,2721.017918862099,3245.1489669510484,4573.28466796875
forecast_4288,2025-06-28 16:00:00,1878.8021774091276,2570.212012545929,2836.803466796875
forecast_4289,2025-06-28 17:00:00,2252.2136553138266,2775.047232800962,2808.499755859375
forecast_4290,2025-06-28 18:00:00,3862.885094259364,5141.342158290861,4060.54296875
forecast_4291,2025-06-28 19:00:00,4921.2098874355615,5993.447657898784,4766.974609375
forecast_4292,2025-06-28 20:00:00,6276.332263797489,7113.292760926902,5533.73681640625
forecast_4293,2025-06-28 21:00:00,7948.3875785321225,9379.183583428705,7399.28662109375
forecast_4294,2025-06-28 22:00:00,6619.256015905333,7831.984265728664,6170.712890625
forecast_4295,2025-06-28 23:00:00,6387.64675268145,7667.334074627688,5599.83203125
forecast_4296,2025-06-29 00:00:00,6296.564810024729,8007.221999081989,5957.26806640625
forecast_4297,2025-06-29 01:00:00,9414.82680459256,11210.447492728223,8582.1123046875
forecast_4298,2025-06-29 02:00:00,9284.20140595968,10784.400753625823,8373.0537109375
forecast_4299,2025-06-29 03:00:00,11213.004038977651,12803.860355482238,10429.7275390625
forecast_4300,2025-06-29 04:00:00,12216.246932883842,14055.26172739999,12395.5302734375
forecast_4301,2025-06-29 05:00:00,13481.872246258528,14877.12878100797,13916.3779296875
forecast_4302,2025-06-29 06:00:00,14162.636897312612,14584.633259361592,13268.6259765625
forecast_4303,2025-06-29 07:00:00,12346.9847350263,13022.95231416652,11406.8544921875
forecast_4304,2025-06-29 08:00:00,12028.414438945532,12386.531258417363,10521.3994140625
forecast_4305,2025-06-29 09:00:00,8908.621848787061,8942.903589546277,7289.92822265625
forecast_4306,2025-06-29 10:00:00,5955.410618724806,5928.809101686964,4908.509765625
forecast_4307,2025-06-29 11:00:00,3838.3841026552927,4222.879136292501,3773.942138671875
forecast_4308,2025-06-29 12:00:00,3654.962651748697,4049.0934880900654,3820.570556640625
forecast_4309,2025-06-29 13:00:00,3246.298581464723,3193.758233234552,2970.810546875
forecast_4310,2025-06-29 14:00:00,3528.60231779563,3387.830918068402,3039.327392578125
forecast_4311,2025-06-29 15:00:00,3714.6088660339155,3421.317307792183,3204.4384765625
forecast_4312,2025-06-29 16:00:00,4389.9600611374335,4111.38564538263,3495.852294921875
forecast_4313,2025-06-29 17:00:00,4533.381876813444,4415.9374065070415,3731.310791015625
forecast_4314,2025-06-29 18:00:00,4549.467664092121,4291.95010188185,3740.491455078125
forecast_4315,2025-06-29 19:00:00,5284.716949861157,5170.716463802279,4411.544921875
forecast_4316,2025-06-29 20:00:00,6158.631954133067,6848.996520133493,5716.96044921875
forecast_4317,2025-06-29 21:00:00,8007.178746442658,9145.880819631242,7451.35400390625
forecast_4318,2025-06-29 22:00:00,9793.306539950974,10722.336709683668,9023.4287109375
forecast_4319,2025-06-29 23:00:00,11797.351029187012,13198.834332190454,11737.7265625
forecast_4320,2025-06-30 00:00:00,12135.581199436607,12913.380274195431,11328.9169921875
forecast_4321,2025-06-30 01:00:00,7640.721957982895,9030.109994394043,6370.5
forecast_4322,2025-06-30 02:00:00,7022.197929146669,8441.634445776868,5810.806640625
forecast_4323,2025-06-30 03:00:00,6696.2326681705445,8442.565772744465,5646.826171875
forecast_4324,2025-06-30 04:00:00,7867.337040578143,9879.174000688408,7150.736328125
forecast_4325,2025-06-30 05:00:00,8981.807220154846,10644.519741826502,8089.1953125
forecast_4326,2025-06-30 06:00:00,10322.516594033872,11531.657477627372,8726.7958984375
forecast_4327,2025-06-30 07:00:00,7591.815929636243,8752.125262437869,6779.13525390625
forecast_4328,2025-06-30 08:00:00,6950.493156269936,8004.64726252627,5963.60498046875
forecast_4329,2025-06-30 09:00:00,4981.150001003496,5761.212823867358,4635.3369140625
forecast_4330,2025-06-30 10:00:00,3803.656935545247,3979.2885668672825,3545.353515625
forecast_4331,2025-06-30 11:00:00,2585.4940450331383,2713.3623237701577,2769.90625
forecast_4332,2025-06-30 12:00:00,2455.0799178751495,2838.2770694106366,2779.543701171875
forecast_4333,2025-06-30 13:00:00,4181.684609318561,4178.026365002563,4039.740478515625
forecast_4334,2025-06-30 14:00:00,5212.597078813731,6063.940312031384,5643.80810546875
forecast_4335,2025-06-30 15:00:00,6045.930208626543,6899.026662324242,6023.88427734375
forecast_4336,2025-06-30 16:00:00,7760.529463188295,7771.550015370332,6843.427734375
forecast_4337,2025-06-30 17:00:00,7966.231615403108,7656.307589745742,6566.490234375
forecast_4338,2025-06-30 18:00:00,9213.87286678277,8084.929728989602,6860.43505859375
forecast_4339,2025-06-30 19:00:00,9639.629271081769,10222.16302414207,9114.7451171875
forecast_4340,2025-06-30 20:00:00,11703.762048547285,12337.67218989036,11385.83203125
forecast_4341,2025-06-30 21:00:00,12685.067551105243,12914.318512306032,11863.421875
forecast_4342,2025-06-30 22:00:00,13649.026859753356,14275.9635835894,13759.6787109375
forecast_4343,2025-06-30 23:00:00,14147.259414477094,15004.857937585653,14638.1826171875
forecast_4344,2025-07-01 00:00:00,13813.124174532628,14100.259047667525,12335.6572265625
forecast_4345,2025-07-01 01:00:00,10749.744118469222,12215.00245059239,9178.9326171875
forecast_4346,2025-07-01 02:00:00,10487.071159485493,11351.344774161864,8212.3798828125
forecast_4347,2025-07-01 03:00:00,10874.15440639176,11917.557650167819,8600.9287109375
forecast_4348,2025-07-01 04:00:00,11331.03936129556,12338.696178270064,9090.048828125
forecast_4349,2025-07-01 05:00:00,12771.87939728234,13817.858883147292,11039.78515625
forecast_4350,2025-07-01 06:00:00,12694.129204907975,13001.365646045062,10397.58984375
forecast_4351,2025-07-01 07:00:00,9630.63574072802,10164.480418922485,7887.33984375
forecast_4352,2025-07-01 08:00:00,8769.148335910437,9877.010178862776,7480.791015625
forecast_4353,2025-07-01 09:00:00,7807.717294627059,8045.914269661699,6023.73095703125
forecast_4354,2025-07-01 10:00:00,7840.791567464262,7724.6015079759145,5920.443359375
forecast_4355,2025-07-01 11:00:00,7918.128219297997,7760.179763653316,6105.693359375
forecast_4356,2025-07-01 12:00:00,8513.495992328488,8391.930841594674,6849.34326171875
forecast_4357,2025-07-01 13:00:00,8598.50541332114,8061.510868381018,6473.18017578125
forecast_4358,2025-07-01 14:00:00,7743.811232053668,7350.81186004761,5706.728515625
forecast_4359,2025-07-01 15:00:00,7013.247105032792,6806.8559766335065,5116.77978515625
forecast_4360,2025-07-01 16:00:00,5861.2205173646635,6112.7502082885685,4814.27587890625
forecast_4361,2025-07-01 17:00:00,6235.735045785505,6144.151513013767,4670.81298828125
forecast_4362,2025-07-01 18:00:00,6377.794041211061,6103.462369842724,4757.4443359375
forecast_4363,2025-07-01 19:00:00,8132.986561644771,7896.938829290444,5892.13818359375
forecast_4364,2025-07-01 20:00:00,9517.336381890123,9426.798143357857,7400.66796875
forecast_4365,2025-07-01 21:00:00,10854.179167650156,11570.951626319027,9404.5048828125
forecast_4366,2025-07-01 22:00:00,10787.875632364357,11193.097566709772,9179.1923828125
forecast_4367,2025-07-01 23:00:00,12784.787370678929,13855.504874407892,11609.1279296875
forecast_4368,2025-07-02 00:00:00,14669.45230104857,15940.11865700653,14696.4794921875
forecast_4369,2025-07-02 01:00:00,16075.832817694074,16314.205295033342,14556.2705078125
forecast_4370,2025-07-02 02:00:00,16784.47575768861,17080.951931799493,15442.63671875
forecast_4371,2025-07-02 03:00:00,17220.794096898528,17041.10786451507,16051.7265625
forecast_4372,2025-07-02 04:00:00,16642.848768438416,16625.154655084454,15320.9638671875
forecast_4373,2025-07-02 05:00:00,16396.600700188348,16288.371785462085,14446.6640625
forecast_4374,2025-07-02 06:00:00,15974.247439327073,16107.666024124523,14459.0625
forecast_4375,2025-07-02 07:00:00,15656.533621132074,15818.407297966329,13879.2451171875
forecast_4376,2025-07-02 08:00:00,14637.815725828716,15385.136104247382,13734.3798828125
forecast_4377,2025-07-02 09:00:00,11882.623887018703,12005.900433136037,9836.5537109375
forecast_4378,2025-07-02 10:00:00,9527.811592024656,9219.78231966103,7332.03369140625
forecast_4379,2025-07-02 11:00:00,7571.0535629863425,7168.4974238280265,5498.57373046875
forecast_4380,2025-07-02 12:00:00,6885.908064599553,6643.688141211724,5337.86865234375
forecast_4381,2025-07-02 13:00:00,6543.856274070789,6531.318273057996,5242.70556640625
forecast_4382,2025-07-02 14:00:00,6054.509918111354,5912.322887562501,4556.9140625
forecast_4383,2025-07-02 15:00:00,6260.867825173486,6025.725777017049,5131.75732421875
forecast_4384,2025-07-02 16:00:00,5230.102576993575,4809.520197504439,3913.041748046875
forecast_4385,2025-07-02 17:00:00,4589.768300387745,4422.593873938016,4058.216796875
forecast_4386,2025-07-02 18:00:00,4385.573780860881,4039.459275527834,3228.802978515625
forecast_4387,2025-07-02 19:00:00,4281.852440653307,4290.723727611973,3449.421142578125
forecast_4388,2025-07-02 20:00:00,4960.22434015109,5572.66606729543,4333.25537109375
forecast_4389,2025-07-02 21:00:00,7018.795498443823,7761.997296261132,5649.115234375
forecast_4390,2025-07-02 22:00:00,8174.265545561751,9484.93266115857,7230.91552734375
forecast_4391,2025-07-02 23:00:00,9655.120545120375,10596.184808557251,8276.10546875
forecast_4392,2025-07-03 00:00:00,10607.06943529637,11463.393116894425,9176.154296875
forecast_4393,2025-07-03 01:00:00,11835.925904740601,12548.254347644177,9772.212890625
forecast_4394,2025-07-03 02:00:00,13220.79486297565,13846.300516192649,10961.0498046875
forecast_4395,2025-07-03 03:00:00,14368.417557839435,14853.77318218253,12021.4873046875
forecast_4396,2025-07-03 04:00:00,14942.771954459153,14820.809023166079,11951.0
forecast_4397,2025-07-03 05:00:00,15499.42290451849,15333.431218108377,12531.2265625
forecast_4398,2025-07-03 06:00:00,15403.18080616253,15266.616745379371,12763.4140625
forecast_4399,2025-07-03 07:00:00,13686.988378094791,14071.80329731445,11796.1435546875
forecast_4400,2025-07-03 08:00:00,13288.629642627215,14072.217012954723,12056.50390625
forecast_4401,2025-07-03 09:00:00,14281.46489435912,14536.523771862296,12745.7177734375
forecast_4402,2025-07-03 10:00:00,11531.126874970476,11983.926421229566,10301.4658203125
forecast_4403,2025-07-03 11:00:00,9867.693542861734,9502.671169297715,7745.271484375
forecast_4404,2025-07-03 12:00:00,8664.64520118738,8407.359731728797,6927.53759765625
forecast_4405,2025-07-03 13:00:00,8885.149470624412,8426.204509368847,6720.23193359375
forecast_4406,2025-07-03 14:00:00,9741.083361560733,9579.906736190787,7797.72021484375
forecast_4407,2025-07-03 15:00:00,10248.761042496397,10199.729893171982,8420.4267578125
forecast_4408,2025-07-03 16:00:00,10688.818423127253,10490.921808961208,9028.1083984375
forecast_4409,2025-07-03 17:00:00,9871.65823614409,9338.428462468226,8469.1005859375
forecast_4410,2025-07-03 18:00:00,9502.449431424257,9361.602056142538,8251.3955078125
forecast_4411,2025-07-03 19:00:00,12095.905050678422,11661.834377543582,10313.71875
forecast_4412,2025-07-03 20:00:00,14424.433378082045,14224.744413722052,13324.4111328125
forecast_4413,2025-07-03 21:00:00,14522.9749587452,14588.541916649174,14648.5263671875
forecast_4414,2025-07-03 22:00:00,15038.171345841043,14411.800096991796,13613.2470703125
forecast_4415,2025-07-03 23:00:00,15858.8164465182,15770.859212257683,14519.375
forecast_4416,2025-07-04 00:00:00,16760.163687077424,16783.262942235684,15735.5361328125
forecast_4417,2025-07-04 01:00:00,16604.32750487577,16483.20068271332,15250.2392578125
forecast_4418,2025-07-04 02:00:00,17059.29660121337,17357.066241855227,16153.5185546875
forecast_4419,2025-07-04 03:00:00,17912.365808181996,18269.942230036417,17602.220703125
forecast_4420,2025-07-04 04:00:00,18652.60921840174,18522.048449717797,18386.248046875
forecast_4421,2025-07-04 05:00:00,19234.770009828153,19036.06808047022,18863.755859375
forecast_4422,2025-07-04 06:00:00,18849.800911841074,18526.25021375691,18610.763671875
forecast_4423,2025-07-04 07:00:00,18816.516268090854,18706.266106820647,18446.955078125
forecast_4424,2025-07-04 08:00:00,18564.458588244663,18651.062168071578,18314.404296875
forecast_4425,2025-07-04 09:00:00,17982.137290303042,18096.530638137523,17711.4921875
forecast_4426,2025-07-04 10:00:00,17493.773877057894,17783.35066670106,17351.9453125
forecast_4427,2025-07-04 11:00:00,17450.119191575883,17650.386001240906,17054.328125
forecast_4428,2025-07-04 12:00:00,16587.233142648474,16831.919808797917,16491.419921875
forecast_4429,2025-07-04 13:00:00,16545.419223878474,16819.729980464133,16618.453125
forecast_4430,2025-07-04 14:00:00,16065.258546664003,16355.520250501198,15864.9560546875
forecast_4431,2025-07-04 15:00:00,16092.978310657292,16599.182311829478,16042.890625
forecast_4432,2025-07-04 16:00:00,15179.781999125706,15852.183926892816,15365.72265625
forecast_4433,2025-07-04 17:00:00,16573.873481484385,17139.659531456673,16847.041015625
forecast_4434,2025-07-04 18:00:00,16164.317510336892,16710.602204500105,16480.546875
forecast_4435,2025-07-04 19:00:00,17263.797983442426,17331.14215424476,17332.923828125
forecast_4436,2025-07-04 20:00:00,18145.766685067465,18000.095484498364,18190.810546875
forecast_4437,2025-07-04 21:00:00,17858.809402145933,17969.422914466293,18486.01171875
forecast_4438,2025-07-04 22:00:00,18902.371162470317,18651.372689644315,18839.349609375
forecast_4439,2025-07-04 23:00:00,19063.98605693035,18749.67505861906,19018.6328125
forecast_4440,2025-07-05 00:00:00,18609.754995002462,18441.389830930275,18820.052734375
forecast_4441,2025-07-05 01:00:00,17264.200460678374,17504.84635919158,17258.353515625
forecast_4442,2025-07-05 02:00:00,17044.313408288443,17426.999019533094,17406.40625
forecast_4443,2025-07-05 03:00:00,17376.879895673395,17284.51898485231,17100.298828125
forecast_4444,2025-07-05 04:00:00,17348.69268838738,17127.090741539665,16664.80078125
forecast_4445,2025-07-05 05:00:00,17768.493125085246,17566.67477325786,16954.755859375
forecast_4446,2025-07-05 06:00:00,17105.514243729944,16802.226203669856,16059.4248046875
forecast_4447,2025-07-05 07:00:00,16363.3723584037,16750.291099025013,15826.6435546875
forecast_4448,2025-07-05 08:00:00,15572.163669484502,15733.136477371583,14539.7216796875
forecast_4449,2025-07-05 09:00:00,13434.04139656335,13753.140125906608,12148.48046875
forecast_4450,2025-07-05 10:00:00,12373.768712077233,13017.179525587799,11447.4443359375
forecast_4451,2025-07-05 11:00:00,10141.316505434912,10633.00407229779,9634.6630859375
forecast_4452,2025-07-05 12:00:00,9040.602591741535,9455.351658498323,8768.2978515625
forecast_4453,2025-07-05 13:00:00,10768.912638636588,10620.062527662454,9103.0791015625
forecast_4454,2025-07-05 14:00:00,11151.81772822635,11021.966215587661,9898.2900390625
forecast_4455,2025-07-05 15:00:00,11733.02846296325,11608.185320098797,10286.0
forecast_4456,2025-07-05 16:00:00,11664.314748824274,11791.154173632207,11092.1767578125
forecast_4457,2025-07-05 17:00:00,11601.42926457492,11411.428090615449,11008.3935546875
forecast_4458,2025-07-05 18:00:00,11050.43969205999,10826.399760719807,10542.2607421875
forecast_4459,2025-07-05 19:00:00,13207.648352615395,12402.820494726504,11611.546875
forecast_4460,2025-07-05 20:00:00,15544.686174181881,15169.837804635772,14679.1982421875
forecast_4461,2025-07-05 21:00:00,16591.339146750644,16617.099035496114,16420.9765625
forecast_4462,2025-07-05 22:00:00,17141.743700567167,17388.644011610846,17449.658203125
forecast_4463,2025-07-05 23:00:00,17929.248555501355,17682.841998606804,17984.142578125
forecast_4464,2025-07-06 00:00:00,18339.55737926391,17716.753631452135,17949.9609375
forecast_4465,2025-07-06 01:00:00,19199.982324807053,18399.01498255612,18222.67578125
forecast_4466,2025-07-06 02:00:00,19407.55800333521,18505.98953399274,18230.857421875
forecast_4467,2025-07-06 03:00:00,19323.964700741428,18461.895994381175,18187.548828125
forecast_4468,2025-07-06 04:00:00,19384.706415893346,18639.122408980787,18396.251953125
forecast_4469,2025-07-06 05:00:00,19281.656429296738,18520.968243431005,18172.876953125
forecast_4470,2025-07-06 06:00:00,19069.115030273126,18609.359045546735,18392.224609375
forecast_4471,2025-07-06 07:00:00,18097.27099114922,17733.98893194581,17403.02734375
forecast_4472,2025-07-06 08:00:00,16729.133929007334,16603.577663448366,16199.7705078125
forecast_4473,2025-07-06 09:00:00,14405.47480956659,14633.923228010815,13931.69140625
forecast_4474,2025-07-06 10:00:00,11827.074144704893,11981.706926744759,10797.9755859375
forecast_4475,2025-07-06 11:00:00,9180.85204735611,9384.650972292886,8267.56640625
forecast_4476,2025-07-06 12:00:00,7928.894497072083,7687.3516313384225,6403.29931640625
forecast_4477,2025-07-06 13:00:00,6110.9542523398895,5824.146849238739,4963.35986328125
forecast_4478,2025-07-06 14:00:00,5215.997856872456,5295.355036557696,4695.06591796875
forecast_4479,2025-07-06 15:00:00,4885.024882373819,5010.034447251982,4626.17822265625
forecast_4480,2025-07-06 16:00:00,4306.617887368016,4126.238971904069,3819.513671875
forecast_4481,2025-07-06 17:00:00,4107.835066325124,3962.4719718700408,3703.189208984375
forecast_4482,2025-07-06 18:00:00,4845.01428626569,4679.665481893087,4171.0234375
forecast_4483,2025-07-06 19:00:00,6953.497214620215,6738.658263224424,5526.916015625
forecast_4484,2025-07-06 20:00:00,8875.908421073806,8826.8419547834,7365.75
forecast_4485,2025-07-06 21:00:00,10478.801647653905,10477.679925323257,8864.4951171875
forecast_4486,2025-07-06 22:00:00,10887.695417520765,10481.825808102729,9074.7958984375
forecast_4487,2025-07-06 23:00:00,11593.976149273767,11825.98942330567,10675.4130859375
forecast_4488,2025-07-07 00:00:00,11477.170649617301,11509.278163104227,10691.5673828125
forecast_4489,2025-07-07 01:00:00,10932.599152429066,10919.182776713364,9402.5849609375
forecast_4490,2025-07-07 02:00:00,11435.636466143029,11595.670995420069,10022.7197265625
forecast_4491,2025-07-07 03:00:00,11613.613859698326,11580.843181932214,9670.328125
forecast_4492,2025-07-07 04:00:00,9339.134196091607,9590.848867397062,7547.72607421875
forecast_4493,2025-07-07 05:00:00,4385.351245129666,5491.542731254799,4827.78271484375
forecast_4494,2025-07-07 06:00:00,2914.8892451141523,3791.0229893025066,3198.548095703125
forecast_4495,2025-07-07 07:00:00,2217.9356866102926,2770.336428868278,2674.079345703125
forecast_4496,2025-07-07 08:00:00,1161.605294266557,1685.9965989164482,2169.676025390625
forecast_4497,2025-07-07 09:00:00,618.0698977720516,969.822836919763,1644.9820556640625
forecast_4498,2025-07-07 10:00:00,705.1764882745383,1160.9853675130955,1633.6563720703125
forecast_4499,2025-07-07 11:00:00,822.9513100592454,1289.5528854778295,1596.5174560546875
forecast_4500,2025-07-07 12:00:00,832.2095194172283,1417.5232319550553,1843.0433349609375
forecast_4501,2025-07-07 13:00:00,963.7241012559938,1641.8210328237376,2162.555908203125
forecast_4502,2025-07-07 14:00:00,1237.6113317179293,1867.1597607086148,2106.395263671875
forecast_4503,2025-07-07 15:00:00,1349.6719368496465,1936.5987441644018,2226.966552734375
forecast_4504,2025-07-07 16:00:00,1208.9340040993702,1871.5015643252682,2256.58154296875
forecast_4505,2025-07-07 17:00:00,1422.7823066755996,2079.5587339146796,2421.243896484375
forecast_4506,2025-07-07 18:00:00,1612.2068133433224,2288.847541037385,2542.418212890625
forecast_4507,2025-07-07 19:00:00,1574.6962490656938,2392.225032984507,2631.988525390625
forecast_4508,2025-07-07 20:00:00,1377.4239444592054,2232.2568236157817,2737.681396484375
forecast_4509,2025-07-07 21:00:00,1358.646363146057,1916.0971236611115,2301.290771484375
forecast_4510,2025-07-07 22:00:00,1372.5607412465033,1870.5818810325525,2228.845703125
forecast_4511,2025-07-07 23:00:00,1518.0450323965083,2172.9713609014143,2403.4794921875
forecast_4512,2025-07-08 00:00:00,1423.2952471700723,2051.546809917295,2247.802001953125
forecast_4513,2025-07-08 01:00:00,1462.430904238527,1958.3774377716607,1928.5369873046875
forecast_4514,2025-07-08 02:00:00,978.305006679719,1581.1996533962167,1627.73828125
forecast_4515,2025-07-08 03:00:00,1101.262190349611,1738.658376940704,1897.9310302734375
forecast_4516,2025-07-08 04:00:00,1033.7127302019437,1523.627032920152,1741.3896484375
forecast_4517,2025-07-08 05:00:00,950.7294554236961,1500.283674791467,1828.1064453125
forecast_4518,2025-07-08 06:00:00,986.2496029939614,1524.6018658351481,1740.1243896484375
forecast_4519,2025-07-08 07:00:00,972.6020087536888,1629.2529872729083,1919.3223876953125
forecast_4520,2025-07-08 08:00:00,999.6773023471796,1760.8898404869524,2093.023193359375
forecast_4521,2025-07-08 09:00:00,900.1741955565795,1674.081049190271,2224.978515625
forecast_4522,2025-07-08 10:00:00,972.7777880087383,1749.2708315288548,2032.5517578125
forecast_4523,2025-07-08 11:00:00,860.2533192269075,1549.718272549435,2030.1529541015625
forecast_4524,2025-07-08 12:00:00,1064.2343825004307,1677.7478631252488,2057.012939453125
forecast_4525,2025-07-08 13:00:00,1614.578339734881,2195.20872522467,2476.673583984375
forecast_4526,2025-07-08 14:00:00,1283.2595535049636,1739.634378288038,1984.6263427734375
forecast_4527,2025-07-08 15:00:00,1336.5360454530005,1769.7457379479822,2178.4853515625
forecast_4528,2025-07-08 16:00:00,1387.05861576168,1785.1466076924821,2114.144287109375
forecast_4529,2025-07-08 17:00:00,1013.4309244658788,1680.881807034283,2103.239013671875
forecast_4530,2025-07-08 18:00:00,1379.8530805222892,2152.1859697715877,2607.450927734375
forecast_4531,2025-07-08 19:00:00,1377.39815012328,2075.643165335118,2631.079345703125
forecast_4532,2025-07-08 20:00:00,1275.3004920354856,2047.0013931880628,2682.432373046875
forecast_4533,2025-07-08 21:00:00,1384.914153664907,2112.1153895043835,2654.9970703125
forecast_4534,2025-07-08 22:00:00,1535.034841806214,2208.09688685936,2536.185302734375
forecast_4535,2025-07-08 23:00:00,1802.8745926557679,2602.166265579531,2687.992431640625
forecast_4536,2025-07-09 00:00:00,1816.8939690756501,2667.7909229921706,2602.055419921875
forecast_4537,2025-07-09 01:00:00,1522.425519864998,2593.823120871454,2528.0244140625
forecast_4538,2025-07-09 02:00:00,1614.315242766398,2683.24655909225,2488.470947265625
forecast_4539,2025-07-09 03:00:00,1595.5416498826935,2532.5086965426653,2322.129150390625
forecast_4540,2025-07-09 04:00:00,1690.8092132758097,2612.5909129654738,2283.055419921875
forecast_4541,2025-07-09 05:00:00,1863.8991419712365,2803.215717365091,2407.12939453125
forecast_4542,2025-07-09 06:00:00,1657.016318374411,2598.334658885824,2191.511962890625
forecast_4543,2025-07-09 07:00:00,1721.127131103758,2713.505357453595,2348.02587890625
forecast_4544,2025-07-09 08:00:00,1723.6602601197492,2717.5000535898903,2414.388671875
forecast_4545,2025-07-09 09:00:00,1670.5405077406936,2523.294468492969,2401.328125
forecast_4546,2025-07-09 10:00:00,1641.647450498339,2321.9663968621135,2290.86962890625
forecast_4547,2025-07-09 11:00:00,1464.1780204928232,2148.3062837114076,2219.444580078125
forecast_4548,2025-07-09 12:00:00,1195.6146165420641,2049.6289748021272,2292.1044921875
forecast_4549,2025-07-09 13:00:00,1333.14466125488,2133.171624880447,2441.195068359375
forecast_4550,2025-07-09 14:00:00,1563.663193401216,2337.524465014777,2669.907958984375
forecast_4551,2025-07-09 15:00:00,1620.2388060547532,2202.1612146827174,2598.067138671875
forecast_4552,2025-07-09 16:00:00,1582.4076923404373,2144.601090512105,2565.4345703125
forecast_4553,2025-07-09 17:00:00,1561.001536750907,2248.2685655780165,2601.049072265625
forecast_4554,2025-07-09 18:00:00,1941.7026063576436,2880.6613179640494,2930.169189453125
forecast_4555,2025-07-09 19:00:00,1829.6881230236975,2624.9963253674377,2948.247802734375
forecast_4556,2025-07-09 20:00:00,2083.5659271179566,2954.1018746392147,3135.687255859375
forecast_4557,2025-07-09 21:00:00,2899.594268165867,3652.7649129855627,3256.143310546875
forecast_4558,2025-07-09 22:00:00,3169.4064923216124,3867.950948984263,3409.584716796875
forecast_4559,2025-07-09 23:00:00,3518.887537291311,4243.85193578945,3559.765380859375
forecast_4560,2025-07-10 00:00:00,3561.584597693959,4296.083124323108,3489.658203125
forecast_4561,2025-07-10 01:00:00,3573.0536822222575,4258.114312432179,3305.01953125
forecast_4562,2025-07-10 02:00:00,3395.1410018962247,4154.019801124633,3141.481689453125
forecast_4563,2025-07-10 03:00:00,3197.127985889657,4080.014903385188,3176.915771484375
forecast_4564,2025-07-10 04:00:00,3216.77783039828,4309.390136044138,3136.569091796875
forecast_4565,2025-07-10 05:00:00,4269.757114858941,5258.5886033429115,3653.0009765625
forecast_4566,2025-07-10 06:00:00,4567.625152310937,5530.821787585224,3823.4267578125
forecast_4567,2025-07-10 07:00:00,4736.911330015496,5867.052616637202,4280.22021484375
forecast_4568,2025-07-10 08:00:00,5932.142761793693,6891.103819627417,4889.34423828125
forecast_4569,2025-07-10 09:00:00,6159.604786191407,7193.502185751413,5381.25341796875
forecast_4570,2025-07-10 10:00:00,5817.4808875091885,6314.192089709766,4802.72509765625
forecast_4571,2025-07-10 11:00:00,5510.745790594922,5845.112295074676,4417.44775390625
forecast_4572,2025-07-10 12:00:00,5179.087406950644,5489.432787174501,4142.05810546875
forecast_4573,2025-07-10 13:00:00,4711.596973578342,4933.561710959493,3678.718505859375
forecast_4574,2025-07-10 14:00:00,4508.2672691354055,4723.610032301293,3852.260009765625
forecast_4575,2025-07-10 15:00:00,4127.870504970655,4357.793278484498,3566.1689453125
forecast_4576,2025-07-10 16:00:00,3991.586291579613,4340.112148575869,3734.524169921875
forecast_4577,2025-07-10 17:00:00,3508.9199508312117,4126.844162225853,3587.137451171875
forecast_4578,2025-07-10 18:00:00,4764.45507636657,5465.815879582653,4438.8251953125
forecast_4579,2025-07-10 19:00:00,5114.461264146221,6060.318353838015,4796.82421875
forecast_4580,2025-07-10 20:00:00,5978.661843573458,6751.667750506962,5429.04931640625
forecast_4581,2025-07-10 21:00:00,7041.369873944622,7595.252960302654,5788.91162109375
forecast_4582,2025-07-10 22:00:00,7744.071041948994,8623.025147832956,6885.05908203125
forecast_4583,2025-07-10 23:00:00,7054.449685017995,8052.951598546523,6603.12841796875
forecast_4584,2025-07-11 00:00:00,7907.462162448316,8913.89045580672,7254.66650390625
forecast_4585,2025-07-11 01:00:00,7292.372993018705,8188.935737631892,6140.59521484375
forecast_4586,2025-07-11 02:00:00,7330.6607071612125,8382.326815028957,6319.17724609375
forecast_4587,2025-07-11 03:00:00,7079.215670800491,8068.951723139768,5792.93994140625
forecast_4588,2025-07-11 04:00:00,7006.432019603503,8332.106918242247,6073.009765625
forecast_4589,2025-07-11 05:00:00,7413.39497873576,8776.203969060947,6423.08740234375
forecast_4590,2025-07-11 06:00:00,7197.929881856542,8433.403813254186,6018.16943359375
forecast_4591,2025-07-11 07:00:00,7220.640356230464,8561.78883791919,6262.57080078125
forecast_4592,2025-07-11 08:00:00,8428.068577303831,9579.780663524794,7083.962890625
forecast_4593,2025-07-11 09:00:00,8562.341454661899,9359.250912005584,6958.248046875
forecast_4594,2025-07-11 10:00:00,6091.107946923284,6705.694582285425,4859.03369140625
forecast_4595,2025-07-11 11:00:00,6021.192930669652,6423.731565873126,5067.8115234375
forecast_4596,2025-07-11 12:00:00,6603.356927772072,6636.49927273745,5061.177734375
forecast_4597,2025-07-11 13:00:00,6048.452914759329,6087.434009027687,4809.5693359375
forecast_4598,2025-07-11 14:00:00,5150.452621483913,5198.703106638566,3962.513427734375
forecast_4599,2025-07-11 15:00:00,4278.169012474627,4493.008223830935,3543.658203125
forecast_4600,2025-07-11 16:00:00,3745.4034958064954,4147.114421423912,3569.59375
forecast_4601,2025-07-11 17:00:00,4250.416029675374,4755.119315702461,3990.827392578125
forecast_4602,2025-07-11 18:00:00,5398.005297353258,6082.085892019801,4856.82568359375
forecast_4603,2025-07-11 19:00:00,5766.38736074594,6529.415991591208,5125.85498046875
forecast_4604,2025-07-11 20:00:00,6729.4912178836485,7350.341972442608,5870.88671875
forecast_4605,2025-07-11 21:00:00,6862.857753790469,7497.903580535367,6169.00830078125
forecast_4606,2025-07-11 22:00:00,6062.577917648407,6660.122161997497,5550.79443359375
forecast_4607,2025-07-11 23:00:00,6453.226116436078,7025.585090601617,5964.79052734375
forecast_4608,2025-07-12 00:00:00,6494.537553057195,7148.323352105575,6032.99267578125
forecast_4609,2025-07-12 01:00:00,5814.216154054789,6130.737106668098,4694.81396484375
forecast_4610,2025-07-12 02:00:00,4920.836988282732,5376.790647827808,4143.33251953125
forecast_4611,2025-07-12 03:00:00,5277.997190749389,5836.810891953954,4487.57470703125
forecast_4612,2025-07-12 04:00:00,5041.230621180184,5650.585071117584,4304.96728515625
forecast_4613,2025-07-12 05:00:00,4906.439441321929,5278.412543604487,3836.911376953125
forecast_4614,2025-07-12 06:00:00,3847.91583473169,4328.2643860030885,3568.944091796875
forecast_4615,2025-07-12 07:00:00,3339.6842095620227,3863.946488474243,2896.051513671875
forecast_4616,2025-07-12 08:00:00,2705.1310130678858,3273.7934683620642,2620.797119140625
forecast_4617,2025-07-12 09:00:00,2228.6505386713566,2841.874596368593,2331.81640625
forecast_4618,2025-07-12 10:00:00,1594.3506231755475,2202.6394111926347,2060.479248046875
forecast_4619,2025-07-12 11:00:00,1375.3365440178331,1926.3453969591737,2087.739501953125
forecast_4620,2025-07-12 12:00:00,1189.222231893244,1621.6109012515665,1832.4910888671875
forecast_4621,2025-07-12 13:00:00,1072.6776985008353,1498.3762069490513,1811.37744140625
forecast_4622,2025-07-12 14:00:00,1030.9783477674541,1611.6026011949623,1823.541015625
forecast_4623,2025-07-12 15:00:00,1128.2961235971086,1588.3621514762106,2058.752685546875
forecast_4624,2025-07-12 16:00:00,1046.4482030529948,1561.8156822359174,2058.034423828125
forecast_4625,2025-07-12 17:00:00,832.6799426077756,1419.775438859644,1958.951171875
forecast_4626,2025-07-12 18:00:00,1103.557956869975,1597.4318588333008,2165.4619140625
forecast_4627,2025-07-12 19:00:00,1211.4386958442071,1666.1787713718247,2261.827880859375
forecast_4628,2025-07-12 20:00:00,1206.489373769141,2137.596091213355,2775.849609375
forecast_4629,2025-07-12 21:00:00,2565.0826766763003,3778.0173476903465,3691.298095703125
forecast_4630,2025-07-12 22:00:00,2984.73904901073,4169.160544700665,4249.78076171875
forecast_4631,2025-07-12 23:00:00,4021.68095586238,5173.897796043985,4577.63720703125
forecast_4632,2025-07-13 00:00:00,4925.133924225098,6004.942782635688,4954.29248046875
forecast_4633,2025-07-13 01:00:00,5489.838332190428,6585.858896739086,5127.48486328125
forecast_4634,2025-07-13 02:00:00,6392.775932716684,6828.897285820351,4962.22607421875
forecast_4635,2025-07-13 03:00:00,5567.990521942329,6245.064890097392,4824.42431640625
forecast_4636,2025-07-13 04:00:00,3403.3039398858587,4316.515022578938,3591.005615234375
forecast_4637,2025-07-13 05:00:00,2968.4615163919034,3936.794944660596,3332.896240234375
forecast_4638,2025-07-13 06:00:00,2315.4973160298905,2928.990701979299,2734.766845703125
forecast_4639,2025-07-13 07:00:00,1898.4005517614037,2721.9837415883376,2600.960693359375
forecast_4640,2025-07-13 08:00:00,1567.958390069756,2029.393850586068,2561.671630859375
forecast_4641,2025-07-13 09:00:00,1456.5528525566565,2078.1476176637234,2532.798095703125
forecast_4642,2025-07-13 10:00:00,1207.0828511218444,1540.9683349199763,2282.1875
forecast_4643,2025-07-13 11:00:00,1178.2094232150935,1440.737038202077,2331.695068359375
forecast_4644,2025-07-13 12:00:00,1413.3633680135977,1489.2969663077442,2240.173095703125
forecast_4645,2025-07-13 13:00:00,1081.8681420520484,1232.8550950518215,2007.5576171875
forecast_4646,2025-07-13 14:00:00,826.6074633175016,941.9109439695915,1761.4371337890625
forecast_4647,2025-07-13 15:00:00,783.5938190658271,903.6890917861401,1613.1578369140625
forecast_4648,2025-07-13 16:00:00,879.1629993322736,1163.6585710551024,1828.4232177734375
forecast_4649,2025-07-13 17:00:00,2980.7194332728886,3496.6717759385247,3581.360107421875
forecast_4650,2025-07-13 18:00:00,3040.38444000444,3378.2012177767965,3493.403076171875
forecast_4651,2025-07-13 19:00:00,3683.0951516646755,4317.967398300655,4147.40185546875
forecast_4652,2025-07-13 20:00:00,3137.352722816221,4190.883021747476,4323.98583984375
forecast_4653,2025-07-13 21:00:00,3605.968970717031,4381.545984845317,4333.92578125
forecast_4654,2025-07-13 22:00:00,5100.27315532528,5782.215290153765,4852.96875
forecast_4655,2025-07-13 23:00:00,4888.7366403582455,5352.3656725677965,4529.30419921875
forecast_4656,2025-07-14 00:00:00,4998.9829309272445,5871.674538900978,5152.00439453125
forecast_4657,2025-07-14 01:00:00,5253.49558202207,5605.346181391222,4560.71923828125
forecast_4658,2025-07-14 02:00:00,3442.740763827096,4832.426445630691,4716.4765625
forecast_4659,2025-07-14 03:00:00,5998.533869061415,6892.497296674022,4629.63134765625
forecast_4660,2025-07-14 04:00:00,4314.8180184619,4703.08023885979,3503.9404296875
forecast_4661,2025-07-14 05:00:00,4834.499597970614,5831.11312292412,3909.355224609375
forecast_4662,2025-07-14 06:00:00,6495.9528832794695,7257.952054838717,4503.412109375
forecast_4663,2025-07-14 07:00:00,6355.105790215317,6812.945729354573,4987.25390625
forecast_4664,2025-07-14 08:00:00,5327.567491412564,5994.891566817116,4093.275390625
forecast_4665,2025-07-14 09:00:00,6203.02916490792,7033.197751528511,4913.451171875
forecast_4666,2025-07-14 10:00:00,5540.032120059672,6143.0196610746425,4690.283203125
forecast_4667,2025-07-14 11:00:00,6134.360319268379,6671.149819824121,4479.14404296875
forecast_4668,2025-07-14 12:00:00,4737.653398069102,5205.242057975554,3839.059814453125
forecast_4669,2025-07-14 13:00:00,5218.579544913311,5223.0451639578205,3562.8984375
forecast_4670,2025-07-14 14:00:00,4908.681554678675,4594.28829489425,3235.541748046875
forecast_4671,2025-07-14 15:00:00,5750.852078028833,5417.93844542747,3858.566162109375
forecast_4672,2025-07-14 16:00:00,7765.046005997261,7224.211176879522,5440.56494140625
forecast_4673,2025-07-14 17:00:00,6948.976354148126,6333.431463733783,4728.1181640625
forecast_4674,2025-07-14 18:00:00,6635.689669955584,6129.254127678256,4832.47119140625
forecast_4675,2025-07-14 19:00:00,6158.109164055773,5418.2240025003775,3594.143310546875
forecast_4676,2025-07-14 20:00:00,4909.92154245005,4473.0810638222565,3094.7734375
forecast_4677,2025-07-14 21:00:00,4065.23062411161,3931.5359032047622,2997.83203125
forecast_4678,2025-07-14 22:00:00,4255.482668231967,3963.6795910261153,3133.303466796875
forecast_4679,2025-07-14 23:00:00,5723.955350594775,5722.465884962012,4511.57568359375
forecast_4680,2025-07-15 00:00:00,6374.061328168628,5619.654334988927,4117.98095703125
forecast_4681,2025-07-15 01:00:00,10750.534452372023,10995.037138732157,9356.0849609375
forecast_4682,2025-07-15 02:00:00,11403.604316948644,12686.17839594044,11386.015625
forecast_4683,2025-07-15 03:00:00,11496.592235258157,11923.207485402534,10502.314453125
forecast_4684,2025-07-15 04:00:00,10897.447503771948,10827.914248715175,8599.95703125
forecast_4685,2025-07-15 05:00:00,11482.127699014583,11468.645872763249,8864.8330078125
forecast_4686,2025-07-15 06:00:00,9688.519550988814,9880.305310529422,7253.94384765625
forecast_4687,2025-07-15 07:00:00,7011.02578515582,7742.35372757072,5909.162109375
forecast_4688,2025-07-15 08:00:00,6258.345118241634,7018.979191331455,5560.16259765625
forecast_4689,2025-07-15 09:00:00,7398.102510510263,8868.617191109344,7673.07470703125
forecast_4690,2025-07-15 10:00:00,4953.643495247478,5342.121079299399,4668.45361328125
forecast_4691,2025-07-15 11:00:00,3319.4427654126976,3812.033528491424,3694.354248046875
forecast_4692,2025-07-15 12:00:00,3051.902323188454,3237.433631623454,3081.094482421875
forecast_4693,2025-07-15 13:00:00,2904.846812966417,3510.8748668700255,3493.798828125
forecast_4694,2025-07-15 14:00:00,3054.36831711196,3424.167018312737,3211.2529296875
forecast_4695,2025-07-15 15:00:00,3870.6560204809916,4166.116121424381,3633.437744140625
forecast_4696,2025-07-15 16:00:00,3699.914529443361,3936.837972837654,3532.239990234375
forecast_4697,2025-07-15 17:00:00,3101.6295948802303,3710.9006688810714,3672.560546875
forecast_4698,2025-07-15 18:00:00,3700.580112139024,3739.7568804571047,3397.2412109375
forecast_4699,2025-07-15 19:00:00,2735.879743123017,2990.0293247857862,2667.417724609375
forecast_4700,2025-07-15 20:00:00,3122.6667547960974,4126.396091684127,3552.725830078125
forecast_4701,2025-07-15 21:00:00,4797.784727799572,5949.509319997429,4377.01611328125
forecast_4702,2025-07-15 22:00:00,4994.920168026914,5726.715170836714,4360.548828125
forecast_4703,2025-07-15 23:00:00,4816.183640574608,6204.963612713098,4383.01806640625
forecast_4704,2025-07-16 00:00:00,6943.825087640333,8656.22644098733,5952.861328125
forecast_4705,2025-07-16 01:00:00,11536.628645366438,12249.251158963434,9532.9208984375
forecast_4706,2025-07-16 02:00:00,13636.494566102438,15260.111374275779,14045.9716796875
forecast_4707,2025-07-16 03:00:00,14899.988709843612,15998.502235796826,15111.4423828125
forecast_4708,2025-07-16 04:00:00,15241.61463489899,15378.56930134726,14082.5205078125
forecast_4709,2025-07-16 05:00:00,15640.486546691647,16408.18218942549,15358.97265625
forecast_4710,2025-07-16 06:00:00,15442.260945247992,15581.219696922493,14555.9267578125
forecast_4711,2025-07-16 07:00:00,12188.026109651302,12367.638404031364,10600.2783203125
forecast_4712,2025-07-16 08:00:00,10605.206262033014,11468.598658877225,9989.7490234375
forecast_4713,2025-07-16 09:00:00,6584.908417381867,7549.342206807796,6878.93603515625
forecast_4714,2025-07-16 10:00:00,6768.918441909751,7099.42918397723,5989.02734375
forecast_4715,2025-07-16 11:00:00,6029.252207448314,6694.141972516236,6039.11474609375
forecast_4716,2025-07-16 12:00:00,4847.929762562226,5358.69862221577,5195.39990234375
forecast_4717,2025-07-16 13:00:00,7984.777955145287,8950.85873353701,7999.64111328125
forecast_4718,2025-07-16 14:00:00,5860.7561661199215,6576.456059985661,5392.03759765625
forecast_4719,2025-07-16 15:00:00,4010.501426384327,4403.399931476033,3556.772216796875
forecast_4720,2025-07-16 16:00:00,4689.723218997484,5276.91630464503,4068.698486328125
forecast_4721,2025-07-16 17:00:00,4671.00375917993,5652.308919166896,4649.58544921875
forecast_4722,2025-07-16 18:00:00,5392.5498609459855,7146.882226884192,5692.39599609375
forecast_4723,2025-07-16 19:00:00,5358.508943345564,6382.766737965946,4072.637939453125
forecast_4724,2025-07-16 20:00:00,4825.434275786236,6143.7469688701485,4189.54248046875
forecast_4725,2025-07-16 21:00:00,6552.503108360719,8491.853477543384,5478.13720703125
forecast_4726,2025-07-16 22:00:00,8176.126265027362,10009.619431381865,6892.05908203125
forecast_4727,2025-07-16 23:00:00,11902.670545790712,14326.299122359545,11546.3544921875
forecast_4728,2025-07-17 00:00:00,12890.676954673349,15400.596588727403,13998.78515625
forecast_4729,2025-07-17 01:00:00,14994.91660762729,16370.977765902877,15359.2470703125
forecast_4730,2025-07-17 02:00:00,15143.5765284213,16954.54886867823,15864.2421875
forecast_4731,2025-07-17 03:00:00,14741.77975659313,15739.25972206103,14453.0390625
forecast_4732,2025-07-17 04:00:00,14490.83973473184,15406.569728675171,14168.0751953125
forecast_4733,2025-07-17 05:00:00,14027.243925382358,15412.228524844144,13484.3779296875
forecast_4734,2025-07-17 06:00:00,14749.10936791673,16083.954130518712,14291.3017578125
forecast_4735,2025-07-17 07:00:00,15449.88337525079,17121.35372620658,16838.7109375
forecast_4736,2025-07-17 08:00:00,15667.62966069124,16716.721176424853,16577.732421875
forecast_4737,2025-07-17 09:00:00,16062.57346570569,17155.66746610388,16599.880859375
forecast_4738,2025-07-17 10:00:00,15861.100497140951,16868.34003054839,16182.0
forecast_4739,2025-07-17 11:00:00,14346.046906194812,15329.15314573733,14785.8251953125
forecast_4740,2025-07-17 12:00:00,12571.252466503887,14275.958790178032,13679.2841796875
forecast_4741,2025-07-17 13:00:00,13165.952996318643,15041.159424816862,14063.7138671875
forecast_4742,2025-07-17 14:00:00,14068.462916214157,15676.591162765975,14913.90625
forecast_4743,2025-07-17 15:00:00,12685.506332115794,13934.778532701264,12658.7666015625
forecast_4744,2025-07-17 16:00:00,10068.815936198062,11891.046464819687,10939.6767578125
forecast_4745,2025-07-17 17:00:00,9305.988333842215,10988.313404961762,8990.44140625
forecast_4746,2025-07-17 18:00:00,8836.935824355563,10712.310374605204,8304.6982421875
forecast_4747,2025-07-17 19:00:00,8986.203386523339,10454.19081039155,7815.451171875
forecast_4748,2025-07-17 20:00:00,9320.43511614078,10949.646853288164,8289.080078125
forecast_4749,2025-07-17 21:00:00,10964.51706864627,12627.810944340305,9427.92578125
forecast_4750,2025-07-17 22:00:00,9290.946615566334,10612.697323634724,8045.77197265625
forecast_4751,2025-07-17 23:00:00,11307.774053049787,13299.232324867771,10519.755859375
forecast_4752,2025-07-18 00:00:00,12581.81531954785,14859.391636302465,12368.13671875
forecast_4753,2025-07-18 01:00:00,14941.811218277398,16323.993021696942,13918.0478515625
forecast_4754,2025-07-18 02:00:00,13777.570754328655,15822.524161913403,14095.6640625
forecast_4755,2025-07-18 03:00:00,14558.985822410867,16291.828778345252,15315.4306640625
forecast_4756,2025-07-18 04:00:00,12736.850456356535,14436.155336714259,13507.1923828125
forecast_4757,2025-07-18 05:00:00,12913.340110396906,15144.754200698371,13224.4208984375
forecast_4758,2025-07-18 06:00:00,12704.96093546668,14827.610659803915,12666.4765625
forecast_4759,2025-07-18 07:00:00,13746.845836251017,15318.336741162759,13434.2216796875
forecast_4760,2025-07-18 08:00:00,13002.87231202236,14066.081735194508,12164.5517578125
forecast_4761,2025-07-18 09:00:00,12639.169383771587,14753.453230402367,13106.296875
forecast_4762,2025-07-18 10:00:00,10974.531457143567,12299.94144941688,10807.58203125
forecast_4763,2025-07-18 11:00:00,6642.167627766598,8109.677031048544,7195.82080078125
forecast_4764,2025-07-18 12:00:00,3538.715038545158,5272.081860491544,5143.60400390625
forecast_4765,2025-07-18 13:00:00,2774.5849140414794,3446.674068867819,3118.191650390625
forecast_4766,2025-07-18 14:00:00,3891.102145998037,5016.557945133136,4149.55615234375
forecast_4767,2025-07-18 15:00:00,4158.78500451109,5016.432326911894,4679.15087890625
forecast_4768,2025-07-18 16:00:00,3632.174211011128,5392.464290296943,4777.00927734375
forecast_4769,2025-07-18 17:00:00,8368.986285866715,10317.62002926592,7786.92578125
forecast_4770,2025-07-18 18:00:00,8242.002681204809,8704.141380935875,6504.61376953125
forecast_4771,2025-07-18 19:00:00,7071.881935677032,8147.420949125196,6003.68505859375
forecast_4772,2025-07-18 20:00:00,8753.361209418727,11376.53218115871,8740.9130859375
forecast_4773,2025-07-18 21:00:00,9234.392457720596,10448.184952794492,9182.4306640625
forecast_4774,2025-07-18 22:00:00,11952.762688566123,13944.21303869928,10369.0302734375
forecast_4775,2025-07-18 23:00:00,11515.148789440475,12575.331814167163,9492.1357421875
forecast_4776,2025-07-19 00:00:00,11935.731133486388,13417.5794465004,10630.0498046875
forecast_4777,2025-07-19 01:00:00,9782.232336069974,11394.237023013184,9079.1494140625
forecast_4778,2025-07-19 02:00:00,7956.02562493514,8917.179094452196,7001.154296875
forecast_4779,2025-07-19 03:00:00,6862.040100954914,8427.474818200746,6347.30615234375
forecast_4780,2025-07-19 04:00:00,7568.4806731870785,9400.63823002682,7015.62109375
forecast_4781,2025-07-19 05:00:00,7419.494473719173,8819.39824048494,6849.6875
forecast_4782,2025-07-19 06:00:00,6191.310179176544,7816.996399354171,5543.98681640625
forecast_4783,2025-07-19 07:00:00,8192.959559617502,10134.24251584472,7761.728515625
forecast_4784,2025-07-19 08:00:00,7373.512627967554,8616.4486069424,6461.0859375
forecast_4785,2025-07-19 09:00:00,6813.611070639705,8144.801387011861,6188.345703125
forecast_4786,2025-07-19 10:00:00,7197.682755082753,8615.757820472314,6428.97412109375
forecast_4787,2025-07-19 11:00:00,11708.586989739613,13630.890880816922,11288.5517578125
forecast_4788,2025-07-19 12:00:00,12410.383614258975,13765.526722295803,13302.7216796875
forecast_4789,2025-07-19 13:00:00,11011.5524851681,12691.1302587328,11473.9306640625
forecast_4790,2025-07-19 14:00:00,12754.194031668378,14292.693847054117,12950.9169921875
forecast_4791,2025-07-19 15:00:00,13464.827494887693,14802.74678532734,13702.6572265625
forecast_4792,2025-07-19 16:00:00,13491.466026023796,15027.279243320916,13803.0361328125
forecast_4793,2025-07-19 17:00:00,12369.005707957316,13300.130798948147,12391.0234375
forecast_4794,2025-07-19 18:00:00,11573.586368569917,11917.185529581006,9898.4580078125
forecast_4795,2025-07-19 19:00:00,11211.373102058093,11882.12207726543,9802.9775390625
forecast_4796,2025-07-19 20:00:00,11572.469893938209,12831.565046871081,10956.4912109375
forecast_4797,2025-07-19 21:00:00,11669.308114151485,13353.841122875217,11480.86328125
forecast_4798,2025-07-19 22:00:00,13459.936053853231,15397.10951360422,14253.09375
forecast_4799,2025-07-19 23:00:00,10023.65826506682,11511.515495667285,9439.3359375
forecast_4800,2025-07-20 00:00:00,10359.286081386806,12162.964783777177,9168.0400390625
forecast_4801,2025-07-20 01:00:00,13018.517362357448,14540.672683638091,12769.3544921875
forecast_4802,2025-07-20 02:00:00,13679.504614694739,15160.806325606107,13771.1865234375
forecast_4803,2025-07-20 03:00:00,14128.057276835123,15403.8687062847,13192.77734375
forecast_4804,2025-07-20 04:00:00,13758.130907668785,15176.855464196018,13036.22265625
forecast_4805,2025-07-20 05:00:00,12518.730799555658,12991.234531300834,11976.5302734375
forecast_4806,2025-07-20 06:00:00,12552.36930759226,13867.777795112055,11659.1015625
forecast_4807,2025-07-20 07:00:00,12662.773643139924,13780.13675231572,11240.2236328125
forecast_4808,2025-07-20 08:00:00,10872.83294398625,12527.882797635433,10277.8837890625
forecast_4809,2025-07-20 09:00:00,8892.68849331728,10341.781841874348,8636.3720703125
forecast_4810,2025-07-20 10:00:00,8835.563589562356,9792.410818395685,8179.45361328125
forecast_4811,2025-07-20 11:00:00,8793.192743118456,9041.894334181052,7414.63427734375
forecast_4812,2025-07-20 12:00:00,7114.036571808039,7408.889046210692,6246.93505859375
forecast_4813,2025-07-20 13:00:00,5566.395098523705,6042.740726534881,5021.97705078125
forecast_4814,2025-07-20 14:00:00,4406.805103864982,4706.792032064923,3892.57421875
forecast_4815,2025-07-20 15:00:00,4402.843300026159,5348.243683403491,4142.85693359375
forecast_4816,2025-07-20 16:00:00,4067.910817214184,4695.16699477817,3649.393798828125
forecast_4817,2025-07-20 17:00:00,4635.213737759726,6281.5829336814,5037.072265625
forecast_4818,2025-07-20 18:00:00,5054.755834512054,5526.993548147525,4193.2587890625
forecast_4819,2025-07-20 19:00:00,5877.452261433834,6959.489211632538,5108.2265625
forecast_4820,2025-07-20 20:00:00,7040.266591186997,7392.543626071689,5364.78515625
forecast_4821,2025-07-20 21:00:00,8974.3010050829,10283.52870052912,7886.69921875
forecast_4822,2025-07-20 22:00:00,11078.53101355762,12789.044917182946,10841.2001953125
forecast_4823,2025-07-20 23:00:00,11813.140553414312,12528.25298356467,10193.0908203125
forecast_4824,2025-07-21 00:00:00,12606.459442605037,13965.932105920776,12051.6748046875
forecast_4825,2025-07-21 01:00:00,12372.412733480687,12965.023627509647,9637.1416015625
forecast_4826,2025-07-21 02:00:00,12978.49196195376,13873.745709794435,10585.4794921875
forecast_4827,2025-07-21 03:00:00,12758.65737489124,13288.762061112153,10094.6474609375
forecast_4828,2025-07-21 04:00:00,11243.113400060942,12215.05884217571,9121.1123046875
forecast_4829,2025-07-21 05:00:00,10595.97337700889,11822.404359989443,8897.3046875
forecast_4830,2025-07-21 06:00:00,10694.189468568773,11693.580688271479,8779.3173828125
forecast_4831,2025-07-21 07:00:00,10196.70406335742,10910.388760838709,8365.6982421875
forecast_4832,2025-07-21 08:00:00,8514.834260936,9882.117055426936,8363.1767578125
forecast_4833,2025-07-21 09:00:00,9408.703692515046,9573.957505865705,7712.955078125
forecast_4834,2025-07-21 10:00:00,9118.59258786398,9154.300442213273,7851.69482421875
forecast_4835,2025-07-21 11:00:00,8913.775994711672,8807.939209058026,7104.99853515625
forecast_4836,2025-07-21 12:00:00,7092.472247157819,6775.236410387597,5350.291015625
forecast_4837,2025-07-21 13:00:00,7450.218226192739,6983.956164787329,5513.87646484375
forecast_4838,2025-07-21 14:00:00,7766.393662926392,7493.348531497807,5775.7421875
forecast_4839,2025-07-21 15:00:00,5746.569840549977,5631.771012921017,4308.43896484375
forecast_4840,2025-07-21 16:00:00,6149.410870911992,6516.248972805206,4847.31982421875
forecast_4841,2025-07-21 17:00:00,5773.077664716677,6462.463065030399,5649.15673828125
forecast_4842,2025-07-21 18:00:00,6184.507302826858,7213.508968199547,5780.43359375
forecast_4843,2025-07-21 19:00:00,8818.019428046375,9301.498023718592,6849.76416015625
forecast_4844,2025-07-21 20:00:00,10171.252429280667,10221.601828030201,8019.86279296875
forecast_4845,2025-07-21 21:00:00,12173.565021295453,13030.083028778366,10725.9990234375
forecast_4846,2025-07-21 22:00:00,14016.141993001795,13833.119516342416,11858.35546875
forecast_4847,2025-07-21 23:00:00,14133.644565078004,14104.650827698602,11752.09765625
forecast_4848,2025-07-22 00:00:00,13606.538423332158,13844.16283451048,11140.0048828125
forecast_4849,2025-07-22 01:00:00,13350.372248234604,14276.040872888789,11828.7880859375
forecast_4850,2025-07-22 02:00:00,14771.585142238446,15868.437885172247,13763.1259765625
forecast_4851,2025-07-22 03:00:00,14685.821467405955,15151.292023392843,13100.2939453125
forecast_4852,2025-07-22 04:00:00,14520.080614941578,15024.876879037005,12695.5966796875
forecast_4853,2025-07-22 05:00:00,14661.922462933835,15117.87687469972,12896.7880859375
forecast_4854,2025-07-22 06:00:00,14602.835539276362,15009.228963244892,12897.10546875
forecast_4855,2025-07-22 07:00:00,12698.892440073587,12880.768866857441,10278.8701171875
forecast_4856,2025-07-22 08:00:00,11510.927581723463,11694.928370124455,8657.7392578125
forecast_4857,2025-07-22 09:00:00,8652.091547064103,8559.652175713085,6301.671875
forecast_4858,2025-07-22 10:00:00,5521.876414666789,5386.830104392295,4173.4345703125
forecast_4859,2025-07-22 11:00:00,4108.707112325737,4014.326876761602,3236.994873046875
forecast_4860,2025-07-22 12:00:00,2191.226063881236,2376.0583044268897,2729.317138671875
forecast_4861,2025-07-22 13:00:00,2401.644072733483,2451.866896426352,2610.645751953125
forecast_4862,2025-07-22 14:00:00,3118.2226336479475,2945.1570662930862,2623.507080078125
forecast_4863,2025-07-22 15:00:00,3032.521581220026,3384.5788557460855,3444.606689453125
forecast_4864,2025-07-22 16:00:00,2845.0912985902514,2524.9459717450354,2754.281982421875
forecast_4865,2025-07-22 17:00:00,2554.346724813572,2426.8164887968023,2452.321533203125
forecast_4866,2025-07-22 18:00:00,1811.6194905337275,1755.2131361682955,2183.206298828125
forecast_4867,2025-07-22 19:00:00,2257.2855729426556,2337.360448360075,2525.143798828125
forecast_4868,2025-07-22 20:00:00,4410.363084838272,4973.10112603774,4233.42529296875
forecast_4869,2025-07-22 21:00:00,4525.3849641687175,5285.093502065173,4380.65966796875
forecast_4870,2025-07-22 22:00:00,5085.24517677648,6139.291437261195,5238.26123046875
forecast_4871,2025-07-22 23:00:00,5262.685318498211,6308.582020651088,5238.75244140625
forecast_4872,2025-07-23 00:00:00,5817.443003934606,6933.369665428608,5481.48193359375
forecast_4873,2025-07-23 01:00:00,6221.868424853102,7221.0012244419795,5370.3330078125
forecast_4874,2025-07-23 02:00:00,8100.742402067941,8952.995583355547,6461.244140625
forecast_4875,2025-07-23 03:00:00,9528.42260351307,9919.747309682869,7000.4453125
forecast_4876,2025-07-23 04:00:00,10199.260641656132,10462.873359263514,7733.57275390625
forecast_4877,2025-07-23 05:00:00,8161.171447820018,8583.873002016862,6039.048828125
forecast_4878,2025-07-23 06:00:00,5652.183924852847,6392.600163766183,4579.37060546875
forecast_4879,2025-07-23 07:00:00,4827.785676127559,5490.373597322537,4224.34326171875
forecast_4880,2025-07-23 08:00:00,3849.889005044666,4262.65455707259,3602.8701171875
forecast_4881,2025-07-23 09:00:00,2281.2091756603336,2532.907282339096,2649.623291015625
forecast_4882,2025-07-23 10:00:00,1299.0317582831449,1277.2920909132513,1688.0380859375
forecast_4883,2025-07-23 11:00:00,612.2235492700285,770.3795208726008,1429.1761474609375
forecast_4884,2025-07-23 12:00:00,901.0423754809983,964.6365846315839,1685.41748046875
forecast_4885,2025-07-23 13:00:00,737.0716388989824,945.3275187432416,1932.0538330078125
forecast_4886,2025-07-23 14:00:00,1060.7259054578835,1078.2856435559877,1945.6820068359375
forecast_4887,2025-07-23 15:00:00,1976.5176037306974,2296.873872996774,2929.155517578125
forecast_4888,2025-07-23 16:00:00,1657.9019396442388,1989.4904132013817,2553.997802734375
forecast_4889,2025-07-23 17:00:00,1177.0317676975023,1598.764827459009,2073.1982421875
forecast_4890,2025-07-23 18:00:00,1079.6040624883037,2028.4195524291852,2469.8818359375
forecast_4891,2025-07-23 19:00:00,1841.118986134867,3293.996357369334,3144.0068359375
forecast_4892,2025-07-23 20:00:00,2069.216075150499,3007.336806959861,2690.492919921875
forecast_4893,2025-07-23 21:00:00,3465.0792992844263,4982.503484958471,4455.83837890625
forecast_4894,2025-07-23 22:00:00,4840.27169494175,5882.404500752932,4993.24755859375
forecast_4895,2025-07-23 23:00:00,5006.570609590726,5634.437409157421,4767.8359375
forecast_4896,2025-07-24 00:00:00,5695.89808552333,6836.932510044156,5577.783203125
forecast_4897,2025-07-24 01:00:00,5677.427177290698,6827.996290601692,5325.83984375
forecast_4898,2025-07-24 02:00:00,6878.159283829178,7644.726987480592,5600.80322265625
forecast_4899,2025-07-24 03:00:00,7579.727262565955,8382.492479829483,6109.16455078125
forecast_4900,2025-07-24 04:00:00,8351.830144486637,8989.479416653037,6500.646484375
forecast_4901,2025-07-24 05:00:00,7909.427572474034,8452.536402767913,5752.07666015625
forecast_4902,2025-07-24 06:00:00,6137.672502032016,6855.180994894442,4732.92431640625
forecast_4903,2025-07-24 07:00:00,3983.701332091115,4796.413014215433,3845.2412109375
forecast_4904,2025-07-24 08:00:00,2372.570604772048,2905.660793357225,3040.740478515625
forecast_4905,2025-07-24 09:00:00,1346.200108077432,1566.9923361905144,2135.622314453125
forecast_4906,2025-07-24 10:00:00,1613.7579669730417,1708.0196655282946,2596.828369140625
forecast_4907,2025-07-24 11:00:00,1068.7557534205098,1381.8666031626867,2196.927001953125
forecast_4908,2025-07-24 12:00:00,984.8295929856276,1326.9531849044322,1914.7464599609375
forecast_4909,2025-07-24 13:00:00,793.2613086216666,1245.6275394817128,1545.3133544921875
forecast_4910,2025-07-24 14:00:00,856.6261794367191,1370.903241959935,1805.5150146484375
forecast_4911,2025-07-24 15:00:00,1062.6128765532633,1540.1729781882054,2086.7724609375
forecast_4912,2025-07-24 16:00:00,1125.6996994654571,1856.2862860388548,2602.125
forecast_4913,2025-07-24 17:00:00,1136.69609205893,2153.390574886132,2731.196533203125
forecast_4914,2025-07-24 18:00:00,981.1246299769819,1512.2662752667386,1917.048828125
forecast_4915,2025-07-24 19:00:00,1197.9115741368446,2017.157427762214,2398.0615234375
forecast_4916,2025-07-24 20:00:00,1697.6423803373582,3288.4435493608694,3537.544189453125
forecast_4917,2025-07-24 21:00:00,2276.502225082124,3791.5559454781396,3668.205810546875
forecast_4918,2025-07-24 22:00:00,3440.680962108312,5148.568012970319,4391.65576171875
forecast_4919,2025-07-24 23:00:00,3744.563317019205,5149.284941078239,4245.529296875
forecast_4920,2025-07-25 00:00:00,3615.2893548326,4856.454314640704,3942.889892578125
forecast_4921,2025-07-25 01:00:00,3396.088891309123,4536.935179543294,3739.349365234375
forecast_4922,2025-07-25 02:00:00,4623.936866452565,6073.4451404816455,4581.5771484375
forecast_4923,2025-07-25 03:00:00,4923.1642765289525,5918.98662736475,4603.36279296875
forecast_4924,2025-07-25 04:00:00,4841.058965315112,5720.41374774526,4420.443359375
forecast_4925,2025-07-25 05:00:00,4711.018967959115,5586.562581900949,4305.533203125
forecast_4926,2025-07-25 06:00:00,3629.4203363701354,4769.80895323248,3695.089111328125
forecast_4927,2025-07-25 07:00:00,2975.09268945877,3844.5332230508675,3199.348876953125
forecast_4928,2025-07-25 08:00:00,2384.1247722176813,3119.322787517778,3113.336669921875
forecast_4929,2025-07-25 09:00:00,1369.5816149796708,1778.4045667014693,2501.463134765625
forecast_4930,2025-07-25 10:00:00,1113.7498800346875,1035.1818247272722,1813.9326171875
forecast_4931,2025-07-25 11:00:00,981.4964081818247,1192.0651585998703,1914.9503173828125
forecast_4932,2025-07-25 12:00:00,963.7093696770942,1407.1629626647227,2535.401123046875
forecast_4933,2025-07-25 13:00:00,515.3241841102054,881.8054809525903,1895.4169921875
forecast_4934,2025-07-25 14:00:00,614.6767400397545,1002.9803126896473,2137.706298828125
forecast_4935,2025-07-25 15:00:00,975.4811164417841,1398.1933166728425,2339.1640625
forecast_4936,2025-07-25 16:00:00,1255.6936848932976,1866.8280580012597,2573.011474609375
forecast_4937,2025-07-25 17:00:00,833.399621423866,1271.890333037175,2244.814453125
forecast_4938,2025-07-25 18:00:00,1177.324232147862,2083.47151114557,2496.189453125
forecast_4939,2025-07-25 19:00:00,2338.513648600978,3514.7554043146733,3409.125
forecast_4940,2025-07-25 20:00:00,3244.2017148143227,4470.412429257052,3880.596435546875
forecast_4941,2025-07-25 21:00:00,3939.876335227772,4985.031203073442,4250.50732421875
forecast_4942,2025-07-25 22:00:00,4616.056513864168,5437.306402986684,4409.71044921875
forecast_4943,2025-07-25 23:00:00,4572.639751763456,5593.612502719001,4541.13525390625
forecast_4944,2025-07-26 00:00:00,4852.472081123008,5755.013644924071,4670.70947265625
forecast_4945,2025-07-26 01:00:00,8383.693267580344,9056.40590351402,7365.00244140625
forecast_4946,2025-07-26 02:00:00,7310.262659377071,8166.191577385849,6205.17578125
forecast_4947,2025-07-26 03:00:00,7594.358274781774,8509.422498101107,6580.73388671875
forecast_4948,2025-07-26 04:00:00,7233.900260534944,8044.588231031488,6170.87255859375
forecast_4949,2025-07-26 05:00:00,6136.8882744848015,6681.546248011631,4896.798828125
forecast_4950,2025-07-26 06:00:00,4737.432595909508,5486.038179102647,4074.9267578125
forecast_4951,2025-07-26 07:00:00,3936.309490268786,4976.715316508933,3960.384765625
forecast_4952,2025-07-26 08:00:00,2244.777770465068,3139.5329221511647,2758.466552734375
forecast_4953,2025-07-26 09:00:00,1605.3535723994728,1939.3069200942282,2505.422119140625
forecast_4954,2025-07-26 10:00:00,1312.3553840420211,1724.7121982376086,2645.904052734375
forecast_4955,2025-07-26 11:00:00,995.6532643551675,1134.2898543662793,2136.5458984375
forecast_4956,2025-07-26 12:00:00,1396.3580940582358,1829.319024500589,2691.84228515625
forecast_4957,2025-07-26 13:00:00,1176.3018161514988,1500.9823030218063,2475.30810546875
forecast_4958,2025-07-26 14:00:00,847.7836033113723,1210.1150261079965,2216.551513671875
forecast_4959,2025-07-26 15:00:00,844.105548962239,1305.1038801697885,2273.10546875
forecast_4960,2025-07-26 16:00:00,764.080256008617,1308.869806264197,2022.3558349609375
forecast_4961,2025-07-26 17:00:00,792.4840362861848,1276.8774309858945,1901.9852294921875
forecast_4962,2025-07-26 18:00:00,1103.8445600044997,1996.6328523581642,2498.874267578125
forecast_4963,2025-07-26 19:00:00,1389.150749279123,2353.48254440765,2520.762939453125
forecast_4964,2025-07-26 20:00:00,2180.633438303519,3283.6415657490716,3063.872314453125
forecast_4965,2025-07-26 21:00:00,3038.5492187132186,4255.234583915346,3636.274658203125
forecast_4966,2025-07-26 22:00:00,3622.953236881839,4824.114184756991,3840.662841796875
forecast_4967,2025-07-26 23:00:00,5310.675541300885,6724.588627163349,5152.49658203125
forecast_4968,2025-07-27 00:00:00,6203.275640819125,7042.283097565685,5321.9541015625
forecast_4969,2025-07-27 01:00:00,9790.511001903358,10967.8258555611,8101.73193359375
forecast_4970,2025-07-27 02:00:00,9152.630195384625,10224.70270788427,7631.23583984375
forecast_4971,2025-07-27 03:00:00,8585.500227142362,9753.04256249604,7527.20947265625
forecast_4972,2025-07-27 04:00:00,7950.516709266199,9045.098317163465,7024.107421875
forecast_4973,2025-07-27 05:00:00,7468.934973524801,8363.620223267932,6346.66748046875
forecast_4974,2025-07-27 06:00:00,6757.68958498247,7508.608123049256,5492.361328125
forecast_4975,2025-07-27 07:00:00,4745.3752387495615,5602.558640534073,4349.41357421875
forecast_4976,2025-07-27 08:00:00,3527.023939442448,4299.209466205787,3736.062744140625
forecast_4977,2025-07-27 09:00:00,1845.45361601962,2471.567129676445,2891.072021484375
forecast_4978,2025-07-27 10:00:00,1423.3238814865986,1796.1273101145537,2573.005859375
forecast_4979,2025-07-27 11:00:00,1310.125360788527,1458.3814843311557,2351.261474609375
forecast_4980,2025-07-27 12:00:00,1063.1945493959624,1245.527611203564,2259.704833984375
forecast_4981,2025-07-27 13:00:00,831.9397226735741,1017.6618912571051,2213.75439453125
forecast_4982,2025-07-27 14:00:00,826.194031407239,1177.8791691260105,2157.167236328125
forecast_4983,2025-07-27 15:00:00,1071.771770555527,1386.3312922274442,2146.611328125
forecast_4984,2025-07-27 16:00:00,2080.634721425823,2702.2661616784044,2934.212158203125
forecast_4985,2025-07-27 17:00:00,2023.6229754678332,2569.4601996013844,2620.97998046875
forecast_4986,2025-07-27 18:00:00,2239.6479108347403,3465.8956353842163,3236.0234375
forecast_4987,2025-07-27 19:00:00,3801.914757193006,4971.13358085459,4362.75390625
forecast_4988,2025-07-27 20:00:00,4815.815863365249,5912.691431437299,5128.64013671875
forecast_4989,2025-07-27 21:00:00,5441.666423999334,6481.2201501939235,5390.76416015625
forecast_4990,2025-07-27 22:00:00,6382.947262363508,7707.20717715695,6212.5078125
forecast_4991,2025-07-27 23:00:00,6721.884774175723,7651.475999394854,6171.42724609375
forecast_4992,2025-07-28 00:00:00,7798.730386072642,8944.26757633736,7137.56396484375
forecast_4993,2025-07-28 01:00:00,9213.596192783461,10334.04602227181,8147.62451171875
forecast_4994,2025-07-28 02:00:00,9799.362781719403,10669.153131191659,8227.2138671875
forecast_4995,2025-07-28 03:00:00,9851.013288845821,10612.304860350365,8123.75390625
forecast_4996,2025-07-28 04:00:00,9613.834579923427,9960.919962629187,7195.54150390625
forecast_4997,2025-07-28 05:00:00,9147.760778449043,9564.567741542067,7085.55419921875
forecast_4998,2025-07-28 06:00:00,7400.703363008795,7911.1575673567,5854.54150390625
forecast_4999,2025-07-28 07:00:00,5541.7234002443,5920.616693302678,4376.6650390625
forecast_5000,2025-07-28 08:00:00,3667.7583998235773,4082.7321928272477,3681.147216796875
forecast_5001,2025-07-28 09:00:00,1751.4717580791512,2052.4835358656487,2520.33740234375
forecast_5002,2025-07-28 10:00:00,987.6929675161209,997.7767624420278,1582.8695068359375
forecast_5003,2025-07-28 11:00:00,731.0682316188953,745.8897352641909,1249.1282958984375
forecast_5004,2025-07-28 12:00:00,594.7271987520952,736.8801882982964,1578.3343505859375
forecast_5005,2025-07-28 13:00:00,1096.5070874015162,1459.5957297143937,2472.9150390625
forecast_5006,2025-07-28 14:00:00,1515.5566171077444,1674.6465402130002,2193.52734375
forecast_5007,2025-07-28 15:00:00,918.6112328169461,1709.1687706184402,2333.3349609375
forecast_5008,2025-07-28 16:00:00,778.4919962802192,1646.2035164035794,2391.204345703125
forecast_5009,2025-07-28 17:00:00,1325.4127952282465,1949.9990387358198,2334.890869140625
forecast_5010,2025-07-28 18:00:00,1592.0481085031465,2076.4227855990252,2304.957275390625
forecast_5011,2025-07-28 19:00:00,1585.640680580957,2270.039436611022,2844.912353515625
forecast_5012,2025-07-28 20:00:00,2187.5691998239786,3291.719093108599,3770.595458984375
forecast_5013,2025-07-28 21:00:00,2111.929617202056,3493.0729327852337,3711.515625
forecast_5014,2025-07-28 22:00:00,2575.5799275833333,3457.50276310385,3378.102783203125
forecast_5015,2025-07-28 23:00:00,2891.020852139094,4103.3326526828105,3832.88671875
forecast_5016,2025-07-29 00:00:00,2783.6612694127366,4291.280799889357,3883.485107421875
forecast_5017,2025-07-29 01:00:00,4064.68419441962,5415.930078668592,4326.77734375
forecast_5018,2025-07-29 02:00:00,4021.536304092572,5143.395228586383,4181.89306640625
forecast_5019,2025-07-29 03:00:00,3943.8602773157245,5195.113300309074,4107.22412109375
forecast_5020,2025-07-29 04:00:00,4400.10461778338,5272.933461998864,4047.7265625
forecast_5021,2025-07-29 05:00:00,3641.063640689305,4307.741508908379,3338.634033203125
forecast_5022,2025-07-29 06:00:00,2375.5766381369913,3084.21469318203,2689.31201171875
forecast_5023,2025-07-29 07:00:00,1688.6740082093934,2419.4311944740725,2646.228759765625
forecast_5024,2025-07-29 08:00:00,1338.3408766647983,1773.6214900556397,2432.201171875
forecast_5025,2025-07-29 09:00:00,921.6073069140987,1364.6567925066229,1810.8868408203125
forecast_5026,2025-07-29 10:00:00,903.2928397391436,1340.0731213620354,1933.1177978515625
forecast_5027,2025-07-29 11:00:00,765.3142433365495,1208.737254010204,1681.7115478515625
forecast_5028,2025-07-29 12:00:00,754.7310441167449,1359.4228818359131,1927.42724609375
forecast_5029,2025-07-29 13:00:00,1153.0934789882206,2012.7861361321602,2051.047607421875
forecast_5030,2025-07-29 14:00:00,863.4095400872995,1520.644445980883,2059.144287109375
forecast_5031,2025-07-29 15:00:00,1047.1678242880869,1561.2799379157761,2348.11279296875
forecast_5032,2025-07-29 16:00:00,871.207461408192,1353.8938628262154,2106.239013671875
forecast_5033,2025-07-29 17:00:00,1006.4637153785711,1710.1236178608217,2460.798095703125
forecast_5034,2025-07-29 18:00:00,999.5303766859577,1578.5412996645784,2193.177734375
forecast_5035,2025-07-29 19:00:00,997.029030482984,1808.4722230396892,2192.8564453125
forecast_5036,2025-07-29 20:00:00,1373.2632243014082,2635.2521134411954,2636.462646484375
forecast_5037,2025-07-29 21:00:00,2246.326663391159,3537.1286420112683,3032.543701171875
forecast_5038,2025-07-29 22:00:00,3117.1346537248987,4306.503313201225,3801.309326171875
forecast_5039,2025-07-29 23:00:00,3560.813277513259,5060.417710959761,4465.75341796875
forecast_5040,2025-07-30 00:00:00,4689.149175446757,5790.315952527548,4771.01611328125
forecast_5041,2025-07-30 01:00:00,3815.5161509805175,4980.79926948988,3692.08984375
forecast_5042,2025-07-30 02:00:00,4148.105537456088,5235.040327988521,3882.260986328125
forecast_5043,2025-07-30 03:00:00,4752.982303661884,5617.007421412837,4068.788330078125
forecast_5044,2025-07-30 04:00:00,3666.9675586424382,4584.231351576071,3424.634033203125
forecast_5045,2025-07-30 05:00:00,2824.543224961692,3972.782399757898,3226.746826171875
forecast_5046,2025-07-30 06:00:00,2458.844220449333,3416.508274234716,2905.271484375
forecast_5047,2025-07-30 07:00:00,1549.3976567687878,2329.51359601077,2301.76953125
forecast_5048,2025-07-30 08:00:00,840.8327289279858,1565.5602244262714,2026.9847412109375
forecast_5049,2025-07-30 09:00:00,881.2645785706027,1541.3475155493422,1897.966796875
forecast_5050,2025-07-30 10:00:00,891.6236320017279,1489.2030962634044,1800.2821044921875
forecast_5051,2025-07-30 11:00:00,988.6280071707613,1584.258387326775,1977.6142578125
forecast_5052,2025-07-30 12:00:00,1129.9082756946345,1807.9737732635126,2017.9970703125
forecast_5053,2025-07-30 13:00:00,1076.700923925118,1714.046806523049,2051.6328125
forecast_5054,2025-07-30 14:00:00,1153.6094684712564,1867.9724561786018,1974.44873046875
forecast_5055,2025-07-30 15:00:00,1453.018446297825,2165.9978129458186,2133.869873046875
forecast_5056,2025-07-30 16:00:00,1139.294185906646,1835.229390717082,2230.287109375
forecast_5057,2025-07-30 17:00:00,813.1309713666097,1388.8953691719132,2058.312255859375
forecast_5058,2025-07-30 18:00:00,963.4447463437044,1708.3066262495176,2526.164794921875
forecast_5059,2025-07-30 19:00:00,1188.865377752615,1799.9206519786003,2423.171875
forecast_5060,2025-07-30 20:00:00,1204.6375801987822,1774.1051067451547,2389.694580078125
forecast_5061,2025-07-30 21:00:00,2309.239553634936,3073.7776635502373,3122.312744140625
forecast_5062,2025-07-30 22:00:00,2630.944930606124,3218.0632078664894,2828.991455078125
forecast_5063,2025-07-30 23:00:00,2723.2687995580436,3405.784714475687,2891.669189453125
forecast_5064,2025-07-31 00:00:00,2369.5394690915614,3188.0783702524805,2705.798583984375
forecast_5065,2025-07-31 01:00:00,4826.601174347959,5690.413205510481,3653.68359375
forecast_5066,2025-07-31 02:00:00,4708.634313562704,5838.586445310034,3588.280517578125
forecast_5067,2025-07-31 03:00:00,6185.566999347051,7627.9627268792265,4751.142578125
forecast_5068,2025-07-31 04:00:00,5937.499906232814,6920.79589184615,4594.8037109375
forecast_5069,2025-07-31 05:00:00,4476.460703610288,5846.241311988249,4162.03955078125
forecast_5070,2025-07-31 06:00:00,3496.9147357810034,5142.060065628575,3928.589111328125
forecast_5071,2025-07-31 07:00:00,2671.644307136761,3981.792892364982,3023.6298828125
forecast_5072,2025-07-31 08:00:00,2743.6292901625975,4216.793347515992,3562.87109375
forecast_5073,2025-07-31 09:00:00,1445.648075660651,2172.036853864363,2741.271240234375
forecast_5074,2025-07-31 10:00:00,2156.7394883153283,3402.515328608236,3857.365966796875
forecast_5075,2025-07-31 11:00:00,1565.6046614274883,2455.2286983080203,2814.0703125
forecast_5076,2025-07-31 12:00:00,1703.0564689466435,2580.6150369631664,3246.525390625
forecast_5077,2025-07-31 13:00:00,1370.0336316608825,2045.0852888837087,2927.5654296875
forecast_5078,2025-07-31 14:00:00,1285.3689309797392,1797.4247451419812,2787.374755859375
forecast_5079,2025-07-31 15:00:00,1110.1615002014719,1682.3153409498404,2313.841552734375
forecast_5080,2025-07-31 16:00:00,853.8870865617571,1562.5478152790163,2121.791015625
forecast_5081,2025-07-31 17:00:00,1092.3651415876532,1527.1347526696075,2220.087646484375
forecast_5082,2025-07-31 18:00:00,948.4647242217025,1516.2367776007536,2330.579345703125
forecast_5083,2025-07-31 19:00:00,1126.3160968602833,1686.9893250295504,2195.063720703125
forecast_5084,2025-07-31 20:00:00,927.9606311224271,1492.926563907525,2048.053466796875
forecast_5085,2025-07-31 21:00:00,1021.1131296007145,1804.2214472958299,2072.610595703125
forecast_5086,2025-07-31 22:00:00,1496.4583261997486,2430.3756814294293,2263.724609375
forecast_5087,2025-07-31 23:00:00,1701.1602380927654,2692.6210470982073,2331.274169921875
forecast_5088,2025-08-01 00:00:00,1951.9337399161823,2981.272811072622,2429.513671875
forecast_5089,2025-08-01 01:00:00,2872.037212362587,4613.93542343095,3996.4599609375
forecast_5090,2025-08-01 02:00:00,2968.342982113417,4288.076595153145,3642.117919921875
forecast_5091,2025-08-01 03:00:00,3009.306745448426,4275.392777027493,3484.285400390625
forecast_5092,2025-08-01 04:00:00,3001.2005568618706,4132.252752132052,3283.7470703125
forecast_5093,2025-08-01 05:00:00,3007.696302150509,3889.5051637778192,3199.609375
forecast_5094,2025-08-01 06:00:00,1907.7810826727073,2472.956451165418,2296.810791015625
forecast_5095,2025-08-01 07:00:00,931.4184305196789,1513.7024594242137,1631.8785400390625
forecast_5096,2025-08-01 08:00:00,781.3239400800255,1437.528384037627,1814.4517822265625
forecast_5097,2025-08-01 09:00:00,654.5285753571084,1145.6732629528171,1582.3011474609375
forecast_5098,2025-08-01 10:00:00,634.3699534908449,1075.2045226471048,1569.6646728515625
forecast_5099,2025-08-01 11:00:00,774.9672301793847,1256.3446929368324,1659.2493896484375
forecast_5100,2025-08-01 12:00:00,767.1244954340041,1413.145846250735,1819.9029541015625
forecast_5101,2025-08-01 13:00:00,1079.8626718452508,1816.813116541625,2144.6826171875
forecast_5102,2025-08-01 14:00:00,1260.144765778772,1926.8267045628666,2085.519775390625
forecast_5103,2025-08-01 15:00:00,903.5149843628689,1542.924480817475,2090.041748046875
forecast_5104,2025-08-01 16:00:00,943.2950555123373,1624.314100571186,2091.888916015625
forecast_5105,2025-08-01 17:00:00,1053.2141416378356,1963.9103505309372,2444.956787109375
forecast_5106,2025-08-01 18:00:00,1337.8577762301197,2349.241816984384,2719.754150390625
forecast_5107,2025-08-01 19:00:00,1189.6127565832005,1937.8004184740157,2560.503662109375
forecast_5108,2025-08-01 20:00:00,1118.46630265455,1781.280697075673,2423.800537109375
forecast_5109,2025-08-01 21:00:00,1246.6648201262954,2101.0423635102816,2537.453369140625
forecast_5110,2025-08-01 22:00:00,1396.4777220593141,2203.379375733879,2186.245361328125
forecast_5111,2025-08-01 23:00:00,1363.7613991269473,2259.8542252851275,2479.559326171875
forecast_5112,2025-08-02 00:00:00,1327.8636766556388,2735.4953069596795,2641.795654296875
forecast_5113,2025-08-02 01:00:00,4216.791398054185,5583.812609952933,4283.603515625
forecast_5114,2025-08-02 02:00:00,5663.311708207817,6757.399427144442,4945.40771484375
forecast_5115,2025-08-02 03:00:00,6786.646414535563,7698.449473830374,5236.64990234375
forecast_5116,2025-08-02 04:00:00,6962.215840378112,7942.982049156211,5356.95751953125
forecast_5117,2025-08-02 05:00:00,7596.3074583072075,8614.838938741668,5880.81201171875
forecast_5118,2025-08-02 06:00:00,8556.251131385183,9270.002180194972,6192.17822265625
forecast_5119,2025-08-02 07:00:00,7072.781720523978,7827.178554110122,5499.44775390625
forecast_5120,2025-08-02 08:00:00,5225.773294200152,6142.179101919615,4838.6943359375
forecast_5121,2025-08-02 09:00:00,3655.407618301364,4621.74721597783,4253.166015625
forecast_5122,2025-08-02 10:00:00,2334.8232327599044,2758.6611351149077,2986.272216796875
forecast_5123,2025-08-02 11:00:00,2129.0805905756156,2153.639743374802,2387.103271484375
forecast_5124,2025-08-02 12:00:00,1722.05417584602,1665.1727560455051,2069.707275390625
forecast_5125,2025-08-02 13:00:00,1815.6562245720365,1842.475163105033,2288.140869140625
forecast_5126,2025-08-02 14:00:00,1624.5841465865624,1466.3091349794897,1862.9693603515625
forecast_5127,2025-08-02 15:00:00,1872.673269132053,2453.263709247253,2272.757080078125
forecast_5128,2025-08-02 16:00:00,1349.3923958353612,1778.3173298608924,2571.708740234375
forecast_5129,2025-08-02 17:00:00,467.0981665042118,843.559681077103,1733.1126708984375
forecast_5130,2025-08-02 18:00:00,951.6888922857061,1156.8976204886178,1779.5653076171875
forecast_5131,2025-08-02 19:00:00,2203.229290983846,2676.319288769675,2693.2353515625
forecast_5132,2025-08-02 20:00:00,2469.9155823649335,3312.877824780986,3397.889404296875
forecast_5133,2025-08-02 21:00:00,2753.556508449254,3716.8007666957787,3706.8974609375
forecast_5134,2025-08-02 22:00:00,3195.436759245786,4388.528706337434,4067.377685546875
forecast_5135,2025-08-02 23:00:00,3271.281973421238,4347.073299264927,3681.144287109375
forecast_5136,2025-08-03 00:00:00,3382.8648058979143,4604.333372696755,3732.515869140625
forecast_5137,2025-08-03 01:00:00,3989.232239441916,5171.390747631707,3948.234375
forecast_5138,2025-08-03 02:00:00,5124.123212756987,6254.604626024342,4623.89453125
forecast_5139,2025-08-03 03:00:00,5580.965853412077,6458.214901415418,4657.85009765625
forecast_5140,2025-08-03 04:00:00,5101.366204027649,5911.196684378786,4378.36181640625
forecast_5141,2025-08-03 05:00:00,4572.78780026486,5514.409363866711,4291.58349609375
forecast_5142,2025-08-03 06:00:00,3200.6405078737034,4053.2683211730855,3184.785400390625
forecast_5143,2025-08-03 07:00:00,2204.479635198041,2712.5907055225944,2465.886962890625
forecast_5144,2025-08-03 08:00:00,1764.4614482333989,2645.267363503408,2907.3603515625
forecast_5145,2025-08-03 09:00:00,1833.1132307479913,2877.8906117379493,3156.596435546875
forecast_5146,2025-08-03 10:00:00,1516.896487396836,2030.3203373329068,2765.3701171875
forecast_5147,2025-08-03 11:00:00,1270.227234091376,1736.5411050439018,2247.559814453125
forecast_5148,2025-08-03 12:00:00,992.1597644076131,1628.5877247989397,1961.8338623046875
forecast_5149,2025-08-03 13:00:00,884.6622897268344,1549.0085063412353,2126.656005859375
forecast_5150,2025-08-03 14:00:00,1034.1446582651806,1744.2672502714288,2285.680419921875
forecast_5151,2025-08-03 15:00:00,1916.6071765489262,3419.241665055736,3735.271484375
forecast_5152,2025-08-03 16:00:00,1302.2786973039583,1991.8616521572717,2244.431884765625
forecast_5153,2025-08-03 17:00:00,2168.1142369012305,3303.1784673475595,2935.091064453125
forecast_5154,2025-08-03 18:00:00,2882.9393822884927,3834.3357738676086,3146.340576171875
forecast_5155,2025-08-03 19:00:00,4666.718333392726,6670.640446796815,4856.74169921875
forecast_5156,2025-08-03 20:00:00,6631.298558462435,8661.744627297136,6593.31201171875
forecast_5157,2025-08-03 21:00:00,5880.67957375233,7970.176188208968,5590.87109375
forecast_5158,2025-08-03 22:00:00,4829.93816486167,7051.754248897421,4696.51904296875
forecast_5159,2025-08-03 23:00:00,7525.878394085408,9602.339576615357,6611.69677734375
forecast_5160,2025-08-04 00:00:00,8920.128588991764,10752.370500396832,7502.05126953125
forecast_5161,2025-08-04 01:00:00,4631.284537500684,5720.340031511332,4163.98388671875
forecast_5162,2025-08-04 02:00:00,4476.279530556742,5698.406098456138,4141.9833984375
forecast_5163,2025-08-04 03:00:00,5036.395777409965,6828.71884190213,4986.98486328125
forecast_5164,2025-08-04 04:00:00,6297.6499281734605,7076.67341043788,5212.76953125
forecast_5165,2025-08-04 05:00:00,7430.40383573609,8404.41988771291,5487.98388671875
forecast_5166,2025-08-04 06:00:00,6949.359849127608,8048.123579052854,5627.44580078125
forecast_5167,2025-08-04 07:00:00,5391.443260075594,6121.003859614959,4261.15380859375
forecast_5168,2025-08-04 08:00:00,7203.9251208933665,9312.936145416823,7654.72412109375
forecast_5169,2025-08-04 09:00:00,5882.474501187691,6955.940214357448,6103.4296875
forecast_5170,2025-08-04 10:00:00,6269.093983944631,7973.686003620094,6597.22705078125
forecast_5171,2025-08-04 11:00:00,7996.326087363759,10054.664268305836,9044.3818359375
forecast_5172,2025-08-04 12:00:00,7225.769750715887,9137.87982370588,8457.8076171875
forecast_5173,2025-08-04 13:00:00,5387.792872045809,6018.035761550716,5291.28173828125
forecast_5174,2025-08-04 14:00:00,3352.3059006789326,3571.3408745058914,3306.019775390625
forecast_5175,2025-08-04 15:00:00,1838.1901472374288,2900.6513854512705,3385.735107421875
forecast_5176,2025-08-04 16:00:00,3348.24292970383,4334.541238703622,4012.2470703125
forecast_5177,2025-08-04 17:00:00,3468.569480992208,4103.275062729848,3509.201171875
forecast_5178,2025-08-04 18:00:00,3741.2048552361475,4795.551174882165,4674.5126953125
forecast_5179,2025-08-04 19:00:00,4812.042261702194,5739.265767652962,5202.12939453125
forecast_5180,2025-08-04 20:00:00,4926.1580101693535,5800.898231243542,5131.57763671875
forecast_5181,2025-08-04 21:00:00,6102.62732863408,8206.866612652528,7998.00732421875
forecast_5182,2025-08-04 22:00:00,7459.996112123874,9173.788114566654,9013.703125
forecast_5183,2025-08-04 23:00:00,8298.644453138088,10062.214119699776,9933.9248046875
forecast_5184,2025-08-05 00:00:00,7884.4674609599115,9069.060386446175,8810.0400390625
forecast_5185,2025-08-05 01:00:00,5901.3717366151795,6619.4569356814945,4899.3427734375
forecast_5186,2025-08-05 02:00:00,5164.573351623067,5158.363095697163,3572.9462890625
forecast_5187,2025-08-05 03:00:00,4663.123198805441,4730.341295822917,3577.353759765625
forecast_5188,2025-08-05 04:00:00,3880.887004470654,4408.588565227098,3215.781005859375
forecast_5189,2025-08-05 05:00:00,3055.0068024327607,3231.8495668557025,2571.07421875
forecast_5190,2025-08-05 06:00:00,2564.68131790227,2814.5536683010178,2338.636962890625
forecast_5191,2025-08-05 07:00:00,3123.813391707349,3597.065456451404,2851.778076171875
forecast_5192,2025-08-05 08:00:00,2925.3841615298134,3227.501534996756,2755.52734375
forecast_5193,2025-08-05 09:00:00,1806.8057380679122,2435.983276593569,2676.924072265625
forecast_5194,2025-08-05 10:00:00,2147.817062283473,2476.069739602936,2692.47509765625
forecast_5195,2025-08-05 11:00:00,2444.074851716604,3000.9846145826878,3300.260009765625
forecast_5196,2025-08-05 12:00:00,3355.788719417049,3487.854915533674,3523.498046875
forecast_5197,2025-08-05 13:00:00,4548.814241649162,4559.750146822709,4255.48974609375
forecast_5198,2025-08-05 14:00:00,6110.5174064931125,6322.379943327092,5077.36328125
forecast_5199,2025-08-05 15:00:00,9100.780806200164,9871.494016908666,9293.7978515625
forecast_5200,2025-08-05 16:00:00,10494.010395285663,10769.112190895798,10277.5419921875
forecast_5201,2025-08-05 17:00:00,9899.872342095437,9803.177317700953,8906.4091796875
forecast_5202,2025-08-05 18:00:00,8110.008013616337,8712.552271147764,7477.22412109375
forecast_5203,2025-08-05 19:00:00,7630.846100756426,6927.280908419265,4862.5546875
forecast_5204,2025-08-05 20:00:00,8966.121368011725,8686.52296561755,5987.6484375
forecast_5205,2025-08-05 21:00:00,8499.24648703259,8693.436250973647,5926.78662109375
forecast_5206,2025-08-05 22:00:00,8866.832454713362,9464.31850563515,6307.18212890625
forecast_5207,2025-08-05 23:00:00,7658.067784151599,8588.38319129006,5650.79150390625
forecast_5208,2025-08-06 00:00:00,7662.62538967271,8481.666222877504,6638.52783203125
forecast_5209,2025-08-06 01:00:00,13012.211411803664,14322.558818285244,13031.48828125
forecast_5210,2025-08-06 02:00:00,14686.060698561863,16151.815971967098,14089.5966796875
forecast_5211,2025-08-06 03:00:00,13094.359833660073,14534.790070804569,12631.9091796875
forecast_5212,2025-08-06 04:00:00,12566.074934826187,14192.283566670234,12490.015625
forecast_5213,2025-08-06 05:00:00,13829.809233818367,15580.351503728856,13902.1337890625
forecast_5214,2025-08-06 06:00:00,14036.805988370765,15855.862837509823,14526.71875
forecast_5215,2025-08-06 07:00:00,13924.391424626356,15425.231395043662,13963.7373046875
forecast_5216,2025-08-06 08:00:00,12569.866058145855,15188.090437269004,14602.1787109375
forecast_5217,2025-08-06 09:00:00,13048.834178071515,15072.27837931561,14162.8466796875
forecast_5218,2025-08-06 10:00:00,13646.864547377014,14194.163547540538,13148.5947265625
forecast_5219,2025-08-06 11:00:00,13931.620239342627,14881.690608092347,13530.453125
forecast_5220,2025-08-06 12:00:00,14987.659139647385,15014.828417205646,13695.3701171875
forecast_5221,2025-08-06 13:00:00,13972.717409945117,14721.058050256182,13596.5341796875
forecast_5222,2025-08-06 14:00:00,14177.919293200785,15732.383528090424,14452.28515625
forecast_5223,2025-08-06 15:00:00,16422.185771670876,17149.17344608179,15887.1318359375
forecast_5224,2025-08-06 16:00:00,14691.86928635232,15209.10723123578,14174.3154296875
forecast_5225,2025-08-06 17:00:00,15802.205501803779,16933.54697721983,16648.013671875
forecast_5226,2025-08-06 18:00:00,16811.41831970522,17361.739111639756,17435.236328125
forecast_5227,2025-08-06 19:00:00,16755.655771891954,17063.260223089823,17029.751953125
forecast_5228,2025-08-06 20:00:00,14201.722615032351,15988.864618972855,15680.8544921875
forecast_5229,2025-08-06 21:00:00,15702.333047457465,16621.1186549862,15948.078125
forecast_5230,2025-08-06 22:00:00,17147.424167856,17536.25550027097,17065.38671875
forecast_5231,2025-08-06 23:00:00,16948.991775535316,17443.921237998868,17185.9921875
forecast_5232,2025-08-07 00:00:00,17417.024765574235,17703.15180449511,17517.759765625
forecast_5233,2025-08-07 01:00:00,14875.309961178156,15728.159929394198,15348.1171875
forecast_5234,2025-08-07 02:00:00,16250.156515178493,16693.34790288627,16033.48828125
forecast_5235,2025-08-07 03:00:00,15949.093869282518,16556.39537643231,15924.2744140625
forecast_5236,2025-08-07 04:00:00,15770.829228107805,16471.00870008968,15945.3232421875
forecast_5237,2025-08-07 05:00:00,15932.62569436797,16925.13077616264,16766.005859375
forecast_5238,2025-08-07 06:00:00,16009.38363171755,16658.894593962712,16215.8544921875
forecast_5239,2025-08-07 07:00:00,15807.366840012292,16651.51788455766,15904.7333984375
forecast_5240,2025-08-07 08:00:00,12610.537273655156,13390.345111193059,12371.9169921875
forecast_5241,2025-08-07 09:00:00,9449.059763392608,9474.69655664319,7590.9921875
forecast_5242,2025-08-07 10:00:00,6786.153791621949,6426.14695627983,4906.29541015625
forecast_5243,2025-08-07 11:00:00,4386.359253425979,4047.252471847806,3120.084716796875
forecast_5244,2025-08-07 12:00:00,3138.2790385114654,2979.150164061639,2535.381591796875
forecast_5245,2025-08-07 13:00:00,1380.9594251085537,1678.9127756261933,1906.39404296875
forecast_5246,2025-08-07 14:00:00,1377.084685435364,1705.68733204248,2090.9970703125
forecast_5247,2025-08-07 15:00:00,1158.9432843964335,1515.9941464339995,2250.630615234375
forecast_5248,2025-08-07 16:00:00,1226.859538740301,1479.1709721754362,2077.762939453125
forecast_5249,2025-08-07 17:00:00,1662.771161858359,1671.9642324530605,2657.84765625
forecast_5250,2025-08-07 18:00:00,2414.5730415738767,2883.2598033373743,2830.888916015625
forecast_5251,2025-08-07 19:00:00,2246.3803770183113,2615.771581781023,2681.840087890625
forecast_5252,2025-08-07 20:00:00,2536.334595642891,3307.019830684945,3323.439208984375
forecast_5253,2025-08-07 21:00:00,2993.383152261499,4717.517134079726,4429.74853515625
forecast_5254,2025-08-07 22:00:00,3830.2741869118445,5327.726870501118,4560.57568359375
forecast_5255,2025-08-07 23:00:00,5253.827199706885,6320.961335070435,5070.38232421875
forecast_5256,2025-08-08 00:00:00,7210.431501450456,8015.390641618671,5951.427734375
forecast_5257,2025-08-08 01:00:00,6262.821482127349,7356.977104766724,5581.75390625
forecast_5258,2025-08-08 02:00:00,6363.449419542362,7720.059108481073,5343.89208984375
forecast_5259,2025-08-08 03:00:00,6118.624025952422,7312.668082865255,4868.09130859375
forecast_5260,2025-08-08 04:00:00,4951.234900097845,6076.592570420083,4342.71484375
forecast_5261,2025-08-08 05:00:00,4158.556682566679,5266.450776552919,4019.473876953125
forecast_5262,2025-08-08 06:00:00,3170.9478776273527,4235.44187890114,3335.83203125
forecast_5263,2025-08-08 07:00:00,1994.0794328505654,2961.0977397623856,2757.092529296875
forecast_5264,2025-08-08 08:00:00,1204.0501672266914,1833.6752173170812,2162.907470703125
forecast_5265,2025-08-08 09:00:00,1296.2112961081891,1915.6386639349575,2192.223876953125
forecast_5266,2025-08-08 10:00:00,989.2753859526995,1691.3605698834826,2064.849365234375
forecast_5267,2025-08-08 11:00:00,702.4401224612717,1162.6895117957924,1754.6292724609375
forecast_5268,2025-08-08 12:00:00,736.5914240698993,1380.1778996397481,1763.744140625
forecast_5269,2025-08-08 13:00:00,1033.2578319668128,1834.9077523612714,2033.6385498046875
forecast_5270,2025-08-08 14:00:00,1382.0396393210121,2150.329665520616,2251.580322265625
forecast_5271,2025-08-08 15:00:00,1053.849009124553,1677.7495286736648,2099.234619140625
forecast_5272,2025-08-08 16:00:00,1307.5887151968586,1679.3249523890408,2270.50146484375
forecast_5273,2025-08-08 17:00:00,1281.814614799734,1980.8598426052613,2606.04296875
forecast_5274,2025-08-08 18:00:00,1210.1535843862098,1964.9290212543817,2328.821533203125
forecast_5275,2025-08-08 19:00:00,1875.599856180378,2460.434337254161,3091.788818359375
forecast_5276,2025-08-08 20:00:00,977.2642097936828,1681.9447598311385,2137.721923828125
forecast_5277,2025-08-08 21:00:00,745.9163320030852,1900.7729267514421,2135.596923828125
forecast_5278,2025-08-08 22:00:00,1524.0913371456522,2664.1046549475536,2598.990966796875
forecast_5279,2025-08-08 23:00:00,2647.6307278326385,3969.5464033252038,3400.1513671875
forecast_5280,2025-08-09 00:00:00,3425.36548554566,4506.774006772437,3783.406982421875
forecast_5281,2025-08-09 01:00:00,2796.6903679790685,3778.7532491694114,3020.69140625
forecast_5282,2025-08-09 02:00:00,3032.4009610711246,4542.904324210587,3478.704833984375
forecast_5283,2025-08-09 03:00:00,3696.6700859086623,4996.629637318673,3747.421142578125
forecast_5284,2025-08-09 04:00:00,3854.692366911883,4998.465644432858,3670.494384765625
forecast_5285,2025-08-09 05:00:00,3868.4896125955806,5170.443443930451,3860.865478515625
forecast_5286,2025-08-09 06:00:00,3356.701399718404,4622.681271781872,3588.619873046875
forecast_5287,2025-08-09 07:00:00,3483.1081507238932,5187.244525155113,4405.994140625
forecast_5288,2025-08-09 08:00:00,3302.709917753717,4400.204472647475,3782.790771484375
forecast_5289,2025-08-09 09:00:00,2779.808337697132,3779.4646049142475,3538.303955078125
forecast_5290,2025-08-09 10:00:00,2552.641198964118,3730.666910210421,3735.145751953125
forecast_5291,2025-08-09 11:00:00,2398.4259212248226,3196.091549518534,3053.962890625
forecast_5292,2025-08-09 12:00:00,1984.3216422774487,2584.3902887005465,2695.574951171875
forecast_5293,2025-08-09 13:00:00,1805.0015433618955,2556.5918860389897,2885.006591796875
forecast_5294,2025-08-09 14:00:00,1738.860624349199,2436.7017618885584,2943.600341796875
forecast_5295,2025-08-09 15:00:00,1604.1352685078227,2097.0271982686922,2460.589111328125
forecast_5296,2025-08-09 16:00:00,1409.0263896831673,1661.367659789155,2203.480224609375
forecast_5297,2025-08-09 17:00:00,1619.8826348945338,2627.3085613579033,3323.924072265625
forecast_5298,2025-08-09 18:00:00,1743.0483202290302,2362.222746074443,2687.32421875
forecast_5299,2025-08-09 19:00:00,2713.9803309086788,3711.240768894113,3666.298828125
forecast_5300,2025-08-09 20:00:00,3656.8012217490414,3950.7831043868705,3106.238037109375
forecast_5301,2025-08-09 21:00:00,3783.022126099887,4134.236460194666,3354.818115234375
forecast_5302,2025-08-09 22:00:00,2453.831792150564,3586.112419303869,3256.443603515625
forecast_5303,2025-08-09 23:00:00,1616.597034055903,2464.0867579611277,2214.308349609375
forecast_5304,2025-08-10 00:00:00,1629.156096143733,2443.8305115582007,2415.23486328125
forecast_5305,2025-08-10 01:00:00,1902.8255527444671,2821.4179157006265,2784.9111328125
forecast_5306,2025-08-10 02:00:00,1372.8226766114437,2390.3514506764154,2434.2099609375
forecast_5307,2025-08-10 03:00:00,1211.8834059854873,2249.042932901208,2428.235107421875
forecast_5308,2025-08-10 04:00:00,1292.4640113199048,2385.7133638286546,2342.16064453125
forecast_5309,2025-08-10 05:00:00,1472.6411435644604,2708.2573051976124,2388.921142578125
forecast_5310,2025-08-10 06:00:00,2046.1735430481351,3083.4611567998923,2472.86083984375
forecast_5311,2025-08-10 07:00:00,1672.1644546006014,2533.8352887406304,2222.7978515625
forecast_5312,2025-08-10 08:00:00,1275.5787359049057,1981.3354532480835,1976.3779296875
forecast_5313,2025-08-10 09:00:00,1132.9584715441717,1817.286196239002,1868.2550048828125
forecast_5314,2025-08-10 10:00:00,1071.0619367321303,1638.7250884865541,1824.5712890625
forecast_5315,2025-08-10 11:00:00,1071.4359882443384,1504.7866124830618,1775.7452392578125
forecast_5316,2025-08-10 12:00:00,909.2691534452443,1310.4671765907904,1562.0853271484375
forecast_5317,2025-08-10 13:00:00,968.9611711978588,1429.3383563733958,1730.88330078125
forecast_5318,2025-08-10 14:00:00,1195.7762137051104,1735.4599065344091,2063.021240234375
forecast_5319,2025-08-10 15:00:00,1149.114898124535,1677.2429526450558,1927.8941650390625
forecast_5320,2025-08-10 16:00:00,1096.317470991637,1555.9342017924887,1952.998046875
forecast_5321,2025-08-10 17:00:00,888.8123695286313,1446.5688762470015,1893.2730712890625
forecast_5322,2025-08-10 18:00:00,826.2604773179448,1373.4910565332061,1889.234375
forecast_5323,2025-08-10 19:00:00,1126.148311237294,1945.2002205719955,2297.811767578125
forecast_5324,2025-08-10 20:00:00,885.1223220038162,1661.551203793315,2142.813232421875
forecast_5325,2025-08-10 21:00:00,1434.330664596723,2050.3159105872755,2471.346435546875
forecast_5326,2025-08-10 22:00:00,1026.9815525624833,1474.0827677457653,2030.3804931640625
forecast_5327,2025-08-10 23:00:00,1449.9532048100632,2094.697683218972,2213.774169921875
forecast_5328,2025-08-11 00:00:00,1483.4337063209832,2504.475577983075,2870.9228515625
forecast_5329,2025-08-11 01:00:00,951.5461524435739,1928.1088272895122,2266.9619140625
forecast_5330,2025-08-11 02:00:00,1121.704873875014,2729.8809575279765,2748.688232421875
forecast_5331,2025-08-11 03:00:00,1444.5460734139126,3001.93747264831,3114.595703125
forecast_5332,2025-08-11 04:00:00,1034.7763483782796,2581.5611309967226,2426.068359375
forecast_5333,2025-08-11 05:00:00,1184.23717051033,2567.796579122957,2503.685546875
forecast_5334,2025-08-11 06:00:00,1238.7455077979478,2291.446898468703,2289.101806640625
forecast_5335,2025-08-11 07:00:00,892.6036793235244,1794.3572154194237,1834.6553955078125
forecast_5336,2025-08-11 08:00:00,972.8983712794204,2095.0802981408697,1999.2137451171875
forecast_5337,2025-08-11 09:00:00,1037.8504156442505,1901.2328927641213,2139.311279296875
forecast_5338,2025-08-11 10:00:00,850.1971191784519,1534.4332476418424,1997.9351806640625
forecast_5339,2025-08-11 11:00:00,719.6833012601054,1306.924073568453,1818.3382568359375
forecast_5340,2025-08-11 12:00:00,807.1869729624136,1304.2152558502878,1974.5592041015625
forecast_5341,2025-08-11 13:00:00,664.2088517585426,1161.5798583320734,2089.001953125
forecast_5342,2025-08-11 14:00:00,492.6095457898043,998.8730214932822,1909.6839599609375
forecast_5343,2025-08-11 15:00:00,798.448214567113,1433.7649626222244,2045.5369873046875
forecast_5344,2025-08-11 16:00:00,1014.7163831312058,1872.320092453841,3069.521240234375
forecast_5345,2025-08-11 17:00:00,1541.4458801048465,2017.604716810421,2295.132080078125
forecast_5346,2025-08-11 18:00:00,1056.4091147695206,1847.5375642738268,2381.545166015625
forecast_5347,2025-08-11 19:00:00,1314.584422527447,1684.3248473637168,2467.944580078125
forecast_5348,2025-08-11 20:00:00,728.6585169483,1250.158034395246,1961.6749267578125
forecast_5349,2025-08-11 21:00:00,964.2982459180081,1694.1877959036976,1962.4273681640625
forecast_5350,2025-08-11 22:00:00,1191.7699396777082,2509.9042905033375,2655.838134765625
forecast_5351,2025-08-11 23:00:00,1407.4556666367814,1938.4831135135178,2441.26513671875
forecast_5352,2025-08-12 00:00:00,1409.0668505760968,2062.5761254721147,2294.212646484375
forecast_5353,2025-08-12 01:00:00,1844.0498624447462,3113.3782534486227,3156.848876953125
forecast_5354,2025-08-12 02:00:00,2513.033453147884,3846.5602589839345,3366.329345703125
forecast_5355,2025-08-12 03:00:00,2865.579619178784,4033.995643224212,3234.023193359375
forecast_5356,2025-08-12 04:00:00,2432.613299421123,3399.7590173755893,2907.094482421875
forecast_5357,2025-08-12 05:00:00,2356.7881344131533,3306.24206783506,2977.830078125
forecast_5358,2025-08-12 06:00:00,1899.2153472070468,2989.9172813939986,2728.175048828125
forecast_5359,2025-08-12 07:00:00,1541.321913817114,2368.949766772863,2206.926025390625
forecast_5360,2025-08-12 08:00:00,800.7967289175502,1613.6933830003074,1818.412109375
forecast_5361,2025-08-12 09:00:00,910.40021860712,1560.9497866356578,1759.29541015625
forecast_5362,2025-08-12 10:00:00,1096.5612831584838,1614.194182263083,1815.2572021484375
forecast_5363,2025-08-12 11:00:00,1096.2840159663156,1747.6982266127309,2016.8369140625
forecast_5364,2025-08-12 12:00:00,766.3473344844741,1378.727719812502,1843.99365234375
forecast_5365,2025-08-12 13:00:00,855.7871304705288,1574.1862881554755,2038.3245849609375
forecast_5366,2025-08-12 14:00:00,1061.153030121462,1737.861994199827,2144.35546875
forecast_5367,2025-08-12 15:00:00,1016.9546687454069,1946.6422446879503,2188.873779296875
forecast_5368,2025-08-12 16:00:00,1301.0475576390725,2823.2036906629337,2804.792236328125
forecast_5369,2025-08-12 17:00:00,1613.5971342428672,2396.4746242152532,2553.135498046875
forecast_5370,2025-08-12 18:00:00,2330.5575218987337,3424.4114699184934,3297.731201171875
forecast_5371,2025-08-12 19:00:00,2827.2672045580925,3436.095820185178,3025.005126953125
forecast_5372,2025-08-12 20:00:00,2718.6521900258276,3337.8331109503456,3180.497314453125
forecast_5373,2025-08-12 21:00:00,1872.736417138101,2610.1241544701716,2690.1875
forecast_5374,2025-08-12 22:00:00,2604.025217165671,3564.244644831909,3022.062255859375
forecast_5375,2025-08-12 23:00:00,3191.7631423516614,4094.1883154420866,3079.898193359375
forecast_5376,2025-08-13 00:00:00,3087.5038835326495,4306.683173461805,3119.1533203125
forecast_5377,2025-08-13 01:00:00,3580.5674625651623,4618.649217156978,3582.293701171875
forecast_5378,2025-08-13 02:00:00,3719.1667700547073,4997.79636977649,3870.637451171875
forecast_5379,2025-08-13 03:00:00,3392.0550103528212,4687.377619146557,3391.930908203125
forecast_5380,2025-08-13 04:00:00,2904.653677549238,4122.492751296228,3041.404052734375
forecast_5381,2025-08-13 05:00:00,2739.6426262570963,3896.9651037681633,3126.6240234375
forecast_5382,2025-08-13 06:00:00,4657.72716321525,5868.693909734687,4742.58642578125
forecast_5383,2025-08-13 07:00:00,4385.374641422097,5596.856714376117,4281.14453125
forecast_5384,2025-08-13 08:00:00,4947.729592541042,6556.94313859882,5471.22900390625
forecast_5385,2025-08-13 09:00:00,6863.027392600674,8326.580791836604,6112.30322265625
forecast_5386,2025-08-13 10:00:00,7419.55369112918,8889.42020798426,6733.50244140625
forecast_5387,2025-08-13 11:00:00,5748.117041480362,6732.863918302657,4775.68115234375
forecast_5388,2025-08-13 12:00:00,5067.636634809854,6665.863899197799,5350.44189453125
forecast_5389,2025-08-13 13:00:00,4655.859969038622,5708.005623995954,4599.61962890625
forecast_5390,2025-08-13 14:00:00,6142.14895356279,7675.670365747039,6255.39990234375
forecast_5391,2025-08-13 15:00:00,7414.66006301611,8883.352293740203,7594.302734375
forecast_5392,2025-08-13 16:00:00,8451.133436750635,9802.302641301309,8188.06005859375
forecast_5393,2025-08-13 17:00:00,8624.908316202973,10109.168583534309,8253.1630859375
forecast_5394,2025-08-13 18:00:00,9523.259740292691,11089.7190834949,8874.1044921875
forecast_5395,2025-08-13 19:00:00,11523.781184859072,13220.961231589488,11259.9326171875
forecast_5396,2025-08-13 20:00:00,15245.483969361767,16715.658995700313,15896.8544921875
forecast_5397,2025-08-13 21:00:00,17000.4492131698,17759.351882639734,17185.134765625
forecast_5398,2025-08-13 22:00:00,17947.77850055037,18567.603926046937,18276.869140625
forecast_5399,2025-08-13 23:00:00,18424.944625546188,18828.65655142947,18368.271484375
forecast_5400,2025-08-14 00:00:00,17503.054547939522,18086.93095237678,17611.322265625
forecast_5401,2025-08-14 01:00:00,17757.990021762947,18363.390737024594,17848.5859375
forecast_5402,2025-08-14 02:00:00,17819.213852022134,18649.97071201618,17999.328125
forecast_5403,2025-08-14 03:00:00,17692.964584815345,18189.247938340715,17753.15625
forecast_5404,2025-08-14 04:00:00,16931.778891237896,17651.678700624387,16785.00390625
forecast_5405,2025-08-14 05:00:00,15607.77559585014,16539.99021745738,15120.1103515625
forecast_5406,2025-08-14 06:00:00,14405.090205509336,15761.42118233657,14322.6787109375
forecast_5407,2025-08-14 07:00:00,13772.336491306978,15318.397048862385,13567.4453125
forecast_5408,2025-08-14 08:00:00,14985.679247822822,16254.485930045525,14766.5283203125
forecast_5409,2025-08-14 09:00:00,15234.399172979061,16487.708272540476,14850.2900390625
forecast_5410,2025-08-14 10:00:00,14200.119799394302,14851.64608507847,13479.3974609375
forecast_5411,2025-08-14 11:00:00,13810.064845096907,14103.239103947897,12831.9833984375
forecast_5412,2025-08-14 12:00:00,12468.32802954341,12926.717179969324,11367.6826171875
forecast_5413,2025-08-14 13:00:00,8542.099739680538,9659.26489091607,8151.40966796875
forecast_5414,2025-08-14 14:00:00,10624.366126442903,11677.1439560037,9207.7294921875
forecast_5415,2025-08-14 15:00:00,10982.661059833677,12019.391521845657,9526.3037109375
forecast_5416,2025-08-14 16:00:00,11472.221695669961,12342.93518132316,9930.0615234375
forecast_5417,2025-08-14 17:00:00,12278.196188197302,13795.19824135015,11460.1943359375
forecast_5418,2025-08-14 18:00:00,12526.821834671957,12953.509130550232,10528.0830078125
forecast_5419,2025-08-14 19:00:00,10911.201162278268,11671.80231378302,9916.6240234375
forecast_5420,2025-08-14 20:00:00,12779.066097131865,13763.907745106186,11087.5390625
forecast_5421,2025-08-14 21:00:00,14216.198792460264,15084.786984260829,13257.140625
forecast_5422,2025-08-14 22:00:00,15197.531951745324,15357.278888366433,13473.9765625
forecast_5423,2025-08-14 23:00:00,14373.783128765835,14960.076554766933,12795.2802734375
forecast_5424,2025-08-15 00:00:00,13573.478784986764,14187.583710402883,11281.87109375
forecast_5425,2025-08-15 01:00:00,14862.752859669446,14528.223906233128,12892.5595703125
forecast_5426,2025-08-15 02:00:00,14182.931164166055,13540.46117035547,11694.7880859375
forecast_5427,2025-08-15 03:00:00,13626.23952390127,13274.684992919374,11716.5634765625
forecast_5428,2025-08-15 04:00:00,13349.936203024392,13073.47522148012,11379.26171875
forecast_5429,2025-08-15 05:00:00,11813.725852674084,11397.411178960723,9304.36328125
forecast_5430,2025-08-15 06:00:00,10323.190343451466,10215.559090664323,8223.8271484375
forecast_5431,2025-08-15 07:00:00,8229.17973869674,8203.142172278585,6177.4765625
forecast_5432,2025-08-15 08:00:00,5012.055741921699,5170.61305954988,4136.15869140625
forecast_5433,2025-08-15 09:00:00,1848.732911829934,2127.0201764516687,2226.886474609375
forecast_5434,2025-08-15 10:00:00,1431.9719234165004,1499.9422329231695,1777.7098388671875
forecast_5435,2025-08-15 11:00:00,868.5233549816481,1045.6037621171454,1609.9290771484375
forecast_5436,2025-08-15 12:00:00,827.8195577864559,954.0550475568336,1569.3140869140625
forecast_5437,2025-08-15 13:00:00,1267.6572246228525,1447.2079959274913,2049.844970703125
forecast_5438,2025-08-15 14:00:00,1062.8529525041297,1321.8804589065803,1784.1240234375
forecast_5439,2025-08-15 15:00:00,1324.6230738814088,1578.194769101591,1833.8424072265625
forecast_5440,2025-08-15 16:00:00,1220.7918513910754,1418.0950027314643,1641.7061767578125
forecast_5441,2025-08-15 17:00:00,1272.7759131856624,1487.7326147189187,1816.6246337890625
forecast_5442,2025-08-15 18:00:00,1855.4290741209788,1917.1191966430256,2133.869873046875
forecast_5443,2025-08-15 19:00:00,2171.9398130997997,2572.5361509746576,2663.4970703125
forecast_5444,2025-08-15 20:00:00,3050.441465952038,4335.457778357719,4153.27197265625
forecast_5445,2025-08-15 21:00:00,4161.095487270988,5034.089778576275,4422.91259765625
forecast_5446,2025-08-15 22:00:00,4521.724424048773,5293.765590707863,4261.73779296875
forecast_5447,2025-08-15 23:00:00,5495.15753630106,6336.612247783582,4793.671875
forecast_5448,2025-08-16 00:00:00,7574.136134766234,8219.931107415285,5861.82421875
forecast_5449,2025-08-16 01:00:00,9772.379849177061,10117.372494552765,7372.39208984375
forecast_5450,2025-08-16 02:00:00,11116.082114259949,11639.082106888533,8663.1318359375
forecast_5451,2025-08-16 03:00:00,12374.703016918626,12681.926323982558,9354.30859375
forecast_5452,2025-08-16 04:00:00,11897.716064454366,12340.675457576604,8896.6787109375
forecast_5453,2025-08-16 05:00:00,10739.906191239039,11399.496218565833,7909.24462890625
forecast_5454,2025-08-16 06:00:00,9654.460655989718,10349.136625177878,7070.79248046875
forecast_5455,2025-08-16 07:00:00,8555.594595425646,9254.084670367685,6226.283203125
forecast_5456,2025-08-16 08:00:00,6457.598098501828,7310.71198037141,5466.11572265625
forecast_5457,2025-08-16 09:00:00,6292.831696221777,6862.922338056258,5072.79345703125
forecast_5458,2025-08-16 10:00:00,5223.513509124328,5660.729541332745,4664.65478515625
forecast_5459,2025-08-16 11:00:00,5741.559692855611,6061.483527737668,5093.09130859375
forecast_5460,2025-08-16 12:00:00,6205.339593417004,6228.402682698916,5012.84521484375
forecast_5461,2025-08-16 13:00:00,6926.426249291861,6895.460211877039,5551.97802734375
forecast_5462,2025-08-16 14:00:00,8721.621570363928,8568.046921336201,6950.33349609375
forecast_5463,2025-08-16 15:00:00,8940.932113106563,8848.577179133928,7343.27294921875
forecast_5464,2025-08-16 16:00:00,8798.083921008842,8708.998679461345,7069.34521484375
forecast_5465,2025-08-16 17:00:00,10281.083635440074,10643.92214614918,9427.6494140625
forecast_5466,2025-08-16 18:00:00,11422.013851260464,11774.867614192575,10812.2021484375
forecast_5467,2025-08-16 19:00:00,13038.875509116797,12255.102824760872,10830.6826171875
forecast_5468,2025-08-16 20:00:00,13842.063076648434,12991.785526147276,10933.1083984375
forecast_5469,2025-08-16 21:00:00,14979.215053790009,15755.775647157885,14741.9013671875
forecast_5470,2025-08-16 22:00:00,17382.891982818903,17253.708674231937,17024.197265625
forecast_5471,2025-08-16 23:00:00,18372.60397330158,17757.366352319295,17341.498046875
forecast_5472,2025-08-17 00:00:00,18583.174207977187,18034.89369430794,17624.0390625
forecast_5473,2025-08-17 01:00:00,18516.780341805636,18013.381295116556,17460.83984375
forecast_5474,2025-08-17 02:00:00,18551.506131879047,18144.231828689663,17612.34375
forecast_5475,2025-08-17 03:00:00,18776.807370423157,18187.8243236921,17582.091796875
forecast_5476,2025-08-17 04:00:00,19428.34972745999,18874.024216294958,18274.5625
forecast_5477,2025-08-17 05:00:00,19833.249175860103,19010.241387868016,18175.4453125
forecast_5478,2025-08-17 06:00:00,18853.26941770668,18220.947920740655,17214.853515625
forecast_5479,2025-08-17 07:00:00,17605.105809512137,17259.22274978313,15798.0810546875
forecast_5480,2025-08-17 08:00:00,15861.649749999575,16180.798119635716,14466.84765625
forecast_5481,2025-08-17 09:00:00,14119.307172879568,14500.554868266896,12609.3525390625
forecast_5482,2025-08-17 10:00:00,9430.144001579602,10360.788984504803,8769.80078125
forecast_5483,2025-08-17 11:00:00,5831.397509355744,5885.919435171846,4446.78759765625
forecast_5484,2025-08-17 12:00:00,4309.848645678832,4167.214307651613,3281.578369140625
forecast_5485,2025-08-17 13:00:00,3879.9820709101273,3900.5041766766944,3519.2333984375
forecast_5486,2025-08-17 14:00:00,4197.018931142725,4289.228211444157,3666.889404296875
forecast_5487,2025-08-17 15:00:00,4206.068279444318,4334.260125643329,3705.719970703125
forecast_5488,2025-08-17 16:00:00,4772.5369931854275,5142.84677271387,4280.337890625
forecast_5489,2025-08-17 17:00:00,3540.6315489193917,3659.709092749743,3591.1875
forecast_5490,2025-08-17 18:00:00,4855.486614886608,5114.628186969438,4269.365234375
forecast_5491,2025-08-17 19:00:00,5671.778685265395,5346.517547209964,4373.37451171875
forecast_5492,2025-08-17 20:00:00,4838.2823990277775,5689.643427886848,4968.5419921875
forecast_5493,2025-08-17 21:00:00,5857.064147679188,6833.051250856173,5710.07421875
forecast_5494,2025-08-17 22:00:00,6003.073871254448,6465.6341312812,5330.02392578125
forecast_5495,2025-08-17 23:00:00,6870.457801773047,6872.648737801106,5378.93896484375
forecast_5496,2025-08-18 00:00:00,6838.160244068788,7144.016539423981,5683.90087890625
forecast_5497,2025-08-18 01:00:00,10609.353610713228,10459.372181610202,7547.96044921875
forecast_5498,2025-08-18 02:00:00,8709.203052288365,8772.747722062995,6239.70458984375
forecast_5499,2025-08-18 03:00:00,8361.494690354295,9087.425465952067,6236.62890625
forecast_5500,2025-08-18 04:00:00,6715.671596568263,7364.7399448099495,5001.5009765625
forecast_5501,2025-08-18 05:00:00,8367.266301064086,9056.28197476578,5912.595703125
forecast_5502,2025-08-18 06:00:00,9332.812819717656,10090.051440869378,7109.23095703125
forecast_5503,2025-08-18 07:00:00,9954.676698769696,10136.91295779961,6874.99365234375
forecast_5504,2025-08-18 08:00:00,9035.94027615988,9544.347531996704,6845.15673828125
forecast_5505,2025-08-18 09:00:00,8788.389118958752,9544.576475039774,7074.38232421875
forecast_5506,2025-08-18 10:00:00,8835.96868561773,10129.741662637984,8980.2861328125
forecast_5507,2025-08-18 11:00:00,8490.465680422705,8914.029821655651,7540.21630859375
forecast_5508,2025-08-18 12:00:00,6174.259933924052,6373.824201563781,5107.67529296875
forecast_5509,2025-08-18 13:00:00,4625.6012702678745,4796.817948701051,4010.448486328125
forecast_5510,2025-08-18 14:00:00,5678.418542902311,5809.471866287226,4764.72900390625
forecast_5511,2025-08-18 15:00:00,6837.241217171696,6741.320678663711,5422.79248046875
forecast_5512,2025-08-18 16:00:00,8426.06735216139,7745.617664759198,5615.802734375
forecast_5513,2025-08-18 17:00:00,7251.4148455786935,7941.324247722792,6693.41943359375
forecast_5514,2025-08-18 18:00:00,7825.516746003058,7756.664224930719,7150.35302734375
forecast_5515,2025-08-18 19:00:00,10657.850910600038,10717.484902099262,9939.6689453125
forecast_5516,2025-08-18 20:00:00,13370.88845262218,13332.569138589952,13269.21875
forecast_5517,2025-08-18 21:00:00,11882.28680182143,12159.391100594625,9907.9521484375
forecast_5518,2025-08-18 22:00:00,13705.445668722934,14890.953353519733,13823.7236328125
forecast_5519,2025-08-18 23:00:00,15124.043665048446,15134.820012217155,14023.8388671875
forecast_5520,2025-08-19 00:00:00,16034.493712894457,16775.4546682434,16077.5537109375
forecast_5521,2025-08-19 01:00:00,15764.626411355503,16675.25256949246,15138.0595703125
forecast_5522,2025-08-19 02:00:00,15630.769704846029,16955.80686631363,15734.30078125
forecast_5523,2025-08-19 03:00:00,15785.993358128271,16401.96373629228,14983.2568359375
forecast_5524,2025-08-19 04:00:00,15632.82076499316,16362.910996293353,15305.8671875
forecast_5525,2025-08-19 05:00:00,16411.2546643565,16768.92958348478,15537.9853515625
forecast_5526,2025-08-19 06:00:00,15701.337990082115,16228.20824810653,14515.015625
forecast_5527,2025-08-19 07:00:00,14621.216718029225,15370.195300052186,13385.34375
forecast_5528,2025-08-19 08:00:00,14270.179821162083,15336.322047899266,13576.2685546875
forecast_5529,2025-08-19 09:00:00,14545.024454953398,15629.56013585858,14398.8876953125
forecast_5530,2025-08-19 10:00:00,13407.095582319158,13946.509700575112,12252.875
forecast_5531,2025-08-19 11:00:00,11931.386895863978,12389.687253693986,10604.1962890625
forecast_5532,2025-08-19 12:00:00,11277.642551175904,12111.628035702173,10433.5546875
forecast_5533,2025-08-19 13:00:00,9393.976798815766,9601.856415228549,8653.1533203125
forecast_5534,2025-08-19 14:00:00,9293.87804866471,8513.659333790549,6672.79931640625
forecast_5535,2025-08-19 15:00:00,10644.441033281668,10412.311382793345,9046.166015625
forecast_5536,2025-08-19 16:00:00,10267.414931305324,10148.18837464743,8412.328125
forecast_5537,2025-08-19 17:00:00,10860.912769578947,10858.283940945508,9821.6240234375
forecast_5538,2025-08-19 18:00:00,11329.553851963188,10818.221654953715,9419.1767578125
forecast_5539,2025-08-19 19:00:00,12252.250530775333,11586.468255385456,9716.4833984375
forecast_5540,2025-08-19 20:00:00,13715.079259860633,14204.793511133794,13434.5302734375
forecast_5541,2025-08-19 21:00:00,15257.931924230918,15592.212744527638,15299.7783203125
forecast_5542,2025-08-19 22:00:00,16120.78556885761,16702.324834978797,16854.46875
forecast_5543,2025-08-19 23:00:00,15362.408962786816,15953.697242933198,16208.1796875
forecast_5544,2025-08-20 00:00:00,17596.617893884344,18379.154902197315,18424.779296875
forecast_5545,2025-08-20 01:00:00,16841.713727674865,17267.10189392986,16665.01953125
forecast_5546,2025-08-20 02:00:00,16870.050746463417,17641.823303244008,16695.7109375
forecast_5547,2025-08-20 03:00:00,16716.94376770804,17114.214304320136,16198.8828125
forecast_5548,2025-08-20 04:00:00,16951.673436786194,17708.159897453836,17062.412109375
forecast_5549,2025-08-20 05:00:00,17199.35172006657,17528.240121493036,16687.708984375
forecast_5550,2025-08-20 06:00:00,16583.14825520514,17021.46534551681,15978.8564453125
forecast_5551,2025-08-20 07:00:00,15109.97389561076,15657.309124752665,14432.73046875
forecast_5552,2025-08-20 08:00:00,13579.679129590015,14446.629957607858,12840.7177734375
forecast_5553,2025-08-20 09:00:00,11680.055052703678,12064.970944018118,10073.5830078125
forecast_5554,2025-08-20 10:00:00,9054.180415387338,9500.601586289016,7795.77490234375
forecast_5555,2025-08-20 11:00:00,8057.580530884748,7958.504427563928,6453.49853515625
forecast_5556,2025-08-20 12:00:00,7077.527281531687,6817.927835486207,5853.72265625
forecast_5557,2025-08-20 13:00:00,5521.358930793673,4819.490388307131,4051.606201171875
forecast_5558,2025-08-20 14:00:00,5910.101939314636,4961.898209831972,3730.589111328125
forecast_5559,2025-08-20 15:00:00,5933.2224359621205,6000.192486857657,5604.90380859375
forecast_5560,2025-08-20 16:00:00,6326.669615253452,5780.495307576792,4893.61279296875
forecast_5561,2025-08-20 17:00:00,7169.557453765582,6729.397942381299,5398.4150390625
forecast_5562,2025-08-20 18:00:00,4322.654955098817,4429.969983708159,3692.034423828125
forecast_5563,2025-08-20 19:00:00,4436.186859436151,4501.563932191224,3500.345458984375
forecast_5564,2025-08-20 20:00:00,5775.537287880254,5733.627453577617,4297.64208984375
forecast_5565,2025-08-20 21:00:00,4882.870088424997,5433.027343378044,4462.22998046875
forecast_5566,2025-08-20 22:00:00,5827.787215499016,6720.786411684562,5047.0087890625
forecast_5567,2025-08-20 23:00:00,8993.350381104145,10521.190833035904,7819.0390625
forecast_5568,2025-08-21 00:00:00,11561.865965430157,12596.46536458977,9554.6923828125
forecast_5569,2025-08-21 01:00:00,10743.236308453266,11560.98592314979,7649.07861328125
forecast_5570,2025-08-21 02:00:00,12144.958898559878,12775.071750355548,8945.8544921875
forecast_5571,2025-08-21 03:00:00,13541.049219195118,13733.011754015262,10321.5234375
forecast_5572,2025-08-21 04:00:00,14731.891013046396,15368.859904643476,13356.3359375
forecast_5573,2025-08-21 05:00:00,14684.58331347841,14311.511435958375,11745.0029296875
forecast_5574,2025-08-21 06:00:00,10760.995537207207,10638.7498551063,7740.7109375
forecast_5575,2025-08-21 07:00:00,8707.597709976777,9181.539412051518,7454.31494140625
forecast_5576,2025-08-21 08:00:00,5141.5279303072875,5221.53534095914,4200.86376953125
forecast_5577,2025-08-21 09:00:00,2498.9143300338405,2542.19115239542,2482.99560546875
forecast_5578,2025-08-21 10:00:00,1822.127478069456,1761.871178668308,1943.8287353515625
forecast_5579,2025-08-21 11:00:00,1488.6439244918445,1513.9348295411094,1877.8289794921875
forecast_5580,2025-08-21 12:00:00,979.0135428136914,1163.9447307787489,1584.3524169921875
forecast_5581,2025-08-21 13:00:00,705.2455613785836,848.0271051515508,1540.1534423828125
forecast_5582,2025-08-21 14:00:00,560.0150059849431,704.0275076389497,1593.11572265625
forecast_5583,2025-08-21 15:00:00,619.1356694611922,774.5857659195261,1770.1168212890625
forecast_5584,2025-08-21 16:00:00,767.7615149629398,1010.5884205667679,1859.0787353515625
forecast_5585,2025-08-21 17:00:00,1149.5361581554364,1379.4868514972588,2108.646728515625
forecast_5586,2025-08-21 18:00:00,1702.6107087335595,2188.4925809754022,2474.7998046875
forecast_5587,2025-08-21 19:00:00,1493.1603186695554,2119.0936944930854,2344.740966796875
forecast_5588,2025-08-21 20:00:00,1549.1755932052042,2963.3547480956095,3494.543212890625
forecast_5589,2025-08-21 21:00:00,2428.122580799338,3989.7099796462126,3887.457763671875
forecast_5590,2025-08-21 22:00:00,3628.387613751564,5231.700429915041,4491.66552734375
forecast_5591,2025-08-21 23:00:00,3878.270781319041,4922.056619111825,4016.220703125
forecast_5592,2025-08-22 00:00:00,4338.655949963522,5786.345707495239,4609.33447265625
forecast_5593,2025-08-22 01:00:00,3635.723368442693,4793.3663069172635,3893.69921875
forecast_5594,2025-08-22 02:00:00,3804.5579207846945,4942.302234947312,3854.25390625
forecast_5595,2025-08-22 03:00:00,4223.9309801890695,5735.219736546972,4307.42578125
forecast_5596,2025-08-22 04:00:00,5667.733086292728,6966.071919227476,4892.20849609375
forecast_5597,2025-08-22 05:00:00,7469.589457800463,8328.20635943135,5667.953125
forecast_5598,2025-08-22 06:00:00,8813.462158790382,9348.708549897818,6172.63037109375
forecast_5599,2025-08-22 07:00:00,8951.289686878194,9343.201578895418,6201.08203125
forecast_5600,2025-08-22 08:00:00,7868.278351573976,8185.585333542871,5750.10400390625
forecast_5601,2025-08-22 09:00:00,5626.026198069161,6218.866686796853,4785.42822265625
forecast_5602,2025-08-22 10:00:00,3605.1332030289204,3998.107930755569,3624.939697265625
forecast_5603,2025-08-22 11:00:00,2443.582458103011,2599.3600875747684,2860.3701171875
forecast_5604,2025-08-22 12:00:00,1894.833922465542,1893.544105897408,2423.480712890625
forecast_5605,2025-08-22 13:00:00,2183.153171263339,2006.4853301471185,2183.599853515625
forecast_5606,2025-08-22 14:00:00,2465.4497332523547,2277.492629992541,2387.505859375
forecast_5607,2025-08-22 15:00:00,3644.3583126408816,3225.9424598088863,2945.0400390625
forecast_5608,2025-08-22 16:00:00,4339.4744931445875,4223.241183275657,3581.4755859375
forecast_5609,2025-08-22 17:00:00,5577.908226191261,5981.122222028913,4780.927734375
forecast_5610,2025-08-22 18:00:00,5921.165460579592,5666.0434909885225,4508.01220703125
forecast_5611,2025-08-22 19:00:00,6259.489010588186,7013.531394905211,5649.01220703125
forecast_5612,2025-08-22 20:00:00,8179.4143286444705,8372.334356220152,6305.54345703125
forecast_5613,2025-08-22 21:00:00,9669.779216002586,10083.539615323585,8019.70361328125
forecast_5614,2025-08-22 22:00:00,11675.148549031017,11797.134297255656,9753.951171875
forecast_5615,2025-08-22 23:00:00,12895.648130521782,13141.21453269331,11196.5146484375
forecast_5616,2025-08-23 00:00:00,14752.288257111206,14761.413247840203,12725.44140625
forecast_5617,2025-08-23 01:00:00,14484.822264395478,14063.817797365653,11501.2099609375
forecast_5618,2025-08-23 02:00:00,14332.090142358305,13795.077098913524,10919.2841796875
forecast_5619,2025-08-23 03:00:00,13715.371784592702,13281.834861016327,10714.1259765625
forecast_5620,2025-08-23 04:00:00,13061.360285966453,12479.188998024405,9988.5068359375
forecast_5621,2025-08-23 05:00:00,11064.097471784933,10716.225605599477,8135.87158203125
forecast_5622,2025-08-23 06:00:00,8988.392481840372,8993.275980775226,6582.181640625
forecast_5623,2025-08-23 07:00:00,6403.306931703615,6675.601838040548,4865.77734375
forecast_5624,2025-08-23 08:00:00,3748.6773741659476,4353.178426029588,3699.661376953125
forecast_5625,2025-08-23 09:00:00,2415.5876514895717,2941.0525409615975,3094.948974609375
forecast_5626,2025-08-23 10:00:00,1277.0528250865736,1619.0788678016356,2305.8974609375
forecast_5627,2025-08-23 11:00:00,918.5447376967683,1199.578115585703,1977.4527587890625
forecast_5628,2025-08-23 12:00:00,458.87145275841533,669.675336426387,1586.33203125
forecast_5629,2025-08-23 13:00:00,583.3734478914384,749.1994417302055,1499.0443115234375
forecast_5630,2025-08-23 14:00:00,569.4805025052651,545.0433059573494,1481.7841796875
forecast_5631,2025-08-23 15:00:00,673.6769937990649,981.150360924343,1499.0767822265625
forecast_5632,2025-08-23 16:00:00,864.7424212044558,1353.440958433514,1962.5247802734375
forecast_5633,2025-08-23 17:00:00,752.4957616511742,1446.8649168972481,2629.777099609375
forecast_5634,2025-08-23 18:00:00,1259.87746316861,1923.24389148825,2751.341552734375
forecast_5635,2025-08-23 19:00:00,1211.596348979135,1926.3582362736747,2545.684326171875
forecast_5636,2025-08-23 20:00:00,2116.1308976241944,3495.5406825393225,3852.946533203125
forecast_5637,2025-08-23 21:00:00,2773.748173409136,4084.18590475722,4178.96728515625
forecast_5638,2025-08-23 22:00:00,3631.291717664784,4432.117532730978,4002.400390625
forecast_5639,2025-08-23 23:00:00,3797.8183495455837,4783.835857339938,4189.21728515625
forecast_5640,2025-08-24 00:00:00,4352.3517374879575,5270.721647364792,4206.5703125
forecast_5641,2025-08-24 01:00:00,3015.781348614933,4253.896732389525,3739.334228515625
forecast_5642,2025-08-24 02:00:00,3329.7581474394065,4273.9383965097,3425.6474609375
forecast_5643,2025-08-24 03:00:00,2908.063246176611,3973.134523148174,3244.321533203125
forecast_5644,2025-08-24 04:00:00,3287.4171282074585,4190.631885363773,3119.059326171875
forecast_5645,2025-08-24 05:00:00,2573.9474798286756,3623.328937581889,2902.806396484375
forecast_5646,2025-08-24 06:00:00,2161.61376471932,3361.7225959318803,2845.161376953125
forecast_5647,2025-08-24 07:00:00,2213.8737777097413,3339.0908655640987,2890.712890625
forecast_5648,2025-08-24 08:00:00,1979.7392467023665,2532.044555194505,2570.937744140625
forecast_5649,2025-08-24 09:00:00,1334.1921141838416,1791.2942694497815,2406.757568359375
forecast_5650,2025-08-24 10:00:00,1336.0526518881823,1749.1736692009943,2532.493896484375
forecast_5651,2025-08-24 11:00:00,1196.6085052636377,1798.1991207659441,2671.65625
forecast_5652,2025-08-24 12:00:00,1318.6794412293502,1804.7388931379992,2225.3994140625
forecast_5653,2025-08-24 13:00:00,936.3433774763448,1161.5858982766629,1685.2734375
forecast_5654,2025-08-24 14:00:00,1139.0384439425457,1534.3809217045768,2151.49072265625
forecast_5655,2025-08-24 15:00:00,1415.260378534182,1444.8079604317404,2091.572021484375
forecast_5656,2025-08-24 16:00:00,1599.6310592562247,2103.1410361219637,2698.984375
forecast_5657,2025-08-24 17:00:00,2739.4253756775515,3422.4285492742906,3335.156982421875
forecast_5658,2025-08-24 18:00:00,3086.829078162741,2996.903482955616,2950.342529296875
forecast_5659,2025-08-24 19:00:00,2671.9919172430255,3286.088361065012,3508.306884765625
forecast_5660,2025-08-24 20:00:00,2761.530578125624,3438.0022123097783,3795.674560546875
forecast_5661,2025-08-24 21:00:00,2713.4958873170826,3355.816041685881,3401.330810546875
forecast_5662,2025-08-24 22:00:00,2906.3764284401454,3653.0783784921637,3563.8681640625
forecast_5663,2025-08-24 23:00:00,3245.6735223980454,3952.373168876662,3397.790283203125
forecast_5664,2025-08-25 00:00:00,3168.948512383126,4192.691055992741,3489.8896484375
forecast_5665,2025-08-25 01:00:00,2823.0457962635055,4360.699106698916,3629.1953125
forecast_5666,2025-08-25 02:00:00,3640.7112997946415,4960.213260956734,3775.975830078125
forecast_5667,2025-08-25 03:00:00,4193.3691913226085,5463.968780049371,3990.969482421875
forecast_5668,2025-08-25 04:00:00,4143.545821694983,5360.0868565807505,3926.41015625
forecast_5669,2025-08-25 05:00:00,4190.406446172411,5275.117699663213,3910.211669921875
forecast_5670,2025-08-25 06:00:00,4089.350946860174,5176.400634806843,3798.542236328125
forecast_5671,2025-08-25 07:00:00,4041.25881950283,4953.124421396133,3920.503173828125
forecast_5672,2025-08-25 08:00:00,3210.1846853163447,3788.8831513582145,3371.642333984375
forecast_5673,2025-08-25 09:00:00,1772.8204993430363,2217.6422447423533,2589.891357421875
forecast_5674,2025-08-25 10:00:00,1887.493957604163,2230.4993309581414,2707.489990234375
forecast_5675,2025-08-25 11:00:00,1617.1095667564982,1777.6372168177963,2525.912841796875
forecast_5676,2025-08-25 12:00:00,1868.6756719248033,2660.5109822927807,2984.086669921875
forecast_5677,2025-08-25 13:00:00,1492.5915711132948,1596.1184127564838,2101.4970703125
forecast_5678,2025-08-25 14:00:00,1320.585804851072,2103.032002689425,2444.6357421875
forecast_5679,2025-08-25 15:00:00,2633.2590029201738,4011.3338524522724,4118.55078125
forecast_5680,2025-08-25 16:00:00,2506.053481402253,3471.994536464668,3812.088134765625
forecast_5681,2025-08-25 17:00:00,2978.8251002321076,3462.8127769518787,3316.936767578125
forecast_5682,2025-08-25 18:00:00,4777.803450958758,5823.443190352336,4696.875
forecast_5683,2025-08-25 19:00:00,5245.028687525409,5749.652527850802,4637.38427734375
forecast_5684,2025-08-25 20:00:00,9085.651443367842,10259.615300087133,8027.66650390625
forecast_5685,2025-08-25 21:00:00,10226.265878428801,10659.584374170217,8282.2109375
forecast_5686,2025-08-25 22:00:00,12272.053589029087,13874.561875967953,11790.671875
forecast_5687,2025-08-25 23:00:00,13661.595814441429,15200.24647851603,13867.3955078125
forecast_5688,2025-08-26 00:00:00,14851.660446963313,16218.541036595907,15189.7421875
forecast_5689,2025-08-26 01:00:00,13970.465104010504,15124.179946938762,12889.6767578125
forecast_5690,2025-08-26 02:00:00,14161.768452874823,15880.551067102127,13905.7333984375
forecast_5691,2025-08-26 03:00:00,14897.442323531957,16136.840327400725,14322.3076171875
forecast_5692,2025-08-26 04:00:00,15087.364994440843,16181.595474944066,14422.8828125
forecast_5693,2025-08-26 05:00:00,15165.03921009776,16099.362235162418,14452.9697265625
forecast_5694,2025-08-26 06:00:00,15283.047300714075,16641.04619780489,15126.484375
forecast_5695,2025-08-26 07:00:00,14338.556882408779,15947.096903658123,14684.20703125
forecast_5696,2025-08-26 08:00:00,13762.381372736349,14992.028919365852,13558.0146484375
forecast_5697,2025-08-26 09:00:00,15543.98214562688,16782.171583530457,15900.2900390625
forecast_5698,2025-08-26 10:00:00,14151.674715624686,15678.654527277205,14986.9453125
forecast_5699,2025-08-26 11:00:00,13396.284666478277,14596.19532389249,14096.8486328125
forecast_5700,2025-08-26 12:00:00,12556.215381134687,14090.65699638519,12526.5830078125
forecast_5701,2025-08-26 13:00:00,13822.153674503279,14753.928565497912,13995.9765625
forecast_5702,2025-08-26 14:00:00,14234.648432826245,15464.32377032207,14850.359375
forecast_5703,2025-08-26 15:00:00,13605.286814112487,14064.460421730459,12734.4296875
forecast_5704,2025-08-26 16:00:00,12140.518809372568,12513.04205050921,10868.3876953125
forecast_5705,2025-08-26 17:00:00,11704.288669217107,12018.918421333936,9874.9697265625
forecast_5706,2025-08-26 18:00:00,11825.970439846276,11238.09291625362,9032.1796875
forecast_5707,2025-08-26 19:00:00,10771.53922132143,11011.251588886335,8992.2724609375
forecast_5708,2025-08-26 20:00:00,9543.887669979997,9948.84953148926,7788.39990234375
forecast_5709,2025-08-26 21:00:00,9621.823526392998,9558.923794400782,6809.41162109375
forecast_5710,2025-08-26 22:00:00,10267.517303502033,10929.029937459058,8006.03271484375
forecast_5711,2025-08-26 23:00:00,10421.642747798754,10513.48829188826,7695.59228515625
forecast_5712,2025-08-27 00:00:00,9739.310412906687,10343.616349170996,7634.77099609375
forecast_5713,2025-08-27 01:00:00,9919.600691041527,10756.277084649797,7960.72021484375
forecast_5714,2025-08-27 02:00:00,7712.275426964601,8154.871045617289,5922.23828125
forecast_5715,2025-08-27 03:00:00,5259.36249206844,6084.623546268129,4426.67041015625
forecast_5716,2025-08-27 04:00:00,3637.392115395933,4787.4096188982185,3562.4111328125
forecast_5717,2025-08-27 05:00:00,2160.891266792904,3109.33253423172,2693.374267578125
forecast_5718,2025-08-27 06:00:00,1531.1080451281516,2516.157408940728,2464.301025390625
forecast_5719,2025-08-27 07:00:00,1013.1024076839161,1822.4868962498958,2042.4166259765625
forecast_5720,2025-08-27 08:00:00,910.3506437094286,1617.382029569625,1969.9713134765625
forecast_5721,2025-08-27 09:00:00,754.7078532153208,943.738955566779,1695.0599365234375
forecast_5722,2025-08-27 10:00:00,687.4752941123272,1093.7695825334913,1677.3741455078125
forecast_5723,2025-08-27 11:00:00,771.2403680698011,1175.312569825888,1713.63037109375
forecast_5724,2025-08-27 12:00:00,692.1661917280278,1160.8087896882366,1579.7342529296875
forecast_5725,2025-08-27 13:00:00,1114.4202571822923,1585.1366397127197,1734.82763671875
forecast_5726,2025-08-27 14:00:00,1376.2002456889109,1807.714200806903,2025.2799072265625
forecast_5727,2025-08-27 15:00:00,1549.3600686434143,1914.8598111864965,2100.197265625
forecast_5728,2025-08-27 16:00:00,1861.031427935564,2451.1759361965273,2448.788330078125
forecast_5729,2025-08-27 17:00:00,1335.3386526105135,1817.982040657428,2114.9169921875
forecast_5730,2025-08-27 18:00:00,1421.6226918800087,1967.253839858707,2085.395751953125
forecast_5731,2025-08-27 19:00:00,1498.9100965124153,2024.5530209043766,2052.93798828125
forecast_5732,2025-08-27 20:00:00,2228.3379532907466,2892.2595270379534,2767.5810546875
forecast_5733,2025-08-27 21:00:00,2067.039109419228,2448.4714151025364,2445.0380859375
forecast_5734,2025-08-27 22:00:00,1895.6147146882106,2487.892008516324,2447.266845703125
forecast_5735,2025-08-27 23:00:00,1737.650239100571,2684.301895772077,2626.847900390625
forecast_5736,2025-08-28 00:00:00,1681.7686356649247,2776.1409665415495,2699.524169921875
forecast_5737,2025-08-28 01:00:00,2478.471691325187,3278.5997512175986,2536.639404296875
forecast_5738,2025-08-28 02:00:00,3450.996524611639,4900.410113836707,3470.547119140625
forecast_5739,2025-08-28 03:00:00,3581.451515187697,5183.777948095945,3719.470703125
forecast_5740,2025-08-28 04:00:00,4649.152245916373,6449.492584413347,4327.8759765625
forecast_5741,2025-08-28 05:00:00,5918.22846436548,7713.296588709229,5092.44580078125
forecast_5742,2025-08-28 06:00:00,4994.759340878571,6588.6849994328295,4512.16259765625
forecast_5743,2025-08-28 07:00:00,3007.537868361792,4267.330265333418,3526.308837890625
forecast_5744,2025-08-28 08:00:00,2395.2138154185686,3479.4036046753977,2819.810791015625
forecast_5745,2025-08-28 09:00:00,2224.2247084654527,2907.4147161415403,2942.2919921875
forecast_5746,2025-08-28 10:00:00,1990.5881072522434,2176.945400633128,2771.7421875
forecast_5747,2025-08-28 11:00:00,1811.1378409748736,1952.8646594572415,2604.818115234375
forecast_5748,2025-08-28 12:00:00,2227.9633639312733,2681.4356230456283,2572.852294921875
forecast_5749,2025-08-28 13:00:00,2802.873546281973,2480.523668242309,2822.322509765625
forecast_5750,2025-08-28 14:00:00,2905.334917829569,3166.7689043312666,3382.379638671875
forecast_5751,2025-08-28 15:00:00,3284.761834727978,3773.7500031989657,3243.006103515625
forecast_5752,2025-08-28 16:00:00,3509.735562544072,4386.0177663497125,3555.639404296875
forecast_5753,2025-08-28 17:00:00,4525.2414591438255,5723.020742767677,4348.37548828125
forecast_5754,2025-08-28 18:00:00,4774.5432258693745,5587.060785966688,4001.158935546875
forecast_5755,2025-08-28 19:00:00,5228.062006520153,5916.360210985721,3982.954345703125
forecast_5756,2025-08-28 20:00:00,7944.044720813485,9626.596403628704,6836.82666015625
forecast_5757,2025-08-28 21:00:00,7967.910724542434,8729.002346003012,6153.4453125
forecast_5758,2025-08-28 22:00:00,11308.436904283903,13020.737094174357,10672.3486328125
forecast_5759,2025-08-28 23:00:00,13744.103253085797,14938.256710742158,13137.65625
forecast_5760,2025-08-29 00:00:00,14746.353091317333,15998.55872852428,14867.4326171875
forecast_5761,2025-08-29 01:00:00,16602.475501713234,17408.73236649345,16740.974609375
forecast_5762,2025-08-29 02:00:00,16814.271987658685,17207.72163453673,16607.033203125
forecast_5763,2025-08-29 03:00:00,17079.418337980296,17701.682738306736,16980.009765625
forecast_5764,2025-08-29 04:00:00,17084.171050188073,17571.415469391584,16736.513671875
forecast_5765,2025-08-29 05:00:00,17419.945243171576,18125.982536510393,17165.796875
forecast_5766,2025-08-29 06:00:00,17575.911584375288,17877.67926993129,17031.267578125
forecast_5767,2025-08-29 07:00:00,17537.813156405362,18229.20035421515,17151.431640625
forecast_5768,2025-08-29 08:00:00,17172.756293884842,17844.46450082533,16639.318359375
forecast_5769,2025-08-29 09:00:00,15264.821045891165,16035.783425786321,15130.0673828125
forecast_5770,2025-08-29 10:00:00,14108.510978120577,14505.873970991985,12773.1474609375
forecast_5771,2025-08-29 11:00:00,13066.500955905754,13586.723684445275,11974.3720703125
forecast_5772,2025-08-29 12:00:00,11738.237822553634,12041.810755882965,10451.58203125
forecast_5773,2025-08-29 13:00:00,11040.925690071681,10937.586054740597,9232.6181640625
forecast_5774,2025-08-29 14:00:00,11109.077167948632,10900.169831792951,9045.0634765625
forecast_5775,2025-08-29 15:00:00,11731.6030438902,11527.117532665437,9722.2421875
forecast_5776,2025-08-29 16:00:00,10809.99328820152,10542.714284697675,9157.4775390625
forecast_5777,2025-08-29 17:00:00,10696.61625294331,10663.845182659792,9257.5146484375
forecast_5778,2025-08-29 18:00:00,9741.802257609575,9227.902753783488,7193.59375
forecast_5779,2025-08-29 19:00:00,11703.431241354172,11162.064769073004,8326.275390625
forecast_5780,2025-08-29 20:00:00,11996.204674136085,11843.200762533139,9632.6611328125
forecast_5781,2025-08-29 21:00:00,13333.541488352126,13104.119284649169,10498.1923828125
forecast_5782,2025-08-29 22:00:00,13819.816978422652,14039.019586400325,11968.7958984375
forecast_5783,2025-08-29 23:00:00,13504.131235478588,13496.7868335366,10962.7861328125
forecast_5784,2025-08-30 00:00:00,13027.37153672347,13261.962893318754,10640.80859375
forecast_5785,2025-08-30 01:00:00,14287.233741820131,14525.587240799981,12318.8212890625
forecast_5786,2025-08-30 02:00:00,14983.86700324234,14687.756023394373,12003.9580078125
forecast_5787,2025-08-30 03:00:00,13565.784759267051,13319.387193507417,10046.1318359375
forecast_5788,2025-08-30 04:00:00,11298.325404173207,11452.087904898548,8152.5625
forecast_5789,2025-08-30 05:00:00,10765.875632049034,10926.382234757033,7649.93115234375
forecast_5790,2025-08-30 06:00:00,10705.290576740004,10571.620992319517,7158.37451171875
forecast_5791,2025-08-30 07:00:00,9129.723727000324,9206.805490144508,6506.08544921875
forecast_5792,2025-08-30 08:00:00,7759.724956502465,7760.943384822544,5599.3828125
forecast_5793,2025-08-30 09:00:00,4879.737307799538,5022.5911287437475,4182.65283203125
forecast_5794,2025-08-30 10:00:00,3170.2046866989576,3190.9203133304686,2986.055908203125
forecast_5795,2025-08-30 11:00:00,1716.184939701376,1751.665671817715,2100.473388671875
forecast_5796,2025-08-30 12:00:00,1513.1122366646082,1658.9883290733924,2109.297607421875
forecast_5797,2025-08-30 13:00:00,1552.5574550515385,1706.6640579235514,2156.83349609375
forecast_5798,2025-08-30 14:00:00,1956.256864999152,2068.150729586918,2354.347900390625
forecast_5799,2025-08-30 15:00:00,2705.398749143102,2900.1192281341096,2993.87890625
forecast_5800,2025-08-30 16:00:00,2608.0142163877117,2903.067933904525,2835.961669921875
forecast_5801,2025-08-30 17:00:00,1947.8215902872612,2050.714453612594,2152.232421875
forecast_5802,2025-08-30 18:00:00,2881.418849505585,3382.682212096154,3375.575439453125
forecast_5803,2025-08-30 19:00:00,2867.205968008523,3286.863980972825,3297.773681640625
forecast_5804,2025-08-30 20:00:00,3663.4305754825787,4112.16576169418,3926.6708984375
forecast_5805,2025-08-30 21:00:00,4261.49624863538,4937.9923833198245,4326.76318359375
forecast_5806,2025-08-30 22:00:00,5842.915511942047,6448.473185526042,5265.0234375
forecast_5807,2025-08-30 23:00:00,5067.14598415868,5788.952095546155,4650.32080078125
forecast_5808,2025-08-31 00:00:00,4425.691609342849,5823.612064803214,4578.6083984375
forecast_5809,2025-08-31 01:00:00,6735.847456380813,8281.712636912325,5669.25830078125
forecast_5810,2025-08-31 02:00:00,6233.647018230255,7823.874731254233,5134.353515625
forecast_5811,2025-08-31 03:00:00,5670.50230030319,7068.864408601339,4590.4580078125
forecast_5812,2025-08-31 04:00:00,5636.325393932189,6897.790744629072,4617.63037109375
forecast_5813,2025-08-31 05:00:00,4638.717070758419,5945.766642764607,4172.24267578125
forecast_5814,2025-08-31 06:00:00,3355.0014116672733,4871.810005418967,3670.514404296875
forecast_5815,2025-08-31 07:00:00,2363.153731705157,3650.096624020787,2891.734619140625
forecast_5816,2025-08-31 08:00:00,2233.2357770478993,3086.2764791386376,2896.2158203125
forecast_5817,2025-08-31 09:00:00,1689.8143012951884,2305.1959204328446,2727.136474609375
forecast_5818,2025-08-31 10:00:00,1401.1090101279854,2059.39442281457,2808.523681640625
forecast_5819,2025-08-31 11:00:00,1384.7970003466403,2123.462131704134,3007.651123046875
forecast_5820,2025-08-31 12:00:00,1425.8383453531474,2220.6732711819977,3268.3603515625
forecast_5821,2025-08-31 13:00:00,1700.7379526792852,2505.4896192321203,3494.097412109375
forecast_5822,2025-08-31 14:00:00,2437.5057722703837,3535.943974895499,3794.7333984375
forecast_5823,2025-08-31 15:00:00,3399.20186413749,4729.328725708232,4039.353515625
forecast_5824,2025-08-31 16:00:00,3765.044001840605,5044.11009197,3859.649658203125
forecast_5825,2025-08-31 17:00:00,4881.140767367215,6583.113486138188,5117.17919921875
forecast_5826,2025-08-31 18:00:00,6206.667303613197,6846.89607819804,4308.82861328125
forecast_5827,2025-08-31 19:00:00,8634.396976550384,10036.319128856487,7021.44873046875
forecast_5828,2025-08-31 20:00:00,8360.939646401846,9625.796750406455,6345.302734375
forecast_5829,2025-08-31 21:00:00,9209.270989685083,10566.971710702443,7304.51708984375
forecast_5830,2025-08-31 22:00:00,9306.90724902054,10575.69049412168,7475.52734375
forecast_5831,2025-08-31 23:00:00,9729.146709198325,10913.463479193408,7671.36328125
forecast_5832,2025-09-01 00:00:00,10095.0272559403,11346.133647323073,7311.48046875
forecast_5833,2025-09-01 01:00:00,12414.608805782276,13541.518023527246,9853.82421875
forecast_5834,2025-09-01 02:00:00,10636.60065300392,11871.967770725778,8548.2880859375
forecast_5835,2025-09-01 03:00:00,11825.828055081294,13903.602122882796,10883.7109375
forecast_5836,2025-09-01 04:00:00,13299.283750599585,15291.32594130643,12576.4814453125
forecast_5837,2025-09-01 05:00:00,14492.72527412811,15387.73689427404,12818.7578125
forecast_5838,2025-09-01 06:00:00,13169.31339044848,14051.789115416961,11648.69140625
forecast_5839,2025-09-01 07:00:00,12562.271583351741,14358.396897329734,11504.5830078125
forecast_5840,2025-09-01 08:00:00,10948.770016704373,11925.516427076407,9550.3154296875
forecast_5841,2025-09-01 09:00:00,9772.558826933746,11343.549413567058,9077.021484375
forecast_5842,2025-09-01 10:00:00,8552.642969129794,9689.22694479898,8150.37451171875
forecast_5843,2025-09-01 11:00:00,6552.754747802491,7384.355841404106,6402.62451171875
forecast_5844,2025-09-01 12:00:00,6607.41830979801,7391.016972206587,5865.818359375
forecast_5845,2025-09-01 13:00:00,6941.857938621664,7977.884442718234,6388.46044921875
forecast_5846,2025-09-01 14:00:00,7396.137240287164,7791.514640203648,6184.16748046875
forecast_5847,2025-09-01 15:00:00,8779.365954907902,10291.972645848069,9282.4609375
forecast_5848,2025-09-01 16:00:00,9316.252150291799,10338.338676501244,8674.24609375
forecast_5849,2025-09-01 17:00:00,8443.082518605603,9776.290338757115,7972.81103515625
forecast_5850,2025-09-01 18:00:00,8850.9219215713,10070.041724900413,8440.7236328125
forecast_5851,2025-09-01 19:00:00,8400.347925741034,8339.488147515094,6323.31005859375
forecast_5852,2025-09-01 20:00:00,7655.424676498714,7825.027631423142,5439.92529296875
forecast_5853,2025-09-01 21:00:00,5846.734568781944,6280.284139196898,4513.73974609375
forecast_5854,2025-09-01 22:00:00,6099.298550154699,7479.9048693153145,5279.15966796875
forecast_5855,2025-09-01 23:00:00,8857.70485879861,10239.2097362398,7578.67431640625
forecast_5856,2025-09-02 00:00:00,9271.337512447113,11751.889997125767,9698.00390625
forecast_5857,2025-09-02 01:00:00,12907.931849494484,14067.024863755105,11174.7431640625
forecast_5858,2025-09-02 02:00:00,11775.156169136299,12178.060987324916,9098.21875
forecast_5859,2025-09-02 03:00:00,11818.720845764401,13411.512746403689,9772.900390625
forecast_5860,2025-09-02 04:00:00,10913.948564884367,11509.331523412184,8200.0712890625
forecast_5861,2025-09-02 05:00:00,8092.63067487265,8731.33427630557,6011.24609375
forecast_5862,2025-09-02 06:00:00,7399.9626204339675,8204.45634541165,5180.25390625
forecast_5863,2025-09-02 07:00:00,7165.264835283894,7844.697562219253,5299.96923828125
forecast_5864,2025-09-02 08:00:00,6178.795215323505,6603.742806927897,4665.962890625
forecast_5865,2025-09-02 09:00:00,4669.652741250886,5355.9609351043055,4045.150390625
forecast_5866,2025-09-02 10:00:00,3566.5255045711274,4031.922222886773,3370.489501953125
forecast_5867,2025-09-02 11:00:00,2824.449369667697,3353.615398025278,3116.6875
forecast_5868,2025-09-02 12:00:00,1771.0541781101663,1987.59574127009,2497.182373046875
forecast_5869,2025-09-02 13:00:00,2142.0473215546763,2402.300673597946,2552.0185546875
forecast_5870,2025-09-02 14:00:00,968.3116294993683,1598.6259263527024,1770.9747314453125
forecast_5871,2025-09-02 15:00:00,900.3465963248376,1302.5133288249742,1692.408203125
forecast_5872,2025-09-02 16:00:00,800.8976269795904,1474.425062553844,1738.765625
forecast_5873,2025-09-02 17:00:00,726.5161606178057,1207.3040539771678,1817.9088134765625
forecast_5874,2025-09-02 18:00:00,800.3468189915689,1326.7550385203663,1672.7828369140625
forecast_5875,2025-09-02 19:00:00,978.3212718782314,1512.5514709236695,1850.7235107421875
forecast_5876,2025-09-02 20:00:00,1080.752088523918,1868.433168062156,2128.242919921875
forecast_5877,2025-09-02 21:00:00,1213.7496177862286,2091.9250604642366,2366.329833984375
forecast_5878,2025-09-02 22:00:00,1403.1208444797824,2450.4340163411935,2513.62646484375
forecast_5879,2025-09-02 23:00:00,1567.6352490775257,2553.3765737117787,2590.202880859375
forecast_5880,2025-09-03 00:00:00,1090.1762138786414,1943.115319845077,2117.367431640625
forecast_5881,2025-09-03 01:00:00,929.1601126206596,2100.070400462499,2178.394287109375
forecast_5882,2025-09-03 02:00:00,1244.7688344784287,2244.5725633122574,2084.186279296875
forecast_5883,2025-09-03 03:00:00,1610.9946203641284,2829.8203777437693,2473.455810546875
forecast_5884,2025-09-03 04:00:00,2477.3765596911594,4178.371086698855,3289.884521484375
forecast_5885,2025-09-03 05:00:00,1974.5001163054562,3337.498045925332,2843.453857421875
forecast_5886,2025-09-03 06:00:00,1583.7538771621314,3640.9174748850764,3634.177978515625
forecast_5887,2025-09-03 07:00:00,1105.5643561170116,2329.020063511072,2464.546142578125
forecast_5888,2025-09-03 08:00:00,1174.7946651984103,2003.4593390272953,2038.25390625
forecast_5889,2025-09-03 09:00:00,793.6066179963364,1630.8249440501634,1851.7874755859375
forecast_5890,2025-09-03 10:00:00,790.0175247098682,1488.320888506047,1783.5120849609375
forecast_5891,2025-09-03 11:00:00,844.6551606580198,1483.6591476757872,1770.3687744140625
forecast_5892,2025-09-03 12:00:00,1149.426683883979,1827.33577244298,2068.6435546875
forecast_5893,2025-09-03 13:00:00,1294.9740569688408,2152.546820485463,2130.611572265625
forecast_5894,2025-09-03 14:00:00,1348.8023823739225,2141.419696399421,2245.218017578125
forecast_5895,2025-09-03 15:00:00,1471.3758785959349,2057.9566488195933,2239.75
forecast_5896,2025-09-03 16:00:00,1292.5183830136828,1977.8406580095402,2248.049560546875
forecast_5897,2025-09-03 17:00:00,1204.9400967149102,1765.8384661581829,2091.4560546875
forecast_5898,2025-09-03 18:00:00,1269.8207465775295,2025.0185747962664,2141.494873046875
forecast_5899,2025-09-03 19:00:00,952.2436018032315,1566.6931121592243,1980.7154541015625
forecast_5900,2025-09-03 20:00:00,1266.4264977544074,2104.1748072690516,2319.041748046875
forecast_5901,2025-09-03 21:00:00,1363.9725922143189,1918.8494812199306,2228.505615234375
forecast_5902,2025-09-03 22:00:00,1571.524922673587,2062.911001441399,2381.307861328125
forecast_5903,2025-09-03 23:00:00,1467.0815037375887,2090.990988243535,2184.657470703125
forecast_5904,2025-09-04 00:00:00,1825.8137064069106,2605.8553946200177,2390.371337890625
forecast_5905,2025-09-04 01:00:00,1725.8778067144208,2138.603184778471,2136.528076171875
forecast_5906,2025-09-04 02:00:00,1737.4846887739704,2185.082499599507,2121.767822265625
forecast_5907,2025-09-04 03:00:00,1489.0740793278283,2095.0327920586797,2048.5869140625
forecast_5908,2025-09-04 04:00:00,1415.5609698885478,2211.219028408863,2058.233154296875
forecast_5909,2025-09-04 05:00:00,1499.351198379801,2106.732199457876,1981.7740478515625
forecast_5910,2025-09-04 06:00:00,1827.3030799058838,2397.5094615581847,2016.1629638671875
forecast_5911,2025-09-04 07:00:00,2021.335037258815,2420.363676714708,1944.8651123046875
forecast_5912,2025-09-04 08:00:00,1839.0521640293557,2376.962898996867,1996.66748046875
forecast_5913,2025-09-04 09:00:00,1476.4926483511958,2062.6162490756665,1882.595703125
forecast_5914,2025-09-04 10:00:00,1522.7322014818915,2071.0636276050163,1879.6026611328125
forecast_5915,2025-09-04 11:00:00,1520.040077330931,2136.065792740581,1911.22265625
forecast_5916,2025-09-04 12:00:00,1424.4210079474265,2039.756973175476,1978.27783203125
forecast_5917,2025-09-04 13:00:00,2055.747492759216,2541.4570250785723,2135.923583984375
forecast_5918,2025-09-04 14:00:00,1584.2496921125298,2144.960531635503,1933.3992919921875
forecast_5919,2025-09-04 15:00:00,1642.4002079676757,2189.3402747081536,2016.35107421875
forecast_5920,2025-09-04 16:00:00,1863.60039230476,2499.6714637885625,2227.4365234375
forecast_5921,2025-09-04 17:00:00,1772.0784946683152,2302.1767199955993,2055.800048828125
forecast_5922,2025-09-04 18:00:00,1857.8579973967287,2409.679314997729,2118.3974609375
forecast_5923,2025-09-04 19:00:00,2312.9366914666134,2910.1734578992473,2523.98828125
forecast_5924,2025-09-04 20:00:00,2620.3170105190734,3137.7191558737613,2659.5947265625
forecast_5925,2025-09-04 21:00:00,2571.560834701134,3021.71610879098,2385.669189453125
forecast_5926,2025-09-04 22:00:00,2525.073395659049,3204.54271229982,2570.727294921875
forecast_5927,2025-09-04 23:00:00,2351.5376281186745,2929.5165831617524,2276.0849609375
forecast_5928,2025-09-05 00:00:00,2298.3580128952926,2752.4314076739306,2203.031494140625
forecast_5929,2025-09-05 01:00:00,1977.479667887052,2694.4305696351494,2091.429443359375
forecast_5930,2025-09-05 02:00:00,2060.5509223525314,2957.8008535308327,2220.678955078125
forecast_5931,2025-09-05 03:00:00,2224.8530905232283,2994.8252433033194,2236.233642578125
forecast_5932,2025-09-05 04:00:00,2506.493165978216,3242.2725237447976,2255.765380859375
forecast_5933,2025-09-05 05:00:00,2699.580420906035,3614.126768418766,2538.820068359375
forecast_5934,2025-09-05 06:00:00,2208.545062162209,2998.504010655759,2311.079833984375
forecast_5935,2025-09-05 07:00:00,1956.6411837737028,2674.632882155789,2109.481689453125
forecast_5936,2025-09-05 08:00:00,2185.8151921096583,2820.0522368477195,2123.795654296875
forecast_5937,2025-09-05 09:00:00,1831.9016566575604,2308.7735609401248,1851.4996337890625
forecast_5938,2025-09-05 10:00:00,1291.906357830302,1731.8948160938935,1626.2989501953125
forecast_5939,2025-09-05 11:00:00,775.8532719457395,1090.5662883655514,1415.92578125
forecast_5940,2025-09-05 12:00:00,835.2332234653295,1259.181779226327,1471.65380859375
forecast_5941,2025-09-05 13:00:00,804.1808527680419,1186.8527027581656,1530.22998046875
forecast_5942,2025-09-05 14:00:00,820.2434527410053,1408.8135942287474,1844.7554931640625
forecast_5943,2025-09-05 15:00:00,865.0788955724436,1516.2847618004785,1860.3763427734375
forecast_5944,2025-09-05 16:00:00,983.9458653828499,1719.5922977473817,2076.758544921875
forecast_5945,2025-09-05 17:00:00,933.9861800087912,1678.815971165187,2091.4453125
forecast_5946,2025-09-05 18:00:00,1422.7079024082768,2568.281393721148,2659.546875
forecast_5947,2025-09-05 19:00:00,1376.631529359125,2004.9197962192625,2421.467529296875
forecast_5948,2025-09-05 20:00:00,1043.5663733711433,1673.5257662394583,2076.7294921875
forecast_5949,2025-09-05 21:00:00,1378.963739064434,2411.1118037973583,2414.8291015625
forecast_5950,2025-09-05 22:00:00,1640.95581444932,2820.801294232183,2611.290771484375
forecast_5951,2025-09-05 23:00:00,3382.313429129475,5224.683035375196,3749.005126953125
forecast_5952,2025-09-06 00:00:00,3805.483499216665,5334.359675860019,3791.163330078125
forecast_5953,2025-09-06 01:00:00,8080.756278628106,9567.589079136713,5801.71435546875
forecast_5954,2025-09-06 02:00:00,10509.16786114133,12093.471093940887,7903.57568359375
forecast_5955,2025-09-06 03:00:00,12534.827388595013,14002.905371447354,9985.6728515625
forecast_5956,2025-09-06 04:00:00,13910.335444432987,14822.609088864105,11512.7236328125
forecast_5957,2025-09-06 05:00:00,14767.914309538244,15152.678712252015,12763.90625
forecast_5958,2025-09-06 06:00:00,14548.196553616566,15238.839224537132,13293.7919921875
forecast_5959,2025-09-06 07:00:00,15415.331866275326,15779.294509732992,13911.2607421875
forecast_5960,2025-09-06 08:00:00,12441.504165451875,13337.10923480794,11347.10546875
forecast_5961,2025-09-06 09:00:00,11672.090647507483,13091.653964538658,11061.5703125
forecast_5962,2025-09-06 10:00:00,12084.25137962625,13404.156345339445,12021.4716796875
forecast_5963,2025-09-06 11:00:00,13306.149771761633,14283.889784225328,13256.484375
forecast_5964,2025-09-06 12:00:00,14044.977507906715,14634.400611825295,13878.6201171875
forecast_5965,2025-09-06 13:00:00,13623.041859893043,14294.31975278636,13496.3408203125
forecast_5966,2025-09-06 14:00:00,12446.787883968558,13388.970586437306,12581.1396484375
forecast_5967,2025-09-06 15:00:00,13795.487716116644,14756.336511720227,13643.3134765625
forecast_5968,2025-09-06 16:00:00,14384.648580212475,15019.934538465863,13834.375
forecast_5969,2025-09-06 17:00:00,13130.206707463229,13590.71923506187,12301.0654296875
forecast_5970,2025-09-06 18:00:00,12856.705250653144,14039.793983863568,12243.5322265625
forecast_5971,2025-09-06 19:00:00,14548.33438713423,15999.673214295815,14699.1064453125
forecast_5972,2025-09-06 20:00:00,14248.811665058536,15538.916476825576,13780.1123046875
forecast_5973,2025-09-06 21:00:00,15414.397275682117,16762.48807777719,15545.6796875
forecast_5974,2025-09-06 22:00:00,16097.712538627582,17054.983685264517,16235.3046875
forecast_5975,2025-09-06 23:00:00,15962.922127578102,17097.17050388532,16099.203125
forecast_5976,2025-09-07 00:00:00,16397.89338351033,18101.256448379845,17018.080078125
forecast_5977,2025-09-07 01:00:00,16780.73768877369,18343.780647334068,17704.583984375
forecast_5978,2025-09-07 02:00:00,17022.77559174959,18336.94835718205,17600.349609375
forecast_5979,2025-09-07 03:00:00,16103.896444938702,17279.78434932359,16429.1875
forecast_5980,2025-09-07 04:00:00,15207.319349752624,16052.423466410852,14944.1337890625
forecast_5981,2025-09-07 05:00:00,14832.871717454944,15986.397483217199,14862.1962890625
forecast_5982,2025-09-07 06:00:00,13571.50728371972,15076.03466105775,13286.2783203125
forecast_5983,2025-09-07 07:00:00,13735.984276298725,14786.403116719855,12624.6484375
forecast_5984,2025-09-07 08:00:00,14526.561097485699,15053.252254612882,12892.3046875
forecast_5985,2025-09-07 09:00:00,12388.081793101039,13020.731157847125,11488.0830078125
forecast_5986,2025-09-07 10:00:00,10489.436201568147,11164.716670154427,9571.2744140625
forecast_5987,2025-09-07 11:00:00,9069.808091879815,9509.31553435175,7308.09619140625
forecast_5988,2025-09-07 12:00:00,5356.661475435254,6085.7468367190395,4852.37255859375
forecast_5989,2025-09-07 13:00:00,4247.744289102903,4142.950552563863,3478.768310546875
forecast_5990,2025-09-07 14:00:00,4996.740948650011,4726.071194565042,3680.0986328125
forecast_5991,2025-09-07 15:00:00,5244.654004056653,4874.26427810904,3555.319091796875
forecast_5992,2025-09-07 16:00:00,4597.043922105697,4914.39072865622,3862.596923828125
forecast_5993,2025-09-07 17:00:00,5296.8956754707215,5284.421990010891,3864.9111328125
forecast_5994,2025-09-07 18:00:00,6455.890956621179,6611.900466017894,4935.14599609375
forecast_5995,2025-09-07 19:00:00,8846.82938738785,9098.07576878844,6934.36962890625
forecast_5996,2025-09-07 20:00:00,10534.748885434392,10754.070660363042,8240.1708984375
forecast_5997,2025-09-07 21:00:00,10429.554253903123,10732.260339425084,7957.1875
forecast_5998,2025-09-07 22:00:00,10643.505238353451,11341.484016581278,8638.78125
forecast_5999,2025-09-07 23:00:00,11684.66223665975,12001.114582888553,9399.4150390625
forecast_6000,2025-09-08 00:00:00,13524.658325305874,13569.697345531382,10196.68359375
forecast_6001,2025-09-08 01:00:00,9553.548527850795,10493.865342364068,7395.80224609375
forecast_6002,2025-09-08 02:00:00,10169.211305455368,11229.168069670584,7781.45458984375
forecast_6003,2025-09-08 03:00:00,10035.991795804544,10333.934592304737,7297.00927734375
forecast_6004,2025-09-08 04:00:00,8083.154445446069,8775.698994725646,6467.78125
forecast_6005,2025-09-08 05:00:00,7429.894720896786,7739.84604942421,5322.36279296875
forecast_6006,2025-09-08 06:00:00,5197.660357023808,6035.752518630172,4216.81884765625
forecast_6007,2025-09-08 07:00:00,2844.2888607183827,4208.41954841803,3612.311767578125
forecast_6008,2025-09-08 08:00:00,1725.4888418555556,2787.9305743155746,2930.4423828125
forecast_6009,2025-09-08 09:00:00,1240.7522681067426,2124.2253490384796,2354.2412109375
forecast_6010,2025-09-08 10:00:00,964.5335689502225,1506.5295752700054,2077.891845703125
forecast_6011,2025-09-08 11:00:00,730.8662194485355,1314.853244834985,2119.673583984375
forecast_6012,2025-09-08 12:00:00,936.7630338874394,1587.0936672429473,2215.2587890625
forecast_6013,2025-09-08 13:00:00,1895.0558338263163,3127.0257427101196,3389.298095703125
forecast_6014,2025-09-08 14:00:00,2246.562791177327,2976.0525117003403,3331.5810546875
forecast_6015,2025-09-08 15:00:00,1080.673048956252,1522.00315144081,2136.522705078125
forecast_6016,2025-09-08 16:00:00,1826.3334581862428,2646.0455317388146,3047.091796875
forecast_6017,2025-09-08 17:00:00,2794.952395942578,3647.5571636961818,3757.935302734375
forecast_6018,2025-09-08 18:00:00,3045.1170339863347,3329.8730603080257,3260.109130859375
forecast_6019,2025-09-08 19:00:00,3385.7156202348465,4109.906746833846,3942.984130859375
forecast_6020,2025-09-08 20:00:00,4501.140270733629,4953.23833590349,4296.66845703125
forecast_6021,2025-09-08 21:00:00,5673.792410936019,6200.056293002752,4574.40283203125
forecast_6022,2025-09-08 22:00:00,3420.403774898054,3444.2820619943827,3063.285888671875
forecast_6023,2025-09-08 23:00:00,3582.7188174657404,4495.583618080524,3819.443115234375
forecast_6024,2025-09-09 00:00:00,1932.00188624618,2200.7285704312,2401.114501953125
forecast_6025,2025-09-09 01:00:00,4843.762355264265,5304.260361364816,3858.653564453125
forecast_6026,2025-09-09 02:00:00,5293.670577676996,6250.47237837906,4553.43603515625
forecast_6027,2025-09-09 03:00:00,2991.2728126557054,3304.564620568462,2859.305419921875
forecast_6028,2025-09-09 04:00:00,2865.92129536035,4054.998673066199,3547.148681640625
forecast_6029,2025-09-09 05:00:00,1937.4232176163687,2475.985264948586,2781.833251953125
forecast_6030,2025-09-09 06:00:00,2442.785971215685,3590.9741000921313,2966.322998046875
forecast_6031,2025-09-09 07:00:00,2147.7187081804595,3107.598670620035,2586.078125
forecast_6032,2025-09-09 08:00:00,1815.669087611941,2670.612825627439,2361.346923828125
forecast_6033,2025-09-09 09:00:00,2000.8392601947335,2801.6440907518786,2659.8876953125
forecast_6034,2025-09-09 10:00:00,2489.4296103632323,3129.1865701089573,2632.752685546875
forecast_6035,2025-09-09 11:00:00,1788.5996836824343,2243.1433438221447,2119.0986328125
forecast_6036,2025-09-09 12:00:00,1958.2839909994163,2306.0742213079748,1832.0399169921875
forecast_6037,2025-09-09 13:00:00,1608.2741463266186,2331.2416830155353,1974.4967041015625
forecast_6038,2025-09-09 14:00:00,1136.0158919332996,1768.2147647490665,1987.0015869140625
forecast_6039,2025-09-09 15:00:00,1376.493585750555,2046.93739579565,2080.657958984375
forecast_6040,2025-09-09 16:00:00,1064.216155922401,1910.1010593350998,2223.343994140625
forecast_6041,2025-09-09 17:00:00,1062.3193256497868,1975.2632534928246,2364.689208984375
forecast_6042,2025-09-09 18:00:00,1193.6497127686039,1960.549386475627,2280.3056640625
forecast_6043,2025-09-09 19:00:00,1471.232858871561,2053.3790770883506,2625.989501953125
forecast_6044,2025-09-09 20:00:00,1511.1053629246694,1971.333984488353,2234.063720703125
forecast_6045,2025-09-09 21:00:00,2074.7541263424932,3317.2603198147453,3397.761962890625
forecast_6046,2025-09-09 22:00:00,1892.3382218251795,2658.7510907617393,3190.307373046875
forecast_6047,2025-09-09 23:00:00,1433.1464054964488,1976.5265380915453,2243.052001953125
forecast_6048,2025-09-10 00:00:00,1539.8813470385226,1985.0177136683526,2083.350830078125
forecast_6049,2025-09-10 01:00:00,1993.5801163458113,3211.62490368786,2753.353515625
forecast_6050,2025-09-10 02:00:00,2186.68066533016,3702.171534812793,3201.064697265625
forecast_6051,2025-09-10 03:00:00,2251.6466169547452,3176.7019975000676,2928.3916015625
forecast_6052,2025-09-10 04:00:00,2654.849336554659,3543.1884830674026,2966.4443359375
forecast_6053,2025-09-10 05:00:00,2781.402737705381,4030.1941226090157,3120.541015625
forecast_6054,2025-09-10 06:00:00,2699.178237611791,3769.5466154654555,2619.103759765625
forecast_6055,2025-09-10 07:00:00,2571.3738859543373,3384.7870471077067,2363.812744140625
forecast_6056,2025-09-10 08:00:00,2182.622694149876,3163.3583814556855,2462.825439453125
forecast_6057,2025-09-10 09:00:00,2041.0211721875912,3138.6306237004796,2439.739501953125
forecast_6058,2025-09-10 10:00:00,1521.1368394227127,2550.9067888644613,2315.969482421875
forecast_6059,2025-09-10 11:00:00,1570.9737756600828,2594.072959485269,2510.1806640625
forecast_6060,2025-09-10 12:00:00,1464.5110208095748,2300.5557183351734,2482.4931640625
forecast_6061,2025-09-10 13:00:00,1340.38980784569,2168.1371697979166,2537.775146484375
forecast_6062,2025-09-10 14:00:00,1340.204824292724,1931.537196713381,2215.553466796875
forecast_6063,2025-09-10 15:00:00,1254.8921677158476,2084.4812336339482,2241.253173828125
forecast_6064,2025-09-10 16:00:00,1181.452259756051,2020.0771272849954,2445.44970703125
forecast_6065,2025-09-10 17:00:00,1246.0305839421114,2148.839717088804,2715.99853515625
forecast_6066,2025-09-10 18:00:00,1671.3720469520806,2839.5662657329135,3027.432373046875
forecast_6067,2025-09-10 19:00:00,1766.1456898675451,2463.082401831268,2788.138916015625
forecast_6068,2025-09-10 20:00:00,2543.9023251712024,3304.1361787959668,2786.322998046875
forecast_6069,2025-09-10 21:00:00,2747.1732025690308,3542.274952225145,2897.068359375
forecast_6070,2025-09-10 22:00:00,3102.168887255103,3945.3793246829064,3151.1708984375
forecast_6071,2025-09-10 23:00:00,2923.5371590735595,3812.8979814313643,2967.132080078125
forecast_6072,2025-09-11 00:00:00,2865.032172383806,3793.192027022282,2972.968994140625
forecast_6073,2025-09-11 01:00:00,2398.542732334916,3659.697258529223,2849.079833984375
forecast_6074,2025-09-11 02:00:00,2391.494457246399,3616.8424122073047,2667.9765625
forecast_6075,2025-09-11 03:00:00,2529.411473744367,3719.4795699426422,2739.591064453125
forecast_6076,2025-09-11 04:00:00,2826.011283835699,3678.399461171331,2605.806396484375
forecast_6077,2025-09-11 05:00:00,3498.368032215538,4308.879794613251,2719.755615234375
forecast_6078,2025-09-11 06:00:00,4057.9355617223127,4780.849686728958,3051.6708984375
forecast_6079,2025-09-11 07:00:00,4518.902768794753,4984.982558256595,3237.76171875
forecast_6080,2025-09-11 08:00:00,4175.416958303371,5070.32392654158,3382.015380859375
forecast_6081,2025-09-11 09:00:00,3466.685716630966,4304.470340897086,2980.3828125
forecast_6082,2025-09-11 10:00:00,2984.891795465857,3664.530088430167,2801.032470703125
forecast_6083,2025-09-11 11:00:00,3597.202527325208,4218.93022575772,3145.871826171875
forecast_6084,2025-09-11 12:00:00,4004.6668843299162,4539.244494629023,3465.896240234375
forecast_6085,2025-09-11 13:00:00,4032.5939927920845,4502.529040738586,3360.733154296875
forecast_6086,2025-09-11 14:00:00,3871.160945305994,4330.084813009133,3315.231689453125
forecast_6087,2025-09-11 15:00:00,3424.4735137167263,3972.231366430575,3192.950439453125
forecast_6088,2025-09-11 16:00:00,2777.101810711294,3528.0231401009773,3041.091552734375
forecast_6089,2025-09-11 17:00:00,3223.5692092469308,4334.975307416349,3680.358154296875
forecast_6090,2025-09-11 18:00:00,3530.7174702618527,4295.288349112576,3417.7314453125
forecast_6091,2025-09-11 19:00:00,4294.204709097563,4895.908977261419,3665.658203125
forecast_6092,2025-09-11 20:00:00,4920.764272687361,5191.879260906944,3597.019287109375
forecast_6093,2025-09-11 21:00:00,5430.601955434689,6165.27722457524,4311.80712890625
forecast_6094,2025-09-11 22:00:00,5233.690940975252,5866.255504379649,4314.40673828125
forecast_6095,2025-09-11 23:00:00,5898.877625750011,6673.933908048661,4524.60693359375
forecast_6096,2025-09-12 00:00:00,5068.12878611256,5374.66056889748,3661.4560546875
forecast_6097,2025-09-12 01:00:00,5100.746313098183,5829.05251811521,3786.8759765625
forecast_6098,2025-09-12 02:00:00,4852.44475988084,5412.741383002058,3510.909423828125
forecast_6099,2025-09-12 03:00:00,3928.2604767859993,4495.177174006476,3011.859130859375
forecast_6100,2025-09-12 04:00:00,3854.0178582175804,4701.248916952685,2983.587890625
forecast_6101,2025-09-12 05:00:00,3720.7383535927474,4595.363257841119,3017.278564453125
forecast_6102,2025-09-12 06:00:00,2727.289458663161,3577.3107115444227,2624.475830078125
forecast_6103,2025-09-12 07:00:00,3465.4894300142737,4232.894085029265,2832.305419921875
forecast_6104,2025-09-12 08:00:00,3099.1338056671334,3912.320234157198,2640.737060546875
forecast_6105,2025-09-12 09:00:00,3299.181021808329,4280.7166336562495,2986.917236328125
forecast_6106,2025-09-12 10:00:00,2610.6524597637695,3440.841205535205,2749.304443359375
forecast_6107,2025-09-12 11:00:00,3623.7729711455295,4569.135927852354,3430.882568359375
forecast_6108,2025-09-12 12:00:00,3249.6256513804465,3914.826486534401,3013.79296875
forecast_6109,2025-09-12 13:00:00,2681.904359470601,3297.31594610165,2753.130615234375
forecast_6110,2025-09-12 14:00:00,2123.2569077,2635.793522488599,2460.046875
forecast_6111,2025-09-12 15:00:00,2335.2622142336304,2731.8005708912956,2250.646240234375
forecast_6112,2025-09-12 16:00:00,2229.274502172976,2549.825807441496,2100.623046875
forecast_6113,2025-09-12 17:00:00,3259.4668996730866,3682.946497150906,2802.326904296875
forecast_6114,2025-09-12 18:00:00,2845.5326206426157,3527.209908368312,3026.709716796875
forecast_6115,2025-09-12 19:00:00,2530.6576609097056,3553.6744249965964,3044.28125
forecast_6116,2025-09-12 20:00:00,3597.194615802847,4257.112999676008,3279.0595703125
forecast_6117,2025-09-12 21:00:00,5106.164299085559,7279.685965887278,5245.50341796875
forecast_6118,2025-09-12 22:00:00,4422.292647413678,6215.480878565857,5232.84130859375
forecast_6119,2025-09-12 23:00:00,4916.047519934314,7340.97163044835,5265.84619140625
forecast_6120,2025-09-13 00:00:00,5065.052941290919,6755.154441462397,4900.935546875
forecast_6121,2025-09-13 01:00:00,4640.026266120033,5829.934804516716,4089.1611328125
forecast_6122,2025-09-13 02:00:00,4574.297624277916,5994.801829319133,4122.9970703125
forecast_6123,2025-09-13 03:00:00,6529.264535299997,7867.558968782045,6031.15380859375
forecast_6124,2025-09-13 04:00:00,6980.118483315142,8158.3012676580765,9381.6376953125
forecast_6125,2025-09-13 05:00:00,10392.133823807519,13110.921267867237,11652.7060546875
forecast_6126,2025-09-13 06:00:00,12919.736157993311,14865.389890575047,14336.1953125
forecast_6127,2025-09-13 07:00:00,13192.934092794687,14912.634817440432,14911.6044921875
forecast_6128,2025-09-13 08:00:00,14836.3711839044,16902.12478897527,15097.6103515625
forecast_6129,2025-09-13 09:00:00,14491.434283392766,15924.232858346222,14833.3994140625
forecast_6130,2025-09-13 10:00:00,16324.053215950555,17785.032964352766,16502.666015625
forecast_6131,2025-09-13 11:00:00,10756.412849713393,10989.275483939422,9270.84375
forecast_6132,2025-09-13 12:00:00,6320.030196132737,7431.819190413649,7012.06494140625
forecast_6133,2025-09-13 13:00:00,4281.704090070486,4600.745473185854,4070.432861328125
forecast_6134,2025-09-13 14:00:00,2448.548120983001,2704.2569162382,2192.687255859375
forecast_6135,2025-09-13 15:00:00,2249.244981597819,3346.105091001279,2617.4970703125
forecast_6136,2025-09-13 16:00:00,3109.300337515656,4391.253715496838,3559.1064453125
forecast_6137,2025-09-13 17:00:00,4139.766431991895,5203.734259351068,4142.3115234375
forecast_6138,2025-09-13 18:00:00,4283.79685830006,5335.753959488351,4630.40087890625
forecast_6139,2025-09-13 19:00:00,2652.3192579951547,3365.4648055043563,3158.076171875
forecast_6140,2025-09-13 20:00:00,1687.4411264737964,2664.344426195893,2716.994873046875
forecast_6141,2025-09-13 21:00:00,1668.0735544405698,2650.9286596376496,2527.0537109375
forecast_6142,2025-09-13 22:00:00,1602.6388404285594,2505.169731249618,2499.421630859375
forecast_6143,2025-09-13 23:00:00,1882.2940374321934,3134.5897266723223,2648.417724609375
forecast_6144,2025-09-14 00:00:00,1735.3585394467027,2703.518059298811,2620.3115234375
forecast_6145,2025-09-14 01:00:00,1840.4838023252155,3060.9028053133493,2681.288818359375
forecast_6146,2025-09-14 02:00:00,1538.497297080138,2617.3106001959413,2436.655029296875
forecast_6147,2025-09-14 03:00:00,1659.6388792509958,2521.7636241627943,2284.591796875
forecast_6148,2025-09-14 04:00:00,1852.737324588501,2965.302731536684,2470.158447265625
forecast_6149,2025-09-14 05:00:00,1923.079176550988,2378.7075261874734,2440.511962890625
forecast_6150,2025-09-14 06:00:00,1829.506994935898,2713.9583078448027,2332.607666015625
forecast_6151,2025-09-14 07:00:00,2543.3826506935284,3270.6028457287075,2953.509033203125
forecast_6152,2025-09-14 08:00:00,2190.2771839949482,3001.836928609962,2539.631103515625
forecast_6153,2025-09-14 09:00:00,1863.4701479702455,2653.362335103444,2865.936767578125
forecast_6154,2025-09-14 10:00:00,2233.1188416865607,2755.660733984562,2923.023681640625
forecast_6155,2025-09-14 11:00:00,1732.07726099799,2098.1626181939832,2435.998291015625
forecast_6156,2025-09-14 12:00:00,1971.5002092118007,2129.849162456507,2614.185791015625
forecast_6157,2025-09-14 13:00:00,2098.5596757480157,1992.1787468928776,2060.411865234375
forecast_6158,2025-09-14 14:00:00,2209.7443087952215,2067.708720549684,1999.5648193359375
forecast_6159,2025-09-14 15:00:00,2628.1990274216087,2595.5593947940592,2378.6728515625
forecast_6160,2025-09-14 16:00:00,3308.352612059769,3308.5537900044383,2817.374267578125
forecast_6161,2025-09-14 17:00:00,3762.707112809907,3779.1817653549324,3162.1318359375
forecast_6162,2025-09-14 18:00:00,6186.274227427014,6430.520828905177,4770.46240234375
forecast_6163,2025-09-14 19:00:00,8764.756251428233,8460.88776856121,6205.599609375
forecast_6164,2025-09-14 20:00:00,11916.369190941805,11713.26867708282,9670.619140625
forecast_6165,2025-09-14 21:00:00,13378.403018843479,13193.717409372408,11099.1005859375
forecast_6166,2025-09-14 22:00:00,15194.241370884994,15381.80666059833,13898.1044921875
forecast_6167,2025-09-14 23:00:00,16507.123893817465,16591.315047155374,15933.6572265625
forecast_6168,2025-09-15 00:00:00,17846.769558661515,17146.439477144082,16471.6015625
forecast_6169,2025-09-15 01:00:00,17229.22989330602,16518.159729169998,14893.4013671875
forecast_6170,2025-09-15 02:00:00,16613.76365208866,15806.140725978727,14065.6689453125
forecast_6171,2025-09-15 03:00:00,14382.404320389918,14052.810537745903,12174.9365234375
forecast_6172,2025-09-15 04:00:00,14707.501574245405,13879.40758845975,11327.31640625
forecast_6173,2025-09-15 05:00:00,11713.61259284645,11399.397323429315,8177.595703125
forecast_6174,2025-09-15 06:00:00,9338.898551507767,9536.925326262528,6337.62548828125
forecast_6175,2025-09-15 07:00:00,6843.043672187514,7403.310919810984,5313.86962890625
forecast_6176,2025-09-15 08:00:00,3561.004869247343,4855.727074996401,4203.03369140625
forecast_6177,2025-09-15 09:00:00,2173.0689552260674,2947.898304235112,2864.030517578125
forecast_6178,2025-09-15 10:00:00,1857.962099439845,2405.4784270832893,2723.32568359375
forecast_6179,2025-09-15 11:00:00,1419.340834338567,2059.9097788204144,2482.662841796875
forecast_6180,2025-09-15 12:00:00,1487.6707576893357,1966.4391624392072,2711.970947265625
forecast_6181,2025-09-15 13:00:00,1551.5983136441446,2258.006691096906,3122.022216796875
forecast_6182,2025-09-15 14:00:00,1149.6021686179854,1668.2053096814452,2281.450439453125
forecast_6183,2025-09-15 15:00:00,1231.8884865977261,2024.2859696876174,2640.487548828125
forecast_6184,2025-09-15 16:00:00,1539.174083850268,2059.1807061041454,2510.785888671875
forecast_6185,2025-09-15 17:00:00,2574.812924196841,2993.057168580493,2903.4453125
forecast_6186,2025-09-15 18:00:00,4289.621977021464,4366.078216359521,3422.678955078125
forecast_6187,2025-09-15 19:00:00,6124.539797298568,5954.653515532445,4640.623046875
forecast_6188,2025-09-15 20:00:00,6076.5236967015935,6062.64989051288,5003.77392578125
forecast_6189,2025-09-15 21:00:00,6299.6919010079,6407.448550787514,5070.9072265625
forecast_6190,2025-09-15 22:00:00,5817.873176140431,6320.956849710986,4720.18603515625
forecast_6191,2025-09-15 23:00:00,4998.166864838905,5854.013202634008,4518.08740234375
forecast_6192,2025-09-16 00:00:00,6171.874951457658,7262.040000751807,5481.88037109375
forecast_6193,2025-09-16 01:00:00,8604.862230578425,9401.576831358812,7396.19384765625
forecast_6194,2025-09-16 02:00:00,9001.953847625977,9946.18988311083,7481.49365234375
forecast_6195,2025-09-16 03:00:00,8047.266685987207,9105.721123763567,6714.31689453125
forecast_6196,2025-09-16 04:00:00,9402.067267190478,10104.158002812965,7139.81396484375
forecast_6197,2025-09-16 05:00:00,10513.971441042533,11122.629119483327,8053.26806640625
forecast_6198,2025-09-16 06:00:00,12184.39689438337,12375.34399341444,8700.2578125
forecast_6199,2025-09-16 07:00:00,11432.387884673926,11385.637273075557,7589.34423828125
forecast_6200,2025-09-16 08:00:00,8720.639516061688,8768.207913196722,5921.44287109375
forecast_6201,2025-09-16 09:00:00,6533.987345347669,7203.900636867038,5398.7158203125
forecast_6202,2025-09-16 10:00:00,5626.677357607014,5977.445443255768,4610.01904296875
forecast_6203,2025-09-16 11:00:00,6653.527734044995,6912.183947364036,5170.91015625
forecast_6204,2025-09-16 12:00:00,6881.48204801762,7311.189482863916,5742.515625
forecast_6205,2025-09-16 13:00:00,7355.929213110313,7880.641409071428,6265.27392578125
forecast_6206,2025-09-16 14:00:00,8926.537664993113,9334.277160591922,7349.11474609375
forecast_6207,2025-09-16 15:00:00,9832.263089459224,10110.84192433631,8220.7333984375
forecast_6208,2025-09-16 16:00:00,9757.416085800209,9845.591319465308,7881.52880859375
forecast_6209,2025-09-16 17:00:00,7547.537544918664,7909.1148909275635,5695.69677734375
forecast_6210,2025-09-16 18:00:00,7690.564450430292,8167.770665029273,5787.50634765625
forecast_6211,2025-09-16 19:00:00,10997.917845584527,12336.90850973596,9672.5703125
forecast_6212,2025-09-16 20:00:00,10877.335199313562,12800.285175676785,10547.3310546875
forecast_6213,2025-09-16 21:00:00,10198.069854026015,12307.378658172393,9814.3896484375
forecast_6214,2025-09-16 22:00:00,9522.219717667496,10558.963158824132,8908.3056640625
forecast_6215,2025-09-16 23:00:00,9927.658425751,11321.41897243723,8332.044921875
forecast_6216,2025-09-17 00:00:00,11734.44048516072,13664.750666304812,11231.5595703125
forecast_6217,2025-09-17 01:00:00,15255.391379752853,17107.176848800515,15733.1435546875
forecast_6218,2025-09-17 02:00:00,16576.766805451705,17949.36742052943,16431.263671875
forecast_6219,2025-09-17 03:00:00,17235.820618683887,18161.18668523878,17194.392578125
forecast_6220,2025-09-17 04:00:00,17554.430386526146,18440.257808904847,17849.576171875
forecast_6221,2025-09-17 05:00:00,17929.666902709272,18272.55384923813,17541.078125
forecast_6222,2025-09-17 06:00:00,17405.64553046898,17969.278427206857,17040.177734375
forecast_6223,2025-09-17 07:00:00,15595.495856325573,16598.332157439454,15311.3212890625
forecast_6224,2025-09-17 08:00:00,10364.596970022794,12683.989177075116,11589.9912109375
forecast_6225,2025-09-17 09:00:00,8281.18277357053,8561.11550234182,6696.17724609375
forecast_6226,2025-09-17 10:00:00,4733.4714648573,5675.526440198024,4850.52978515625
forecast_6227,2025-09-17 11:00:00,3367.0844133557903,4947.037856713505,4846.13037109375
forecast_6228,2025-09-17 12:00:00,2256.702143945262,3302.1692388256884,3635.839111328125
forecast_6229,2025-09-17 13:00:00,1398.8211095731442,1931.839842794394,1798.9022216796875
forecast_6230,2025-09-17 14:00:00,4211.485901527014,5298.186309580407,3491.91015625
forecast_6231,2025-09-17 15:00:00,6512.877567301471,8224.06896856052,5997.951171875
forecast_6232,2025-09-17 16:00:00,4000.0267927153773,4243.589282523367,3664.4140625
forecast_6233,2025-09-17 17:00:00,2358.6468625570733,3193.695294370842,2753.8740234375
forecast_6234,2025-09-17 18:00:00,2207.1758535728595,2645.289482095499,2537.656494140625
forecast_6235,2025-09-17 19:00:00,1389.637779976244,1888.6539753357406,2209.004638671875
forecast_6236,2025-09-17 20:00:00,1788.3793032535614,3030.4651244901056,2831.058349609375
forecast_6237,2025-09-17 21:00:00,2233.0988827301217,3253.0021896771204,2932.193359375
forecast_6238,2025-09-17 22:00:00,2115.4097700040793,2772.0143134908317,2523.010986328125
forecast_6239,2025-09-17 23:00:00,1836.5172013118915,2479.6697242482087,2154.9169921875
forecast_6240,2025-09-18 00:00:00,2473.4519146584503,3177.872541990055,2342.852783203125
forecast_6241,2025-09-18 01:00:00,2092.454956709328,2763.1242187792914,2184.634521484375
forecast_6242,2025-09-18 02:00:00,1624.4991778751646,2102.491045763409,1747.3289794921875
forecast_6243,2025-09-18 03:00:00,1517.2460874553328,2059.080017283364,1837.0870361328125
forecast_6244,2025-09-18 04:00:00,1433.8297872257324,2120.488052049169,1887.8199462890625
forecast_6245,2025-09-18 05:00:00,2231.6044884111047,2930.4765337715003,2064.650146484375
forecast_6246,2025-09-18 06:00:00,2636.3544705087093,3224.116836446561,2241.449462890625
forecast_6247,2025-09-18 07:00:00,4457.8416572838305,5557.625239847927,3569.969482421875
forecast_6248,2025-09-18 08:00:00,3952.252461499345,4925.274445665873,3490.236328125
forecast_6249,2025-09-18 09:00:00,4311.2840238892695,5567.438084546009,3691.674560546875
forecast_6250,2025-09-18 10:00:00,3783.1315581496874,4845.107207781699,3370.784423828125
forecast_6251,2025-09-18 11:00:00,3684.301571417011,4688.075670387463,3356.098388671875
forecast_6252,2025-09-18 12:00:00,2909.835222373873,3634.1830792313535,2510.874267578125
forecast_6253,2025-09-18 13:00:00,2678.787561126118,3400.511627281077,2411.153076171875
forecast_6254,2025-09-18 14:00:00,2804.687474689679,3430.41166536936,2499.531982421875
forecast_6255,2025-09-18 15:00:00,2359.280090522967,3017.6957772777355,2499.228515625
forecast_6256,2025-09-18 16:00:00,2094.196210743412,2673.6750848470906,2290.504638671875
forecast_6257,2025-09-18 17:00:00,2400.1336488966126,3184.063580757319,2560.511474609375
forecast_6258,2025-09-18 18:00:00,2427.199696247016,3314.7783558461706,2739.764404296875
forecast_6259,2025-09-18 19:00:00,2463.1377980280936,3178.4047986190067,2741.991943359375
forecast_6260,2025-09-18 20:00:00,2675.2048307703835,3255.0194143266963,2741.714111328125
forecast_6261,2025-09-18 21:00:00,2702.7639305304688,3469.755630607633,2896.910888671875
forecast_6262,2025-09-18 22:00:00,2958.6087865468808,3684.3408089231116,3036.930419921875
forecast_6263,2025-09-18 23:00:00,2659.136513136369,3279.1488424830204,2694.658447265625
forecast_6264,2025-09-19 00:00:00,2738.9405668704544,3404.501716938212,2701.254150390625
forecast_6265,2025-09-19 01:00:00,3133.6369124914713,3874.4397221397066,2804.801513671875
forecast_6266,2025-09-19 02:00:00,2388.060465694975,3203.5469290461165,2547.271240234375
forecast_6267,2025-09-19 03:00:00,2918.197089225523,3824.6836740671315,2741.005615234375
forecast_6268,2025-09-19 04:00:00,2594.3948954294647,3345.828223520356,2475.084228515625
forecast_6269,2025-09-19 05:00:00,2290.656442744573,3125.613973826237,2334.412109375
forecast_6270,2025-09-19 06:00:00,1780.0674305324087,2511.007995875554,2076.884521484375
forecast_6271,2025-09-19 07:00:00,2150.070193880073,2879.536198343773,2162.035400390625
forecast_6272,2025-09-19 08:00:00,1967.3190096829203,2760.4216731884326,2127.671630859375
forecast_6273,2025-09-19 09:00:00,1615.6870659099256,2152.0698603412784,1893.6466064453125
forecast_6274,2025-09-19 10:00:00,1376.9290219450745,1823.086212785874,1776.1092529296875
forecast_6275,2025-09-19 11:00:00,1301.7321523051878,1733.813673083851,1685.3201904296875
forecast_6276,2025-09-19 12:00:00,1279.4989556496853,1554.0367696025553,1654.47021484375
forecast_6277,2025-09-19 13:00:00,1237.6942161806478,1708.5683396189397,1698.5560302734375
forecast_6278,2025-09-19 14:00:00,1181.8389537336952,1532.778644487649,1708.6982421875
forecast_6279,2025-09-19 15:00:00,1111.886587140053,1310.6993167383496,1618.9176025390625
forecast_6280,2025-09-19 16:00:00,907.1106265425979,1117.7971037733387,1498.0318603515625
forecast_6281,2025-09-19 17:00:00,1121.7357881432833,1315.9033122069748,1882.8392333984375
forecast_6282,2025-09-19 18:00:00,1241.2264674637142,1516.6046921483926,1948.07470703125
forecast_6283,2025-09-19 19:00:00,2012.7243651665276,2888.6006757194787,2820.23828125
forecast_6284,2025-09-19 20:00:00,2225.031716320501,2312.8182964922744,2767.974609375
forecast_6285,2025-09-19 21:00:00,1966.9121440350182,2400.107652547247,2364.48779296875
forecast_6286,2025-09-19 22:00:00,2540.2895780403287,2962.623346750326,2651.0322265625
forecast_6287,2025-09-19 23:00:00,3138.87069221987,3617.478192419193,2965.936767578125
forecast_6288,2025-09-20 00:00:00,4220.014546487601,4862.400719339963,3358.697509765625
forecast_6289,2025-09-20 01:00:00,6122.996503477712,6159.999010595513,4260.43017578125
forecast_6290,2025-09-20 02:00:00,6186.0429659222755,6295.253461044178,4093.9560546875
forecast_6291,2025-09-20 03:00:00,4088.5779620179746,4354.9603498732495,3406.976806640625
forecast_6292,2025-09-20 04:00:00,4066.3905494098385,4523.663627444428,3409.968505859375
forecast_6293,2025-09-20 05:00:00,5865.78031166696,6519.25044105658,4910.6640625
forecast_6294,2025-09-20 06:00:00,8628.604769502479,9297.36654265167,7139.5625
forecast_6295,2025-09-20 07:00:00,7081.397805511813,7154.653716690596,5174.1435546875
forecast_6296,2025-09-20 08:00:00,4112.919872760833,4334.918318931717,3440.103271484375
forecast_6297,2025-09-20 09:00:00,2528.6991286113553,3701.412449644905,2926.189208984375
forecast_6298,2025-09-20 10:00:00,1331.1462955287507,1473.0237054291333,1705.2476806640625
forecast_6299,2025-09-20 11:00:00,1963.0496501984524,2044.0633077487682,2116.803955078125
forecast_6300,2025-09-20 12:00:00,2252.934618504558,2078.5374746587268,1514.6109619140625
forecast_6301,2025-09-20 13:00:00,2420.7767666812197,2201.3279221154144,1647.2694091796875
forecast_6302,2025-09-20 14:00:00,2311.9320112006567,2103.6064505872637,1575.9036865234375
forecast_6303,2025-09-20 15:00:00,1848.0924507164718,1948.2293294770484,1708.8011474609375
forecast_6304,2025-09-20 16:00:00,1517.9193249996997,1818.2210270353894,1855.4505615234375
forecast_6305,2025-09-20 17:00:00,1203.434926760841,1722.7086405071764,1933.9530029296875
forecast_6306,2025-09-20 18:00:00,1068.2037637127632,1381.9427418969285,1841.0220947265625
forecast_6307,2025-09-20 19:00:00,1502.7186623864259,1773.7671470972084,1767.9171142578125
forecast_6308,2025-09-20 20:00:00,2036.020970222362,2053.2343006381707,1737.9691162109375
forecast_6309,2025-09-20 21:00:00,2756.5306251076026,2833.5396597432255,2096.155517578125
forecast_6310,2025-09-20 22:00:00,3626.0319161858924,4082.5385971033065,2861.497802734375
forecast_6311,2025-09-20 23:00:00,3789.8999867604625,4672.617983400691,3524.630615234375
forecast_6312,2025-09-21 00:00:00,3571.459168292435,3762.7187993493744,2872.570556640625
forecast_6313,2025-09-21 01:00:00,5614.944758319951,6503.853830096046,4853.55908203125
forecast_6314,2025-09-21 02:00:00,4956.05690377037,5351.99271726586,4238.95947265625
forecast_6315,2025-09-21 03:00:00,4850.293931841516,5315.930881934548,4170.52001953125
forecast_6316,2025-09-21 04:00:00,3853.831335054601,4197.831385676618,3080.728759765625
forecast_6317,2025-09-21 05:00:00,3752.461457623969,4420.635866798691,3008.7431640625
forecast_6318,2025-09-21 06:00:00,3693.560129553785,4483.104630429611,3203.9951171875
forecast_6319,2025-09-21 07:00:00,4032.179784518535,4499.762577721383,3913.4140625
forecast_6320,2025-09-21 08:00:00,3794.163356942887,4166.239107159489,2757.0380859375
forecast_6321,2025-09-21 09:00:00,2606.002839576549,3385.580251342264,2739.107177734375
forecast_6322,2025-09-21 10:00:00,2608.10610926132,3237.300144167577,2647.982177734375
forecast_6323,2025-09-21 11:00:00,1887.333866929645,2668.506431802718,2536.83837890625
forecast_6324,2025-09-21 12:00:00,1998.037820334868,2629.037500037973,2626.964111328125
forecast_6325,2025-09-21 13:00:00,2434.7484717969182,2884.1750643879454,2720.642333984375
forecast_6326,2025-09-21 14:00:00,2569.0469339690617,3073.0743390889907,2689.207275390625
forecast_6327,2025-09-21 15:00:00,2474.470595608069,3047.4937973932297,2750.638427734375
forecast_6328,2025-09-21 16:00:00,2447.1748032691926,2832.341495320278,2649.875732421875
forecast_6329,2025-09-21 17:00:00,2416.075438150103,2965.0099921573706,2674.356201171875
forecast_6330,2025-09-21 18:00:00,2679.689458529146,3230.930101320297,2593.72265625
forecast_6331,2025-09-21 19:00:00,3769.3011211776757,4645.849991626751,3645.295654296875
forecast_6332,2025-09-21 20:00:00,3376.806794136789,3999.1474072310425,3295.140869140625
forecast_6333,2025-09-21 21:00:00,3143.7648549077053,3558.1570356228412,2811.8525390625
forecast_6334,2025-09-21 22:00:00,3423.947558882658,4042.5526125941287,2947.35546875
forecast_6335,2025-09-21 23:00:00,4683.245579777622,5327.372535953451,3683.5029296875
forecast_6336,2025-09-22 00:00:00,5308.1483163705525,6103.224975091833,4158.75927734375
forecast_6337,2025-09-22 01:00:00,4694.059497233955,5111.306992150486,3616.7900390625
forecast_6338,2025-09-22 02:00:00,4805.702073759154,5407.769862681354,3601.907958984375
forecast_6339,2025-09-22 03:00:00,5601.310960694548,6146.536516282142,4052.510498046875
forecast_6340,2025-09-22 04:00:00,5864.930455906566,6379.185127789431,5382.72802734375
forecast_6341,2025-09-22 05:00:00,4811.307990815294,5632.806460459735,3401.2548828125
forecast_6342,2025-09-22 06:00:00,4319.600109661986,5015.240062630193,3079.960205078125
forecast_6343,2025-09-22 07:00:00,4675.066106864912,5377.492215929431,3067.85546875
forecast_6344,2025-09-22 08:00:00,4952.179140304453,6021.186346745761,3713.776611328125
forecast_6345,2025-09-22 09:00:00,4402.413238167024,5779.689066773563,3970.231689453125
forecast_6346,2025-09-22 10:00:00,5787.264899803754,7274.868045490161,5086.96533203125
forecast_6347,2025-09-22 11:00:00,5103.714711209098,5889.601497274682,4064.5751953125
forecast_6348,2025-09-22 12:00:00,4892.759527866097,5311.005190138141,3430.392578125
forecast_6349,2025-09-22 13:00:00,4800.211046877766,5619.660773147223,3795.34765625
forecast_6350,2025-09-22 14:00:00,4544.490161108757,5382.646399832754,3937.4052734375
forecast_6351,2025-09-22 15:00:00,4641.435217465158,5848.122933452369,4407.724609375
forecast_6352,2025-09-22 16:00:00,3817.9920660005923,4641.206462304531,4079.498046875
forecast_6353,2025-09-22 17:00:00,2894.8253670310205,3757.8632337812196,3305.716796875
forecast_6354,2025-09-22 18:00:00,2557.161108010783,3080.655211197992,2697.430419921875
forecast_6355,2025-09-22 19:00:00,3137.351237976225,3512.8656987019585,2942.250244140625
forecast_6356,2025-09-22 20:00:00,3373.5896073384306,3552.7252523311,2786.37109375
forecast_6357,2025-09-22 21:00:00,3482.8020786069706,3624.531984380489,2816.824951171875
forecast_6358,2025-09-22 22:00:00,2965.6883889172377,3156.3243032257633,2594.300537109375
forecast_6359,2025-09-22 23:00:00,2939.839580565417,3337.05376630122,2685.683349609375
forecast_6360,2025-09-23 00:00:00,2964.60741156886,3277.59075834279,2728.005126953125
forecast_6361,2025-09-23 01:00:00,1604.7624814935364,2417.1133939116053,2175.026611328125
forecast_6362,2025-09-23 02:00:00,1684.871921068836,2607.2488190005865,2298.1591796875
forecast_6363,2025-09-23 03:00:00,1548.2326557620977,2468.419098527186,2218.898681640625
forecast_6364,2025-09-23 04:00:00,1858.069837104587,2794.944603620469,2224.415283203125
forecast_6365,2025-09-23 05:00:00,1900.0493912037703,2822.345971308842,2195.049560546875
forecast_6366,2025-09-23 06:00:00,2109.3188594015123,3086.4979254435375,2313.2626953125
forecast_6367,2025-09-23 07:00:00,2482.5415442114754,3281.1663473270332,2361.560302734375
forecast_6368,2025-09-23 08:00:00,2782.694971970932,3309.2922760626384,2312.994140625
forecast_6369,2025-09-23 09:00:00,2450.4235954702835,3264.2666504518147,2386.255615234375
forecast_6370,2025-09-23 10:00:00,1863.7422243620276,2501.658783277877,2122.665771484375
forecast_6371,2025-09-23 11:00:00,1900.386774578042,2428.948731343474,2105.304931640625
forecast_6372,2025-09-23 12:00:00,1794.1419667561458,2251.3384007338736,2168.5126953125
forecast_6373,2025-09-23 13:00:00,1770.2925467517553,2243.142786954204,2094.546630859375
forecast_6374,2025-09-23 14:00:00,1604.9411299891708,2007.736832502429,1976.6865234375
forecast_6375,2025-09-23 15:00:00,1691.3493210840556,2128.1158600257177,2107.269287109375
forecast_6376,2025-09-23 16:00:00,1958.323197040168,2345.3612521049467,2246.322509765625
forecast_6377,2025-09-23 17:00:00,2054.149212011596,2657.3416335679235,2581.322509765625
forecast_6378,2025-09-23 18:00:00,2470.9899981035887,3067.718533001462,2665.250732421875
forecast_6379,2025-09-23 19:00:00,2393.5620487220335,2690.552634219331,2439.395263671875
forecast_6380,2025-09-23 20:00:00,2190.8944546738294,2697.926554717032,2545.752685546875
forecast_6381,2025-09-23 21:00:00,2306.837948033881,2782.3106091665895,2578.270751953125
forecast_6382,2025-09-23 22:00:00,2252.664891520364,2762.0266470851457,2601.42822265625
forecast_6383,2025-09-23 23:00:00,2185.9890026112926,2698.373265253176,2504.2529296875
forecast_6384,2025-09-24 00:00:00,2723.3153859427443,3206.220070294279,2626.445556640625
forecast_6385,2025-09-24 01:00:00,3095.670564240737,3441.242841059827,2856.612060546875
forecast_6386,2025-09-24 02:00:00,3679.7556951712827,4036.814957040187,2908.992919921875
forecast_6387,2025-09-24 03:00:00,4599.84260291583,4895.626781533826,3195.352294921875
forecast_6388,2025-09-24 04:00:00,5541.640696275237,5859.878834785188,3652.3251953125
forecast_6389,2025-09-24 05:00:00,6993.96375533095,7639.255783206263,4942.09814453125
forecast_6390,2025-09-24 06:00:00,8091.609117212604,8512.902688637203,5704.14892578125
forecast_6391,2025-09-24 07:00:00,6890.909089206154,7333.727408434857,5029.580078125
forecast_6392,2025-09-24 08:00:00,5942.465702160551,6676.28330894067,4710.642578125
forecast_6393,2025-09-24 09:00:00,5763.27642079906,6642.244607085839,4551.5625
forecast_6394,2025-09-24 10:00:00,5864.391921160062,7241.592532373293,5046.10888671875
forecast_6395,2025-09-24 11:00:00,7849.928178171338,9805.868809809275,7724.041015625
forecast_6396,2025-09-24 12:00:00,8783.748493535768,10623.238370056364,8701.8857421875
forecast_6397,2025-09-24 13:00:00,9850.799243471723,11925.006305767809,10124.71484375
forecast_6398,2025-09-24 14:00:00,10605.506330593405,12423.804669176014,9937.6279296875
forecast_6399,2025-09-24 15:00:00,10954.550752706382,12625.767497055156,9610.998046875
forecast_6400,2025-09-24 16:00:00,9445.67949726036,10718.519787443714,7587.001953125
forecast_6401,2025-09-24 17:00:00,7882.71503971546,9280.410249728384,5790.91796875
forecast_6402,2025-09-24 18:00:00,8412.386051927768,10786.44320066102,7552.029296875
forecast_6403,2025-09-24 19:00:00,9599.950085571005,11445.891623271935,8023.47119140625
forecast_6404,2025-09-24 20:00:00,12156.038424240858,13516.037015207647,9892.99609375
forecast_6405,2025-09-24 21:00:00,13340.618397034104,15944.867045054323,14278.0361328125
forecast_6406,2025-09-24 22:00:00,15400.468093817028,16896.4545437749,15232.984375
forecast_6407,2025-09-24 23:00:00,16247.751181029493,17610.618555811867,16766.318359375
forecast_6408,2025-09-25 00:00:00,16645.59784170198,18102.808320581447,16513.166015625
forecast_6409,2025-09-25 01:00:00,16643.20514586532,17743.287486565045,15767.12109375
forecast_6410,2025-09-25 02:00:00,17162.014648082462,17669.08697169148,16075.23828125
forecast_6411,2025-09-25 03:00:00,16522.56644544362,17595.62412136693,16204.5390625
forecast_6412,2025-09-25 04:00:00,16591.809993660732,17235.21907090873,17184.408203125
forecast_6413,2025-09-25 05:00:00,16749.267061095066,17418.255268867455,15520.75
forecast_6414,2025-09-25 06:00:00,18174.781364345166,18445.57523714921,17794.58203125
forecast_6415,2025-09-25 07:00:00,16302.076302531294,17166.63019741138,14402.02734375
forecast_6416,2025-09-25 08:00:00,13989.644201046678,15046.61229474354,12983.5029296875
forecast_6417,2025-09-25 09:00:00,15577.897085935798,16388.997818224743,13944.5029296875
forecast_6418,2025-09-25 10:00:00,15506.101258969064,16562.07650308284,14805.5966796875
forecast_6419,2025-09-25 11:00:00,14286.952929868348,15670.774529754648,13791.9921875
forecast_6420,2025-09-25 12:00:00,14926.664757129183,15953.920190952464,14489.0478515625
forecast_6421,2025-09-25 13:00:00,14120.418170374674,15529.73987579099,14299.9794921875
forecast_6422,2025-09-25 14:00:00,13230.950774014078,14665.89575570517,13644.6875
forecast_6423,2025-09-25 15:00:00,11128.484037125741,11966.150200960383,9806.4609375
forecast_6424,2025-09-25 16:00:00,12491.635408658836,13271.34905268814,11397.5908203125
forecast_6425,2025-09-25 17:00:00,11714.578947161315,12199.254376728784,10106.9775390625
forecast_6426,2025-09-25 18:00:00,14203.800645551219,14400.691779217956,12412.4111328125
forecast_6427,2025-09-25 19:00:00,15651.053972149504,15560.072998338961,14696.1474609375
forecast_6428,2025-09-25 20:00:00,16816.30140039644,16071.672539184896,15072.2958984375
forecast_6429,2025-09-25 21:00:00,17213.057225607565,16316.901374812736,14548.5263671875
forecast_6430,2025-09-25 22:00:00,16713.463275119437,15575.642063277588,12712.4580078125
forecast_6431,2025-09-25 23:00:00,15479.342030125083,14852.088189196773,12124.8779296875
forecast_6432,2025-09-26 00:00:00,16566.036520008474,15437.549848201099,12364.4169921875
forecast_6433,2025-09-26 01:00:00,13484.487282298202,12785.735838691213,10022.1650390625
forecast_6434,2025-09-26 02:00:00,12872.79053781935,12171.381298695105,9332.8408203125
forecast_6435,2025-09-26 03:00:00,11111.755706793398,10748.171779145925,8044.84326171875
forecast_6436,2025-09-26 04:00:00,9269.89166350543,9117.347398839083,6112.69970703125
forecast_6437,2025-09-26 05:00:00,5558.4111915609155,6153.976290079721,3981.303955078125
forecast_6438,2025-09-26 06:00:00,3126.0951429325996,3789.9892591454873,2745.328369140625
forecast_6439,2025-09-26 07:00:00,1850.6551050661908,2696.15478258444,2398.365966796875
forecast_6440,2025-09-26 08:00:00,1055.7148321326536,2097.4677427235956,1976.4759521484375
forecast_6441,2025-09-26 09:00:00,864.9293801426124,1673.0610765070676,1847.5657958984375
forecast_6442,2025-09-26 10:00:00,887.6531451223921,1374.6564024676386,1683.4091796875
forecast_6443,2025-09-26 11:00:00,675.8141732265567,1166.9704007676544,1611.2679443359375
forecast_6444,2025-09-26 12:00:00,753.4634746446043,1206.3202621074392,1659.3983154296875
forecast_6445,2025-09-26 13:00:00,746.1205530966976,1205.49280510413,1669.6634521484375
forecast_6446,2025-09-26 14:00:00,895.3588778900457,1499.9316665343138,1793.9306640625
forecast_6447,2025-09-26 15:00:00,809.7309817931844,1538.6332482041983,2015.8470458984375
forecast_6448,2025-09-26 16:00:00,925.662261476329,1686.8803297153393,2286.0048828125
forecast_6449,2025-09-26 17:00:00,1223.4080856258627,2340.75822859833,2739.714111328125
forecast_6450,2025-09-26 18:00:00,1377.3615481234106,2290.626649163796,2702.237548828125
forecast_6451,2025-09-26 19:00:00,1235.2340692881544,1830.3955442447436,2515.727294921875
forecast_6452,2025-09-26 20:00:00,1428.5106129505555,2007.1236419074282,2336.01953125
forecast_6453,2025-09-26 21:00:00,1494.230717522934,1798.0469682965515,2066.7978515625
forecast_6454,2025-09-26 22:00:00,1463.6700689242402,1807.9147529022168,1944.82177734375
forecast_6455,2025-09-26 23:00:00,1488.583264727681,2394.0846977951746,2338.442138671875
forecast_6456,2025-09-27 00:00:00,1498.4658707461724,2289.346245764554,2322.924560546875
forecast_6457,2025-09-27 01:00:00,1676.3151629255215,2399.546871268746,2239.533935546875
forecast_6458,2025-09-27 02:00:00,1348.3006311691092,1942.948113022463,2037.115234375
forecast_6459,2025-09-27 03:00:00,1534.4330143512016,2092.7245229839405,1987.0400390625
forecast_6460,2025-09-27 04:00:00,1671.3065799775313,2354.388520907044,2002.3360595703125
forecast_6461,2025-09-27 05:00:00,1857.6576939450817,2450.965735085394,2093.889404296875
forecast_6462,2025-09-27 06:00:00,2220.0276529901184,2392.7089868932126,2041.7994384765625
forecast_6463,2025-09-27 07:00:00,2306.879266059277,2427.0552066242185,2063.783935546875
forecast_6464,2025-09-27 08:00:00,2369.032647357595,2505.0111627384626,2055.7431640625
forecast_6465,2025-09-27 09:00:00,1616.3377101678002,1907.6746711022943,1956.5660400390625
forecast_6466,2025-09-27 10:00:00,1122.211067654991,1588.2859074022715,1969.337890625
forecast_6467,2025-09-27 11:00:00,1133.671428387243,1591.7742283951065,2087.641845703125
forecast_6468,2025-09-27 12:00:00,983.285131336296,1465.3201627729857,2192.014404296875
forecast_6469,2025-09-27 13:00:00,877.1085062742742,1361.0379886256412,1910.4693603515625
forecast_6470,2025-09-27 14:00:00,795.5689379323787,1255.9671745181113,1805.32763671875
forecast_6471,2025-09-27 15:00:00,1243.3026288500932,1630.7457792035796,2186.80517578125
forecast_6472,2025-09-27 16:00:00,935.338612979176,1391.9625876349367,2058.766845703125
forecast_6473,2025-09-27 17:00:00,1178.3263775181074,1831.083948515192,2217.722412109375
forecast_6474,2025-09-27 18:00:00,1808.2286779233227,2188.547753384875,2154.0791015625
forecast_6475,2025-09-27 19:00:00,2104.5527173671135,3212.704642987857,2795.2578125
forecast_6476,2025-09-27 20:00:00,3042.336912928201,4411.273715954096,3605.09375
forecast_6477,2025-09-27 21:00:00,3214.322232754839,4364.750076172884,3615.1025390625
forecast_6478,2025-09-27 22:00:00,3627.343350792349,4827.883621658977,3676.091552734375
forecast_6479,2025-09-27 23:00:00,3828.391593332858,4905.134472865161,3628.8623046875
forecast_6480,2025-09-28 00:00:00,3958.8559313089486,5102.112192339626,3664.132568359375
forecast_6481,2025-09-28 01:00:00,6094.084243309864,7122.618916911806,4368.62646484375
forecast_6482,2025-09-28 02:00:00,6089.901943397836,7109.926034763021,4592.818359375
forecast_6483,2025-09-28 03:00:00,7042.733104449043,8244.395366455954,5539.12890625
forecast_6484,2025-09-28 04:00:00,8162.915416087265,9415.166390211036,6267.63232421875
forecast_6485,2025-09-28 05:00:00,7799.879792573059,8609.721992920624,5671.52978515625
forecast_6486,2025-09-28 06:00:00,5959.861867874197,7016.3305427074265,4779.6376953125
forecast_6487,2025-09-28 07:00:00,6401.991816241077,7502.342049331246,4917.25732421875
forecast_6488,2025-09-28 08:00:00,5348.086551023087,7104.213634948621,5443.89794921875
forecast_6489,2025-09-28 09:00:00,4882.965028373101,6017.130696055858,4413.23681640625
forecast_6490,2025-09-28 10:00:00,6483.929362944952,7972.736950461496,5514.0
forecast_6491,2025-09-28 11:00:00,4287.743258007382,5529.331555773128,4116.359375
forecast_6492,2025-09-28 12:00:00,3404.9211825993098,4757.1757634288115,3690.130859375
forecast_6493,2025-09-28 13:00:00,2384.51182326903,3148.371440332248,2924.336181640625
forecast_6494,2025-09-28 14:00:00,2306.75020983132,3066.1070060438906,2918.5078125
forecast_6495,2025-09-28 15:00:00,3400.3018984415244,4034.583902993464,3301.219482421875
forecast_6496,2025-09-28 16:00:00,3582.8360220858935,4578.226465335823,3401.618408203125
forecast_6497,2025-09-28 17:00:00,3545.94694347959,4439.130165058953,3631.533203125
forecast_6498,2025-09-28 18:00:00,3467.5955182824664,4296.090034439604,3725.0634765625
forecast_6499,2025-09-28 19:00:00,3826.4568469830674,4567.32823912636,3863.994873046875
forecast_6500,2025-09-28 20:00:00,4173.386801723151,5139.049808650626,4275.41357421875
forecast_6501,2025-09-28 21:00:00,5128.303981183613,5798.266817935146,4317.365234375
forecast_6502,2025-09-28 22:00:00,3991.5502354492287,3833.3596058911453,2944.0849609375
forecast_6503,2025-09-28 23:00:00,3650.65644493623,3572.480666212522,2645.927490234375
forecast_6504,2025-09-29 00:00:00,3727.963736223476,3492.9220078494905,2698.3681640625
forecast_6505,2025-09-29 01:00:00,3581.8889698604085,3885.328522215433,2909.439208984375
forecast_6506,2025-09-29 02:00:00,3019.305587801411,3444.7739718557723,2640.525146484375
forecast_6507,2025-09-29 03:00:00,2596.2444909584165,2912.720001700757,2386.664794921875
forecast_6508,2025-09-29 04:00:00,3383.6553095821687,3855.9822964118284,2803.643310546875
forecast_6509,2025-09-29 05:00:00,2390.3195415288706,2798.2084360745293,2146.2109375
forecast_6510,2025-09-29 06:00:00,1847.377650128377,2225.5439152603485,1889.1214599609375
forecast_6511,2025-09-29 07:00:00,1928.60384224588,2230.8008952565237,1998.1441650390625
forecast_6512,2025-09-29 08:00:00,1424.9330861360945,1667.1975160774728,1833.8369140625
forecast_6513,2025-09-29 09:00:00,976.8415674581106,1641.7469674537078,1966.6842041015625
forecast_6514,2025-09-29 10:00:00,677.9948364035206,1061.4427781241504,2009.5648193359375
forecast_6515,2025-09-29 11:00:00,793.8753802970596,1239.9717284350031,1942.3433837890625
forecast_6516,2025-09-29 12:00:00,965.5459655623047,1542.446106115058,2083.086181640625
forecast_6517,2025-09-29 13:00:00,754.3452540313864,1461.6792534066167,1751.0186767578125
forecast_6518,2025-09-29 14:00:00,1095.8244768260365,1623.0286471576676,1725.455078125
forecast_6519,2025-09-29 15:00:00,1186.6702205031181,1456.0720067956167,1589.2183837890625
forecast_6520,2025-09-29 16:00:00,1279.8561427348677,1546.3669120044199,1453.7388916015625
forecast_6521,2025-09-29 17:00:00,1195.291101496564,1671.2180701717527,1733.1529541015625
forecast_6522,2025-09-29 18:00:00,1247.8296409989364,1973.7288402973466,2062.677978515625
forecast_6523,2025-09-29 19:00:00,1368.5398480412518,2089.915434572636,2352.53125
forecast_6524,2025-09-29 20:00:00,1232.1394000712705,2141.4292131233283,2392.2587890625
forecast_6525,2025-09-29 21:00:00,1445.164277544349,2536.082915404389,2656.332763671875
forecast_6526,2025-09-29 22:00:00,2094.258824441287,3411.7250924086347,3190.608642578125
forecast_6527,2025-09-29 23:00:00,1536.3021037060562,2229.7838382129316,2404.744384765625
forecast_6528,2025-09-30 00:00:00,2047.4722832402674,2662.4547990630367,2546.20751953125
forecast_6529,2025-09-30 01:00:00,3123.8254401192157,4372.118255210977,3351.328125
forecast_6530,2025-09-30 02:00:00,3458.962502598875,4700.789066449159,3434.080810546875
forecast_6531,2025-09-30 03:00:00,2824.0723254188842,3485.2981523726035,2754.916748046875
forecast_6532,2025-09-30 04:00:00,3585.2129533771295,4928.562957732686,3379.9501953125
forecast_6533,2025-09-30 05:00:00,3118.8010038758084,3985.9113824207425,2781.544921875
forecast_6534,2025-09-30 06:00:00,2943.5822452911875,4247.814874937487,3085.10546875
forecast_6535,2025-09-30 07:00:00,2676.4083882203167,4000.586432320384,3070.73046875
forecast_6536,2025-09-30 08:00:00,2466.630143092122,3223.00078547289,2904.101318359375
forecast_6537,2025-09-30 09:00:00,1481.7935640728842,2115.7432159059067,2542.506591796875
forecast_6538,2025-09-30 10:00:00,1402.9831687959086,1538.13431914043,2152.54443359375
forecast_6539,2025-09-30 11:00:00,1177.2717062672587,1445.16095344494,2282.041259765625
forecast_6540,2025-09-30 12:00:00,1161.9710938682706,1220.217758647557,2003.0517578125
forecast_6541,2025-09-30 13:00:00,1147.1084744731806,1213.3607010734866,1828.27587890625
forecast_6542,2025-09-30 14:00:00,1032.8914945107542,1003.2731827983386,1613.783203125
forecast_6543,2025-09-30 15:00:00,1485.8872418868948,1540.399463046507,2019.56640625
forecast_6544,2025-09-30 16:00:00,1618.8088222526133,1714.5899330590926,2029.4571533203125
forecast_6545,2025-09-30 17:00:00,1823.0019646689645,1866.8194804126765,2138.93212890625
forecast_6546,2025-09-30 18:00:00,3067.3916499764828,3442.274487760689,3123.1806640625
forecast_6547,2025-09-30 19:00:00,3332.0483526291255,3879.7888281471783,3495.671142578125
forecast_6548,2025-09-30 20:00:00,3802.384650632376,4506.383199887887,3865.8701171875
forecast_6549,2025-09-30 21:00:00,4294.66528082617,5364.874175124576,4424.09033203125
forecast_6550,2025-09-30 22:00:00,4585.684294067165,5678.681432080494,4306.8193359375
forecast_6551,2025-09-30 23:00:00,4263.631446209133,5463.191179059562,4101.06201171875
forecast_6552,2025-10-01 00:00:00,6382.407547098051,7458.227084864797,5034.505859375
forecast_6553,2025-10-01 01:00:00,7542.825167399995,8247.374589825657,5135.70361328125
forecast_6554,2025-10-01 02:00:00,8060.167698582095,8777.209111376615,5421.75244140625
forecast_6555,2025-10-01 03:00:00,8138.270340149704,8856.784881265507,5307.37646484375
forecast_6556,2025-10-01 04:00:00,8298.8616782741,9066.761911099857,5501.693359375
forecast_6557,2025-10-01 05:00:00,8413.473434871334,8956.562525662788,5308.75830078125
forecast_6558,2025-10-01 06:00:00,7077.834479120074,7950.421734218665,4842.06396484375
forecast_6559,2025-10-01 07:00:00,6410.286037080591,7550.599332194593,4622.73193359375
forecast_6560,2025-10-01 08:00:00,3642.133757258812,4612.8126208191925,3570.359130859375
forecast_6561,2025-10-01 09:00:00,2106.751590770685,3014.8452561380327,3017.924072265625
forecast_6562,2025-10-01 10:00:00,1503.5773073911137,2461.4882408816047,2874.156982421875
forecast_6563,2025-10-01 11:00:00,1221.7351258234912,1419.3321382368374,2169.0068359375
forecast_6564,2025-10-01 12:00:00,1159.6477793725762,1151.3008974748705,1944.3851318359375
forecast_6565,2025-10-01 13:00:00,1891.1835748704943,1749.1654669602892,2290.948974609375
forecast_6566,2025-10-01 14:00:00,2039.044099371205,1971.3772227226375,2247.904296875
forecast_6567,2025-10-01 15:00:00,2751.3654347145116,2184.708007873548,2465.605712890625
forecast_6568,2025-10-01 16:00:00,2359.6386747468387,2045.7623216537745,2073.152099609375
forecast_6569,2025-10-01 17:00:00,2146.2615420090315,2137.873822148723,2155.838623046875
forecast_6570,2025-10-01 18:00:00,3573.8408742388956,3516.651083192406,2766.306396484375
forecast_6571,2025-10-01 19:00:00,5183.926280896652,5278.230505015159,3812.717529296875
forecast_6572,2025-10-01 20:00:00,6217.363452273856,6333.9936605772145,4377.16064453125
forecast_6573,2025-10-01 21:00:00,4525.0088593786,5870.07659852843,4611.4609375
forecast_6574,2025-10-01 22:00:00,4408.36502011872,5298.393979283696,4053.568359375
forecast_6575,2025-10-01 23:00:00,4454.417266128903,5207.429962234965,3962.640625
forecast_6576,2025-10-02 00:00:00,5520.839257424075,6549.31682713754,4693.5400390625
forecast_6577,2025-10-02 01:00:00,6741.177797208178,8334.104725300385,5309.88037109375
forecast_6578,2025-10-02 02:00:00,6077.980310991562,7542.0279033343595,4764.52294921875
forecast_6579,2025-10-02 03:00:00,5945.674754969243,7166.145259657001,4450.93994140625
forecast_6580,2025-10-02 04:00:00,4409.925591750454,5712.589906165935,3860.197265625
forecast_6581,2025-10-02 05:00:00,3760.4057966649348,5102.279149800808,3492.082763671875
forecast_6582,2025-10-02 06:00:00,2650.238792294555,3634.9280204244615,2930.714111328125
forecast_6583,2025-10-02 07:00:00,2224.459696221562,3399.702783998448,2734.27734375
forecast_6584,2025-10-02 08:00:00,2001.172925621514,3058.266211449116,2852.591064453125
forecast_6585,2025-10-02 09:00:00,810.6580889310138,1329.6997039753148,2021.23291015625
forecast_6586,2025-10-02 10:00:00,606.9838543966058,992.887139762297,1828.2880859375
forecast_6587,2025-10-02 11:00:00,642.4862954305383,907.5720363075543,1796.1690673828125
forecast_6588,2025-10-02 12:00:00,760.0243806313133,1268.443843243316,1855.15625
forecast_6589,2025-10-02 13:00:00,754.4689468464308,1430.427453862597,1863.5689697265625
forecast_6590,2025-10-02 14:00:00,940.382250912943,1439.2491060758578,1729.72705078125
forecast_6591,2025-10-02 15:00:00,941.9187896365551,1496.2077957493664,1786.9156494140625
forecast_6592,2025-10-02 16:00:00,1306.0630422966783,2099.4265607660545,2158.649169921875
forecast_6593,2025-10-02 17:00:00,1312.4060466016563,1957.0032100962178,2193.1669921875
forecast_6594,2025-10-02 18:00:00,1068.8745336712623,1442.9114955106847,1893.9375
forecast_6595,2025-10-02 19:00:00,847.5392418089568,1140.7150405504394,1731.9542236328125
forecast_6596,2025-10-02 20:00:00,937.3372268672284,1398.8231718135883,1867.5740966796875
forecast_6597,2025-10-02 21:00:00,1293.2480725112748,1787.801096232622,2024.0084228515625
forecast_6598,2025-10-02 22:00:00,1088.949934530624,1507.1408366578985,1894.3359375
forecast_6599,2025-10-02 23:00:00,1118.6380681021974,1503.9281525865845,1900.6229248046875
forecast_6600,2025-10-03 00:00:00,1360.5991289524598,1822.0855396323889,1969.6202392578125
forecast_6601,2025-10-03 01:00:00,2015.875309801919,2902.3390770208853,2780.530517578125
forecast_6602,2025-10-03 02:00:00,1624.8325233305777,2506.690968263202,2671.93701171875
forecast_6603,2025-10-03 03:00:00,2052.674199742726,3036.6542455576373,2456.1083984375
forecast_6604,2025-10-03 04:00:00,2112.1294232529845,3054.215325312716,2921.658935546875
forecast_6605,2025-10-03 05:00:00,2435.3365866891536,3024.4393943977693,2434.438232421875
forecast_6606,2025-10-03 06:00:00,2771.569528999353,3408.7878997642474,2566.6796875
forecast_6607,2025-10-03 07:00:00,2751.5989027349915,3600.2649365962006,2679.50048828125
forecast_6608,2025-10-03 08:00:00,2967.192590226485,4226.940188040074,3021.9296875
forecast_6609,2025-10-03 09:00:00,3070.7578904465754,4556.151994990035,3163.146728515625
forecast_6610,2025-10-03 10:00:00,4087.792227787885,5731.352390040616,3604.16796875
forecast_6611,2025-10-03 11:00:00,4116.1900349012285,5312.948251144895,3524.3359375
forecast_6612,2025-10-03 12:00:00,4675.36592277952,6155.24209861905,4004.278076171875
forecast_6613,2025-10-03 13:00:00,4192.178303215405,5608.852401965435,4165.24072265625
forecast_6614,2025-10-03 14:00:00,4126.717967908951,5208.458549766223,4268.75439453125
forecast_6615,2025-10-03 15:00:00,3494.3809987282207,4365.292894670991,3375.5283203125
forecast_6616,2025-10-03 16:00:00,3637.737183191277,4671.340065406682,3811.656005859375
forecast_6617,2025-10-03 17:00:00,4234.617161999315,5237.566104305434,4271.1220703125
forecast_6618,2025-10-03 18:00:00,4064.3809704701466,4318.995867650528,2915.171875
forecast_6619,2025-10-03 19:00:00,7032.010752033168,8191.251716878109,6560.43994140625
forecast_6620,2025-10-03 20:00:00,5698.314779028673,5769.009616861437,4167.83642578125
forecast_6621,2025-10-03 21:00:00,5662.585765790269,5616.642675480989,3705.1123046875
forecast_6622,2025-10-03 22:00:00,4358.593096315555,4776.738451406505,3445.771484375
forecast_6623,2025-10-03 23:00:00,4320.508824941535,4256.067472762446,2991.958251953125
forecast_6624,2025-10-04 00:00:00,3495.26161519478,3725.8485709654406,3076.371826171875
forecast_6625,2025-10-04 01:00:00,2601.28251055119,3345.616723723927,2589.12158203125
forecast_6626,2025-10-04 02:00:00,2254.485259953249,3095.6239175830106,2420.112060546875
forecast_6627,2025-10-04 03:00:00,2208.398538522688,2944.948619594039,2225.76806640625
forecast_6628,2025-10-04 04:00:00,2549.303264862279,3402.5323159172112,2367.693359375
forecast_6629,2025-10-04 05:00:00,2333.7669997145567,3154.405426681014,2258.8544921875
forecast_6630,2025-10-04 06:00:00,2244.294023261724,3080.0784392296664,2228.358642578125
forecast_6631,2025-10-04 07:00:00,2614.9703125651395,3410.4021068582306,2296.263427734375
forecast_6632,2025-10-04 08:00:00,2527.3479807949807,3195.096004256624,2244.683349609375
forecast_6633,2025-10-04 09:00:00,2257.894006847855,2861.2209887414015,2101.33984375
forecast_6634,2025-10-04 10:00:00,1817.185843742443,2498.4246413607843,1924.0120849609375
forecast_6635,2025-10-04 11:00:00,1437.761646592053,2190.351753616873,1888.6429443359375
forecast_6636,2025-10-04 12:00:00,1218.4704013082378,1822.7976068234307,1770.45654296875
forecast_6637,2025-10-04 13:00:00,1228.0741342621704,1805.3038876054425,1695.853515625
forecast_6638,2025-10-04 14:00:00,1275.3538924887457,1726.9485952918337,1642.5794677734375
forecast_6639,2025-10-04 15:00:00,1088.8297592673548,1531.8317166886002,1648.3775634765625
forecast_6640,2025-10-04 16:00:00,1227.5356350475822,1721.2475561000163,1706.0738525390625
forecast_6641,2025-10-04 17:00:00,1419.5076710298965,1908.277021672316,1929.1910400390625
forecast_6642,2025-10-04 18:00:00,1303.1437691397023,1724.5439777000925,1810.5146484375
forecast_6643,2025-10-04 19:00:00,1522.4952684642217,1953.0161618844159,1850.7215576171875
forecast_6644,2025-10-04 20:00:00,1683.8841615595352,1972.585893302388,1776.77197265625
forecast_6645,2025-10-04 21:00:00,1950.0839233982877,2272.403610417926,1907.6407470703125
forecast_6646,2025-10-04 22:00:00,2194.558663626508,2646.201346017047,2388.07421875
forecast_6647,2025-10-04 23:00:00,1404.2369171936757,1950.0116158896174,1736.2589111328125
forecast_6648,2025-10-05 00:00:00,1472.7437244010814,2423.3428353810336,2183.135009765625
forecast_6649,2025-10-05 01:00:00,1652.4945383445104,2267.9585894303555,2057.79345703125
forecast_6650,2025-10-05 02:00:00,1102.4173113441807,2074.6032959575737,2064.126708984375
forecast_6651,2025-10-05 03:00:00,1469.0914063202995,2661.8956993055363,2355.779052734375
forecast_6652,2025-10-05 04:00:00,967.6752836668169,1861.5638656642861,1919.6488037109375
forecast_6653,2025-10-05 05:00:00,1456.5620965519547,2328.817187543858,1996.0023193359375
forecast_6654,2025-10-05 06:00:00,1039.4709343814889,1763.6383812852057,1656.9990234375
forecast_6655,2025-10-05 07:00:00,1018.3334905760119,1740.434736503306,1654.5191650390625
forecast_6656,2025-10-05 08:00:00,1173.3971172776833,1957.33711613641,1910.400390625
forecast_6657,2025-10-05 09:00:00,1091.305448717268,1584.6337468106983,1809.98779296875
forecast_6658,2025-10-05 10:00:00,856.635019865957,1674.8591066656998,1739.0657958984375
forecast_6659,2025-10-05 11:00:00,1052.0080244331782,1790.8662683043776,2057.402099609375
forecast_6660,2025-10-05 12:00:00,723.8931921521821,1306.5952930235972,1750.4705810546875
forecast_6661,2025-10-05 13:00:00,718.6269065826957,1602.6759885209851,2008.6390380859375
forecast_6662,2025-10-05 14:00:00,835.2187125112416,1307.2502846519985,1861.5435791015625
forecast_6663,2025-10-05 15:00:00,1001.952997357159,1875.5972240351937,2261.244873046875
forecast_6664,2025-10-05 16:00:00,1018.3471889614353,1818.8011294789762,2382.844970703125
forecast_6665,2025-10-05 17:00:00,943.1235853585789,1744.9662200975902,2331.509521484375
forecast_6666,2025-10-05 18:00:00,1161.6934138173526,2262.7621823205286,2517.443359375
forecast_6667,2025-10-05 19:00:00,1471.7613504399646,2267.4998810290276,2503.6982421875
forecast_6668,2025-10-05 20:00:00,1482.5187411971742,2376.429161967955,2599.497314453125
forecast_6669,2025-10-05 21:00:00,1600.1511896150528,2409.672337532659,2412.405029296875
forecast_6670,2025-10-05 22:00:00,1512.3794973304775,2363.613492482883,2279.836669921875
forecast_6671,2025-10-05 23:00:00,1549.9341922185595,2437.820709956078,2499.416259765625
forecast_6672,2025-10-06 00:00:00,1712.0900927797866,2453.619044721548,2428.6484375
forecast_6673,2025-10-06 01:00:00,1316.7331078215013,2302.4421859432123,2201.076171875
forecast_6674,2025-10-06 02:00:00,1599.67644475095,2663.900180935642,2195.130126953125
forecast_6675,2025-10-06 03:00:00,2640.5623198035073,3628.435470427429,2486.274658203125
forecast_6676,2025-10-06 04:00:00,2491.711288039909,2975.1490491694144,2084.5166015625
forecast_6677,2025-10-06 05:00:00,2636.245194640751,3758.8493961433023,2496.836669921875
forecast_6678,2025-10-06 06:00:00,4858.899404184879,6647.6986629129005,4197.537109375
forecast_6679,2025-10-06 07:00:00,8552.098547760736,10203.401683810109,6371.08642578125
forecast_6680,2025-10-06 08:00:00,10329.710615284035,11619.66502229194,8695.982421875
forecast_6681,2025-10-06 09:00:00,9023.03859951486,10500.24864581548,8751.25
forecast_6682,2025-10-06 10:00:00,8807.836444927903,10742.836659097324,8631.9873046875
forecast_6683,2025-10-06 11:00:00,7178.864930066404,7851.765618282001,5497.59912109375
forecast_6684,2025-10-06 12:00:00,6055.271679247008,6518.600708127886,4162.52685546875
forecast_6685,2025-10-06 13:00:00,4334.666347725268,4692.6823650728975,3192.574951171875
forecast_6686,2025-10-06 14:00:00,2855.4984572873304,3140.351408058742,2215.604248046875
forecast_6687,2025-10-06 15:00:00,2372.6338369411314,2624.9567812173104,1970.1636962890625
forecast_6688,2025-10-06 16:00:00,2593.5988052572293,2948.6362830302614,2308.919189453125
forecast_6689,2025-10-06 17:00:00,4225.528848367714,4658.041196931199,3472.623779296875
forecast_6690,2025-10-06 18:00:00,5599.653394632829,6311.788629933098,5113.326171875
forecast_6691,2025-10-06 19:00:00,7082.149525675672,7809.236663437692,7905.59375
forecast_6692,2025-10-06 20:00:00,8570.994516097526,9582.180584065694,9524.99609375
forecast_6693,2025-10-06 21:00:00,11831.891942817201,12584.831443052917,12261.1513671875
forecast_6694,2025-10-06 22:00:00,11576.426955812189,13021.677686340645,12994.6171875
forecast_6695,2025-10-06 23:00:00,11613.518349035756,13079.310774637692,13046.7734375
forecast_6696,2025-10-07 00:00:00,13638.23534927164,14902.705401727682,13548.1064453125
forecast_6697,2025-10-07 01:00:00,11327.934185507656,13402.554765735866,11401.2119140625
forecast_6698,2025-10-07 02:00:00,8627.219557049328,9845.050632526483,8093.13427734375
forecast_6699,2025-10-07 03:00:00,8353.955728131677,9947.938502323766,7045.240234375
forecast_6700,2025-10-07 04:00:00,8646.376605735033,9944.247863447536,7290.64013671875
forecast_6701,2025-10-07 05:00:00,8657.637668169946,10429.01441850857,7484.60205078125
forecast_6702,2025-10-07 06:00:00,8428.242129335602,10086.536369708476,7915.90380859375
forecast_6703,2025-10-07 07:00:00,6695.201260325825,7852.101932965874,5482.31494140625
forecast_6704,2025-10-07 08:00:00,6256.338987532717,7195.541015915126,4445.32275390625
forecast_6705,2025-10-07 09:00:00,6022.189425044326,7064.603878345262,4546.16650390625
forecast_6706,2025-10-07 10:00:00,4453.777138265904,5154.022992492915,3230.906982421875
forecast_6707,2025-10-07 11:00:00,4104.981577267274,4696.620650967164,3184.089111328125
forecast_6708,2025-10-07 12:00:00,2828.540314758853,3209.3920500835884,2539.537841796875
forecast_6709,2025-10-07 13:00:00,2464.27953906726,2813.8988960577403,2434.43701171875
forecast_6710,2025-10-07 14:00:00,2120.74307459605,2307.547664068191,2198.3623046875
forecast_6711,2025-10-07 15:00:00,2201.2500490579137,2427.5782253809125,2257.741455078125
forecast_6712,2025-10-07 16:00:00,1814.2069137855563,2066.8111485192867,2091.231689453125
forecast_6713,2025-10-07 17:00:00,1173.3156818964087,1602.8669267988753,2035.59716796875
forecast_6714,2025-10-07 18:00:00,1366.8468865229033,1764.9824481912626,2085.70703125
forecast_6715,2025-10-07 19:00:00,1357.681346921001,1763.3465685887,2077.324951171875
forecast_6716,2025-10-07 20:00:00,1266.7513946525748,1612.8378848032048,2012.5523681640625
forecast_6717,2025-10-07 21:00:00,1230.8320347007493,1665.8295310162846,2036.8427734375
forecast_6718,2025-10-07 22:00:00,1165.6284958959955,1701.432466915218,2192.640380859375
forecast_6719,2025-10-07 23:00:00,1283.0956823185522,1887.2295819524375,2121.799072265625
forecast_6720,2025-10-08 00:00:00,1950.8305227412316,2763.743723136764,2288.791748046875
forecast_6721,2025-10-08 01:00:00,1008.378173046601,1681.837086315431,2088.47216796875
forecast_6722,2025-10-08 02:00:00,1287.612848967281,1856.1855386151603,1974.8787841796875
forecast_6723,2025-10-08 03:00:00,1320.7974328361788,1989.515209491811,2198.5205078125
forecast_6724,2025-10-08 04:00:00,1263.737177320185,2504.3418919659184,2754.658203125
forecast_6725,2025-10-08 05:00:00,1537.4261628722418,2834.2656120983866,3075.6181640625
forecast_6726,2025-10-08 06:00:00,1552.815923599065,3005.419507154077,2922.612060546875
forecast_6727,2025-10-08 07:00:00,1756.9106616371866,3105.425587903682,2809.594970703125
forecast_6728,2025-10-08 08:00:00,1395.459617989033,2477.439582419088,2319.703857421875
forecast_6729,2025-10-08 09:00:00,1396.941685436036,2363.119059483512,2165.3232421875
forecast_6730,2025-10-08 10:00:00,1455.3036916830176,2318.4110256474046,2160.89501953125
forecast_6731,2025-10-08 11:00:00,1240.9411994894153,1943.3976115934843,1956.0859375
forecast_6732,2025-10-08 12:00:00,1003.8247298224775,1633.5226860305766,1717.2078857421875
forecast_6733,2025-10-08 13:00:00,940.8616431739774,1533.8385832430622,1682.1217041015625
forecast_6734,2025-10-08 14:00:00,1058.18222860992,1601.7310383136014,1784.6904296875
forecast_6735,2025-10-08 15:00:00,1231.7857222180921,1828.86010022681,1841.7215576171875
forecast_6736,2025-10-08 16:00:00,1402.1679684401652,2045.3681434318225,2066.5517578125
forecast_6737,2025-10-08 17:00:00,1384.449347353362,2124.107553568815,2094.746337890625
forecast_6738,2025-10-08 18:00:00,1733.147401700096,2622.6585666341844,2497.952880859375
forecast_6739,2025-10-08 19:00:00,2245.1743128987955,2924.6810419226676,2533.597412109375
forecast_6740,2025-10-08 20:00:00,3197.1736904393047,4051.609400352895,3058.876708984375
forecast_6741,2025-10-08 21:00:00,3019.398534742576,3545.467327057384,2609.949951171875
forecast_6742,2025-10-08 22:00:00,4549.5159729024645,5335.679495458646,3681.658447265625
forecast_6743,2025-10-08 23:00:00,4735.135455727928,5273.308956824134,3846.391845703125
forecast_6744,2025-10-09 00:00:00,6009.513128682921,7151.5238147885875,5163.52001953125
forecast_6745,2025-10-09 01:00:00,5994.1045498110125,7770.873264235261,5827.95849609375
forecast_6746,2025-10-09 02:00:00,8062.492026688178,9659.803561400327,6538.359375
forecast_6747,2025-10-09 03:00:00,5997.938666265941,7191.026358402383,5301.87939453125
forecast_6748,2025-10-09 04:00:00,5245.950301190665,6145.279471299011,3944.302490234375
forecast_6749,2025-10-09 05:00:00,5659.199767361136,6716.581295927955,4210.927734375
forecast_6750,2025-10-09 06:00:00,6328.86071698685,7983.734042836381,5220.09130859375
forecast_6751,2025-10-09 07:00:00,5858.108613464554,6980.862238921029,4404.8505859375
forecast_6752,2025-10-09 08:00:00,5158.8522615961065,6827.44635947596,4383.64794921875
forecast_6753,2025-10-09 09:00:00,5047.686739881057,6851.106118259417,4439.67529296875
forecast_6754,2025-10-09 10:00:00,4333.0426407708255,5490.6281284191955,3549.0361328125
forecast_6755,2025-10-09 11:00:00,3216.1221600324707,4246.721514968901,2913.352294921875
forecast_6756,2025-10-09 12:00:00,2863.692991549537,3656.394235240652,2609.652587890625
forecast_6757,2025-10-09 13:00:00,2292.7545964184164,2928.7087911785648,2155.763671875
forecast_6758,2025-10-09 14:00:00,2084.9765748871196,2610.6683845669018,2045.9874267578125
forecast_6759,2025-10-09 15:00:00,1913.0761047637495,2452.4553876670016,2048.791748046875
forecast_6760,2025-10-09 16:00:00,2060.408242957058,2590.765972313476,2145.801513671875
forecast_6761,2025-10-09 17:00:00,1756.1589554975665,2344.9878298326234,2056.62744140625
forecast_6762,2025-10-09 18:00:00,1598.1765017455728,2082.4687037400954,2016.3037109375
forecast_6763,2025-10-09 19:00:00,1839.3585307660271,2307.154463788159,2122.249267578125
forecast_6764,2025-10-09 20:00:00,2175.701496729226,2536.619058795265,2182.963623046875
forecast_6765,2025-10-09 21:00:00,2199.996460910841,2578.9576756516335,2209.764404296875
forecast_6766,2025-10-09 22:00:00,2434.3988782101533,2797.102221538006,2335.092041015625
forecast_6767,2025-10-09 23:00:00,2254.7500366614977,2504.1247591900365,2191.089599609375
forecast_6768,2025-10-10 00:00:00,2053.2320869800133,2548.3210625585866,2222.678466796875
forecast_6769,2025-10-10 01:00:00,2446.934162857245,2992.2973764743656,2508.4873046875
forecast_6770,2025-10-10 02:00:00,2428.4973600575822,2828.7702944924213,2392.974609375
forecast_6771,2025-10-10 03:00:00,2947.9032673592146,3373.829334525255,2606.744873046875
forecast_6772,2025-10-10 04:00:00,2989.256719662745,3447.325013306322,2574.32421875
forecast_6773,2025-10-10 05:00:00,2890.001106480462,3372.125656220017,2521.02197265625
forecast_6774,2025-10-10 06:00:00,2729.2279850649566,3178.829615654651,2483.5927734375
forecast_6775,2025-10-10 07:00:00,2707.5584937152107,3177.3901803817407,2515.37109375
forecast_6776,2025-10-10 08:00:00,3380.896931394442,3744.8939822308103,2818.306640625
forecast_6777,2025-10-10 09:00:00,3518.8230998440504,3932.742613596375,2996.015625
forecast_6778,2025-10-10 10:00:00,2908.74200564658,3232.521925517154,2766.676513671875
forecast_6779,2025-10-10 11:00:00,2732.9207713502155,3103.7300808553573,2682.003662109375
forecast_6780,2025-10-10 12:00:00,2314.3418433515026,2865.998638509648,2544.808349609375
forecast_6781,2025-10-10 13:00:00,2350.372136417599,2966.8171072911546,2759.302490234375
forecast_6782,2025-10-10 14:00:00,2518.3519263494054,2873.7864488431787,2822.066162109375
forecast_6783,2025-10-10 15:00:00,2777.536485952428,2979.7285534521952,2754.402099609375
forecast_6784,2025-10-10 16:00:00,1718.131565526903,2021.3971513131396,2101.8515625
forecast_6785,2025-10-10 17:00:00,1944.8225231276178,2297.5310420252067,2425.953125
forecast_6786,2025-10-10 18:00:00,2045.8172045487108,2200.10469764665,2137.21240234375
forecast_6787,2025-10-10 19:00:00,2508.1362528584177,2676.2856965755063,2362.68798828125
forecast_6788,2025-10-10 20:00:00,2964.826777678323,3109.7132194585947,2476.852294921875
forecast_6789,2025-10-10 21:00:00,3490.352001861942,3604.466027775332,2609.150146484375
forecast_6790,2025-10-10 22:00:00,4416.480774068054,4651.353658600525,3182.075927734375
forecast_6791,2025-10-10 23:00:00,3915.5032161029512,4630.772855056798,3246.30859375
forecast_6792,2025-10-11 00:00:00,4059.2152773692974,5230.029658310326,3323.410888671875
forecast_6793,2025-10-11 01:00:00,6579.286109381293,6697.979124676476,4123.86474609375
forecast_6794,2025-10-11 02:00:00,6768.1344352005635,7431.26681913484,4682.06298828125
forecast_6795,2025-10-11 03:00:00,6764.628873122799,7982.675274215479,5206.98779296875
forecast_6796,2025-10-11 04:00:00,8429.565697728052,10070.995234591464,6097.10205078125
forecast_6797,2025-10-11 05:00:00,9701.907981885419,10948.717075610697,6897.59814453125
forecast_6798,2025-10-11 06:00:00,8801.936549637467,10014.550574598255,6337.65478515625
forecast_6799,2025-10-11 07:00:00,8070.021169349793,9335.146730300825,5688.84130859375
forecast_6800,2025-10-11 08:00:00,10226.483208614894,11535.047200908459,7852.841796875
forecast_6801,2025-10-11 09:00:00,8851.12670036755,10335.473308374145,7346.41455078125
forecast_6802,2025-10-11 10:00:00,9042.131537626403,10480.29183351261,7523.88037109375
forecast_6803,2025-10-11 11:00:00,7912.202538337772,8883.1116741042,5860.998046875
forecast_6804,2025-10-11 12:00:00,7841.262736634192,9268.416759063164,6315.00146484375
forecast_6805,2025-10-11 13:00:00,8749.71131292836,10037.681261822552,6941.96240234375
forecast_6806,2025-10-11 14:00:00,8950.763370100743,9411.24478565462,6540.61181640625
forecast_6807,2025-10-11 15:00:00,10500.940227643812,11479.987670493287,8703.2529296875
forecast_6808,2025-10-11 16:00:00,11376.505439743414,12201.250271653982,9392.7373046875
forecast_6809,2025-10-11 17:00:00,9592.974250986226,10142.36883051048,7524.64990234375
forecast_6810,2025-10-11 18:00:00,11651.456715746119,12020.009821129262,8966.3681640625
forecast_6811,2025-10-11 19:00:00,14327.284723512746,15187.93702884269,12952.1982421875
forecast_6812,2025-10-11 20:00:00,15350.803958887283,15846.742853782576,13996.8173828125
forecast_6813,2025-10-11 21:00:00,14195.804134616337,14882.038128202414,12737.2548828125
forecast_6814,2025-10-11 22:00:00,12158.906572025091,13308.540118585368,10635.6796875
forecast_6815,2025-10-11 23:00:00,12713.498376034137,14278.366262825757,11350.6513671875
forecast_6816,2025-10-12 00:00:00,11586.705387843893,12827.330208088022,10627.0888671875
forecast_6817,2025-10-12 01:00:00,12421.116092666616,13477.073217556943,12202.9345703125
forecast_6818,2025-10-12 02:00:00,10695.286098830136,11974.420486887357,10210.8291015625
forecast_6819,2025-10-12 03:00:00,9430.01371275102,10363.558119614554,8417.5615234375
forecast_6820,2025-10-12 04:00:00,6801.486663325898,8159.423490918758,7016.75732421875
forecast_6821,2025-10-12 05:00:00,6505.4081922056475,7179.070078148316,4894.31201171875
forecast_6822,2025-10-12 06:00:00,5477.814730669229,5653.535119224987,3402.241943359375
forecast_6823,2025-10-12 07:00:00,4212.617664370143,4521.465413521457,2767.097412109375
forecast_6824,2025-10-12 08:00:00,3907.0954622790564,5077.71547134573,4095.558837890625
forecast_6825,2025-10-12 09:00:00,4131.025688734533,5781.40502607726,3865.698486328125
forecast_6826,2025-10-12 10:00:00,4927.957210451232,6007.8981925965545,3952.947265625
forecast_6827,2025-10-12 11:00:00,5405.393950507754,6349.236663865166,4038.828369140625
forecast_6828,2025-10-12 12:00:00,4882.122842207164,5647.757431331393,3796.829833984375
forecast_6829,2025-10-12 13:00:00,4536.131449552444,5685.019222253788,3971.921875
forecast_6830,2025-10-12 14:00:00,5282.153817945801,6444.126767744395,4335.77099609375
forecast_6831,2025-10-12 15:00:00,4601.126210756456,5831.326101389565,4212.83251953125
forecast_6832,2025-10-12 16:00:00,3828.4812189859263,4924.254139860293,3849.285888671875
forecast_6833,2025-10-12 17:00:00,4420.536100608139,5460.128105448268,3753.47265625
forecast_6834,2025-10-12 18:00:00,5389.665217491273,6482.8099274582,4784.19384765625
forecast_6835,2025-10-12 19:00:00,6683.0371481850525,7865.9856191487515,5548.009765625
forecast_6836,2025-10-12 20:00:00,7042.190604929356,8182.681691416292,5992.80322265625
forecast_6837,2025-10-12 21:00:00,6719.530166539206,7939.844926682636,6004.70556640625
forecast_6838,2025-10-12 22:00:00,4891.198530920094,5864.9740824667,4820.96728515625
forecast_6839,2025-10-12 23:00:00,3601.4705421494223,4461.909231900277,3384.315673828125
forecast_6840,2025-10-13 00:00:00,3767.3093203994963,4483.546428618991,3125.497314453125
forecast_6841,2025-10-13 01:00:00,3003.229032844617,3705.902464628709,2615.1044921875
forecast_6842,2025-10-13 02:00:00,2437.8932599439113,3140.894217298971,2318.787353515625
forecast_6843,2025-10-13 03:00:00,1808.5819724846765,2517.181198084506,1969.0968017578125
forecast_6844,2025-10-13 04:00:00,1675.0459767814511,2247.971810202647,1790.7828369140625
forecast_6845,2025-10-13 05:00:00,1726.0593822886885,2672.9482886714964,1962.0341796875
forecast_6846,2025-10-13 06:00:00,2479.532158589801,3294.9897081329605,2262.579345703125
forecast_6847,2025-10-13 07:00:00,3525.3729180240357,4402.532616907386,2827.785888671875
forecast_6848,2025-10-13 08:00:00,4457.068032024867,5660.745627721895,3732.633056640625
forecast_6849,2025-10-13 09:00:00,3386.2878349140697,4209.909666116097,2960.047119140625
forecast_6850,2025-10-13 10:00:00,3808.474922563952,4653.855475399052,3231.942626953125
forecast_6851,2025-10-13 11:00:00,3531.8382236517223,3971.328829685284,2810.434814453125
forecast_6852,2025-10-13 12:00:00,3598.9286228352457,4073.204173949655,2920.040771484375
forecast_6853,2025-10-13 13:00:00,3562.3450582797736,4209.989657615402,2999.200439453125
forecast_6854,2025-10-13 14:00:00,2987.4558874903164,3333.7943962705826,2499.321044921875
forecast_6855,2025-10-13 15:00:00,3655.397020649148,4057.2200531174963,2891.103515625
forecast_6856,2025-10-13 16:00:00,4667.9785582461245,5077.252696244382,3825.043212890625
forecast_6857,2025-10-13 17:00:00,4450.607669835479,4731.850885804175,3428.08984375
forecast_6858,2025-10-13 18:00:00,4618.653295611988,4957.458200540982,3660.8486328125
forecast_6859,2025-10-13 19:00:00,4255.1642950703845,4453.4355801882375,3173.136962890625
forecast_6860,2025-10-13 20:00:00,3860.325041306668,4405.245947273463,3494.001953125
forecast_6861,2025-10-13 21:00:00,5086.844702096827,6187.4302905448485,5141.72509765625
forecast_6862,2025-10-13 22:00:00,6375.234957668675,7183.985007633648,5963.15771484375
forecast_6863,2025-10-13 23:00:00,5059.815718339056,5652.091217535577,4422.88232421875
forecast_6864,2025-10-14 00:00:00,5181.894453292984,5786.821727711338,4680.9951171875
forecast_6865,2025-10-14 01:00:00,5791.242717193419,5968.45955675826,3846.003662109375
forecast_6866,2025-10-14 02:00:00,7430.354616205411,8749.681282047151,6195.59130859375
forecast_6867,2025-10-14 03:00:00,6773.481413423551,7052.594725711473,5084.14501953125
forecast_6868,2025-10-14 04:00:00,5995.187624331248,6593.441457558749,4199.90966796875
forecast_6869,2025-10-14 05:00:00,5820.416324169018,6712.26729338368,4169.67529296875
forecast_6870,2025-10-14 06:00:00,4956.659817606712,5881.1449816351105,3631.7265625
forecast_6871,2025-10-14 07:00:00,5644.057343142554,6876.49502949337,4047.655029296875
forecast_6872,2025-10-14 08:00:00,5241.081751446121,6475.691973363387,3978.574951171875
forecast_6873,2025-10-14 09:00:00,5668.429927772301,6972.795700124039,4234.14111328125
forecast_6874,2025-10-14 10:00:00,5005.455254919289,6697.066223953264,4264.88134765625
forecast_6875,2025-10-14 11:00:00,4650.526928336289,6047.593956832501,4027.761962890625
forecast_6876,2025-10-14 12:00:00,4154.072953392757,5124.11176897198,3320.624267578125
forecast_6877,2025-10-14 13:00:00,3562.072438922364,4564.413501707882,3001.927001953125
forecast_6878,2025-10-14 14:00:00,3936.385940184162,5125.358043713902,3386.573486328125
forecast_6879,2025-10-14 15:00:00,5081.005766195931,6087.290630561268,4352.50732421875
forecast_6880,2025-10-14 16:00:00,3050.9262042981377,3965.4107022931703,3127.6435546875
forecast_6881,2025-10-14 17:00:00,5003.352137823073,5713.669717937332,4193.26318359375
forecast_6882,2025-10-14 18:00:00,3781.763248762012,4612.582281704597,3766.071533203125
forecast_6883,2025-10-14 19:00:00,2778.5187693371035,3841.526183606652,3196.3994140625
forecast_6884,2025-10-14 20:00:00,3973.438195827364,4951.181734477001,3822.880859375
forecast_6885,2025-10-14 21:00:00,4103.0425165854895,4525.183295066069,3233.58984375
forecast_6886,2025-10-14 22:00:00,4055.1444765913943,4707.2198827988495,3397.824462890625
forecast_6887,2025-10-14 23:00:00,4272.478100597837,4961.945078428596,3629.9765625
forecast_6888,2025-10-15 00:00:00,3995.1097649607186,4359.4577817119225,3085.268310546875
forecast_6889,2025-10-15 01:00:00,3531.0785825334733,4347.024955263719,3032.150390625
forecast_6890,2025-10-15 02:00:00,3200.077971406527,3964.6991592971635,2853.787109375
forecast_6891,2025-10-15 03:00:00,3193.126409489173,4017.0017623057424,2738.030517578125
forecast_6892,2025-10-15 04:00:00,3176.530151622951,3858.3722812011383,2672.9814453125
forecast_6893,2025-10-15 05:00:00,2902.113814985626,3485.58118677222,2601.400634765625
forecast_6894,2025-10-15 06:00:00,2974.2736026487228,3642.002731127125,2538.414794921875
forecast_6895,2025-10-15 07:00:00,2895.798393823587,3559.5769976416495,2548.550048828125
forecast_6896,2025-10-15 08:00:00,2791.06348405907,3418.355764574887,2467.037841796875
forecast_6897,2025-10-15 09:00:00,2517.104825882084,3242.108439200704,2477.661865234375
forecast_6898,2025-10-15 10:00:00,2341.660003457265,2876.820330488403,2450.295654296875
forecast_6899,2025-10-15 11:00:00,2332.5970783543144,3120.5519966921493,2379.782470703125
forecast_6900,2025-10-15 12:00:00,2210.6244072655504,2789.6938821957547,2222.154296875
forecast_6901,2025-10-15 13:00:00,1808.7014416066918,2389.2786351302643,2158.0966796875
forecast_6902,2025-10-15 14:00:00,1887.4143251194082,2329.5372108964775,1996.2733154296875
forecast_6903,2025-10-15 15:00:00,1762.086615427389,2297.8619055515132,2085.770263671875
forecast_6904,2025-10-15 16:00:00,1771.8754221015824,2339.8533964842377,2229.77587890625
forecast_6905,2025-10-15 17:00:00,1672.3941561557995,2255.642200903539,2067.813232421875
forecast_6906,2025-10-15 18:00:00,1515.4986048224373,2140.981014173805,2385.979248046875
forecast_6907,2025-10-15 19:00:00,1354.8110723513134,1836.8583391438817,2186.922119140625
forecast_6908,2025-10-15 20:00:00,2165.95560164329,2760.8611827068626,2595.659912109375
forecast_6909,2025-10-15 21:00:00,2078.846255068015,2482.911557169872,2494.761962890625
forecast_6910,2025-10-15 22:00:00,3538.8361515091383,4565.580574768524,3247.476806640625
forecast_6911,2025-10-15 23:00:00,4243.616536695399,5202.672652399388,3831.08203125
forecast_6912,2025-10-16 00:00:00,4467.239029892911,5331.296086380431,3567.755126953125
forecast_6913,2025-10-16 01:00:00,2429.167599548808,2749.941353907263,2283.755126953125
forecast_6914,2025-10-16 02:00:00,2358.1333068687363,3456.455553289457,2954.156982421875
forecast_6915,2025-10-16 03:00:00,2759.024232727603,4117.151610351493,3876.116455078125
forecast_6916,2025-10-16 04:00:00,1519.1942318457523,2246.2852616268306,2716.589111328125
forecast_6917,2025-10-16 05:00:00,2724.066142724179,4584.339255877543,3369.277099609375
forecast_6918,2025-10-16 06:00:00,2267.2100746527203,3667.039048579484,2700.90185546875
forecast_6919,2025-10-16 07:00:00,4843.888594088203,6067.901769216235,3261.666259765625
forecast_6920,2025-10-16 08:00:00,5716.882824118491,6891.149577451233,4214.35009765625
forecast_6921,2025-10-16 09:00:00,5673.179898448863,6197.471205857609,3742.025634765625
forecast_6922,2025-10-16 10:00:00,4765.186257531495,5403.605610507857,3505.76953125
forecast_6923,2025-10-16 11:00:00,4183.128825546019,4606.981413017591,2943.277587890625
forecast_6924,2025-10-16 12:00:00,4181.6784981807905,4672.450067218535,3025.020263671875
forecast_6925,2025-10-16 13:00:00,5230.393845519398,6353.713633865182,4232.0966796875
forecast_6926,2025-10-16 14:00:00,5638.090454021838,6356.910775813911,4368.19921875
forecast_6927,2025-10-16 15:00:00,3711.620619870602,4300.242111724064,3133.3017578125
forecast_6928,2025-10-16 16:00:00,3208.5775739366723,3813.508417318688,2963.100830078125
forecast_6929,2025-10-16 17:00:00,3384.145279652821,3938.1169916337194,2947.060546875
forecast_6930,2025-10-16 18:00:00,3405.5040981724965,4100.078676595568,3147.262451171875
forecast_6931,2025-10-16 19:00:00,3322.2574053586677,4066.935635098778,3138.603759765625
forecast_6932,2025-10-16 20:00:00,3857.7129018999003,5139.360635263801,3815.1875
forecast_6933,2025-10-16 21:00:00,3858.0141078193465,5106.0178746499,3946.430419921875
forecast_6934,2025-10-16 22:00:00,3896.246924358491,4948.250410626778,3700.293701171875
forecast_6935,2025-10-16 23:00:00,3417.024968737015,4360.607137513749,3231.002197265625
forecast_6936,2025-10-17 00:00:00,3334.032497050538,3857.2121413612167,2752.482421875
forecast_6937,2025-10-17 01:00:00,3708.906309238072,4881.30259659205,3440.2109375
forecast_6938,2025-10-17 02:00:00,3446.708137879316,4657.81248665982,3272.335205078125
forecast_6939,2025-10-17 03:00:00,3493.3737446581627,4365.105286595768,2982.9921875
forecast_6940,2025-10-17 04:00:00,2824.7707814595483,3672.6598408810096,2538.00390625
forecast_6941,2025-10-17 05:00:00,2728.7061476869876,3543.997627997581,2465.679931640625
forecast_6942,2025-10-17 06:00:00,2615.4833839054713,3344.828035515583,2381.741943359375
forecast_6943,2025-10-17 07:00:00,2686.818622364675,3446.619257123546,2461.001953125
forecast_6944,2025-10-17 08:00:00,2194.7010534653546,2585.3694769114513,2200.515869140625
forecast_6945,2025-10-17 09:00:00,2059.1402207793203,2492.8515123460725,2283.425537109375
forecast_6946,2025-10-17 10:00:00,2014.0526716511113,2427.132938277241,2292.273193359375
forecast_6947,2025-10-17 11:00:00,1538.2837682726515,1910.2741902919884,2009.5943603515625
forecast_6948,2025-10-17 12:00:00,1255.1670084315977,1676.241578061733,1958.4000244140625
forecast_6949,2025-10-17 13:00:00,1027.2731496590366,1530.4662694776102,2030.6275634765625
forecast_6950,2025-10-17 14:00:00,1309.8100967082817,1835.654762492571,2074.820556640625
forecast_6951,2025-10-17 15:00:00,1638.7849627594592,2140.6416537720474,2312.181884765625
forecast_6952,2025-10-17 16:00:00,2089.0424217892123,2634.215758945738,2338.30810546875
forecast_6953,2025-10-17 17:00:00,2258.030119009156,2822.2283952565003,2597.975830078125
forecast_6954,2025-10-17 18:00:00,2906.2054221523504,3359.299783568017,2778.35546875
forecast_6955,2025-10-17 19:00:00,4005.0128636063687,4682.400949999754,3569.842529296875
forecast_6956,2025-10-17 20:00:00,5763.064340936644,6492.205646075243,4692.56689453125
forecast_6957,2025-10-17 21:00:00,6889.1146937829635,7276.523468531726,4882.27392578125
forecast_6958,2025-10-17 22:00:00,7021.879482298859,7212.139628519555,4718.29443359375
forecast_6959,2025-10-17 23:00:00,6092.993170931122,6423.510366439794,3941.419677734375
forecast_6960,2025-10-18 00:00:00,4281.722541671132,5996.896217485815,4131.99169921875
forecast_6961,2025-10-18 01:00:00,4099.157013150365,5744.907405897371,3660.458251953125
forecast_6962,2025-10-18 02:00:00,4693.467365869834,5843.419541328433,3735.751953125
forecast_6963,2025-10-18 03:00:00,4006.749419481509,5971.975887690747,3933.612060546875
forecast_6964,2025-10-18 04:00:00,3604.7741077229093,5738.832686130071,4071.827392578125
forecast_6965,2025-10-18 05:00:00,4208.901001956598,5363.716851960854,3978.962646484375
forecast_6966,2025-10-18 06:00:00,3358.5964481539595,4137.259332500913,3001.163330078125
forecast_6967,2025-10-18 07:00:00,3959.9569935922937,5315.044705645186,3921.182861328125
forecast_6968,2025-10-18 08:00:00,3126.8489928070594,3868.510215810033,3187.688232421875
forecast_6969,2025-10-18 09:00:00,2484.057684925469,3006.770747836657,2566.0927734375
forecast_6970,2025-10-18 10:00:00,2264.6413864081496,2852.679952354027,2550.271484375
forecast_6971,2025-10-18 11:00:00,2240.3216450503537,2399.3188230430283,2482.849609375
forecast_6972,2025-10-18 12:00:00,2297.370890453673,2453.677431929874,2151.58447265625
forecast_6973,2025-10-18 13:00:00,2621.7294788680583,2904.5439530029007,2484.232666015625
forecast_6974,2025-10-18 14:00:00,2539.881193238843,2787.7405580582517,2420.120361328125
forecast_6975,2025-10-18 15:00:00,4195.568045459218,5393.678521785192,4114.37255859375
forecast_6976,2025-10-18 16:00:00,3680.684814927252,4204.708314095054,3354.505615234375
forecast_6977,2025-10-18 17:00:00,2623.637983694547,3284.9877693161616,2803.308837890625
forecast_6978,2025-10-18 18:00:00,2311.194927986473,2850.2319210203063,2619.296142578125
forecast_6979,2025-10-18 19:00:00,1954.4768904748607,2495.8210940066783,2402.359375
forecast_6980,2025-10-18 20:00:00,2214.9592955565254,2776.0502415749424,2402.569580078125
forecast_6981,2025-10-18 21:00:00,2189.877432188945,2863.865969857026,2570.734130859375
forecast_6982,2025-10-18 22:00:00,2433.0015764921977,2926.120657138057,2509.736328125
forecast_6983,2025-10-18 23:00:00,2306.6122436723836,2812.105256341978,2404.90576171875
forecast_6984,2025-10-19 00:00:00,2076.2656100712597,2703.5454165774972,2323.682861328125
forecast_6985,2025-10-19 01:00:00,1647.8458743393492,2465.0934045721447,2287.8662109375
forecast_6986,2025-10-19 02:00:00,1765.5548572115674,2766.9806617166178,2369.993896484375
forecast_6987,2025-10-19 03:00:00,1722.0526324532084,2532.063769403596,2248.867431640625
forecast_6988,2025-10-19 04:00:00,2182.248902108886,2950.9702586909625,2240.267333984375
forecast_6989,2025-10-19 05:00:00,1659.9072677005079,2406.0518501048214,2114.748291015625
forecast_6990,2025-10-19 06:00:00,1489.6340664532559,1896.4618421941507,1957.6741943359375
forecast_6991,2025-10-19 07:00:00,1417.2608822351926,1968.8708265069995,2017.1480712890625
forecast_6992,2025-10-19 08:00:00,1390.9158425638702,2021.2315137186895,2092.5849609375
forecast_6993,2025-10-19 09:00:00,1674.31299471464,2434.5537819876413,2365.196533203125
forecast_6994,2025-10-19 10:00:00,1955.8651806194416,2757.1765293877784,2627.230712890625
forecast_6995,2025-10-19 11:00:00,1877.1546345732222,2854.6178691762934,2796.73828125
forecast_6996,2025-10-19 12:00:00,1650.0901578428393,2397.6604219750907,3399.579345703125
forecast_6997,2025-10-19 13:00:00,3175.114221762241,3395.1838530546106,4170.00634765625
forecast_6998,2025-10-19 14:00:00,4157.118564261842,4428.450472802816,3251.5693359375
forecast_6999,2025-10-19 15:00:00,4894.063623207139,4566.672051549076,3830.221923828125
forecast_7000,2025-10-19 16:00:00,6756.269777733376,6619.5030266525255,4339.67724609375
forecast_7001,2025-10-19 17:00:00,6018.64251384283,6308.046865283006,4256.60693359375
forecast_7002,2025-10-19 18:00:00,5701.933837587905,5309.944509828087,3565.275634765625
forecast_7003,2025-10-19 19:00:00,7473.688650872951,7019.714521158732,4077.454833984375
forecast_7004,2025-10-19 20:00:00,8313.152220876236,7659.086972074385,4703.03466796875
forecast_7005,2025-10-19 21:00:00,5921.908793414243,6082.912811236005,4006.930419921875
forecast_7006,2025-10-19 22:00:00,4641.55941976153,5581.322707049972,4160.29248046875
forecast_7007,2025-10-19 23:00:00,4138.21561307856,4858.98819330621,3747.126953125
forecast_7008,2025-10-20 00:00:00,3244.5669853548775,3935.6968932460463,3311.745361328125
forecast_7009,2025-10-20 01:00:00,2554.5128924825694,3215.0319261402465,3111.6728515625
forecast_7010,2025-10-20 02:00:00,2457.587094498228,3449.8678081877715,3472.308349609375
forecast_7011,2025-10-20 03:00:00,2265.8611733028747,3248.7453719342584,3596.849609375
forecast_7012,2025-10-20 04:00:00,2965.6876558809618,4205.32964786768,4211.5361328125
forecast_7013,2025-10-20 05:00:00,2842.713473273251,3804.0780248867477,3920.4931640625
forecast_7014,2025-10-20 06:00:00,2362.823019531671,2850.929297631759,3018.428955078125
forecast_7015,2025-10-20 07:00:00,2478.1595178872567,3656.2711638320725,3442.192626953125
forecast_7016,2025-10-20 08:00:00,2366.5977085443346,3339.288278387059,2893.456298828125
forecast_7017,2025-10-20 09:00:00,3225.976503868802,4020.3493678998193,3166.258544921875
forecast_7018,2025-10-20 10:00:00,2840.21281510904,3747.128504355879,2986.594482421875
forecast_7019,2025-10-20 11:00:00,2694.185306411562,3713.2751847944005,3118.587158203125
forecast_7020,2025-10-20 12:00:00,2801.789787255242,3627.079890949927,2927.47265625
forecast_7021,2025-10-20 13:00:00,2797.326924300389,3792.3110119968997,3117.824462890625
forecast_7022,2025-10-20 14:00:00,2110.4412431882465,2903.095127680904,2421.353759765625
forecast_7023,2025-10-20 15:00:00,1799.5439092346003,2260.7213132494103,2016.6634521484375
forecast_7024,2025-10-20 16:00:00,1384.6585388466342,1960.3778936077827,1961.9779052734375
forecast_7025,2025-10-20 17:00:00,1164.178855084655,1690.740349736567,1847.4139404296875
forecast_7026,2025-10-20 18:00:00,1197.2719566806657,1712.4286787346462,1943.60498046875
forecast_7027,2025-10-20 19:00:00,1185.120616713075,1781.7963598738918,2092.46875
forecast_7028,2025-10-20 20:00:00,1329.7319249778348,1936.0079366696973,2325.9169921875
forecast_7029,2025-10-20 21:00:00,1166.4305574255018,1816.795925539202,2505.406494140625
forecast_7030,2025-10-20 22:00:00,1114.8119736298333,1741.6877286089698,2534.10986328125
forecast_7031,2025-10-20 23:00:00,1245.187431609098,1839.5292962181004,2490.1591796875
forecast_7032,2025-10-21 00:00:00,1374.2880269666389,1954.2280131463185,2427.568115234375
forecast_7033,2025-10-21 01:00:00,1805.9589742199641,2626.850517866081,2406.396484375
forecast_7034,2025-10-21 02:00:00,2616.5021147867565,3938.1572055703364,3208.385498046875
forecast_7035,2025-10-21 03:00:00,3295.4749319643242,4339.8571563768255,3389.376953125
forecast_7036,2025-10-21 04:00:00,2882.61966153207,3225.7894625903004,2663.788818359375
forecast_7037,2025-10-21 05:00:00,3376.351733716363,3635.7066173132416,2583.345458984375
forecast_7038,2025-10-21 06:00:00,1857.782748580822,2278.5344735832177,1872.8509521484375
forecast_7039,2025-10-21 07:00:00,1812.842336757586,2225.54266912093,1895.81689453125
forecast_7040,2025-10-21 08:00:00,1676.4027334051361,2239.7560549559694,2249.301025390625
forecast_7041,2025-10-21 09:00:00,1333.1521393953628,1759.7979216647454,2208.849853515625
forecast_7042,2025-10-21 10:00:00,967.4390732461175,1193.82666137463,1855.6805419921875
forecast_7043,2025-10-21 11:00:00,920.6983342886391,1002.2561459762344,1834.5537109375
forecast_7044,2025-10-21 12:00:00,879.9630871215954,904.5013500554302,1839.134765625
forecast_7045,2025-10-21 13:00:00,1061.0918710288984,965.1568715576702,1912.50927734375
forecast_7046,2025-10-21 14:00:00,1365.0266988500548,1717.4261735350242,2575.0546875
forecast_7047,2025-10-21 15:00:00,1379.9530119777446,2241.0464130676637,2954.488037109375
forecast_7048,2025-10-21 16:00:00,1271.5253822661857,1995.9161626961427,2250.806396484375
forecast_7049,2025-10-21 17:00:00,1178.866039888981,2213.3559766749295,2423.135498046875
forecast_7050,2025-10-21 18:00:00,1251.9445734345259,2431.1469934697557,3016.80078125
forecast_7051,2025-10-21 19:00:00,1020.234508067197,1406.7358284565992,2384.158203125
forecast_7052,2025-10-21 20:00:00,1355.6384007493161,1517.7323280237456,2275.52392578125
forecast_7053,2025-10-21 21:00:00,1596.8788454759438,1860.8357010666157,2242.513671875
forecast_7054,2025-10-21 22:00:00,1483.4714013223065,1645.212264474791,1931.5582275390625
forecast_7055,2025-10-21 23:00:00,1777.783256000815,1714.6956059003933,1942.99072265625
forecast_7056,2025-10-22 00:00:00,2104.712612370441,1977.4792853205392,1891.6875
forecast_7057,2025-10-22 01:00:00,1014.933345460488,1879.7051804038517,2765.266845703125
forecast_7058,2025-10-22 02:00:00,1199.3859990026847,2255.413572206998,2632.463623046875
forecast_7059,2025-10-22 03:00:00,1576.134358469942,2187.0169435060757,2351.581298828125
forecast_7060,2025-10-22 04:00:00,1712.6250207015726,2382.0614138655774,2452.493408203125
forecast_7061,2025-10-22 05:00:00,1684.948245070002,2596.0005711027725,2625.701416015625
forecast_7062,2025-10-22 06:00:00,1882.74689700531,2373.12998221139,2491.678955078125
forecast_7063,2025-10-22 07:00:00,2139.779614163256,2900.6006290585533,2610.60791015625
forecast_7064,2025-10-22 08:00:00,2076.810298873494,2851.7498734089518,2616.4140625
forecast_7065,2025-10-22 09:00:00,2595.506450006669,4140.871090667981,3407.0966796875
forecast_7066,2025-10-22 10:00:00,2242.813618243532,3527.123548362511,2886.5546875
forecast_7067,2025-10-22 11:00:00,2050.9099356024585,3331.0037197286115,3112.706298828125
forecast_7068,2025-10-22 12:00:00,1922.9777317799521,2991.367288713294,2937.168701171875
forecast_7069,2025-10-22 13:00:00,2069.9416839684945,2732.5116592719255,2288.6826171875
forecast_7070,2025-10-22 14:00:00,2039.1631265595722,2745.383098796199,2422.390625
forecast_7071,2025-10-22 15:00:00,1873.1689796075245,2362.394349674084,2169.411376953125
forecast_7072,2025-10-22 16:00:00,1830.421568035405,2180.827061795234,1981.8172607421875
forecast_7073,2025-10-22 17:00:00,2205.621204483363,2323.6994831851716,2030.6763916015625
forecast_7074,2025-10-22 18:00:00,1326.8584812654651,1792.333717094785,1993.4208984375
forecast_7075,2025-10-22 19:00:00,1738.7153527857602,1950.0383182845358,2059.230224609375
forecast_7076,2025-10-22 20:00:00,1610.7774747702217,2023.4428619774233,2327.71142578125
forecast_7077,2025-10-22 21:00:00,1589.1344041044815,1958.9961808003109,2138.728515625
forecast_7078,2025-10-22 22:00:00,2645.0910277242333,2706.587112441401,2485.0517578125
forecast_7079,2025-10-22 23:00:00,2617.926552903953,2539.0616291800675,2119.7275390625
forecast_7080,2025-10-23 00:00:00,2057.5614576892167,2331.9405930130088,2151.755615234375
forecast_7081,2025-10-23 01:00:00,1214.1900063895473,1712.5951219052863,2042.54150390625
forecast_7082,2025-10-23 02:00:00,1386.2126999146244,1860.9598723081074,2063.906982421875
forecast_7083,2025-10-23 03:00:00,1149.0936098933914,1613.3185841607965,1921.93359375
forecast_7084,2025-10-23 04:00:00,1341.7142102557445,1835.8773613490719,1929.49560546875
forecast_7085,2025-10-23 05:00:00,1237.3589737146162,1823.839099675827,2013.4306640625
forecast_7086,2025-10-23 06:00:00,1111.9229607270045,1613.098267406518,1936.5072021484375
forecast_7087,2025-10-23 07:00:00,1229.2652972373257,1612.4413208576295,1896.2939453125
forecast_7088,2025-10-23 08:00:00,1125.841198586651,1694.2052377697273,2141.89990234375
forecast_7089,2025-10-23 09:00:00,1006.8109026972872,1824.2527950442316,2262.4814453125
forecast_7090,2025-10-23 10:00:00,1040.732684127801,1638.1978916260894,2180.980224609375
forecast_7091,2025-10-23 11:00:00,915.3373616640501,1593.137406729516,2236.142333984375
forecast_7092,2025-10-23 12:00:00,1042.6971962547282,1627.1792424400574,2313.727783203125
forecast_7093,2025-10-23 13:00:00,1223.4851985863916,1821.264241464709,2248.355224609375
forecast_7094,2025-10-23 14:00:00,1326.337132243143,2088.8431484097887,2557.328369140625
forecast_7095,2025-10-23 15:00:00,1479.5925543272115,2063.843114168896,2352.6416015625
forecast_7096,2025-10-23 16:00:00,1208.9319615698166,2028.83710766026,2715.671875
forecast_7097,2025-10-23 17:00:00,1202.221040530222,1830.5470857214566,2414.291259765625
forecast_7098,2025-10-23 18:00:00,999.591062290079,1675.1969759885008,2123.260009765625
forecast_7099,2025-10-23 19:00:00,1240.135599265875,1952.5791324645747,2369.623291015625
forecast_7100,2025-10-23 20:00:00,1420.960634644338,2180.638227586689,2951.197021484375
forecast_7101,2025-10-23 21:00:00,1683.9347405294461,2520.291899610995,3074.940673828125
forecast_7102,2025-10-23 22:00:00,1925.517836471652,3045.479712628487,3648.724609375
forecast_7103,2025-10-23 23:00:00,1717.2982789123246,2827.2093334374713,3589.786865234375
forecast_7104,2025-10-24 00:00:00,1397.6838459920464,1844.6230091730517,2363.330078125
forecast_7105,2025-10-24 01:00:00,1935.120397468331,2647.9251050900843,2824.291015625
forecast_7106,2025-10-24 02:00:00,1661.498377903023,2663.9015362188647,3192.100830078125
forecast_7107,2025-10-24 03:00:00,2115.2222339907344,2132.802109205645,1821.1529541015625
forecast_7108,2025-10-24 04:00:00,2551.098509322126,3232.6044879048964,2441.66259765625
forecast_7109,2025-10-24 05:00:00,2407.8167831798564,3370.412938707657,3917.913330078125
forecast_7110,2025-10-24 06:00:00,3719.8661019294896,4497.903299829942,3488.878173828125
forecast_7111,2025-10-24 07:00:00,3699.061125564431,4840.616430477186,3595.4384765625
forecast_7112,2025-10-24 08:00:00,3429.2288076708783,4592.602124297258,3541.428955078125
forecast_7113,2025-10-24 09:00:00,2186.436760491178,3141.691707853659,2561.746337890625
forecast_7114,2025-10-24 10:00:00,2821.0921198403216,3814.885946062661,2774.503173828125
forecast_7115,2025-10-24 11:00:00,3000.079500316845,3741.8178035948367,2997.7255859375
forecast_7116,2025-10-24 12:00:00,2762.656668977253,3808.5374647967174,3028.643798828125
forecast_7117,2025-10-24 13:00:00,2797.906664911581,3681.458452274408,3398.8544921875
forecast_7118,2025-10-24 14:00:00,2143.1254891715425,3211.5866618516807,3450.1630859375
forecast_7119,2025-10-24 15:00:00,2332.1129986623355,2886.880789289121,2687.358154296875
forecast_7120,2025-10-24 16:00:00,2474.9876757252396,2989.2431910691857,2621.65771484375
forecast_7121,2025-10-24 17:00:00,2214.9278264267487,2683.6722137960273,2557.935546875
forecast_7122,2025-10-24 18:00:00,2797.3215235976913,2837.9049035228873,2366.486572265625
forecast_7123,2025-10-24 19:00:00,2617.816065856412,2846.821029700969,2447.17578125
forecast_7124,2025-10-24 20:00:00,2870.99997894636,3036.47636543525,2526.005126953125
forecast_7125,2025-10-24 21:00:00,3383.1627630398775,3518.384766136747,2681.414306640625
forecast_7126,2025-10-24 22:00:00,3630.401672718159,3804.8184615699447,2943.034423828125
forecast_7127,2025-10-24 23:00:00,2551.834496976413,3131.0944412589674,2597.283935546875
forecast_7128,2025-10-25 00:00:00,1948.7928119978635,2636.573910117332,2165.241943359375
forecast_7129,2025-10-25 01:00:00,3956.8519970616035,4605.214639023875,3177.390625
forecast_7130,2025-10-25 02:00:00,3894.156078700193,4956.1337131191285,2949.548095703125
forecast_7131,2025-10-25 03:00:00,3722.6819204636267,5153.039309371952,3342.431640625
forecast_7132,2025-10-25 04:00:00,3928.8454181261086,5362.592591914823,3715.779052734375
forecast_7133,2025-10-25 05:00:00,3593.052398827146,4802.9101252663595,3307.919189453125
forecast_7134,2025-10-25 06:00:00,4584.897809164686,6140.889396610684,4279.03662109375
forecast_7135,2025-10-25 07:00:00,4866.843270719222,6224.692140587131,4090.918701171875
forecast_7136,2025-10-25 08:00:00,2850.1367194096797,4328.811947656849,3703.638916015625
forecast_7137,2025-10-25 09:00:00,2111.1466436049277,3298.017459233694,3069.169677734375
forecast_7138,2025-10-25 10:00:00,1623.0859085305738,2234.131516545198,2938.441650390625
forecast_7139,2025-10-25 11:00:00,1688.9361215114377,1896.9074375195773,3507.768310546875
forecast_7140,2025-10-25 12:00:00,1624.6864164641224,1681.3662703046625,2603.620361328125
forecast_7141,2025-10-25 13:00:00,1937.9748269195002,2191.4296856096526,2597.502685546875
forecast_7142,2025-10-25 14:00:00,854.5316869666187,894.7236770187908,1497.6055908203125
forecast_7143,2025-10-25 15:00:00,881.8205462208607,953.7896672430671,1624.9815673828125
forecast_7144,2025-10-25 16:00:00,1428.074704238278,1434.8288168628144,1810.6680908203125
forecast_7145,2025-10-25 17:00:00,1657.8981373306474,1736.615371494463,1856.8421630859375
forecast_7146,2025-10-25 18:00:00,1749.532348333451,1874.1187563614535,1956.2388916015625
forecast_7147,2025-10-25 19:00:00,2077.1214111551394,2207.8144488198245,2064.721435546875
forecast_7148,2025-10-25 20:00:00,2037.356583943616,2211.425857643733,2180.49560546875
forecast_7149,2025-10-25 21:00:00,2057.650375962725,2798.965612841423,2634.92529296875
forecast_7150,2025-10-25 22:00:00,2277.0716813328427,3115.6233764493486,2847.191650390625
forecast_7151,2025-10-25 23:00:00,2744.769554796332,3359.145595203755,2881.4970703125
forecast_7152,2025-10-26 00:00:00,3201.0970039816393,3940.8989783983193,2999.108642578125
forecast_7153,2025-10-26 01:00:00,2329.12583571169,2819.163512857167,2424.892333984375
forecast_7154,2025-10-26 02:00:00,1857.3751421971813,2858.7968847197735,2621.1708984375
forecast_7155,2025-10-26 03:00:00,2058.4489367445894,2944.6376402156648,2650.317626953125
forecast_7156,2025-10-26 04:00:00,2281.011764714405,2862.068812268375,2456.395263671875
forecast_7157,2025-10-26 05:00:00,2613.7318762224204,3466.280029554531,2640.182861328125
forecast_7158,2025-10-26 06:00:00,2347.6492976170625,3014.741972126903,2505.771728515625
forecast_7159,2025-10-26 07:00:00,2924.2349499833144,3710.751920165695,2944.246826171875
forecast_7160,2025-10-26 08:00:00,3338.830420909713,4071.6882147390597,3160.597412109375
forecast_7161,2025-10-26 09:00:00,3639.3093160566445,4448.670598934012,3477.966796875
forecast_7162,2025-10-26 10:00:00,3260.016760665265,4032.367884853422,3366.441162109375
forecast_7163,2025-10-26 11:00:00,1895.2463855860906,2784.650890529294,3066.472412109375
forecast_7164,2025-10-26 12:00:00,3655.824867541106,4104.305949207204,3974.383056640625
forecast_7165,2025-10-26 13:00:00,3025.0279043999108,3246.142883567789,3448.048828125
forecast_7166,2025-10-26 14:00:00,4243.436204165952,3844.1490827096463,3643.994873046875
forecast_7167,2025-10-26 15:00:00,4829.389254199134,4462.352634855063,4159.76220703125
forecast_7168,2025-10-26 16:00:00,4682.812323446753,4640.623386535272,4257.146484375
forecast_7169,2025-10-26 17:00:00,6626.681416177358,6768.482607520324,5439.76904296875
forecast_7170,2025-10-26 18:00:00,7679.4799757304645,7553.290922669662,5302.07861328125
forecast_7171,2025-10-26 19:00:00,8495.427561201908,8619.00566109418,5674.76171875
forecast_7172,2025-10-26 20:00:00,10247.682135659375,10457.986685937842,6823.81201171875
forecast_7173,2025-10-26 21:00:00,11201.744072640528,11600.64586501104,7950.61572265625
forecast_7174,2025-10-26 22:00:00,14262.62560482017,15101.260336158884,11593.9990234375
forecast_7175,2025-10-26 23:00:00,14772.271332658498,15805.830468830365,13508.4609375
forecast_7176,2025-10-27 00:00:00,15723.864053947735,16670.72243116059,14594.02734375
forecast_7177,2025-10-27 01:00:00,16462.48540799114,17275.399976922596,14838.8505859375
forecast_7178,2025-10-27 02:00:00,16664.437556096913,17328.748994091726,16584.607421875
forecast_7179,2025-10-27 03:00:00,17507.92897160066,17995.052375684554,15789.1611328125
forecast_7180,2025-10-27 04:00:00,18517.7386009181,18862.25907466704,16833.912109375
forecast_7181,2025-10-27 05:00:00,18216.37618172325,18422.636305908556,16432.150390625
forecast_7182,2025-10-27 06:00:00,17066.10264659108,17757.34521541897,14623.0263671875
forecast_7183,2025-10-27 07:00:00,17023.604399288834,17682.48717437843,13507.2421875
forecast_7184,2025-10-27 08:00:00,15876.365694513905,16990.903354298618,14158.3974609375
forecast_7185,2025-10-27 09:00:00,13900.349524656247,15239.236019377058,12100.1826171875
forecast_7186,2025-10-27 10:00:00,12473.1782351293,13483.34985605708,10306.7548828125
forecast_7187,2025-10-27 11:00:00,12614.07058620025,13151.03049696385,10036.4013671875
forecast_7188,2025-10-27 12:00:00,13114.11847457643,13554.403214183723,11005.640625
forecast_7189,2025-10-27 13:00:00,13042.270345531831,13891.584665070131,11349.89453125
forecast_7190,2025-10-27 14:00:00,14173.06592505426,14866.288433202766,12037.296875
forecast_7191,2025-10-27 15:00:00,14219.922514765913,14979.259453934352,12140.9970703125
forecast_7192,2025-10-27 16:00:00,14399.063394135545,15221.246716634727,12727.4443359375
forecast_7193,2025-10-27 17:00:00,15443.259189222228,16288.66733468612,14041.0126953125
forecast_7194,2025-10-27 18:00:00,14909.767686205152,15882.321216451348,13558.4931640625
forecast_7195,2025-10-27 19:00:00,14724.327754653874,15380.18967704941,12847.4345703125
forecast_7196,2025-10-27 20:00:00,14637.182247729123,15388.335902340477,13027.0419921875
forecast_7197,2025-10-27 21:00:00,14153.289044342064,14988.311955711255,12382.4765625
forecast_7198,2025-10-27 22:00:00,13701.7182277896,14392.589023158469,11635.3544921875
forecast_7199,2025-10-27 23:00:00,13229.707669576983,13827.96306702499,10541.9580078125
forecast_7200,2025-10-28 00:00:00,12685.04392317631,12910.47108878643,8507.83984375
forecast_7201,2025-10-28 01:00:00,17051.202398538095,17657.727386259998,14714.2392578125
forecast_7202,2025-10-28 02:00:00,17396.564769019285,17433.142902102234,12506.5185546875
forecast_7203,2025-10-28 03:00:00,15913.959101945991,16844.828885207608,12452.4990234375
forecast_7204,2025-10-28 04:00:00,15281.127259437159,16277.771296069102,11694.921875
forecast_7205,2025-10-28 05:00:00,13882.546751570291,15146.10608437868,10427.7421875
forecast_7206,2025-10-28 06:00:00,13038.99183961063,14271.305362124227,9262.427734375
forecast_7207,2025-10-28 07:00:00,12121.870983812727,13613.329619966054,9187.4013671875
forecast_7208,2025-10-28 08:00:00,11069.975493398179,12526.172861577059,8076.40966796875
forecast_7209,2025-10-28 09:00:00,8102.1971478094765,9396.104073744107,6468.84375
forecast_7210,2025-10-28 10:00:00,5828.064765061279,6552.020394347294,4899.22998046875
forecast_7211,2025-10-28 11:00:00,3707.3608993766643,4428.198730714552,4161.72998046875
forecast_7212,2025-10-28 12:00:00,3860.879299270732,3618.2529049770073,3838.88671875
forecast_7213,2025-10-28 13:00:00,4951.827933902343,4152.177286583537,4003.87109375
forecast_7214,2025-10-28 14:00:00,5157.945483393423,4357.398997598071,4144.85888671875
forecast_7215,2025-10-28 15:00:00,4820.779388817811,4047.860614576999,3950.488525390625
forecast_7216,2025-10-28 16:00:00,4679.492853541572,3917.370451030027,3676.418701171875
forecast_7217,2025-10-28 17:00:00,4545.99591520605,4207.207799131437,3586.3505859375
forecast_7218,2025-10-28 18:00:00,8174.083302277067,7683.190070634647,4562.6435546875
forecast_7219,2025-10-28 19:00:00,9405.83436584274,9697.014444009688,6026.50390625
forecast_7220,2025-10-28 20:00:00,9978.07820639215,10522.592333818502,6868.15576171875
forecast_7221,2025-10-28 21:00:00,10001.888462845265,10603.912258439224,7621.64306640625
forecast_7222,2025-10-28 22:00:00,8868.098104327808,9733.56259297319,6520.66552734375
forecast_7223,2025-10-28 23:00:00,8216.827165688483,9073.383012547862,5854.11962890625
forecast_7224,2025-10-29 00:00:00,7809.077938119103,8668.377915483083,5800.30029296875
forecast_7225,2025-10-29 01:00:00,5670.938839333583,6901.723359577867,4760.46630859375
forecast_7226,2025-10-29 02:00:00,5040.664316128297,6189.404665140917,4344.04052734375
forecast_7227,2025-10-29 03:00:00,5193.870139696347,5999.397108023886,4132.48828125
forecast_7228,2025-10-29 04:00:00,4665.981371826148,6006.013927404538,3733.723876953125
forecast_7229,2025-10-29 05:00:00,4164.2437011841685,5608.399670385769,3629.899169921875
forecast_7230,2025-10-29 06:00:00,3906.314308966097,4751.682181189506,3366.216064453125
forecast_7231,2025-10-29 07:00:00,3318.4341142832,3959.1630653527145,2956.941162109375
forecast_7232,2025-10-29 08:00:00,2560.4407672331854,3135.3519145142072,2557.2216796875
forecast_7233,2025-10-29 09:00:00,1611.3229586073844,2052.380599419484,2411.889892578125
forecast_7234,2025-10-29 10:00:00,833.2832759515134,923.9964306928297,1716.0159912109375
forecast_7235,2025-10-29 11:00:00,657.7277265258149,613.925322829844,1512.3609619140625
forecast_7236,2025-10-29 12:00:00,811.527572376014,793.0000056127626,1523.7314453125
forecast_7237,2025-10-29 13:00:00,960.8527853665526,1176.9349228509464,2062.989990234375
forecast_7238,2025-10-29 14:00:00,1104.9232363677518,1414.118214417631,2114.815673828125
forecast_7239,2025-10-29 15:00:00,938.6648468346759,1289.355862234333,1758.9918212890625
forecast_7240,2025-10-29 16:00:00,885.167778587023,1020.6253894084338,1541.10791015625
forecast_7241,2025-10-29 17:00:00,889.6430076041247,1170.8806318866423,1846.8814697265625
forecast_7242,2025-10-29 18:00:00,1403.9924724953753,2030.0169828483886,2384.138916015625
forecast_7243,2025-10-29 19:00:00,2912.7525186542625,3624.2755200132556,2950.914306640625
forecast_7244,2025-10-29 20:00:00,3364.7363948453876,4000.9405951802364,3526.318603515625
forecast_7245,2025-10-29 21:00:00,4818.216900582655,5696.083738852494,4476.76025390625
forecast_7246,2025-10-29 22:00:00,6083.791960376563,6849.080004107977,4953.1123046875
forecast_7247,2025-10-29 23:00:00,6611.36639373006,6873.63036303509,4890.47119140625
forecast_7248,2025-10-30 00:00:00,7536.362550343985,8084.959747601883,5635.77099609375
forecast_7249,2025-10-30 01:00:00,8481.071275031325,8819.779460845946,5771.318359375
forecast_7250,2025-10-30 02:00:00,9631.611113098577,10130.765681713568,6927.45556640625
forecast_7251,2025-10-30 03:00:00,12708.01669524124,13116.262751498427,9399.4794921875
forecast_7252,2025-10-30 04:00:00,13803.32490847283,13980.356208970217,9729.9404296875
forecast_7253,2025-10-30 05:00:00,14128.623389292216,14345.655230607632,10318.884765625
forecast_7254,2025-10-30 06:00:00,14913.25433469728,14838.169169301837,10762.7265625
forecast_7255,2025-10-30 07:00:00,12302.242222828016,12627.326083587297,8685.10546875
forecast_7256,2025-10-30 08:00:00,10208.846958321014,10596.243573233054,6308.68505859375
forecast_7257,2025-10-30 09:00:00,8350.159167876192,8507.110889818598,5208.6328125
forecast_7258,2025-10-30 10:00:00,6251.334644609789,6564.797742529561,4354.60009765625
forecast_7259,2025-10-30 11:00:00,3941.2705367023627,3898.954366041995,3006.1708984375
forecast_7260,2025-10-30 12:00:00,2176.083488587581,2140.1947602592436,2050.348876953125
forecast_7261,2025-10-30 13:00:00,1790.7277591999177,1743.9899041066105,1860.3404541015625
forecast_7262,2025-10-30 14:00:00,2016.5360060408345,1977.6960628315796,1931.5718994140625
forecast_7263,2025-10-30 15:00:00,1489.8825707824594,1459.005541490695,1727.2626953125
forecast_7264,2025-10-30 16:00:00,1666.104598704008,1718.4111362214076,1928.9620361328125
forecast_7265,2025-10-30 17:00:00,2294.2724570699065,2526.9204055146693,2466.987060546875
forecast_7266,2025-10-30 18:00:00,3259.150978628015,3500.456360957503,3004.785888671875
forecast_7267,2025-10-30 19:00:00,4181.7167146584015,4328.505069546598,3479.758544921875
forecast_7268,2025-10-30 20:00:00,4175.026699621179,4283.123267835943,3361.652099609375
forecast_7269,2025-10-30 21:00:00,3993.8506151575466,4404.508631499281,3251.559326171875
forecast_7270,2025-10-30 22:00:00,2974.147009294855,3234.5138285378293,2841.8564453125
forecast_7271,2025-10-30 23:00:00,3392.94477175984,3745.751249900253,3018.761962890625
forecast_7272,2025-10-31 00:00:00,3611.492447673595,4405.7486833580915,3247.203857421875
forecast_7273,2025-10-31 01:00:00,2712.65222946396,3346.8580473799516,2518.673095703125
forecast_7274,2025-10-31 02:00:00,1705.5643921445621,2205.618880348523,2107.6708984375
forecast_7275,2025-10-31 03:00:00,1620.2640809318325,2471.1537454931627,2225.69091796875
forecast_7276,2025-10-31 04:00:00,1923.418601979262,2326.539224046471,1925.59521484375
forecast_7277,2025-10-31 05:00:00,2092.4402740005485,2867.8412622606065,2490.1025390625
forecast_7278,2025-10-31 06:00:00,1880.2672910189501,2501.3727653576634,2549.557373046875
forecast_7279,2025-10-31 07:00:00,1452.7346919008814,2047.7034351182474,2144.348388671875
forecast_7280,2025-10-31 08:00:00,1067.5354272336924,1982.8920350657181,2471.015380859375
forecast_7281,2025-10-31 09:00:00,1259.229262593994,2391.9926474899594,2271.480712890625
forecast_7282,2025-10-31 10:00:00,1343.3518122730636,2243.2656600061614,2377.576416015625
forecast_7283,2025-10-31 11:00:00,960.1324684059206,1658.4910271789201,2284.888427734375
forecast_7284,2025-10-31 12:00:00,1059.722431942257,1606.6271266068852,2384.709228515625
forecast_7285,2025-10-31 13:00:00,840.9873555321184,1226.6005205604895,2231.954345703125
forecast_7286,2025-10-31 14:00:00,995.968684846406,1366.2311350927828,2275.887451171875
forecast_7287,2025-10-31 15:00:00,1126.9431358615836,1602.7064412008672,2136.1240234375
forecast_7288,2025-10-31 16:00:00,1491.3578618886481,2096.712799658226,2574.981689453125
forecast_7289,2025-10-31 17:00:00,1064.062667632228,1445.713245382858,1867.6834716796875
forecast_7290,2025-10-31 18:00:00,1252.653247533613,1709.264821281956,2287.958740234375
forecast_7291,2025-10-31 19:00:00,1990.5563670475167,3022.1554663726406,2935.325439453125
forecast_7292,2025-10-31 20:00:00,3743.3005194629286,4714.8561264031005,3943.449462890625
forecast_7293,2025-10-31 21:00:00,6805.262993144504,7255.225260878231,4936.67333984375
forecast_7294,2025-10-31 22:00:00,8719.366416561828,8903.621155537438,5933.76953125
forecast_7295,2025-10-31 23:00:00,9403.284743226104,9737.213854231648,5877.416015625
forecast_7296,2025-11-01 00:00:00,9868.573378103372,10552.327337717725,6540.24755859375
forecast_7297,2025-11-01 01:00:00,11646.727376472618,12919.544831536892,8518.2587890625
forecast_7298,2025-11-01 02:00:00,9941.312971536325,12074.059353969791,9083.185546875
forecast_7299,2025-11-01 03:00:00,9704.896283308342,10368.297342136666,6957.90869140625
forecast_7300,2025-11-01 04:00:00,11731.821560541253,12409.574094875847,8156.36572265625
forecast_7301,2025-11-01 05:00:00,13227.889704725792,14653.465564629272,11486.59375
forecast_7302,2025-11-01 06:00:00,13606.206523118228,14560.163715637864,11599.5732421875
forecast_7303,2025-11-01 07:00:00,13405.411854350561,14815.59622380687,12240.70703125
forecast_7304,2025-11-01 08:00:00,14093.874093420005,15237.493181636917,12481.8828125
forecast_7305,2025-11-01 09:00:00,15648.917524948714,16437.44632756893,13812.8955078125
forecast_7306,2025-11-01 10:00:00,14826.441249226269,15821.365655880385,13798.859375
forecast_7307,2025-11-01 11:00:00,14766.954684622418,15834.289908033508,13465.3935546875
forecast_7308,2025-11-01 12:00:00,14053.93714930342,15239.153410744104,12742.7421875
forecast_7309,2025-11-01 13:00:00,13803.42323314968,14992.400697149444,12510.21875
forecast_7310,2025-11-01 14:00:00,13919.639295730913,14966.255783694563,12481.5517578125
forecast_7311,2025-11-01 15:00:00,13650.647718122222,14845.717569655082,12758.140625
forecast_7312,2025-11-01 16:00:00,13479.75779567824,14524.800196852819,12456.2548828125
forecast_7313,2025-11-01 17:00:00,14487.021458118124,15346.915004566134,13046.8603515625
forecast_7314,2025-11-01 18:00:00,14735.563676411026,15735.37819932426,13809.2470703125
forecast_7315,2025-11-01 19:00:00,15101.793515536654,15568.280338875662,13128.7431640625
forecast_7316,2025-11-01 20:00:00,15933.692574150058,16722.672623601884,14762.2900390625
forecast_7317,2025-11-01 21:00:00,15720.074678636971,16564.61871019948,15001.3505859375
forecast_7318,2025-11-01 22:00:00,15357.148925160254,16077.238537332349,14686.1630859375
forecast_7319,2025-11-01 23:00:00,16377.06154580519,17381.575489365983,16328.28515625
forecast_7320,2025-11-02 00:00:00,16814.608953353705,17579.358068959322,15960.15625
forecast_7321,2025-11-02 01:00:00,17254.015728965518,18029.964164445097,16315.2158203125
forecast_7322,2025-11-02 02:00:00,16534.58029327665,17412.672809644195,15668.8779296875
forecast_7323,2025-11-02 03:00:00,16023.368209760753,17018.30222625207,15074.7646484375
forecast_7324,2025-11-02 04:00:00,16395.437538560924,17096.67336852323,15016.4384765625
forecast_7325,2025-11-02 05:00:00,16395.810642347347,17036.588590198633,14705.1474609375
forecast_7326,2025-11-02 06:00:00,17082.078155449628,17570.03125080546,15054.03515625
forecast_7327,2025-11-02 07:00:00,17788.29686101128,18253.34447768623,15671.109375
forecast_7328,2025-11-02 08:00:00,17737.378272323655,18463.908456531753,16539.203125
forecast_7329,2025-11-02 09:00:00,17442.07902272736,18176.02428355878,16190.375
forecast_7330,2025-11-02 10:00:00,17811.661767956342,18177.017931167695,16588.724609375
forecast_7331,2025-11-02 11:00:00,17336.071719435487,17690.091320541665,16021.7353515625
forecast_7332,2025-11-02 12:00:00,16356.959675016362,16827.2208816465,15198.9375
forecast_7333,2025-11-02 13:00:00,15804.488653555522,16557.17594526286,13650.2744140625
forecast_7334,2025-11-02 14:00:00,15168.82605114297,16148.568652222766,12716.8330078125
forecast_7335,2025-11-02 15:00:00,14796.894536879034,15997.929930205155,12892.0732421875
forecast_7336,2025-11-02 16:00:00,14922.377370652635,15766.986181691545,12932.8115234375
forecast_7337,2025-11-02 17:00:00,14633.22420720045,15096.223878519468,12119.74609375
forecast_7338,2025-11-02 18:00:00,14482.573927452175,14574.417285288151,11764.05859375
forecast_7339,2025-11-02 19:00:00,15140.322098979956,15793.633082022912,13822.47265625
forecast_7340,2025-11-02 20:00:00,13838.985902584054,14358.126123899867,13081.4677734375
forecast_7341,2025-11-02 21:00:00,9686.231996977254,9473.208325430554,6729.94775390625
forecast_7342,2025-11-02 22:00:00,10572.328250521548,10353.31632162349,6534.482421875
forecast_7343,2025-11-02 23:00:00,9864.50610734199,10884.168988076817,7026.296875
forecast_7344,2025-11-03 00:00:00,8354.278874079617,9729.235253378592,6526.130859375
forecast_7345,2025-11-03 01:00:00,7221.522320468711,8357.75185863674,6360.92626953125
forecast_7346,2025-11-03 02:00:00,6377.546029204041,7170.908421368946,5487.1796875
forecast_7347,2025-11-03 03:00:00,6357.216853258584,7493.39730422321,5639.76171875
forecast_7348,2025-11-03 04:00:00,6079.144560409744,6914.853183574027,4865.498046875
forecast_7349,2025-11-03 05:00:00,5543.0378363377995,6992.054031575382,5162.83642578125
forecast_7350,2025-11-03 06:00:00,4048.279684318801,4696.1608974849205,4061.9921875
forecast_7351,2025-11-03 07:00:00,2963.8186720547747,3947.98151930762,3672.288330078125
forecast_7352,2025-11-03 08:00:00,2571.823087312342,3507.643548426704,3015.393310546875
forecast_7353,2025-11-03 09:00:00,3031.1561338635775,4376.643899159464,3215.875732421875
forecast_7354,2025-11-03 10:00:00,2546.675206736529,3285.8526325017997,2771.016357421875
forecast_7355,2025-11-03 11:00:00,1484.19148483983,2077.7358831075717,2067.158935546875
forecast_7356,2025-11-03 12:00:00,1174.7248730266779,1661.1785061423748,1867.19091796875
forecast_7357,2025-11-03 13:00:00,901.642645758138,1286.9159228831365,1785.8448486328125
forecast_7358,2025-11-03 14:00:00,874.9980633681921,1219.3236190826342,1820.7843017578125
forecast_7359,2025-11-03 15:00:00,1085.0801154013043,1477.1685232710804,1972.3846435546875
forecast_7360,2025-11-03 16:00:00,1111.2226308019372,1664.651340289336,2151.951904296875
forecast_7361,2025-11-03 17:00:00,1375.0059277238954,2123.6385741102285,2460.932861328125
forecast_7362,2025-11-03 18:00:00,1541.447825776422,2355.6590532726123,2748.315673828125
forecast_7363,2025-11-03 19:00:00,1722.6957020871637,2529.7914401356416,2851.16796875
forecast_7364,2025-11-03 20:00:00,3199.9252629748835,4127.60368155606,3713.689208984375
forecast_7365,2025-11-03 21:00:00,4656.947311529773,5634.627214150856,3730.794189453125
forecast_7366,2025-11-03 22:00:00,6128.281654069542,7244.702346322031,4686.89697265625
forecast_7367,2025-11-03 23:00:00,7777.860122277712,8738.557451549445,5332.83544921875
forecast_7368,2025-11-04 00:00:00,10677.55054697219,11751.710253729012,7403.08447265625
forecast_7369,2025-11-04 01:00:00,8296.998158023383,9779.493994015065,5866.640625
forecast_7370,2025-11-04 02:00:00,9503.910588708655,11175.277446202734,7024.96826171875
forecast_7371,2025-11-04 03:00:00,9228.312456541156,10903.60562668816,6857.82421875
forecast_7372,2025-11-04 04:00:00,9592.715533291579,11265.03496574644,7076.60498046875
forecast_7373,2025-11-04 05:00:00,9307.198738279581,10752.339078512643,6153.53759765625
forecast_7374,2025-11-04 06:00:00,10165.828701789691,11837.198833085891,7244.5078125
forecast_7375,2025-11-04 07:00:00,11664.375714164538,13234.661905220939,8151.29541015625
forecast_7376,2025-11-04 08:00:00,12035.998253816957,13530.597907665515,9429.5107421875
forecast_7377,2025-11-04 09:00:00,13247.339350304203,14514.400093879725,10627.3544921875
forecast_7378,2025-11-04 10:00:00,14196.446881908812,15433.514467385146,12981.64453125
forecast_7379,2025-11-04 11:00:00,12843.144526324064,13797.504861455138,11347.65625
forecast_7380,2025-11-04 12:00:00,11455.0632651386,11877.751705286057,9352.62109375
forecast_7381,2025-11-04 13:00:00,10075.439303891533,10132.060665039093,7520.11669921875
forecast_7382,2025-11-04 14:00:00,9765.120540971573,9602.854328274798,6771.44873046875
forecast_7383,2025-11-04 15:00:00,10376.576490568972,10089.933865186544,6654.25048828125
forecast_7384,2025-11-04 16:00:00,10999.002997744363,10835.117475048566,6760.12841796875
forecast_7385,2025-11-04 17:00:00,11339.498025687624,11259.449287193747,6350.88330078125
forecast_7386,2025-11-04 18:00:00,9481.808181967748,10488.185790444999,6452.92822265625
forecast_7387,2025-11-04 19:00:00,7838.478293678163,9537.780521036768,6431.6015625
forecast_7388,2025-11-04 20:00:00,9410.739547371842,10333.595802274767,7842.57080078125
forecast_7389,2025-11-04 21:00:00,9930.067073850554,10643.640599682425,7723.533203125
forecast_7390,2025-11-04 22:00:00,9378.536334238559,10235.640769730377,6695.345703125
forecast_7391,2025-11-04 23:00:00,8154.773469898907,9105.98712030816,5950.48974609375
forecast_7392,2025-11-05 00:00:00,8145.855215903247,8891.650258280803,5656.23193359375
forecast_7393,2025-11-05 01:00:00,8482.904986596737,9281.832370874985,5803.76806640625
forecast_7394,2025-11-05 02:00:00,7103.500651084328,7779.367035544188,4675.0185546875
forecast_7395,2025-11-05 03:00:00,5009.417945234474,5951.152870392848,3576.041015625
forecast_7396,2025-11-05 04:00:00,3430.033976358102,4559.32414874281,2879.736572265625
forecast_7397,2025-11-05 05:00:00,2456.0153455938353,3225.6401627480504,2225.1474609375
forecast_7398,2025-11-05 06:00:00,1343.1315947490084,2501.1211145092993,2300.968017578125
forecast_7399,2025-11-05 07:00:00,1415.4162053907382,2443.06666885986,2712.298583984375
forecast_7400,2025-11-05 08:00:00,1171.6254734745462,1618.54178865552,1709.8001708984375
forecast_7401,2025-11-05 09:00:00,1235.8922260978952,2021.0991308182267,2280.660888671875
forecast_7402,2025-11-05 10:00:00,978.6308570680901,1915.9545693949244,2355.8896484375
forecast_7403,2025-11-05 11:00:00,981.4456371507732,1639.1746949528788,2155.013916015625
forecast_7404,2025-11-05 12:00:00,996.7581343519988,1603.0419199636945,2150.030517578125
forecast_7405,2025-11-05 13:00:00,998.4058634624905,1667.079578790571,2281.875
forecast_7406,2025-11-05 14:00:00,1026.380491184199,1557.3891364508622,1950.8626708984375
forecast_7407,2025-11-05 15:00:00,859.1479273009298,1583.1979258667886,1999.587890625
forecast_7408,2025-11-05 16:00:00,1142.8963795951254,1909.7191918225503,2275.427978515625
forecast_7409,2025-11-05 17:00:00,1193.5335933797535,2258.5262765893613,2445.4716796875
forecast_7410,2025-11-05 18:00:00,958.151436069991,1549.3779267416664,2086.87109375
forecast_7411,2025-11-05 19:00:00,998.8179385918629,1262.269393226633,1748.20751953125
forecast_7412,2025-11-05 20:00:00,866.3345924141081,1180.3875595262873,1745.71826171875
forecast_7413,2025-11-05 21:00:00,1096.3517139343958,1446.324662318116,1841.6763916015625
forecast_7414,2025-11-05 22:00:00,1516.427736160329,1866.920779783311,1860.3699951171875
forecast_7415,2025-11-05 23:00:00,2021.6463418539406,2799.836197444216,2281.102294921875
forecast_7416,2025-11-06 00:00:00,3459.160401577489,4257.062916847903,3042.096923828125
forecast_7417,2025-11-06 01:00:00,3131.4210607660934,4700.684661880169,3459.614013671875
forecast_7418,2025-11-06 02:00:00,4717.110864404084,6144.924081155078,4098.96875
forecast_7419,2025-11-06 03:00:00,6081.109954650894,7478.399657242751,4602.56201171875
forecast_7420,2025-11-06 04:00:00,7264.56482465877,8239.867343758911,4874.26953125
forecast_7421,2025-11-06 05:00:00,7245.120490171699,8203.405872000563,5008.626953125
forecast_7422,2025-11-06 06:00:00,7131.965237515168,8319.205281063607,4764.85302734375
forecast_7423,2025-11-06 07:00:00,6745.8926377281405,8058.486503264945,4943.587890625
forecast_7424,2025-11-06 08:00:00,4142.131642180266,5734.08646503489,3889.512939453125
forecast_7425,2025-11-06 09:00:00,2453.279967928961,3578.698521412043,2960.240966796875
forecast_7426,2025-11-06 10:00:00,1466.5307448793496,2218.944938219439,2449.0986328125
forecast_7427,2025-11-06 11:00:00,867.9467931390795,1409.7193731233683,2180.486083984375
forecast_7428,2025-11-06 12:00:00,797.770502218209,1141.798655913125,1955.0015869140625
forecast_7429,2025-11-06 13:00:00,818.2342877271956,1346.114619464557,2015.9952392578125
forecast_7430,2025-11-06 14:00:00,957.8382801824125,1674.3198878172873,2151.50927734375
forecast_7431,2025-11-06 15:00:00,1029.6930058177654,1869.597354885794,2273.555908203125
forecast_7432,2025-11-06 16:00:00,1243.1055113093755,2109.9669014133483,2544.7490234375
forecast_7433,2025-11-06 17:00:00,1285.4259038865737,2097.67194895974,2437.713134765625
forecast_7434,2025-11-06 18:00:00,1252.871994729436,1922.4001688051544,1999.6715087890625
forecast_7435,2025-11-06 19:00:00,1991.439051825121,2561.374906740283,2238.687744140625
forecast_7436,2025-11-06 20:00:00,2289.9538590314232,3141.4464015771923,2841.944580078125
forecast_7437,2025-11-06 21:00:00,1902.8726614651787,2767.0896536826863,2405.798095703125
forecast_7438,2025-11-06 22:00:00,1783.0755474441748,2601.9033076633254,2395.986572265625
forecast_7439,2025-11-06 23:00:00,1965.72477956876,2776.101114132185,2400.075439453125
forecast_7440,2025-11-07 00:00:00,1481.2514118445283,2668.4387464223237,2454.509033203125
forecast_7441,2025-11-07 01:00:00,1303.6372036326238,2483.794143093121,2319.62353515625
forecast_7442,2025-11-07 02:00:00,3621.2060982975127,5024.086012628929,3567.9453125
forecast_7443,2025-11-07 03:00:00,4728.408037766851,5753.199016594663,3684.994873046875
forecast_7444,2025-11-07 04:00:00,5284.5167148018145,6241.224554976885,3720.404541015625
forecast_7445,2025-11-07 05:00:00,6077.636752872993,6705.360912432389,3737.156982421875
forecast_7446,2025-11-07 06:00:00,6117.160554681359,7016.458515073937,4272.5029296875
forecast_7447,2025-11-07 07:00:00,5295.6745327597,5965.291093064227,3505.75390625
forecast_7448,2025-11-07 08:00:00,2617.6974398349557,3667.0900720372056,2774.039794921875
forecast_7449,2025-11-07 09:00:00,1661.6369197703677,2312.4351430524284,2218.124267578125
forecast_7450,2025-11-07 10:00:00,1055.2449654713328,1789.9101276501212,2118.558349609375
forecast_7451,2025-11-07 11:00:00,842.1705910465122,1403.3615259696428,1792.9886474609375
forecast_7452,2025-11-07 12:00:00,808.1355737604969,1220.158611730572,1646.3370361328125
forecast_7453,2025-11-07 13:00:00,789.5569816162964,1225.1755901544893,1550.5736083984375
forecast_7454,2025-11-07 14:00:00,1184.0622608502158,1596.807721956448,1773.4169921875
forecast_7455,2025-11-07 15:00:00,1772.5792631840895,2372.7714427097485,2388.434326171875
forecast_7456,2025-11-07 16:00:00,2190.33238884679,2678.2213788522613,2500.209716796875
forecast_7457,2025-11-07 17:00:00,2000.1115226564546,2661.4059216784667,2507.39208984375
forecast_7458,2025-11-07 18:00:00,1536.869239387524,2265.50693543965,2339.126708984375
forecast_7459,2025-11-07 19:00:00,2060.789830741069,2872.787429331401,2724.009521484375
forecast_7460,2025-11-07 20:00:00,2063.6792076077963,2733.944709973996,2604.681396484375
forecast_7461,2025-11-07 21:00:00,2643.6475739656735,3716.9536236796434,3116.793701171875
forecast_7462,2025-11-07 22:00:00,3202.8222188616187,4507.621029582201,4027.749755859375
forecast_7463,2025-11-07 23:00:00,3479.829786442508,4833.62423813125,3706.440185546875
forecast_7464,2025-11-08 00:00:00,3079.7000217689283,4069.245048435362,3491.266357421875
forecast_7465,2025-11-08 01:00:00,2488.2605426700966,3315.4632058078187,2800.614013671875
forecast_7466,2025-11-08 02:00:00,1631.0495769234726,2268.387114146082,2387.71875
forecast_7467,2025-11-08 03:00:00,1892.915830119657,3210.8761308296193,2519.933837890625
forecast_7468,2025-11-08 04:00:00,2462.450772962965,3352.048988705801,2792.39453125
forecast_7469,2025-11-08 05:00:00,2499.825255928409,3314.0527587743386,2442.45751953125
forecast_7470,2025-11-08 06:00:00,2570.4097183678336,3690.9687495654025,2606.280029296875
forecast_7471,2025-11-08 07:00:00,2807.7130290436135,3567.3616055091793,2829.985107421875
forecast_7472,2025-11-08 08:00:00,2858.5894250298907,3639.0243317559675,3001.84765625
forecast_7473,2025-11-08 09:00:00,2593.8490954063327,3814.3372747075155,3056.541015625
forecast_7474,2025-11-08 10:00:00,2060.8665099440445,2993.1449765390594,2795.325439453125
forecast_7475,2025-11-08 11:00:00,1728.2390097950542,2780.4702694955504,2629.018310546875
forecast_7476,2025-11-08 12:00:00,1695.6874042470668,2788.682829037593,2668.3837890625
forecast_7477,2025-11-08 13:00:00,2279.382212466501,3218.112244215135,3440.243896484375
forecast_7478,2025-11-08 14:00:00,2433.6563088578314,2970.771140769701,2677.012939453125
forecast_7479,2025-11-08 15:00:00,2758.15836174203,3521.062854458209,3228.840087890625
forecast_7480,2025-11-08 16:00:00,3319.1955370714363,4315.5858601923865,3351.5517578125
forecast_7481,2025-11-08 17:00:00,3708.3855194277826,4821.775173989861,3528.869873046875
forecast_7482,2025-11-08 18:00:00,3682.848945522712,4772.324080259629,3582.7431640625
forecast_7483,2025-11-08 19:00:00,3641.460690298289,5021.893350688499,3809.1103515625
forecast_7484,2025-11-08 20:00:00,3645.6595274086144,4990.351384561808,3699.2802734375
forecast_7485,2025-11-08 21:00:00,4832.600869265887,6260.308168604715,4072.68359375
forecast_7486,2025-11-08 22:00:00,6516.323345957219,7761.582826375419,4806.22802734375
forecast_7487,2025-11-08 23:00:00,10083.995112955854,11542.457197975065,7298.119140625
forecast_7488,2025-11-09 00:00:00,11213.114150122048,12347.007401387593,8035.955078125
forecast_7489,2025-11-09 01:00:00,10277.404047288017,11221.187830969295,7508.40869140625
forecast_7490,2025-11-09 02:00:00,9205.47955137231,10057.47413512981,6600.94482421875
forecast_7491,2025-11-09 03:00:00,10459.568043152696,11562.14687640554,7747.00244140625
forecast_7492,2025-11-09 04:00:00,12145.00976390189,12866.24126479688,8975.4111328125
forecast_7493,2025-11-09 05:00:00,13851.177593277716,14459.615055773902,10118.6025390625
forecast_7494,2025-11-09 06:00:00,16015.264749789623,16155.330335727822,11658.2998046875
forecast_7495,2025-11-09 07:00:00,16668.402777630556,16974.071493618285,13245.2392578125
forecast_7496,2025-11-09 08:00:00,15916.967083641828,16399.61448088212,13100.1142578125
forecast_7497,2025-11-09 09:00:00,15063.619784089857,15662.110482307216,12194.6015625
forecast_7498,2025-11-09 10:00:00,13699.638186532484,14633.344836845437,11254.5009765625
forecast_7499,2025-11-09 11:00:00,12990.451097694704,13998.701167876276,11020.5927734375
forecast_7500,2025-11-09 12:00:00,11586.682948020562,12499.410972337286,9925.3984375
forecast_7501,2025-11-09 13:00:00,11748.54617673614,12697.379854473775,10720.8759765625
forecast_7502,2025-11-09 14:00:00,12684.00527479018,13479.457508037533,11551.4248046875
forecast_7503,2025-11-09 15:00:00,13758.523731809704,14414.61081826514,12468.4013671875
forecast_7504,2025-11-09 16:00:00,14931.146847377786,15640.493689081533,13920.7939453125
forecast_7505,2025-11-09 17:00:00,15432.34269415546,16038.589939767942,13683.2900390625
forecast_7506,2025-11-09 18:00:00,15708.670041390185,16388.566175330612,14194.2490234375
forecast_7507,2025-11-09 19:00:00,16496.295342769386,17124.701279825633,15286.6640625
forecast_7508,2025-11-09 20:00:00,17677.5054635913,18121.847690346458,16342.7998046875
forecast_7509,2025-11-09 21:00:00,17691.29201071113,18135.81853894175,16869.6484375
forecast_7510,2025-11-09 22:00:00,16995.96158338581,17596.87607492864,15975.44140625
forecast_7511,2025-11-09 23:00:00,16469.251893238044,17207.19244439692,15101.6123046875
forecast_7512,2025-11-10 00:00:00,15820.78701770485,16350.743619143868,14231.8388671875
forecast_7513,2025-11-10 01:00:00,15436.660007311597,16138.924945878533,13444.6953125
forecast_7514,2025-11-10 02:00:00,14993.08880610288,15376.47688740764,12945.79296875
forecast_7515,2025-11-10 03:00:00,14586.16773439404,15073.560449739347,11731.9658203125
forecast_7516,2025-11-10 04:00:00,14155.041012415324,14753.287965971052,12256.9130859375
forecast_7517,2025-11-10 05:00:00,14518.861162513225,15284.161367222085,11947.58203125
forecast_7518,2025-11-10 06:00:00,14796.3504045694,16187.00798708683,13518.30078125
forecast_7519,2025-11-10 07:00:00,18027.68694144622,18896.084552019318,16966.439453125
forecast_7520,2025-11-10 08:00:00,17100.092776879173,17595.20589184302,15875.57421875
forecast_7521,2025-11-10 09:00:00,15617.664511091089,16242.881165568426,13339.9951171875
forecast_7522,2025-11-10 10:00:00,13819.232993060605,14558.318607946923,11151.2412109375
forecast_7523,2025-11-10 11:00:00,13071.976119359895,13837.561761593992,10220.4736328125
forecast_7524,2025-11-10 12:00:00,11399.126630888386,11933.42806982926,8258.8466796875
forecast_7525,2025-11-10 13:00:00,10210.524919791118,10381.954150913854,7138.77490234375
forecast_7526,2025-11-10 14:00:00,9224.316199072753,9018.272172630763,5733.59033203125
forecast_7527,2025-11-10 15:00:00,7772.119418064431,7166.459265207375,4640.77099609375
forecast_7528,2025-11-10 16:00:00,7183.704495794089,6667.91292055661,4280.12744140625
forecast_7529,2025-11-10 17:00:00,9914.147841470785,9478.658505324896,6063.86279296875
forecast_7530,2025-11-10 18:00:00,13538.051828732372,13173.734652624917,9117.15625
forecast_7531,2025-11-10 19:00:00,15721.604223272177,15484.126433397138,13508.4384765625
forecast_7532,2025-11-10 20:00:00,18373.13015128601,17711.452452538884,16217.7568359375
forecast_7533,2025-11-10 21:00:00,19023.54136315205,18398.592834095216,16673.681640625
forecast_7534,2025-11-10 22:00:00,20003.889427334892,19246.881620903172,17876.5390625
forecast_7535,2025-11-10 23:00:00,19864.29411085239,19321.623947176602,18206.404296875
forecast_7536,2025-11-11 00:00:00,19195.71355309932,18979.32829943079,17761.033203125
forecast_7537,2025-11-11 01:00:00,20578.543311602927,20098.825532288647,19036.3203125
forecast_7538,2025-11-11 02:00:00,20050.58842008836,19698.07869210547,18584.447265625
forecast_7539,2025-11-11 03:00:00,19961.025644886686,19451.66548417928,17669.791015625
forecast_7540,2025-11-11 04:00:00,17785.15885835726,17847.790166810977,14338.5029296875
forecast_7541,2025-11-11 05:00:00,14173.502070190982,14898.185942241014,10435.1904296875
forecast_7542,2025-11-11 06:00:00,8394.045225902433,9966.02832194687,6225.54736328125
forecast_7543,2025-11-11 07:00:00,7917.141995697097,8592.02771292246,4897.732421875
forecast_7544,2025-11-11 08:00:00,5754.719954399152,7137.519531345298,4391.59130859375
forecast_7545,2025-11-11 09:00:00,5106.2830453446995,5815.845004042203,3764.315673828125
forecast_7546,2025-11-11 10:00:00,3851.0785954529388,4146.135737263841,3111.815673828125
forecast_7547,2025-11-11 11:00:00,2119.4817834269406,2514.822129623889,2423.668701171875
forecast_7548,2025-11-11 12:00:00,1422.0812106857259,1587.7980295478396,1947.9891357421875
forecast_7549,2025-11-11 13:00:00,1374.1883412984894,1354.2145762819177,1711.6837158203125
forecast_7550,2025-11-11 14:00:00,1312.208592285799,1320.9829634802018,1771.9061279296875
forecast_7551,2025-11-11 15:00:00,1387.956754521812,1351.2299246884672,1735.1680908203125
forecast_7552,2025-11-11 16:00:00,1206.7672588358796,1141.3652835936716,1454.66455078125
forecast_7553,2025-11-11 17:00:00,1456.4312141246107,1574.120954140061,1634.0552978515625
forecast_7554,2025-11-11 18:00:00,1624.776958124033,2295.426889616558,2581.106689453125
forecast_7555,2025-11-11 19:00:00,1089.9723753958428,1582.0986015964686,2032.7037353515625
forecast_7556,2025-11-11 20:00:00,1209.037085181351,1997.710297154662,2575.93212890625
forecast_7557,2025-11-11 21:00:00,1387.053324636146,2151.718301482202,2621.5966796875
forecast_7558,2025-11-11 22:00:00,1476.1854064539025,2329.5994292341857,2624.357666015625
forecast_7559,2025-11-11 23:00:00,1829.2601480623355,2492.9091821803027,2613.78173828125
forecast_7560,2025-11-12 00:00:00,1942.5642021409155,2618.9327938530478,2623.277099609375
forecast_7561,2025-11-12 01:00:00,2034.0640306015544,2759.5378792854453,2503.617431640625
forecast_7562,2025-11-12 02:00:00,2559.1539145837764,3412.8538160149174,2947.715087890625
forecast_7563,2025-11-12 03:00:00,3032.564304081632,4155.870771217033,3225.8212890625
forecast_7564,2025-11-12 04:00:00,4334.870677471985,5294.1126919264425,3588.379150390625
forecast_7565,2025-11-12 05:00:00,4437.728499928699,5153.128870880586,3689.55859375
forecast_7566,2025-11-12 06:00:00,4821.290955221642,5972.132917351586,4138.24853515625
forecast_7567,2025-11-12 07:00:00,5687.657180229219,6876.6470622636425,4586.24365234375
forecast_7568,2025-11-12 08:00:00,6123.385908852961,7359.016382158934,4945.61279296875
forecast_7569,2025-11-12 09:00:00,4715.024541956399,5956.645491750785,4170.68017578125
forecast_7570,2025-11-12 10:00:00,4063.5033070925583,5113.425056867931,3762.579833984375
forecast_7571,2025-11-12 11:00:00,4135.319446982026,5008.174713101063,4069.13671875
forecast_7572,2025-11-12 12:00:00,4918.198841274778,4933.884198134858,3538.0029296875
forecast_7573,2025-11-12 13:00:00,5281.9515547057445,5216.481963819942,3620.211669921875
forecast_7574,2025-11-12 14:00:00,5700.122856490326,5233.482365345869,3482.309814453125
forecast_7575,2025-11-12 15:00:00,6197.424217124473,5670.250404517964,3633.251708984375
forecast_7576,2025-11-12 16:00:00,6354.7992360905655,5871.445448103632,3722.773193359375
forecast_7577,2025-11-12 17:00:00,10886.011817805662,10809.374183487169,6207.93408203125
forecast_7578,2025-11-12 18:00:00,13452.315642673324,13430.32093352475,9204.9375
forecast_7579,2025-11-12 19:00:00,15640.292772838964,15541.820699933767,12247.7529296875
forecast_7580,2025-11-12 20:00:00,17181.790817422916,16766.711732862357,13599.5830078125
forecast_7581,2025-11-12 21:00:00,18205.819114765476,17739.57033358378,14871.7841796875
forecast_7582,2025-11-12 22:00:00,18995.114641159227,18495.88665504631,16368.5341796875
forecast_7583,2025-11-12 23:00:00,19786.363807637223,19238.961899883197,17047.7421875
forecast_7584,2025-11-13 00:00:00,19882.60630088106,19601.75268345634,18581.048828125
forecast_7585,2025-11-13 01:00:00,20700.59400013427,20132.204294283627,19083.3359375
forecast_7586,2025-11-13 02:00:00,20059.62706466751,19811.19144812821,19078.111328125
forecast_7587,2025-11-13 03:00:00,20211.850265399575,19937.66279330004,18651.771484375
forecast_7588,2025-11-13 04:00:00,19627.30640871021,19562.308453225487,17934.779296875
forecast_7589,2025-11-13 05:00:00,19362.851452512215,19262.575536756594,16935.693359375
forecast_7590,2025-11-13 06:00:00,19404.799694813406,19314.276015476396,17061.486328125
forecast_7591,2025-11-13 07:00:00,18639.930195421643,18835.63947385007,16693.47265625
forecast_7592,2025-11-13 08:00:00,17530.365485958275,17981.822385456984,15121.0625
forecast_7593,2025-11-13 09:00:00,15292.304572480685,16144.93675029977,12216.40625
forecast_7594,2025-11-13 10:00:00,13286.160518058528,14833.702501663225,11686.8466796875
forecast_7595,2025-11-13 11:00:00,11903.912319262101,13337.13456586483,9967.3662109375
forecast_7596,2025-11-13 12:00:00,7833.500199167681,8959.335031496748,7300.98046875
forecast_7597,2025-11-13 13:00:00,3918.967484557702,3956.673242534751,3713.122802734375
forecast_7598,2025-11-13 14:00:00,3001.5860552723316,2832.068611098048,2915.976806640625
forecast_7599,2025-11-13 15:00:00,2950.7283181682096,2835.8628776338974,2908.067138671875
forecast_7600,2025-11-13 16:00:00,3983.9930993179914,3938.3283575926935,3303.59765625
forecast_7601,2025-11-13 17:00:00,5483.429755775069,6271.694111206507,5406.33544921875
forecast_7602,2025-11-13 18:00:00,3606.2290845570433,3643.2917913375986,2663.881103515625
forecast_7603,2025-11-13 19:00:00,3988.484211139371,4728.889139458569,3795.348876953125
forecast_7604,2025-11-13 20:00:00,4943.440760553254,5743.224820790276,4499.06298828125
forecast_7605,2025-11-13 21:00:00,6228.796611533303,7010.498819170431,5088.42578125
forecast_7606,2025-11-13 22:00:00,6470.764901150637,7402.131026566731,5195.84912109375
forecast_7607,2025-11-13 23:00:00,7106.564665091188,8247.887574221259,5463.23193359375
forecast_7608,2025-11-14 00:00:00,6887.0875678047005,8287.222388662369,5734.84521484375
forecast_7609,2025-11-14 01:00:00,4381.890183216674,5619.6574322253055,3919.0673828125
forecast_7610,2025-11-14 02:00:00,5217.0292868284105,6185.650122639108,4040.218505859375
forecast_7611,2025-11-14 03:00:00,4749.5140282944885,6315.140572990153,4228.0068359375
forecast_7612,2025-11-14 04:00:00,5255.729505491578,6719.772982948744,4341.08642578125
forecast_7613,2025-11-14 05:00:00,5994.0622408484,7280.569099274219,4521.02197265625
forecast_7614,2025-11-14 06:00:00,6464.129322453882,7686.278905281875,4690.2119140625
forecast_7615,2025-11-14 07:00:00,6857.147273159853,8030.286919888249,5015.34228515625
forecast_7616,2025-11-14 08:00:00,5805.768494917398,7190.5234929670505,4571.02880859375
forecast_7617,2025-11-14 09:00:00,4418.78011010239,5381.284874341398,3806.4912109375
forecast_7618,2025-11-14 10:00:00,4562.257113413707,4991.696307629548,3629.230712890625
forecast_7619,2025-11-14 11:00:00,4062.0718898157347,4361.646255604883,3386.374267578125
forecast_7620,2025-11-14 12:00:00,3448.2464154042877,3733.3843599826346,3031.8642578125
forecast_7621,2025-11-14 13:00:00,4279.637468158438,4231.228970944285,3201.0
forecast_7622,2025-11-14 14:00:00,5852.864908812766,5142.454171274671,3393.724609375
forecast_7623,2025-11-14 15:00:00,6867.909452679607,5932.960485945652,3612.602294921875
forecast_7624,2025-11-14 16:00:00,6960.591404003564,6561.1568363985225,4066.225341796875
forecast_7625,2025-11-14 17:00:00,8721.413216706867,9060.650178677102,5243.59326171875
forecast_7626,2025-11-14 18:00:00,10029.024839380003,9979.149482134097,6449.501953125
forecast_7627,2025-11-14 19:00:00,10976.844640058978,10658.141370316458,6622.66015625
forecast_7628,2025-11-14 20:00:00,12366.924600184915,12135.810719820161,8137.603515625
forecast_7629,2025-11-14 21:00:00,11795.438115189481,11771.042238899587,7920.19482421875
forecast_7630,2025-11-14 22:00:00,10834.567877468107,11428.133470030996,7725.90478515625
forecast_7631,2025-11-14 23:00:00,10401.671050380413,10897.039717077336,7497.736328125
forecast_7632,2025-11-15 00:00:00,9270.884933272439,10048.784586528667,6425.359375
forecast_7633,2025-11-15 01:00:00,8560.686618235704,8906.92372867583,5632.16845703125
forecast_7634,2025-11-15 02:00:00,7058.622586536504,7742.969805547424,4714.1640625
forecast_7635,2025-11-15 03:00:00,6803.143290476617,7897.137167764216,4752.52001953125
forecast_7636,2025-11-15 04:00:00,7707.582565678756,8861.497733415908,5033.8125
forecast_7637,2025-11-15 05:00:00,6346.655627429116,7583.407667589305,4324.94384765625
forecast_7638,2025-11-15 06:00:00,5977.980448577218,7095.718604710175,4244.9365234375
forecast_7639,2025-11-15 07:00:00,6660.835332087571,7577.365648672949,4450.82470703125
forecast_7640,2025-11-15 08:00:00,4728.192879266004,6011.526858017716,3611.056396484375
forecast_7641,2025-11-15 09:00:00,3270.6174212686874,4063.1643689430894,2859.791748046875
forecast_7642,2025-11-15 10:00:00,2308.6271924942935,2778.247665567627,2520.390869140625
forecast_7643,2025-11-15 11:00:00,2119.640931636514,2555.5056024342052,2666.188232421875
forecast_7644,2025-11-15 12:00:00,1720.6495783684982,2159.153013936684,2423.767822265625
forecast_7645,2025-11-15 13:00:00,1246.4776395190445,1493.767524501568,2021.841796875
forecast_7646,2025-11-15 14:00:00,1241.5026647466357,1335.307943292107,1793.7222900390625
forecast_7647,2025-11-15 15:00:00,1852.2244490843216,1694.8382823548707,1655.9901123046875
forecast_7648,2025-11-15 16:00:00,2381.053143218474,2160.6502874743387,1842.37744140625
forecast_7649,2025-11-15 17:00:00,4120.057073026774,4374.763282099977,2974.281005859375
forecast_7650,2025-11-15 18:00:00,6083.723212759254,6686.787396018146,4632.26904296875
forecast_7651,2025-11-15 19:00:00,8488.59883614154,9023.985019503663,6157.90673828125
forecast_7652,2025-11-15 20:00:00,10563.542024823259,11099.834847134345,7491.57275390625
forecast_7653,2025-11-15 21:00:00,11117.91628977954,11655.765318494672,7517.36083984375
forecast_7654,2025-11-15 22:00:00,10662.183901642147,11279.94308811778,7280.67041015625
forecast_7655,2025-11-15 23:00:00,9823.794846629267,10769.505458392963,7197.9921875
forecast_7656,2025-11-16 00:00:00,9542.369523045101,10656.18472811559,6994.50927734375
forecast_7657,2025-11-16 01:00:00,11915.040245572218,12543.487719461626,8346.5234375
forecast_7658,2025-11-16 02:00:00,10966.024233860966,11593.842354736937,7695.576171875
forecast_7659,2025-11-16 03:00:00,11592.127625035777,12273.62697319802,8132.38134765625
forecast_7660,2025-11-16 04:00:00,12038.717741478438,12619.010674246343,8050.92041015625
forecast_7661,2025-11-16 05:00:00,12598.47887138402,13461.613484425565,9142.1396484375
forecast_7662,2025-11-16 06:00:00,13128.359958346906,14083.573777316731,9759.5673828125
forecast_7663,2025-11-16 07:00:00,13467.25555966093,14478.062530522959,10368.7373046875
forecast_7664,2025-11-16 08:00:00,13159.297132651363,14326.362590421515,10500.2333984375
forecast_7665,2025-11-16 09:00:00,12053.096652811922,13633.232736789563,9547.3408203125
forecast_7666,2025-11-16 10:00:00,11809.8656349216,13353.794602064088,9658.1474609375
forecast_7667,2025-11-16 11:00:00,11646.216857653711,13637.524106426747,11027.6611328125
forecast_7668,2025-11-16 12:00:00,12883.097783881061,14446.952359279529,11745.59375
forecast_7669,2025-11-16 13:00:00,12946.82744375117,13601.637955691862,9956.453125
forecast_7670,2025-11-16 14:00:00,13054.938493354844,14020.24645489479,10419.703125
forecast_7671,2025-11-16 15:00:00,14016.217065074205,15152.111445671993,11987.7138671875
forecast_7672,2025-11-16 16:00:00,15682.319752223917,16421.030589943854,13374.2373046875
forecast_7673,2025-11-16 17:00:00,16626.49769223234,17507.629406901706,15231.0205078125
forecast_7674,2025-11-16 18:00:00,18806.69429518837,19212.62290926629,18176.3125
forecast_7675,2025-11-16 19:00:00,19662.137059020184,19820.72180479859,18989.59375
forecast_7676,2025-11-16 20:00:00,19761.23235635116,19958.044451233192,19344.298828125
forecast_7677,2025-11-16 21:00:00,19709.837651764414,19919.565290134713,18914.1484375
forecast_7678,2025-11-16 22:00:00,19747.12643653823,20047.05032739195,18998.53125
forecast_7679,2025-11-16 23:00:00,19200.574289406715,19630.880646565667,18527.224609375
forecast_7680,2025-11-17 00:00:00,18988.406178741632,19331.722333861948,17867.060546875
forecast_7681,2025-11-17 01:00:00,18895.23199011576,19391.305857778883,17895.267578125
forecast_7682,2025-11-17 02:00:00,19211.898881053166,19442.434146737534,17918.078125
forecast_7683,2025-11-17 03:00:00,19693.635153168172,19816.995169638867,18623.609375
forecast_7684,2025-11-17 04:00:00,19622.852083247984,19667.844881903067,18409.556640625
forecast_7685,2025-11-17 05:00:00,20026.45288464106,20104.134787014493,18997.447265625
forecast_7686,2025-11-17 06:00:00,20170.817694266647,20218.516273615067,19367.416015625
forecast_7687,2025-11-17 07:00:00,19946.7321732326,20095.38997231369,19601.302734375
forecast_7688,2025-11-17 08:00:00,19550.81245408461,19860.618335984647,19185.1171875
forecast_7689,2025-11-17 09:00:00,19013.752749511004,19516.564080406642,18367.548828125
forecast_7690,2025-11-17 10:00:00,16718.194495111886,17889.16251932232,15755.4169921875
forecast_7691,2025-11-17 11:00:00,16001.01449339624,17112.674808666383,14812.5986328125
forecast_7692,2025-11-17 12:00:00,15451.730668075257,16453.187816199847,14035.63671875
forecast_7693,2025-11-17 13:00:00,14914.03867737209,15885.717851643592,12837.5341796875
forecast_7694,2025-11-17 14:00:00,15105.023244624072,16043.174884941818,12895.9814453125
forecast_7695,2025-11-17 15:00:00,14923.112884334278,15952.372086770509,13277.8046875
forecast_7696,2025-11-17 16:00:00,15007.85244465545,16031.278470143396,13450.8935546875
forecast_7697,2025-11-17 17:00:00,16078.656455972581,17043.303144387082,14687.1455078125
forecast_7698,2025-11-17 18:00:00,15397.990888629012,16730.08037593805,14140.8095703125
forecast_7699,2025-11-17 19:00:00,15273.901415767508,16570.909753708343,14007.0068359375
forecast_7700,2025-11-17 20:00:00,16967.299569257666,17670.489248882604,15487.140625
forecast_7701,2025-11-17 21:00:00,17930.37481240579,18436.221696760902,16577.736328125
forecast_7702,2025-11-17 22:00:00,18107.64006839342,18587.0182040267,17078.248046875
forecast_7703,2025-11-17 23:00:00,18733.077903318735,19077.72502501753,17612.53125
forecast_7704,2025-11-18 00:00:00,18714.626572922738,19054.80519758318,17523.560546875
forecast_7705,2025-11-18 01:00:00,18411.656584600616,18946.176376128682,16862.931640625
forecast_7706,2025-11-18 02:00:00,18321.95017667403,18869.625323166365,16564.4140625
forecast_7707,2025-11-18 03:00:00,19007.803242472804,19246.365721815713,16835.693359375
forecast_7708,2025-11-18 04:00:00,18833.461688439158,19286.69561921352,17736.501953125
forecast_7709,2025-11-18 05:00:00,19010.59782963097,19432.13759519288,17922.654296875
forecast_7710,2025-11-18 06:00:00,19358.122574649242,19655.637568428676,18014.076171875
forecast_7711,2025-11-18 07:00:00,19245.338932534432,19580.516071729195,17926.666015625
forecast_7712,2025-11-18 08:00:00,17587.878109438236,18556.56405695568,17140.59375
forecast_7713,2025-11-18 09:00:00,16007.075260610902,17304.798676671504,14911.6259765625
forecast_7714,2025-11-18 10:00:00,13431.88423945474,14665.157494891759,11789.0
forecast_7715,2025-11-18 11:00:00,13573.80230146643,14405.661653374074,11513.70703125
forecast_7716,2025-11-18 12:00:00,13027.78574356936,13650.138472329236,10544.6103515625
forecast_7717,2025-11-18 13:00:00,13097.570141336313,13381.823525138534,9908.4990234375
forecast_7718,2025-11-18 14:00:00,12842.123999129513,12698.395816873192,9654.9638671875
forecast_7719,2025-11-18 15:00:00,12004.21866650954,11610.047534500562,9210.421875
forecast_7720,2025-11-18 16:00:00,9920.952959239694,9604.04407511984,7972.31103515625
forecast_7721,2025-11-18 17:00:00,8774.27754469273,8834.65344661628,7528.65771484375
forecast_7722,2025-11-18 18:00:00,7955.712063510425,8205.907238411784,6631.57763671875
forecast_7723,2025-11-18 19:00:00,7480.853056744012,7435.350069270804,5772.29296875
forecast_7724,2025-11-18 20:00:00,7393.719071374704,7506.166021368916,5759.02294921875
forecast_7725,2025-11-18 21:00:00,7404.7111383549845,8127.516839817907,6009.08544921875
forecast_7726,2025-11-18 22:00:00,7243.971676772243,7645.773882518039,5650.37451171875
forecast_7727,2025-11-18 23:00:00,6750.417648145187,7799.687845912025,5819.1328125
forecast_7728,2025-11-19 00:00:00,6577.88037507264,7575.765884215207,5521.71435546875
forecast_7729,2025-11-19 01:00:00,10445.471730340161,11600.185940938329,7701.04541015625
forecast_7730,2025-11-19 02:00:00,9859.88877969866,10845.06907110253,7108.404296875
forecast_7731,2025-11-19 03:00:00,8370.341057869282,9838.411974122597,5921.60791015625
forecast_7732,2025-11-19 04:00:00,7503.821759784291,8510.485207089456,5105.48095703125
forecast_7733,2025-11-19 05:00:00,6163.888756085398,7281.913929734145,4327.103515625
forecast_7734,2025-11-19 06:00:00,5948.159891923922,6728.249441085279,3962.866455078125
forecast_7735,2025-11-19 07:00:00,4838.3482470824765,5712.714471561896,3683.6552734375
forecast_7736,2025-11-19 08:00:00,3606.0907489862702,4984.853617559105,3647.107666015625
forecast_7737,2025-11-19 09:00:00,2912.6363615027076,3506.5887639688654,2979.323486328125
forecast_7738,2025-11-19 10:00:00,1929.8454033252651,2504.2324029117226,2608.43017578125
forecast_7739,2025-11-19 11:00:00,1483.2243695881855,1808.6733248133758,2220.495849609375
forecast_7740,2025-11-19 12:00:00,1031.5014553714018,1274.3291337352462,1957.484375
forecast_7741,2025-11-19 13:00:00,1237.8571085586696,1245.4713304437118,1750.4176025390625
forecast_7742,2025-11-19 14:00:00,1300.1506237568367,1261.2202497027984,1751.369140625
forecast_7743,2025-11-19 15:00:00,2102.6055709910434,1960.3721795888787,2111.22021484375
forecast_7744,2025-11-19 16:00:00,3120.2467151697956,2994.229175501644,2552.0478515625
forecast_7745,2025-11-19 17:00:00,5275.133149884895,5119.289822238963,3681.736328125
forecast_7746,2025-11-19 18:00:00,8112.305905381048,8057.189250022027,5948.04638671875
forecast_7747,2025-11-19 19:00:00,10545.677258182888,10389.908889078877,7619.310546875
forecast_7748,2025-11-19 20:00:00,13357.410653376197,12930.647176735052,9781.6884765625
forecast_7749,2025-11-19 21:00:00,16053.862304186101,15344.289168265821,12069.5517578125
forecast_7750,2025-11-19 22:00:00,18259.777200811972,17420.245793356247,15005.3388671875
forecast_7751,2025-11-19 23:00:00,19463.99545215628,18769.241829596765,17081.439453125
forecast_7752,2025-11-20 00:00:00,20102.726411895288,19497.5451781272,18012.951171875
forecast_7753,2025-11-20 01:00:00,20543.943479415815,20060.4323699203,19417.09375
forecast_7754,2025-11-20 02:00:00,21172.493082815847,20596.55192785032,19495.369140625
forecast_7755,2025-11-20 03:00:00,21238.360843735696,20750.531875221488,19552.767578125
forecast_7756,2025-11-20 04:00:00,20801.037901886433,20484.131450627516,19233.779296875
forecast_7757,2025-11-20 05:00:00,20089.643113082784,20005.517676509466,18423.03515625
forecast_7758,2025-11-20 06:00:00,20552.211725528377,20197.22375519885,18516.041015625
forecast_7759,2025-11-20 07:00:00,20507.59008692101,20236.89997502779,18661.697265625
forecast_7760,2025-11-20 08:00:00,19110.248334538668,19509.787054349843,18105.072265625
forecast_7761,2025-11-20 09:00:00,18644.104351540955,19241.494950279302,17326.892578125
forecast_7762,2025-11-20 10:00:00,17585.902407490787,18664.213577674607,17072.451171875
forecast_7763,2025-11-20 11:00:00,17426.790656520912,18545.54319001615,16415.974609375
forecast_7764,2025-11-20 12:00:00,17679.062594422656,18685.103121481417,17218.462890625
forecast_7765,2025-11-20 13:00:00,17966.840038654183,18800.32276397013,17210.3828125
forecast_7766,2025-11-20 14:00:00,18398.877448812185,19157.470150941524,17629.947265625
forecast_7767,2025-11-20 15:00:00,17764.211000408293,18659.13546281263,17400.416015625
forecast_7768,2025-11-20 16:00:00,18596.073730375545,18932.40446830054,17745.142578125
forecast_7769,2025-11-20 17:00:00,19382.8912634394,19375.14625088703,18237.751953125
forecast_7770,2025-11-20 18:00:00,19611.121338653596,19737.92837799393,18348.244140625
forecast_7771,2025-11-20 19:00:00,19213.998315674107,19435.49733864203,18063.5703125
forecast_7772,2025-11-20 20:00:00,19534.098135133863,19518.161931629864,18536.3359375
forecast_7773,2025-11-20 21:00:00,19401.541484959595,19470.207807128154,18273.0625
forecast_7774,2025-11-20 22:00:00,19006.376702892663,19337.646779829134,18096.20703125
forecast_7775,2025-11-20 23:00:00,19363.851979016294,19642.853438704227,18641.841796875
forecast_7776,2025-11-21 00:00:00,19387.544248552593,19686.922566021763,18540.537109375
forecast_7777,2025-11-21 01:00:00,19012.954909383283,19457.48623459891,18213.951171875
forecast_7778,2025-11-21 02:00:00,18534.76294473279,19153.007741702284,16784.3828125
forecast_7779,2025-11-21 03:00:00,18708.136688956198,19213.748181236377,17216.212890625
forecast_7780,2025-11-21 04:00:00,18262.342533406205,18943.292571327638,17002.583984375
forecast_7781,2025-11-21 05:00:00,19102.82069082503,19456.467721621684,18000.318359375
forecast_7782,2025-11-21 06:00:00,20059.64827712954,20035.92376261542,18360.888671875
forecast_7783,2025-11-21 07:00:00,19934.244049437242,19986.461190541253,18352.416015625
forecast_7784,2025-11-21 08:00:00,19835.68094277673,19895.95597463689,18076.6875
forecast_7785,2025-11-21 09:00:00,17901.766410505814,18610.33205786657,17213.052734375
forecast_7786,2025-11-21 10:00:00,16777.103839938667,17977.55157753615,16927.359375
forecast_7787,2025-11-21 11:00:00,15850.901082992525,17291.82640052949,15296.95703125
forecast_7788,2025-11-21 12:00:00,16306.888109542182,17584.025509086754,16140.21484375
forecast_7789,2025-11-21 13:00:00,16065.106995464186,17217.566654805618,15319.6826171875
forecast_7790,2025-11-21 14:00:00,15951.609540172067,17165.65164318044,14485.3173828125
forecast_7791,2025-11-21 15:00:00,16214.526433073608,17367.176364472707,14380.6357421875
forecast_7792,2025-11-21 16:00:00,16304.819737573029,17351.799152243813,14394.2978515625
forecast_7793,2025-11-21 17:00:00,16328.430126826588,17529.67372497245,15694.9169921875
forecast_7794,2025-11-21 18:00:00,17241.26620865197,18164.496247270723,16402.470703125
forecast_7795,2025-11-21 19:00:00,16932.57223897955,17809.23857611895,15846.4287109375
forecast_7796,2025-11-21 20:00:00,16912.874966484247,17787.75626445074,15643.28515625
forecast_7797,2025-11-21 21:00:00,17133.63031758616,17745.42871002112,15964.9873046875
forecast_7798,2025-11-21 22:00:00,17575.311810738785,18243.826323093308,16395.857421875
forecast_7799,2025-11-21 23:00:00,17649.83906565485,18354.825520513295,16140.9462890625
forecast_7800,2025-11-22 00:00:00,18093.785154494617,18446.94806149513,16069.41015625
forecast_7801,2025-11-22 01:00:00,18056.22838520968,18598.95471731666,16280.7685546875
forecast_7802,2025-11-22 02:00:00,18188.56496938655,18620.406558765237,15912.8662109375
forecast_7803,2025-11-22 03:00:00,18065.63975187429,18528.006075948557,15450.2138671875
forecast_7804,2025-11-22 04:00:00,18432.729930960057,18768.086866628237,15942.4189453125
forecast_7805,2025-11-22 05:00:00,18996.36097771339,19053.432501808216,16257.0263671875
forecast_7806,2025-11-22 06:00:00,19394.62963589334,19275.665988299752,16792.939453125
forecast_7807,2025-11-22 07:00:00,19747.61207052558,19450.34310041539,17183.001953125
forecast_7808,2025-11-22 08:00:00,18903.841734651814,18769.565687712733,15608.0712890625
forecast_7809,2025-11-22 09:00:00,16705.064453341365,17058.257142123206,13052.0205078125
forecast_7810,2025-11-22 10:00:00,14646.681504285945,15453.126403077342,12163.3505859375
forecast_7811,2025-11-22 11:00:00,13648.600123438328,14316.360930022976,10520.8125
forecast_7812,2025-11-22 12:00:00,13436.711953195672,13951.756879126184,10037.7158203125
forecast_7813,2025-11-22 13:00:00,13502.172008773037,14138.518744711304,11157.0908203125
forecast_7814,2025-11-22 14:00:00,13715.541036082077,14245.094699394958,10973.2763671875
forecast_7815,2025-11-22 15:00:00,13873.799113376874,14398.677044406732,11241.7158203125
forecast_7816,2025-11-22 16:00:00,15148.302585887923,15419.969451067562,12086.5859375
forecast_7817,2025-11-22 17:00:00,16980.26618622592,17020.025569913014,14057.8212890625
forecast_7818,2025-11-22 18:00:00,18272.634551300413,18099.66061489657,16468.849609375
forecast_7819,2025-11-22 19:00:00,19036.741228488725,18544.487134657335,17087.517578125
forecast_7820,2025-11-22 20:00:00,19284.82063736771,18700.02878457418,16768.634765625
forecast_7821,2025-11-22 21:00:00,19669.86336961486,19024.432449067688,17227.751953125
forecast_7822,2025-11-22 22:00:00,19627.19759318544,18885.755037199255,17711.447265625
forecast_7823,2025-11-22 23:00:00,20081.13926131325,19414.98413849163,18253.302734375
forecast_7824,2025-11-23 00:00:00,20151.21118035714,19819.858045690402,18768.91796875
forecast_7825,2025-11-23 01:00:00,20733.66777976264,20157.98215620147,19072.787109375
forecast_7826,2025-11-23 02:00:00,20713.366235577,20263.60038711567,19163.861328125
forecast_7827,2025-11-23 03:00:00,20736.688709062048,20317.549518385364,19191.642578125
forecast_7828,2025-11-23 04:00:00,20947.627735226437,20444.822653728355,18867.103515625
forecast_7829,2025-11-23 05:00:00,20751.6187573138,20238.122507506545,18486.08203125
forecast_7830,2025-11-23 06:00:00,20409.321523622166,19997.87216303097,18659.4296875
forecast_7831,2025-11-23 07:00:00,20507.850528579773,19983.65952633499,18797.294921875
forecast_7832,2025-11-23 08:00:00,20170.42330775189,19667.86385531948,18405.193359375
forecast_7833,2025-11-23 09:00:00,18585.336078699478,18427.992735982174,17147.701171875
forecast_7834,2025-11-23 10:00:00,19129.02484858538,18831.957834117897,17345.8203125
forecast_7835,2025-11-23 11:00:00,18098.678614737713,18194.499584358822,16830.7890625
forecast_7836,2025-11-23 12:00:00,17633.081004643227,18045.62403816746,16726.59375
forecast_7837,2025-11-23 13:00:00,16286.186975440765,16915.542731190457,14476.7783203125
forecast_7838,2025-11-23 14:00:00,15244.608505060143,15800.982659114794,12959.2138671875
forecast_7839,2025-11-23 15:00:00,13900.528084503483,14742.748483135878,11392.78515625
forecast_7840,2025-11-23 16:00:00,15295.899644779929,15599.037738523599,12084.7685546875
forecast_7841,2025-11-23 17:00:00,16415.885492987818,16489.200380336486,13765.24609375
forecast_7842,2025-11-23 18:00:00,17813.564969011823,17752.911911143594,16036.5341796875
forecast_7843,2025-11-23 19:00:00,18513.03530933499,18635.698307359282,18044.2421875
forecast_7844,2025-11-23 20:00:00,19520.22486587269,19342.920194600345,18490.267578125
forecast_7845,2025-11-23 21:00:00,19117.679374083047,18941.09619577529,17589.951171875
forecast_7846,2025-11-23 22:00:00,18039.222230912666,18212.325741093537,15688.9140625
forecast_7847,2025-11-23 23:00:00,17770.249937206674,18075.87090776462,15330.7666015625
forecast_7848,2025-11-24 00:00:00,17161.196759139355,17726.041453412352,15212.96484375
forecast_7849,2025-11-24 01:00:00,16959.55014240567,17690.89365605754,15099.39453125
forecast_7850,2025-11-24 02:00:00,16150.16000865772,17200.82826469651,14452.3759765625
forecast_7851,2025-11-24 03:00:00,15988.836866934338,16966.191551390293,14175.0654296875
forecast_7852,2025-11-24 04:00:00,14782.558243651865,16120.547622024795,12893.4599609375
forecast_7853,2025-11-24 05:00:00,13761.914029507909,15038.681933629028,11935.171875
forecast_7854,2025-11-24 06:00:00,12892.264408981904,14450.07448015342,10166.21484375
forecast_7855,2025-11-24 07:00:00,14426.101539217361,15921.104115658887,12745.8564453125
forecast_7856,2025-11-24 08:00:00,14436.213140840082,15584.474064335296,12155.2373046875
forecast_7857,2025-11-24 09:00:00,12701.479904928394,14102.388846755523,11470.8046875
forecast_7858,2025-11-24 10:00:00,11127.744502129699,12457.961280466756,9369.71484375
forecast_7859,2025-11-24 11:00:00,11739.728900392793,12854.397486762897,9464.6552734375
forecast_7860,2025-11-24 12:00:00,12717.506077847442,13231.330432259489,9763.630859375
forecast_7861,2025-11-24 13:00:00,13288.656397764094,14048.86820844327,11099.3466796875
forecast_7862,2025-11-24 14:00:00,14066.046405903613,14911.693581626838,11886.0654296875
forecast_7863,2025-11-24 15:00:00,14206.940492971844,15004.348187148044,12504.3955078125
forecast_7864,2025-11-24 16:00:00,14357.65720750208,15020.566931219255,12701.3876953125
forecast_7865,2025-11-24 17:00:00,14451.469019022867,14726.225518319461,11563.2197265625
forecast_7866,2025-11-24 18:00:00,14345.343082596764,15484.954702856769,11454.2333984375
forecast_7867,2025-11-24 19:00:00,12764.296564384462,14325.132798318824,10897.3466796875
forecast_7868,2025-11-24 20:00:00,13309.369455728418,14831.911797129993,11176.2841796875
forecast_7869,2025-11-24 21:00:00,12516.629237955482,13178.696984751261,8992.5703125
forecast_7870,2025-11-24 22:00:00,11698.057607164605,13186.162934880515,9461.8681640625
forecast_7871,2025-11-24 23:00:00,11837.353365881838,13289.733045599049,9176.439453125
forecast_7872,2025-11-25 00:00:00,12482.396568391245,13657.938765330611,10154.5927734375
forecast_7873,2025-11-25 01:00:00,13427.895110650037,14441.535810897087,9818.2587890625
forecast_7874,2025-11-25 02:00:00,16066.660169155217,17097.697591036434,14175.0908203125
forecast_7875,2025-11-25 03:00:00,17095.865072835964,16871.61931887931,13709.5703125
forecast_7876,2025-11-25 04:00:00,15097.045841905014,15682.314359831445,11497.75
forecast_7877,2025-11-25 05:00:00,15378.851920839843,16271.837022471962,11895.2451171875
forecast_7878,2025-11-25 06:00:00,16041.575704248806,16579.639677203184,12201.9267578125
forecast_7879,2025-11-25 07:00:00,16369.05475466951,16956.96350351684,12971.6982421875
forecast_7880,2025-11-25 08:00:00,14928.505553885696,15720.409909337264,11558.5380859375
forecast_7881,2025-11-25 09:00:00,11632.689650222792,12417.759225336955,9035.5166015625
forecast_7882,2025-11-25 10:00:00,11665.341650295966,13051.86067929478,10340.8779296875
forecast_7883,2025-11-25 11:00:00,9986.872957153217,12243.773773287763,10100.1552734375
forecast_7884,2025-11-25 12:00:00,7861.59544829398,10390.702836822058,8592.8583984375
forecast_7885,2025-11-25 13:00:00,11293.533888191367,12312.669237939881,10707.36328125
forecast_7886,2025-11-25 14:00:00,10811.476105302605,11177.299299276034,8074.05615234375
forecast_7887,2025-11-25 15:00:00,11009.076378037564,11613.992174008103,8747.1875
forecast_7888,2025-11-25 16:00:00,10984.983941402512,11261.819539128468,7843.49560546875
forecast_7889,2025-11-25 17:00:00,11838.070187135465,12343.586402987035,9726.09765625
forecast_7890,2025-11-25 18:00:00,12754.42985474609,13370.244140931114,10536.171875
forecast_7891,2025-11-25 19:00:00,12102.73091306835,12135.901917090305,9442.6103515625
forecast_7892,2025-11-25 20:00:00,10472.33340467878,10048.714062126051,7357.80322265625
forecast_7893,2025-11-25 21:00:00,8764.406084424127,8263.637472111277,5048.49853515625
forecast_7894,2025-11-25 22:00:00,7081.26393763697,7761.291698681198,5183.734375
forecast_7895,2025-11-25 23:00:00,6102.103275333893,6131.875972088064,4317.07275390625
forecast_7896,2025-11-26 00:00:00,4992.954691907362,6010.88193729162,4662.07861328125
forecast_7897,2025-11-26 01:00:00,4676.117880405062,4749.029850418727,3418.713134765625
forecast_7898,2025-11-26 02:00:00,3315.558889607748,4067.8895849151268,3194.071044921875
forecast_7899,2025-11-26 03:00:00,2082.046248635803,2468.729573483323,2616.299072265625
forecast_7900,2025-11-26 04:00:00,1736.4224638999594,2212.9260195500574,2450.205810546875
forecast_7901,2025-11-26 05:00:00,2142.1456813495965,2575.0484314022806,2411.72119140625
forecast_7902,2025-11-26 06:00:00,2646.901846704343,4141.208497024644,3266.134521484375
forecast_7903,2025-11-26 07:00:00,3336.4233015079926,4211.702762087954,3238.719482421875
forecast_7904,2025-11-26 08:00:00,4088.2229280362517,5041.450524142583,3756.69921875
forecast_7905,2025-11-26 09:00:00,4024.372801777854,4536.740581982037,3427.546142578125
forecast_7906,2025-11-26 10:00:00,4214.958307075765,4717.652218221458,3503.554931640625
forecast_7907,2025-11-26 11:00:00,3207.4286199908993,3917.2321434026762,3359.7294921875
forecast_7908,2025-11-26 12:00:00,2606.90020872722,2949.4211622004864,2871.626220703125
forecast_7909,2025-11-26 13:00:00,2547.4867866775303,2541.301552896852,2579.881591796875
forecast_7910,2025-11-26 14:00:00,3321.347714141497,3228.7273969286252,2792.6708984375
forecast_7911,2025-11-26 15:00:00,4888.563480689572,4338.375907125065,2886.5146484375
forecast_7912,2025-11-26 16:00:00,6132.642519031479,5526.354882477643,3471.938720703125
forecast_7913,2025-11-26 17:00:00,10030.038019858668,8868.93111127628,4916.5078125
forecast_7914,2025-11-26 18:00:00,12552.562010062584,11667.888062350521,7795.23388671875
forecast_7915,2025-11-26 19:00:00,14491.349183738694,13706.63051101131,10193.6416015625
forecast_7916,2025-11-26 20:00:00,14157.835869577088,14055.161467652659,9629.8154296875
forecast_7917,2025-11-26 21:00:00,13593.839873355539,13891.998179726572,9378.9453125
forecast_7918,2025-11-26 22:00:00,13090.61127326947,13567.129213706789,9852.2763671875
forecast_7919,2025-11-26 23:00:00,14882.446341653187,14969.645801560491,11577.5341796875
forecast_7920,2025-11-27 00:00:00,17667.515383686645,17313.374676556537,14392.75390625
forecast_7921,2025-11-27 01:00:00,17113.633706541594,17255.46130017559,14141.3251953125
forecast_7922,2025-11-27 02:00:00,18181.23928587552,18538.896732068446,16501.640625
forecast_7923,2025-11-27 03:00:00,18484.19684481683,18908.48314716288,17215.900390625
forecast_7924,2025-11-27 04:00:00,18593.30480775223,18519.684001691665,16425.583984375
forecast_7925,2025-11-27 05:00:00,18773.22789651386,18578.49279117408,17177.826171875
forecast_7926,2025-11-27 06:00:00,18356.284838598152,18257.518101392532,14892.8173828125
forecast_7927,2025-11-27 07:00:00,14712.370191013517,15438.360226045505,10967.1845703125
forecast_7928,2025-11-27 08:00:00,17706.661656271513,18084.14712592317,16879.783203125
forecast_7929,2025-11-27 09:00:00,18048.835957038216,18763.39924151077,17762.634765625
forecast_7930,2025-11-27 10:00:00,17482.614337472587,18730.289649197442,17876.822265625
forecast_7931,2025-11-27 11:00:00,17832.74988699642,19037.84952181263,18028.892578125
forecast_7932,2025-11-27 12:00:00,17815.149177242034,18974.391774038028,18204.7734375
forecast_7933,2025-11-27 13:00:00,17396.256727887812,18648.078093279048,16365.1455078125
forecast_7934,2025-11-27 14:00:00,18349.63837770905,18642.924451285275,17889.71875
forecast_7935,2025-11-27 15:00:00,18583.43038500571,19218.715804660216,17909.1640625
forecast_7936,2025-11-27 16:00:00,19172.839256422507,19527.610649627848,17929.294921875
forecast_7937,2025-11-27 17:00:00,18789.655915250856,19355.417445606592,18387.224609375
forecast_7938,2025-11-27 18:00:00,18355.77958779851,18836.523356103316,17851.291015625
forecast_7939,2025-11-27 19:00:00,17921.240847684905,18667.51250992681,17290.70703125
forecast_7940,2025-11-27 20:00:00,18127.110553890176,18856.368061875473,17564.21875
forecast_7941,2025-11-27 21:00:00,18258.027722847226,18551.70842820418,17482.380859375
forecast_7942,2025-11-27 22:00:00,18165.223047051615,18474.34438032998,17526.732421875
forecast_7943,2025-11-27 23:00:00,18441.92030916868,18898.425021946503,18054.490234375
forecast_7944,2025-11-28 00:00:00,18643.357077772092,19183.027481424433,18483.908203125
forecast_7945,2025-11-28 01:00:00,19005.394519389374,19138.222509607476,17633.677734375
forecast_7946,2025-11-28 02:00:00,17979.112959330527,18340.59491961398,16498.634765625
forecast_7947,2025-11-28 03:00:00,18530.18974780062,19084.345590112265,16394.05859375
forecast_7948,2025-11-28 04:00:00,19421.338994723483,19775.174446311925,18300.544921875
forecast_7949,2025-11-28 05:00:00,19009.005257200068,19362.80945376771,18039.201171875
forecast_7950,2025-11-28 06:00:00,18534.938660943983,18969.465582230077,15949.875
forecast_7951,2025-11-28 07:00:00,18715.589757535672,19026.48980507445,15490.7158203125
forecast_7952,2025-11-28 08:00:00,16929.477258260296,17596.986826581287,13262.95703125
forecast_7953,2025-11-28 09:00:00,14404.239209757492,15047.84369176118,10276.0625
forecast_7954,2025-11-28 10:00:00,11337.070768282096,12004.647115022613,7472.41748046875
forecast_7955,2025-11-28 11:00:00,9253.513315254786,9773.95681946695,6572.14794921875
forecast_7956,2025-11-28 12:00:00,9255.180486364867,9684.27945910398,6387.86572265625
forecast_7957,2025-11-28 13:00:00,9608.7734264387,10073.856406724677,6871.45166015625
forecast_7958,2025-11-28 14:00:00,9227.797335115625,9516.109689955321,6493.72412109375
forecast_7959,2025-11-28 15:00:00,9292.159807976459,9116.870103851106,5908.30224609375
forecast_7960,2025-11-28 16:00:00,9516.80118772808,9364.1143613588,5947.19580078125
forecast_7961,2025-11-28 17:00:00,10110.730729817034,9983.611200149793,5874.07470703125
forecast_7962,2025-11-28 18:00:00,9037.560813435819,9477.500966930687,6101.11767578125
forecast_7963,2025-11-28 19:00:00,6866.476294798162,8104.708471491471,5508.59375
forecast_7964,2025-11-28 20:00:00,6194.528400086483,7278.261484916181,5356.77392578125
forecast_7965,2025-11-28 21:00:00,6131.172351333202,6934.819999824579,5383.46826171875
forecast_7966,2025-11-28 22:00:00,6292.722925535383,6931.0589424370955,5398.48583984375
forecast_7967,2025-11-28 23:00:00,7039.637224487593,7933.362128438372,5693.71875
forecast_7968,2025-11-29 00:00:00,7963.2534671651365,8969.403289421614,6136.61572265625
forecast_7969,2025-11-29 01:00:00,7714.933639934261,8723.76157096257,5611.04052734375
forecast_7970,2025-11-29 02:00:00,8777.899551622831,9635.50746861623,6245.79736328125
forecast_7971,2025-11-29 03:00:00,9753.276765251347,10606.962568732832,6776.95751953125
forecast_7972,2025-11-29 04:00:00,12602.827519732742,13113.012977795232,8690.0244140625
forecast_7973,2025-11-29 05:00:00,14920.100123092516,15250.150246662884,11601.1689453125
forecast_7974,2025-11-29 06:00:00,16652.078141365095,16841.188258917646,13800.0966796875
forecast_7975,2025-11-29 07:00:00,16472.419213901012,17013.15282561346,13844.77734375
forecast_7976,2025-11-29 08:00:00,15093.108109129762,16039.634310900896,12397.8876953125
forecast_7977,2025-11-29 09:00:00,12428.5514337579,14038.231769510656,10042.7939453125
forecast_7978,2025-11-29 10:00:00,9470.084374465514,11372.669434950456,8352.6748046875
forecast_7979,2025-11-29 11:00:00,8949.046887307555,11011.574316673821,8422.8857421875
forecast_7980,2025-11-29 12:00:00,12652.16162010163,14081.950423374605,10929.4677734375
forecast_7981,2025-11-29 13:00:00,14627.883868488278,15501.962649564091,12392.6328125
forecast_7982,2025-11-29 14:00:00,16184.115062546154,16716.549898417838,13657.6650390625
forecast_7983,2025-11-29 15:00:00,17059.051771587358,17462.903468033954,14710.0869140625
forecast_7984,2025-11-29 16:00:00,17951.948026832404,18204.997819993194,15807.4052734375
forecast_7985,2025-11-29 17:00:00,17928.462383709106,18345.8449421096,16582.267578125
forecast_7986,2025-11-29 18:00:00,19574.663780296316,19697.671516749255,19186.716796875
forecast_7987,2025-11-29 19:00:00,20332.35863947147,20323.65137290017,19655.138671875
forecast_7988,2025-11-29 20:00:00,20491.155036039017,20481.017594118035,19598.126953125
forecast_7989,2025-11-29 21:00:00,19965.429163453082,20059.440348698172,19180.669921875
forecast_7990,2025-11-29 22:00:00,19783.742082501238,19885.392591439973,18999.701171875
forecast_7991,2025-11-29 23:00:00,20076.515182538467,20005.018921715055,19052.828125
forecast_7992,2025-11-30 00:00:00,19553.705628360734,19586.703480954213,18634.55078125
forecast_7993,2025-11-30 01:00:00,18900.711827715084,19171.958194784384,18084.171875
forecast_7994,2025-11-30 02:00:00,18874.800046536315,19139.535051038165,17758.3671875
forecast_7995,2025-11-30 03:00:00,19168.91052718115,19364.380368714807,17838.912109375
forecast_7996,2025-11-30 04:00:00,18722.834915121355,18942.13382821293,17169.7265625
forecast_7997,2025-11-30 05:00:00,18446.27846782362,18660.857466776415,16489.498046875
forecast_7998,2025-11-30 06:00:00,17040.200660002847,17952.464366932563,15718.1796875
forecast_7999,2025-11-30 07:00:00,16402.74832218187,17190.563268709775,14896.1728515625
forecast_8000,2025-11-30 08:00:00,16151.253272994982,16786.204555894128,13949.9248046875
forecast_8001,2025-11-30 09:00:00,15737.169841480729,16400.436229673564,13952.921875
forecast_8002,2025-11-30 10:00:00,15466.493820083557,16048.600937120333,13413.4970703125
forecast_8003,2025-11-30 11:00:00,15315.713730817753,15733.675731634274,12832.73828125
forecast_8004,2025-11-30 12:00:00,14595.650199981972,15199.491541562364,12494.0244140625
forecast_8005,2025-11-30 13:00:00,13412.022646358484,14009.54138720009,11085.2734375
forecast_8006,2025-11-30 14:00:00,12294.1125275465,12981.041482624194,9944.6630859375
forecast_8007,2025-11-30 15:00:00,11735.717482504278,12242.733823982682,9003.3935546875
forecast_8008,2025-11-30 16:00:00,10992.58113352248,11444.007093469634,8176.98681640625
forecast_8009,2025-11-30 17:00:00,12708.287481733427,13116.778312928564,8900.451171875
forecast_8010,2025-11-30 18:00:00,15752.505005060071,16663.121407991166,14278.6005859375
forecast_8011,2025-11-30 19:00:00,17803.566076447147,18780.819609010447,17905.005859375
forecast_8012,2025-11-30 20:00:00,19275.725128400405,19789.159623513155,18783.134765625
forecast_8013,2025-11-30 21:00:00,19237.788041453634,19727.380627306004,18731.009765625
forecast_8014,2025-11-30 22:00:00,19648.13497864893,19942.91635408716,18864.4609375
forecast_8015,2025-11-30 23:00:00,19336.408726644546,19812.033647754008,18573.6015625
forecast_8016,2025-12-01 00:00:00,19657.34222332654,19844.66463675871,18603.138671875
forecast_8017,2025-12-01 01:00:00,19864.43562872545,20135.509625995524,18940.12109375
forecast_8018,2025-12-01 02:00:00,19545.90558809285,19750.943719456518,18705.203125
forecast_8019,2025-12-01 03:00:00,19347.955043886202,19571.761691098643,18051.875
forecast_8020,2025-12-01 04:00:00,19835.07120797142,19757.415796885285,18258.462890625
forecast_8021,2025-12-01 05:00:00,19975.684499274263,20003.867075669103,18763.654296875
forecast_8022,2025-12-01 06:00:00,20621.28489444861,20392.170831711785,19119.404296875
forecast_8023,2025-12-01 07:00:00,20286.230558938914,20181.174502460337,19012.306640625
forecast_8024,2025-12-01 08:00:00,19641.934042963556,19874.035345642915,18763.03125
forecast_8025,2025-12-01 09:00:00,18574.423945602844,19261.009310649646,17446.244140625
forecast_8026,2025-12-01 10:00:00,16190.43829802912,17278.554088488883,14339.6708984375
forecast_8027,2025-12-01 11:00:00,11890.66793177443,13255.868041163332,9697.6572265625
forecast_8028,2025-12-01 12:00:00,8489.714820357465,8558.9675270445,5697.02099609375
forecast_8029,2025-12-01 13:00:00,8027.683034760312,7638.547773720693,4837.54296875
forecast_8030,2025-12-01 14:00:00,7298.386672863576,6565.442715704941,4248.556640625
forecast_8031,2025-12-01 15:00:00,6253.373160678401,5611.6506579893685,3800.577392578125
forecast_8032,2025-12-01 16:00:00,5595.559266444422,4781.193980028489,3197.257568359375
forecast_8033,2025-12-01 17:00:00,6104.050792643046,5404.8991493623835,3118.5419921875
forecast_8034,2025-12-01 18:00:00,6480.848372680422,6361.467614142861,3940.012451171875
forecast_8035,2025-12-01 19:00:00,6845.805264114666,7271.008599513218,4502.28515625
forecast_8036,2025-12-01 20:00:00,9441.730805960848,9442.739513310764,6533.484375
forecast_8037,2025-12-01 21:00:00,10799.74183222339,10804.302920207623,7359.93212890625
forecast_8038,2025-12-01 22:00:00,12131.456768337432,12589.246290492234,8914.73828125
forecast_8039,2025-12-01 23:00:00,14862.906677420144,15192.080673858427,11681.0537109375
forecast_8040,2025-12-02 00:00:00,16888.499744796703,17126.897024381105,15114.2041015625
forecast_8041,2025-12-02 01:00:00,18294.95395687768,18370.529109574556,15526.4296875
forecast_8042,2025-12-02 02:00:00,19251.622300371448,19137.279820020183,17106.16015625
forecast_8043,2025-12-02 03:00:00,20119.41386636855,19856.35317459255,18020.822265625
forecast_8044,2025-12-02 04:00:00,19061.57282527287,19303.453200231685,17710.556640625
forecast_8045,2025-12-02 05:00:00,18713.12332965151,19101.042020771743,17464.037109375
forecast_8046,2025-12-02 06:00:00,18480.78111705537,18857.009090096166,16827.376953125
forecast_8047,2025-12-02 07:00:00,16833.44634945348,17742.34205245955,13977.921875
forecast_8048,2025-12-02 08:00:00,14907.296190796878,15933.107875475904,11248.125
forecast_8049,2025-12-02 09:00:00,11389.712619582337,12877.660041778821,8464.6826171875
forecast_8050,2025-12-02 10:00:00,9092.860783309032,9807.51160175287,6395.435546875
forecast_8051,2025-12-02 11:00:00,8850.07826854338,8733.285729531293,5712.92578125
forecast_8052,2025-12-02 12:00:00,10721.309085666977,10824.7790291725,7766.85205078125
forecast_8053,2025-12-02 13:00:00,11758.597580889984,11725.675304775468,9042.6826171875
forecast_8054,2025-12-02 14:00:00,12402.115011429623,12533.045493729718,9687.6240234375
forecast_8055,2025-12-02 15:00:00,13514.335180793758,13821.44329145909,10859.21484375
forecast_8056,2025-12-02 16:00:00,13953.087532386315,14663.10749003326,11983.9501953125
forecast_8057,2025-12-02 17:00:00,14792.773693364881,15630.440337429385,12994.9296875
forecast_8058,2025-12-02 18:00:00,16337.057563321927,17174.07478141024,14419.8662109375
forecast_8059,2025-12-02 19:00:00,16814.169090587347,17665.10118286421,15133.0439453125
forecast_8060,2025-12-02 20:00:00,17567.85941589243,18382.2037966328,16613.71875
forecast_8061,2025-12-02 21:00:00,18013.029869448575,18767.31947630645,17094.96875
forecast_8062,2025-12-02 22:00:00,18207.541192255136,18688.72050242436,17380.298828125
forecast_8063,2025-12-02 23:00:00,18447.252164403217,18818.675191565573,17252.408203125
forecast_8064,2025-12-03 00:00:00,18831.492301114,19082.45176323109,17348.041015625
forecast_8065,2025-12-03 01:00:00,18427.86494762243,19142.148800176394,17822.8359375
forecast_8066,2025-12-03 02:00:00,18667.030903442683,19245.938314633655,17741.84375
forecast_8067,2025-12-03 03:00:00,18707.564541414496,19261.244642011912,17368.810546875
forecast_8068,2025-12-03 04:00:00,18295.5711165641,18961.08751301156,16688.0078125
forecast_8069,2025-12-03 05:00:00,17040.786279709228,18247.141524585357,15528.61328125
forecast_8070,2025-12-03 06:00:00,16713.78274456963,18016.525633169134,15178.7470703125
forecast_8071,2025-12-03 07:00:00,16372.984178199824,17553.423178945246,14168.421875
forecast_8072,2025-12-03 08:00:00,16474.341481031108,17510.705792183282,14094.5625
forecast_8073,2025-12-03 09:00:00,16979.734318195195,18110.427513582843,14565.421875
forecast_8074,2025-12-03 10:00:00,17143.420174674407,18199.719007969456,15454.5390625
forecast_8075,2025-12-03 11:00:00,17349.80404030528,18018.446189463888,14850.1015625
forecast_8076,2025-12-03 12:00:00,16957.79438061754,17667.27945367999,14822.5087890625
forecast_8077,2025-12-03 13:00:00,17211.453562505256,17974.059365579895,15161.3984375
forecast_8078,2025-12-03 14:00:00,17387.52999001067,18062.496373615955,15389.6923828125
forecast_8079,2025-12-03 15:00:00,17096.308170105076,17921.89035066422,15344.8388671875
forecast_8080,2025-12-03 16:00:00,16801.276853348827,17725.180779121976,15423.5341796875
forecast_8081,2025-12-03 17:00:00,16873.86246978843,17846.50837072043,15466.5029296875
forecast_8082,2025-12-03 18:00:00,16560.267659382233,17729.104500891877,15063.0361328125
forecast_8083,2025-12-03 19:00:00,16074.453670890503,16862.010333596583,14572.8232421875
forecast_8084,2025-12-03 20:00:00,16082.326487690852,17274.4552093293,15108.0556640625
forecast_8085,2025-12-03 21:00:00,16794.763336888376,17900.172931071276,15298.1064453125
forecast_8086,2025-12-03 22:00:00,17360.233773074004,18231.93784010318,16110.390625
forecast_8087,2025-12-03 23:00:00,17957.129796338817,18806.60449842873,17011.064453125
forecast_8088,2025-12-04 00:00:00,16434.005765902744,17841.135092380566,13964.9814453125
forecast_8089,2025-12-04 01:00:00,18001.69411950044,18624.218374266406,15762.7880859375
forecast_8090,2025-12-04 02:00:00,19239.505210514624,19395.134845420234,16166.3662109375
forecast_8091,2025-12-04 03:00:00,19783.222434291412,19743.50122175613,17388.041015625
forecast_8092,2025-12-04 04:00:00,20298.415582023532,20194.150868818608,18280.2578125
forecast_8093,2025-12-04 05:00:00,20290.471337173287,20233.9657919102,19514.767578125
forecast_8094,2025-12-04 06:00:00,20691.23451205146,20671.374130075168,20026.724609375
forecast_8095,2025-12-04 07:00:00,21167.362043985937,21010.037163829562,19909.119140625
forecast_8096,2025-12-04 08:00:00,21169.820271274184,21001.88839768648,19854.423828125
forecast_8097,2025-12-04 09:00:00,20148.232960213034,20461.26203146051,19137.697265625
forecast_8098,2025-12-04 10:00:00,18197.34557660675,19235.4078847848,17874.6171875
forecast_8099,2025-12-04 11:00:00,16272.890921110507,17736.072684302642,15122.3564453125
forecast_8100,2025-12-04 12:00:00,14486.32000661857,15720.779281727766,12505.5205078125
forecast_8101,2025-12-04 13:00:00,14663.161658964997,15861.219887478062,13015.8984375
forecast_8102,2025-12-04 14:00:00,14232.267650000955,15319.392066485634,12185.5390625
forecast_8103,2025-12-04 15:00:00,13645.213948757604,14498.933338321243,11692.2021484375
forecast_8104,2025-12-04 16:00:00,13761.181880944667,14711.651461378908,11990.7509765625
forecast_8105,2025-12-04 17:00:00,14593.28523229463,15964.25165515756,12954.265625
forecast_8106,2025-12-04 18:00:00,15818.67995260637,16693.003751212913,15773.2421875
forecast_8107,2025-12-04 19:00:00,17145.706326562722,18234.583355190494,17273.484375
forecast_8108,2025-12-04 20:00:00,18341.621194314062,18855.06977043324,17006.384765625
forecast_8109,2025-12-04 21:00:00,18204.78731570769,18735.34585128026,16900.658203125
forecast_8110,2025-12-04 22:00:00,16680.586725289733,17519.46009632725,15006.0859375
forecast_8111,2025-12-04 23:00:00,17499.578015321047,18049.15785327672,15059.0078125
forecast_8112,2025-12-05 00:00:00,17266.650487982013,17513.508688300855,15310.6455078125
forecast_8113,2025-12-05 01:00:00,16379.575106960216,16811.13636928943,13832.05078125
forecast_8114,2025-12-05 02:00:00,17281.321970429584,17879.01668036864,14608.8095703125
forecast_8115,2025-12-05 03:00:00,16652.728436774527,17575.26817591989,14353.8876953125
forecast_8116,2025-12-05 04:00:00,17519.013084228063,18331.334523342895,14673.984375
forecast_8117,2025-12-05 05:00:00,16902.913043527635,17739.617630899225,14254.1611328125
forecast_8118,2025-12-05 06:00:00,18158.747205515298,18827.507572878705,15652.0908203125
forecast_8119,2025-12-05 07:00:00,18774.76726114165,19251.52276328447,16084.0107421875
forecast_8120,2025-12-05 08:00:00,18821.20114901109,19179.958074626982,16344.2177734375
forecast_8121,2025-12-05 09:00:00,18198.017692495785,18668.550114300444,14758.9814453125
forecast_8122,2025-12-05 10:00:00,16925.33210750108,17444.44716658401,13576.4912109375
forecast_8123,2025-12-05 11:00:00,15733.68439214703,16267.231340693479,12077.4541015625
forecast_8124,2025-12-05 12:00:00,13804.736074395712,14474.838812548676,10157.7841796875
forecast_8125,2025-12-05 13:00:00,12319.518309002742,12932.594244460011,9288.0234375
forecast_8126,2025-12-05 14:00:00,14234.786419703296,14678.30368378609,10843.5908203125
forecast_8127,2025-12-05 15:00:00,16198.323372362322,16706.28757172853,13378.5087890625
forecast_8128,2025-12-05 16:00:00,17159.302827200532,17611.087805735264,14239.4287109375
forecast_8129,2025-12-05 17:00:00,18367.66744643513,18438.83323091318,15144.0810546875
forecast_8130,2025-12-05 18:00:00,18185.702415849617,18260.517495785545,15713.11328125
forecast_8131,2025-12-05 19:00:00,17835.967585164704,17754.145490471605,15485.18359375
forecast_8132,2025-12-05 20:00:00,18326.350230634118,18000.140340871418,16637.529296875
forecast_8133,2025-12-05 21:00:00,19789.219642119322,19218.412870139895,17419.603515625
forecast_8134,2025-12-05 22:00:00,20384.93045790965,19671.07264055338,17838.466796875
forecast_8135,2025-12-05 23:00:00,20287.680196519814,19739.842742065342,18495.1328125
forecast_8136,2025-12-06 00:00:00,20624.02490610458,20095.80401721342,19100.048828125
forecast_8137,2025-12-06 01:00:00,20740.939062756544,20296.463349026355,18994.84765625
forecast_8138,2025-12-06 02:00:00,21074.769692069407,20547.10698958672,19685.546875
forecast_8139,2025-12-06 03:00:00,21206.170236237387,20676.44595993458,19616.904296875
forecast_8140,2025-12-06 04:00:00,21310.852239091564,20731.93181742767,19089.525390625
forecast_8141,2025-12-06 05:00:00,21151.250019304083,20677.93653698003,19275.806640625
forecast_8142,2025-12-06 06:00:00,21366.72105138294,20801.06057915412,18921.025390625
forecast_8143,2025-12-06 07:00:00,21112.944932912436,20598.913123147275,18505.1640625
forecast_8144,2025-12-06 08:00:00,19806.432995336032,19714.65213724271,17184.8984375
forecast_8145,2025-12-06 09:00:00,18604.66514457272,18845.11986377604,15365.4814453125
forecast_8146,2025-12-06 10:00:00,17821.291700099966,18321.05052371163,15880.5986328125
forecast_8147,2025-12-06 11:00:00,17762.13514343527,18446.77717049644,16196.4638671875
forecast_8148,2025-12-06 12:00:00,17875.641206730877,18522.118532458684,17577.1953125
forecast_8149,2025-12-06 13:00:00,17546.355574287827,18342.600055504434,15958.1533203125
forecast_8150,2025-12-06 14:00:00,17631.98828161878,18407.406068878736,16086.90234375
forecast_8151,2025-12-06 15:00:00,17785.938382516153,18721.74391135302,16902.484375
forecast_8152,2025-12-06 16:00:00,17951.393802623967,18827.909963541322,16936.755859375
forecast_8153,2025-12-06 17:00:00,17488.879936792262,18517.389415644335,16821.947265625
forecast_8154,2025-12-06 18:00:00,17451.868503257647,18353.730386402785,16453.689453125
forecast_8155,2025-12-06 19:00:00,18440.582977723636,19084.9161812058,16982.5625
forecast_8156,2025-12-06 20:00:00,18706.46392308575,19269.83967598137,18227.498046875
forecast_8157,2025-12-06 21:00:00,19405.63178731286,19680.907845234353,18354.404296875
forecast_8158,2025-12-06 22:00:00,19503.628750070195,19638.00141733775,18237.373046875
forecast_8159,2025-12-06 23:00:00,19381.29425319342,19442.511381783333,17899.109375
forecast_8160,2025-12-07 00:00:00,19487.253478809464,19688.941248023097,18073.4375
forecast_8161,2025-12-07 01:00:00,18654.50994280845,19132.564641658006,17277.216796875
forecast_8162,2025-12-07 02:00:00,18411.392051235474,18861.312980552186,16932.462890625
forecast_8163,2025-12-07 03:00:00,18515.815492547365,18785.937902680576,16909.36328125
forecast_8164,2025-12-07 04:00:00,18862.414459140462,19020.072977140535,16929.259765625
forecast_8165,2025-12-07 05:00:00,18891.227939011216,18905.93172998966,17368.373046875
forecast_8166,2025-12-07 06:00:00,19343.3298787983,19291.681488242037,18030.5703125
forecast_8167,2025-12-07 07:00:00,19873.191554037207,19693.73327189634,18444.236328125
forecast_8168,2025-12-07 08:00:00,19970.09387006787,19817.787093503746,18627.234375
forecast_8169,2025-12-07 09:00:00,19622.570847867355,19651.698361433184,17920.96484375
forecast_8170,2025-12-07 10:00:00,19123.605086574462,19363.790236798504,17369.568359375
forecast_8171,2025-12-07 11:00:00,18618.598276471545,19090.90812599434,16998.248046875
forecast_8172,2025-12-07 12:00:00,18172.47380991553,18793.82030722177,16902.6015625
forecast_8173,2025-12-07 13:00:00,18173.50015211605,18758.84855089047,17029.689453125
forecast_8174,2025-12-07 14:00:00,18772.835313678348,19142.926407037343,17323.263671875
forecast_8175,2025-12-07 15:00:00,18999.48023339876,19366.664134082257,17793.2890625
forecast_8176,2025-12-07 16:00:00,19008.682525542885,19408.609052215674,17599.091796875
forecast_8177,2025-12-07 17:00:00,19007.00847478201,19468.040365896428,17823.880859375
forecast_8178,2025-12-07 18:00:00,18563.760557414687,19324.919484364345,17942.759765625
forecast_8179,2025-12-07 19:00:00,18840.89979327381,19540.433285310835,18151.509765625
forecast_8180,2025-12-07 20:00:00,18560.412046145022,19349.211631817598,17831.837890625
forecast_8181,2025-12-07 21:00:00,18553.804428651914,19369.956979141603,17649.029296875
forecast_8182,2025-12-07 22:00:00,18849.168656623882,19166.90627163838,17770.107421875
forecast_8183,2025-12-07 23:00:00,18576.49589098795,19066.132852324594,17403.6875
forecast_8184,2025-12-08 00:00:00,18292.0784834586,18903.552129198644,17424.916015625
forecast_8185,2025-12-08 01:00:00,18419.97066631775,18883.398160428085,17556.517578125
forecast_8186,2025-12-08 02:00:00,18442.598260413768,18921.713913617587,17267.275390625
forecast_8187,2025-12-08 03:00:00,18065.86834617459,18743.5697787627,17075.826171875
forecast_8188,2025-12-08 04:00:00,17457.557768026272,18292.308694133997,15866.81640625
forecast_8189,2025-12-08 05:00:00,16262.614980019911,17351.47675764648,14658.2578125
forecast_8190,2025-12-08 06:00:00,15960.50736221663,16746.28924624184,13801.9072265625
forecast_8191,2025-12-08 07:00:00,15929.535357682616,16749.091105306674,13577.0458984375
forecast_8192,2025-12-08 08:00:00,13526.960928558028,14410.097909743366,10792.9404296875
forecast_8193,2025-12-08 09:00:00,12060.734710452558,12977.760154279658,9108.2099609375
forecast_8194,2025-12-08 10:00:00,11533.512530237464,12153.5466499209,8068.21923828125
forecast_8195,2025-12-08 11:00:00,9073.375743036033,9281.727929385308,6233.24365234375
forecast_8196,2025-12-08 12:00:00,6657.498597149704,5956.1290653988,4468.25732421875
forecast_8197,2025-12-08 13:00:00,5135.802483621866,4652.65406817005,4354.0927734375
forecast_8198,2025-12-08 14:00:00,5252.807119959869,4732.752956841561,4621.03857421875
forecast_8199,2025-12-08 15:00:00,5381.217601930319,5021.395287471327,5090.22216796875
forecast_8200,2025-12-08 16:00:00,6153.42076971835,5618.50579534073,5225.33251953125
forecast_8201,2025-12-08 17:00:00,8805.409222643444,8416.862038426736,5874.05126953125
forecast_8202,2025-12-08 18:00:00,11837.135792827006,11448.648070321247,7628.99609375
forecast_8203,2025-12-08 19:00:00,13144.22769556865,13193.780267207057,8989.509765625
forecast_8204,2025-12-08 20:00:00,14579.665841027367,14692.046880158206,10633.2197265625
forecast_8205,2025-12-08 21:00:00,16007.000645179805,16069.064722466173,12013.4794921875
forecast_8206,2025-12-08 22:00:00,16699.326415781354,16599.03919998768,12654.2158203125
forecast_8207,2025-12-08 23:00:00,16076.513276390675,16375.439312259057,12094.90625
forecast_8208,2025-12-09 00:00:00,16394.862872632202,16518.96525341493,12236.30859375
forecast_8209,2025-12-09 01:00:00,15570.80238530733,16072.952784909401,11338.1591796875
forecast_8210,2025-12-09 02:00:00,17361.144049385446,17653.218241906787,13454.4296875
forecast_8211,2025-12-09 03:00:00,18414.43918210865,18545.481265202834,14664.4794921875
forecast_8212,2025-12-09 04:00:00,18574.288802101724,18715.59766380386,14906.9677734375
forecast_8213,2025-12-09 05:00:00,18310.57324440861,18613.396259395457,15000.9091796875
forecast_8214,2025-12-09 06:00:00,18185.572406057126,18541.56851954505,14996.6689453125
forecast_8215,2025-12-09 07:00:00,18963.222509382835,19047.18987398418,15701.2822265625
forecast_8216,2025-12-09 08:00:00,19431.370173499523,19357.30557778776,16471.181640625
forecast_8217,2025-12-09 09:00:00,17713.37286957272,18290.929620437502,15980.3642578125
forecast_8218,2025-12-09 10:00:00,16652.987931461837,17588.118304720694,14958.5595703125
forecast_8219,2025-12-09 11:00:00,15707.916248342528,16943.746016528974,14318.9814453125
forecast_8220,2025-12-09 12:00:00,14262.008183935843,15579.879632013304,11991.6728515625
forecast_8221,2025-12-09 13:00:00,13163.05789945091,14063.636315171036,10325.6103515625
forecast_8222,2025-12-09 14:00:00,13099.49682393181,13698.444031427753,9902.4541015625
forecast_8223,2025-12-09 15:00:00,12795.178043581629,13110.497569470088,9676.9013671875
forecast_8224,2025-12-09 16:00:00,12338.779594243118,12970.401295192962,9352.8154296875
forecast_8225,2025-12-09 17:00:00,12261.946322396885,12780.658845240583,9312.30859375
forecast_8226,2025-12-09 18:00:00,13745.634152458873,14362.488921022383,10591.2685546875
forecast_8227,2025-12-09 19:00:00,14840.286217652612,15447.827896975818,11720.7109375
forecast_8228,2025-12-09 20:00:00,14875.489115433405,15390.353272533408,11376.6298828125
forecast_8229,2025-12-09 21:00:00,14040.227126196898,14508.395002054409,11016.8984375
forecast_8230,2025-12-09 22:00:00,13152.494363032298,13809.385669699597,10255.583984375
forecast_8231,2025-12-09 23:00:00,12689.542703500128,13666.348012641778,9964.7509765625
forecast_8232,2025-12-10 00:00:00,12341.227118473049,13606.368244059515,10025.3193359375
forecast_8233,2025-12-10 01:00:00,11781.001907876505,12963.063368557876,8414.80859375
forecast_8234,2025-12-10 02:00:00,13623.033992640629,14484.353642197717,9856.3212890625
forecast_8235,2025-12-10 03:00:00,16304.554611256972,16994.63275562732,12864.9228515625
forecast_8236,2025-12-10 04:00:00,17312.441246542985,17756.94869322784,13701.6796875
forecast_8237,2025-12-10 05:00:00,17093.415461392673,17839.13478346651,14558.44921875
forecast_8238,2025-12-10 06:00:00,17625.193606441782,18168.469821445924,14791.4091796875
forecast_8239,2025-12-10 07:00:00,18077.591134679686,18437.045665273203,15059.9619140625
forecast_8240,2025-12-10 08:00:00,17648.89627375741,18083.210068962897,14730.9619140625
forecast_8241,2025-12-10 09:00:00,16195.774045927761,16956.168873510538,12988.2265625
forecast_8242,2025-12-10 10:00:00,14349.989861323736,15321.01643170933,11803.8251953125
forecast_8243,2025-12-10 11:00:00,13371.050010882647,14397.159047738605,10710.9677734375
forecast_8244,2025-12-10 12:00:00,12725.025192251642,13329.437389453116,9120.78125
forecast_8245,2025-12-10 13:00:00,12060.871475303675,12639.417990629332,8374.1572265625
forecast_8246,2025-12-10 14:00:00,11422.228124853187,11587.233100206096,7301.20166015625
forecast_8247,2025-12-10 15:00:00,9892.766487072604,10539.062804325637,6741.4453125
forecast_8248,2025-12-10 16:00:00,7803.450419274814,7822.7914463082725,4726.19287109375
forecast_8249,2025-12-10 17:00:00,6924.398214419763,7933.551921135324,4968.8720703125
forecast_8250,2025-12-10 18:00:00,6977.204299322595,8624.985539856138,5601.40087890625
forecast_8251,2025-12-10 19:00:00,7102.1814601698225,8289.308947183601,6030.13720703125
forecast_8252,2025-12-10 20:00:00,8277.547858085505,9059.871709129604,6641.68115234375
forecast_8253,2025-12-10 21:00:00,12935.911136947427,14029.335872790525,10218.3837890625
forecast_8254,2025-12-10 22:00:00,15897.027606167636,16308.088550267494,12304.6171875
forecast_8255,2025-12-10 23:00:00,16972.66558424507,17814.86498579073,15028.8984375
forecast_8256,2025-12-11 00:00:00,15346.02934714423,16858.395039897918,13321.4423828125
forecast_8257,2025-12-11 01:00:00,18854.094993729665,19325.301317898015,17070.748046875
forecast_8258,2025-12-11 02:00:00,18432.40744488505,19097.905829840878,18066.759765625
forecast_8259,2025-12-11 03:00:00,19168.770819648722,19698.581142898136,19027.12890625
forecast_8260,2025-12-11 04:00:00,20067.309435210125,20251.502189181192,19319.033203125
forecast_8261,2025-12-11 05:00:00,19811.48843306311,20032.80633472778,18890.095703125
forecast_8262,2025-12-11 06:00:00,19085.55373709758,19400.24214069236,17215.75390625
forecast_8263,2025-12-11 07:00:00,19303.566456840545,19680.91419327678,18106.4140625
forecast_8264,2025-12-11 08:00:00,18761.454711732495,19075.202873841714,16706.453125
forecast_8265,2025-12-11 09:00:00,16905.704761324363,17446.270794515578,15028.11328125
forecast_8266,2025-12-11 10:00:00,18600.976517803363,19277.641184336073,18282.4765625
forecast_8267,2025-12-11 11:00:00,17068.930619317696,18278.65589014788,16625.78515625
forecast_8268,2025-12-11 12:00:00,16840.193514042774,17838.907167663954,15650.3642578125
forecast_8269,2025-12-11 13:00:00,14792.099861866422,15929.8851511529,13389.7197265625
forecast_8270,2025-12-11 14:00:00,13367.982145399912,14249.598402218187,10933.3212890625
forecast_8271,2025-12-11 15:00:00,13016.588475927707,13657.446905248296,10565.1787109375
forecast_8272,2025-12-11 16:00:00,13283.234431482208,14036.613679536567,11373.6953125
forecast_8273,2025-12-11 17:00:00,14715.28244119306,15745.32668529098,13147.41015625
forecast_8274,2025-12-11 18:00:00,15573.044623408077,16464.739579700396,14342.0654296875
forecast_8275,2025-12-11 19:00:00,15365.652266984254,15911.406269698902,13466.75
forecast_8276,2025-12-11 20:00:00,13660.473186825377,13075.651805122889,8805.5986328125
forecast_8277,2025-12-11 21:00:00,7078.969583675824,7259.067408260795,4590.91845703125
forecast_8278,2025-12-11 22:00:00,4565.457683862948,4635.202916358598,3644.432861328125
forecast_8279,2025-12-11 23:00:00,3910.2002032026544,4578.167200837872,3505.361083984375
forecast_8280,2025-12-12 00:00:00,4475.4041858093715,5362.07116935456,4271.4775390625
forecast_8281,2025-12-12 01:00:00,3828.925911183587,5585.282757499049,5074.60302734375
forecast_8282,2025-12-12 02:00:00,3191.4339324325356,4749.3862777418635,4332.70458984375
forecast_8283,2025-12-12 03:00:00,2295.5915312681636,3290.7641779693813,3167.819580078125
forecast_8284,2025-12-12 04:00:00,2420.724598807912,3388.320915853863,2879.491943359375
forecast_8285,2025-12-12 05:00:00,2622.6958317081862,3671.999733856983,2972.752685546875
forecast_8286,2025-12-12 06:00:00,2437.9706852620925,3429.0199501963034,2797.272216796875
forecast_8287,2025-12-12 07:00:00,2404.459898599227,3197.9019075286174,2662.119384765625
forecast_8288,2025-12-12 08:00:00,1927.376418292731,2881.2498078156914,2417.93701171875
forecast_8289,2025-12-12 09:00:00,1649.9323818631442,2650.1318881003062,2279.5029296875
forecast_8290,2025-12-12 10:00:00,1313.6639667196207,2314.8308823921057,2266.191650390625
forecast_8291,2025-12-12 11:00:00,1363.304469673753,2148.467466995778,2146.328369140625
forecast_8292,2025-12-12 12:00:00,1347.5030289164724,1973.53514180605,2138.905517578125
forecast_8293,2025-12-12 13:00:00,1337.0477466292682,1990.5940515758582,2194.812255859375
forecast_8294,2025-12-12 14:00:00,1069.1193281343976,1597.1763912754277,2243.2041015625
forecast_8295,2025-12-12 15:00:00,1072.787243917815,1594.0970242711685,2245.16845703125
forecast_8296,2025-12-12 16:00:00,1331.9590115561532,1783.6387533536745,2288.600341796875
forecast_8297,2025-12-12 17:00:00,1150.8214056348522,1554.679559577962,2182.354248046875
forecast_8298,2025-12-12 18:00:00,1286.0048435772533,1586.7291202094855,2108.1435546875
forecast_8299,2025-12-12 19:00:00,1690.1167650119335,2026.9306415211024,2508.455322265625
forecast_8300,2025-12-12 20:00:00,2161.8378824108295,2520.718644739757,2917.5703125
forecast_8301,2025-12-12 21:00:00,3616.4350543101777,3990.7959847236575,3607.5087890625
forecast_8302,2025-12-12 22:00:00,3575.183375331943,3946.286763924791,3126.460205078125
forecast_8303,2025-12-12 23:00:00,3791.9195279000833,5061.635851406572,4256.76611328125
forecast_8304,2025-12-13 00:00:00,4337.828487836219,5566.799833045854,4923.67333984375
forecast_8305,2025-12-13 01:00:00,5355.376832211699,6628.12264091541,5419.35498046875
forecast_8306,2025-12-13 02:00:00,5756.764050777207,7436.546997130293,5319.90185546875
forecast_8307,2025-12-13 03:00:00,5026.040630438966,5930.996174758863,4117.07763671875
forecast_8308,2025-12-13 04:00:00,6784.087090944763,8296.899732424983,5486.15869140625
forecast_8309,2025-12-13 05:00:00,7452.312320317556,8864.39300743024,5983.81982421875
forecast_8310,2025-12-13 06:00:00,8592.363710684805,10153.634560657865,7099.28125
forecast_8311,2025-12-13 07:00:00,8526.318033127176,9866.885934972825,6795.28369140625
forecast_8312,2025-12-13 08:00:00,7925.070083846825,9391.466837348482,6154.25732421875
forecast_8313,2025-12-13 09:00:00,6854.901067027632,8598.120290131534,6330.14208984375
forecast_8314,2025-12-13 10:00:00,6307.025199837298,7854.925070968811,5819.39892578125
forecast_8315,2025-12-13 11:00:00,4682.3770776490965,5531.266714794176,4059.728515625
forecast_8316,2025-12-13 12:00:00,4691.325683637917,5211.714638559872,3815.083984375
forecast_8317,2025-12-13 13:00:00,2631.664130860952,3195.3666628915917,2684.2041015625
forecast_8318,2025-12-13 14:00:00,2322.3180728965117,3424.821897465951,2981.5087890625
forecast_8319,2025-12-13 15:00:00,2035.230317495105,3175.362558547764,3088.693603515625
forecast_8320,2025-12-13 16:00:00,1788.711960682064,2291.588744402416,2759.4228515625
forecast_8321,2025-12-13 17:00:00,2221.944351847961,2665.6635941911,2608.6953125
forecast_8322,2025-12-13 18:00:00,2702.745244327013,3466.8656435699795,3092.235595703125
forecast_8323,2025-12-13 19:00:00,3063.155279791349,3905.5621566466425,3264.3720703125
forecast_8324,2025-12-13 20:00:00,3800.96528524146,4741.479436341624,3735.9443359375
forecast_8325,2025-12-13 21:00:00,5437.320817062358,6265.181879206466,4015.129638671875
forecast_8326,2025-12-13 22:00:00,8161.32567824647,8683.84875568474,5512.14404296875
forecast_8327,2025-12-13 23:00:00,9225.786988450924,9701.456512560555,6204.9609375
forecast_8328,2025-12-14 00:00:00,11989.017346325036,13494.337073799812,11581.6923828125
forecast_8329,2025-12-14 01:00:00,15760.678397194053,17069.654884840882,13842.2412109375
forecast_8330,2025-12-14 02:00:00,16043.830773135656,17148.97219269613,14236.96484375
forecast_8331,2025-12-14 03:00:00,16708.60778790665,17506.96104662965,14105.2373046875
forecast_8332,2025-12-14 04:00:00,16530.06527114145,17720.625647549605,14951.015625
forecast_8333,2025-12-14 05:00:00,16984.818489924597,18172.61322946436,15872.7451171875
forecast_8334,2025-12-14 06:00:00,16893.010798429103,18037.964629511716,14967.4541015625
forecast_8335,2025-12-14 07:00:00,17000.049484007213,18156.940870831186,16396.958984375
forecast_8336,2025-12-14 08:00:00,17124.956927859712,18429.963898209073,16446.115234375
forecast_8337,2025-12-14 09:00:00,17658.1821108626,18667.145795464916,16453.47265625
forecast_8338,2025-12-14 10:00:00,16092.668060689915,17671.70396742345,14408.8388671875
forecast_8339,2025-12-14 11:00:00,15063.197716545357,16447.292797170987,13436.59375
forecast_8340,2025-12-14 12:00:00,14650.611172299927,15836.463429898791,11925.5283203125
forecast_8341,2025-12-14 13:00:00,13272.413407915099,14251.075584973989,10684.1796875
forecast_8342,2025-12-14 14:00:00,11198.743539948315,11842.752629239942,9271.87109375
forecast_8343,2025-12-14 15:00:00,10718.376690043817,10503.586818872911,7906.13134765625
forecast_8344,2025-12-14 16:00:00,11284.020559510624,11302.664239380412,8450.205078125
forecast_8345,2025-12-14 17:00:00,13301.802718236293,13855.622715041438,10379.80078125
forecast_8346,2025-12-14 18:00:00,15375.512090741326,16082.389416037695,13040.6201171875
forecast_8347,2025-12-14 19:00:00,16287.86648412702,17153.570343819494,14895.71484375
forecast_8348,2025-12-14 20:00:00,16463.536359779864,17548.66586002041,15387.5791015625
forecast_8349,2025-12-14 21:00:00,16340.425268607882,17355.093358043014,15172.7978515625
forecast_8350,2025-12-14 22:00:00,16265.400984584514,17240.88871155486,14815.7119140625
forecast_8351,2025-12-14 23:00:00,16190.291346381182,17085.937692581858,14651.4736328125
forecast_8352,2025-12-15 00:00:00,18151.426513046245,18668.429292070956,16207.0986328125
forecast_8353,2025-12-15 01:00:00,18485.832315180756,19071.703794044908,16402.3203125
forecast_8354,2025-12-15 02:00:00,18964.232054982866,19250.15582031276,16619.23046875
forecast_8355,2025-12-15 03:00:00,19048.03397245691,19405.032128457136,16877.912109375
forecast_8356,2025-12-15 04:00:00,19054.01344761227,19366.226502008118,17097.982421875
forecast_8357,2025-12-15 05:00:00,19054.959415471625,19267.004656825222,16526.888671875
forecast_8358,2025-12-15 06:00:00,19302.992755289197,19404.978071789992,16847.357421875
forecast_8359,2025-12-15 07:00:00,19370.77584816738,19446.45397744524,16261.82421875
forecast_8360,2025-12-15 08:00:00,18548.159512286045,18719.84363392775,15146.546875
forecast_8361,2025-12-15 09:00:00,17468.633840180482,17747.893292080196,13716.37109375
forecast_8362,2025-12-15 10:00:00,16904.333926659325,17133.298470114438,13843.4267578125
forecast_8363,2025-12-15 11:00:00,14900.660331058125,15971.273908326668,11240.0986328125
forecast_8364,2025-12-15 12:00:00,12537.043332359837,13223.761295442131,9011.03125
forecast_8365,2025-12-15 13:00:00,11637.121660515715,12057.646277360334,8348.5166015625
forecast_8366,2025-12-15 14:00:00,14371.154921986474,14745.728380372224,10857.837890625
forecast_8367,2025-12-15 15:00:00,15573.353240519526,16054.243143863834,12854.6552734375
forecast_8368,2025-12-15 16:00:00,16158.195584822863,16578.662917763446,13317.2998046875
forecast_8369,2025-12-15 17:00:00,18666.11065171865,18664.97745340357,16629.478515625
forecast_8370,2025-12-15 18:00:00,19551.641497438744,19514.979435423524,18478.685546875
forecast_8371,2025-12-15 19:00:00,20038.69814944115,19842.839931523737,18552.818359375
forecast_8372,2025-12-15 20:00:00,20281.318670805173,19981.686068716535,18769.248046875
forecast_8373,2025-12-15 21:00:00,20602.236171581048,20063.67191374146,18631.451171875
forecast_8374,2025-12-15 22:00:00,19757.880648162398,19573.266192126142,17317.353515625
forecast_8375,2025-12-15 23:00:00,19158.00024024811,19195.862872013502,15735.1865234375
forecast_8376,2025-12-16 00:00:00,17025.086878510076,17888.620632961694,14498.6611328125
forecast_8377,2025-12-16 01:00:00,19325.191706079975,19464.349443805142,17500.751953125
forecast_8378,2025-12-16 02:00:00,18643.3668847687,19125.0740154332,16683.65625
forecast_8379,2025-12-16 03:00:00,16281.998925861568,17673.885301482278,14199.2958984375
forecast_8380,2025-12-16 04:00:00,13992.460056306374,15391.175132339427,12200.10546875
forecast_8381,2025-12-16 05:00:00,13364.396036583792,14661.120439641538,11311.0810546875
forecast_8382,2025-12-16 06:00:00,13475.56401073657,14818.553560040702,11342.1669921875
forecast_8383,2025-12-16 07:00:00,13545.893965240319,14539.625417017192,10773.333984375
forecast_8384,2025-12-16 08:00:00,12898.945513852652,13876.546808514453,9997.5322265625
forecast_8385,2025-12-16 09:00:00,11969.484456946066,12983.846130835134,9569.5419921875
forecast_8386,2025-12-16 10:00:00,11986.177800652576,13550.857335570938,10376.0576171875
forecast_8387,2025-12-16 11:00:00,12633.070812922002,13528.687222321241,9604.7509765625
forecast_8388,2025-12-16 12:00:00,12772.750124866898,13610.12964451393,10212.5732421875
forecast_8389,2025-12-16 13:00:00,12550.557407168146,13204.603875523007,9290.5478515625
forecast_8390,2025-12-16 14:00:00,13031.895325627478,13613.798676879393,9874.6435546875
forecast_8391,2025-12-16 15:00:00,11493.675257925464,12405.415429575232,9518.984375
forecast_8392,2025-12-16 16:00:00,11735.201072478814,12217.112573786682,9035.7626953125
forecast_8393,2025-12-16 17:00:00,10232.26882831219,10767.492838371369,9130.421875
forecast_8394,2025-12-16 18:00:00,10473.488920706432,10897.600089729644,7750.767578125
forecast_8395,2025-12-16 19:00:00,9043.406570423784,9694.19213965139,6739.328125
forecast_8396,2025-12-16 20:00:00,7609.772093159842,8281.433488944676,5273.89501953125
forecast_8397,2025-12-16 21:00:00,7859.219316100962,7930.960585218414,4878.13671875
forecast_8398,2025-12-16 22:00:00,6349.777265936842,6026.304238255261,3869.8662109375
forecast_8399,2025-12-16 23:00:00,5797.177939463581,5319.1599294039725,3999.036376953125
forecast_8400,2025-12-17 00:00:00,7210.997170517957,7446.992810974789,5678.29248046875
forecast_8401,2025-12-17 01:00:00,10367.613442354246,11084.626386130116,7896.99853515625
forecast_8402,2025-12-17 02:00:00,11202.037865190046,12097.14415889118,8086.95849609375
forecast_8403,2025-12-17 03:00:00,10408.935507513797,11028.74073658077,7241.9140625
forecast_8404,2025-12-17 04:00:00,8068.716631209329,9179.720058655641,5696.38671875
forecast_8405,2025-12-17 05:00:00,8088.133342268158,9347.868442321427,5626.73291015625
forecast_8406,2025-12-17 06:00:00,8655.368414710181,9767.057005566317,5816.46435546875
forecast_8407,2025-12-17 07:00:00,8912.290810584545,10169.345847349146,6274.42138671875
forecast_8408,2025-12-17 08:00:00,8153.501358791692,8586.134220862183,4836.89599609375
forecast_8409,2025-12-17 09:00:00,6998.084560214521,7675.840327849727,4716.94580078125
forecast_8410,2025-12-17 10:00:00,6919.89476177703,7373.147875925415,4655.4541015625
forecast_8411,2025-12-17 11:00:00,7295.807540875382,7007.098884302746,4377.66455078125
forecast_8412,2025-12-17 12:00:00,6398.255365406615,5919.820574272582,3883.4775390625
forecast_8413,2025-12-17 13:00:00,5713.478306140763,5193.087895785984,3399.412109375
forecast_8414,2025-12-17 14:00:00,5419.288723298302,4850.359783273689,3486.542236328125
forecast_8415,2025-12-17 15:00:00,4278.42660002075,3596.421172231074,2955.924560546875
forecast_8416,2025-12-17 16:00:00,3122.947116657222,2777.6072068890835,2668.534912109375
forecast_8417,2025-12-17 17:00:00,3249.340671676398,2894.7707174654415,2147.277587890625
forecast_8418,2025-12-17 18:00:00,3989.395347554663,3826.162012790096,2612.058349609375
forecast_8419,2025-12-17 19:00:00,4169.782331530061,4158.268224176845,3151.345458984375
forecast_8420,2025-12-17 20:00:00,5447.669474291447,5710.407813009842,3916.439453125
forecast_8421,2025-12-17 21:00:00,5966.196245770553,6684.198827480306,4738.41455078125
forecast_8422,2025-12-17 22:00:00,7295.929891568806,7809.058540601132,5494.755859375
forecast_8423,2025-12-17 23:00:00,7849.527354280421,8964.215321931031,5785.68505859375
forecast_8424,2025-12-18 00:00:00,8749.09550431076,9941.068673122514,6587.80859375
forecast_8425,2025-12-18 01:00:00,13514.760807379025,14208.785354989093,9307.0146484375
forecast_8426,2025-12-18 02:00:00,15147.34504772701,15460.13371351948,10849.3994140625
forecast_8427,2025-12-18 03:00:00,15871.13533246315,16124.429767589541,11559.8251953125
forecast_8428,2025-12-18 04:00:00,16362.721184244334,16540.32388465327,11855.51171875
forecast_8429,2025-12-18 05:00:00,16497.257683891334,16655.70305989151,12380.4267578125
forecast_8430,2025-12-18 06:00:00,16158.802705577147,16380.789798650541,12226.3857421875
forecast_8431,2025-12-18 07:00:00,15130.501832801348,15584.999564067268,10542.0361328125
forecast_8432,2025-12-18 08:00:00,14115.358486242234,14642.078527738402,9597.4482421875
forecast_8433,2025-12-18 09:00:00,9960.500935132604,11355.320789650006,6880.63623046875
forecast_8434,2025-12-18 10:00:00,8036.105328383889,9190.213555353945,5870.57470703125
forecast_8435,2025-12-18 11:00:00,7331.017689374065,8030.776292451802,5378.46923828125
forecast_8436,2025-12-18 12:00:00,6834.030926675877,7232.861114624076,4499.39599609375
forecast_8437,2025-12-18 13:00:00,5366.841464961026,5660.455860573924,3682.164794921875
forecast_8438,2025-12-18 14:00:00,5127.021891942084,4984.318889191743,3100.373046875
forecast_8439,2025-12-18 15:00:00,5885.905070050575,5578.235557722501,3324.389404296875
forecast_8440,2025-12-18 16:00:00,6034.756528634525,5757.799381126741,3207.076171875
forecast_8441,2025-12-18 17:00:00,6967.549397436355,7275.958429988742,4480.00732421875
forecast_8442,2025-12-18 18:00:00,7006.114360190458,8168.70245053218,5460.2763671875
forecast_8443,2025-12-18 19:00:00,7218.005618961675,8352.405150450728,5965.75048828125
forecast_8444,2025-12-18 20:00:00,7832.211019721439,8814.0812542095,6339.828125
forecast_8445,2025-12-18 21:00:00,9213.86492403148,10061.75778498318,7258.36181640625
forecast_8446,2025-12-18 22:00:00,10970.943262297653,12034.566359167842,9631.638671875
forecast_8447,2025-12-18 23:00:00,14247.162255892352,14597.379949648901,11505.6318359375
forecast_8448,2025-12-19 00:00:00,15668.916330332553,15771.630103293683,12960.2216796875
forecast_8449,2025-12-19 01:00:00,17996.51867003959,17969.01154798227,16346.6630859375
forecast_8450,2025-12-19 02:00:00,17932.9671293718,18103.711217296943,16186.4345703125
forecast_8451,2025-12-19 03:00:00,17929.592881419627,18304.936132226914,15534.6484375
forecast_8452,2025-12-19 04:00:00,17359.562341775723,17693.290316548133,13975.04296875
forecast_8453,2025-12-19 05:00:00,17177.211783256567,17628.826105189448,15685.3974609375
forecast_8454,2025-12-19 06:00:00,18816.7241770539,18756.47329196943,17032.083984375
forecast_8455,2025-12-19 07:00:00,19221.46348249253,18977.75364917938,17566.236328125
forecast_8456,2025-12-19 08:00:00,19645.387335905587,19266.570052738898,17728.70703125
forecast_8457,2025-12-19 09:00:00,19516.98855094024,19270.817808908385,17781.341796875
forecast_8458,2025-12-19 10:00:00,20432.840471146814,19980.91376198089,18455.015625
forecast_8459,2025-12-19 11:00:00,19490.480887143294,19378.500667240944,17875.32421875
forecast_8460,2025-12-19 12:00:00,18752.427350681573,19034.086025299748,17614.869140625
forecast_8461,2025-12-19 13:00:00,18672.97593479143,19090.069457746842,17787.208984375
forecast_8462,2025-12-19 14:00:00,18791.736522782277,19206.97097538486,17514.630859375
forecast_8463,2025-12-19 15:00:00,18660.66104541281,19105.34517303275,17483.130859375
forecast_8464,2025-12-19 16:00:00,18508.528087464732,18850.26694137454,17433.0
forecast_8465,2025-12-19 17:00:00,19542.857233253995,19444.21448151843,18627.583984375
forecast_8466,2025-12-19 18:00:00,19566.86611825256,19812.62911742032,19340.126953125
forecast_8467,2025-12-19 19:00:00,19188.835333816307,19705.98628979272,19141.107421875
forecast_8468,2025-12-19 20:00:00,18844.437617417498,19287.420482834015,18520.79296875
forecast_8469,2025-12-19 21:00:00,19071.92683761502,19436.85858907066,18742.533203125
forecast_8470,2025-12-19 22:00:00,19285.66356952182,19542.791532892144,18591.177734375
forecast_8471,2025-12-19 23:00:00,19081.076137262968,19230.371580100007,16898.306640625
forecast_8472,2025-12-20 00:00:00,18851.235169849322,19197.620675309186,16707.470703125
forecast_8473,2025-12-20 01:00:00,17027.807004163522,17832.944714227655,15318.9794921875
forecast_8474,2025-12-20 02:00:00,15147.243809946964,16226.127528027544,12555.5205078125
forecast_8475,2025-12-20 03:00:00,15244.147808402699,16473.284856927407,12898.2548828125
forecast_8476,2025-12-20 04:00:00,15125.702956612797,16323.5207921047,12781.3525390625
forecast_8477,2025-12-20 05:00:00,15584.800476276308,16695.111667646303,13421.2109375
forecast_8478,2025-12-20 06:00:00,15853.636213183163,16623.66407129654,13734.30859375
forecast_8479,2025-12-20 07:00:00,15787.998973918631,16897.741493990725,14950.5966796875
forecast_8480,2025-12-20 08:00:00,15554.299812121728,16307.795218953313,13905.56640625
forecast_8481,2025-12-20 09:00:00,15257.916860366908,16058.375626227535,13828.5302734375
forecast_8482,2025-12-20 10:00:00,15404.626634934792,16557.72694243573,14293.06640625
forecast_8483,2025-12-20 11:00:00,14757.238287990864,16033.586964723148,13941.3974609375
forecast_8484,2025-12-20 12:00:00,15401.570913679301,16651.920613194685,14029.21875
forecast_8485,2025-12-20 13:00:00,16093.883684228562,17289.148092513075,14917.21875
forecast_8486,2025-12-20 14:00:00,15694.672837020102,16969.86576850551,14639.1474609375
forecast_8487,2025-12-20 15:00:00,14195.604519495046,15298.419848679408,12437.6611328125
forecast_8488,2025-12-20 16:00:00,12460.604386234527,13077.615831309151,9194.4140625
forecast_8489,2025-12-20 17:00:00,12864.299438154852,13487.731532690515,9232.3857421875
forecast_8490,2025-12-20 18:00:00,13403.306277046337,14291.946968977907,10692.0087890625
forecast_8491,2025-12-20 19:00:00,13559.771487599686,13914.886307334373,10414.2255859375
forecast_8492,2025-12-20 20:00:00,13125.142897205746,13683.923204903629,10540.7041015625
forecast_8493,2025-12-20 21:00:00,12424.701467210532,13214.421878901634,8683.6904296875
forecast_8494,2025-12-20 22:00:00,13210.049069983736,14775.753105642696,11791.515625
forecast_8495,2025-12-20 23:00:00,15941.067108938265,16116.859079665111,13214.6435546875
forecast_8496,2025-12-21 00:00:00,16785.238685788725,17469.64684989844,15220.9990234375
forecast_8497,2025-12-21 01:00:00,19745.407360599685,19845.953207163137,19040.02734375
forecast_8498,2025-12-21 02:00:00,19265.972356400176,19593.627166067243,18969.939453125
forecast_8499,2025-12-21 03:00:00,19502.102487688993,19670.686361752407,19062.099609375
forecast_8500,2025-12-21 04:00:00,19094.357482775078,19628.57631708537,19574.71875
forecast_8501,2025-12-21 05:00:00,19253.53903054232,19823.263166895194,19588.212890625
forecast_8502,2025-12-21 06:00:00,18969.942256962713,19604.42993726091,19033.671875
forecast_8503,2025-12-21 07:00:00,18575.262972464887,19491.223335092152,18296.53125
forecast_8504,2025-12-21 08:00:00,18550.15863065482,19396.55255907718,18345.994140625
forecast_8505,2025-12-21 09:00:00,16908.49171641263,18388.006122719897,15980.3232421875
forecast_8506,2025-12-21 10:00:00,16060.100569939395,17342.3033298653,14787.4833984375
forecast_8507,2025-12-21 11:00:00,15442.698314861265,16934.14761534494,13859.70703125
forecast_8508,2025-12-21 12:00:00,14830.784291828655,16093.823221973154,12710.6435546875
forecast_8509,2025-12-21 13:00:00,13239.96208286385,14147.34950855383,10217.2470703125
forecast_8510,2025-12-21 14:00:00,10427.210804430248,10720.915346868514,6459.90576171875
forecast_8511,2025-12-21 15:00:00,6880.02127577812,6961.240330719806,4349.71533203125
forecast_8512,2025-12-21 16:00:00,5325.173282325042,5174.920794207514,3182.40625
forecast_8513,2025-12-21 17:00:00,4853.268620199224,4388.519235724778,2960.230224609375
forecast_8514,2025-12-21 18:00:00,4932.44720380941,4908.58126679286,3259.540283203125
forecast_8515,2025-12-21 19:00:00,5332.3576396614135,4913.086046211985,3501.258544921875
forecast_8516,2025-12-21 20:00:00,4816.663137679034,4915.3187665219,3424.0322265625
forecast_8517,2025-12-21 21:00:00,3251.7754705391785,3955.8583147447225,3303.275146484375
forecast_8518,2025-12-21 22:00:00,2705.14885545421,3102.7986159046072,3064.6826171875
forecast_8519,2025-12-21 23:00:00,2936.943553740394,3198.428078549714,2979.693359375
forecast_8520,2025-12-22 00:00:00,2370.9734995271006,2565.8564791202475,2546.2890625
forecast_8521,2025-12-22 01:00:00,1943.190335953921,3036.2510591986274,3594.947998046875
forecast_8522,2025-12-22 02:00:00,2008.0543815415858,2988.4406332608532,3697.604248046875
forecast_8523,2025-12-22 03:00:00,1883.7436520864592,2741.3889665882866,3319.570556640625
forecast_8524,2025-12-22 04:00:00,1993.8800709927332,2740.7098288053908,2772.162841796875
forecast_8525,2025-12-22 05:00:00,2010.9568153483797,2833.141770878485,2479.207275390625
forecast_8526,2025-12-22 06:00:00,1994.6916514841864,2703.2897669950426,2545.238037109375
forecast_8527,2025-12-22 07:00:00,2060.505166791519,2789.8344875326457,2297.694091796875
forecast_8528,2025-12-22 08:00:00,2212.1429789791405,2810.8004287921035,2254.710205078125
forecast_8529,2025-12-22 09:00:00,1693.3230150679062,2251.9637265158035,2219.752685546875
forecast_8530,2025-12-22 10:00:00,1391.0413565535578,1953.579414144672,1995.9195556640625
forecast_8531,2025-12-22 11:00:00,1525.659016060872,2339.830808762111,2479.950927734375
forecast_8532,2025-12-22 12:00:00,1366.3433191217869,2071.418637167869,2800.27734375
forecast_8533,2025-12-22 13:00:00,1531.561823315265,1823.7280077596135,2882.268310546875
forecast_8534,2025-12-22 14:00:00,1095.8275821145075,1566.767173170843,2405.2353515625
forecast_8535,2025-12-22 15:00:00,1181.7031226429626,1662.4062884776822,2538.106201171875
forecast_8536,2025-12-22 16:00:00,1323.9116146511126,2162.593578719857,2817.8818359375
forecast_8537,2025-12-22 17:00:00,1331.1974234427894,1832.9924635564466,2328.583740234375
forecast_8538,2025-12-22 18:00:00,1411.7865582296222,1913.3947969531112,2367.061767578125
forecast_8539,2025-12-22 19:00:00,1820.9444934462267,2727.700440737784,3064.692138671875
forecast_8540,2025-12-22 20:00:00,2419.5677254680104,3253.7107855494987,3649.159423828125
forecast_8541,2025-12-22 21:00:00,4541.4319265697795,5277.494662692233,4105.16455078125
forecast_8542,2025-12-22 22:00:00,5865.413572109883,7199.019972896691,5413.90576171875
forecast_8543,2025-12-22 23:00:00,5495.356084969916,6747.05032764245,4840.34814453125
forecast_8544,2025-12-23 00:00:00,5773.4970430253015,7066.605240826862,5431.724609375
forecast_8545,2025-12-23 01:00:00,6453.505392756621,7264.837230040161,4410.53173828125
forecast_8546,2025-12-23 02:00:00,6181.950712527036,7162.134916320023,4444.12744140625
forecast_8547,2025-12-23 03:00:00,6942.03736836871,7970.246167158182,4933.759765625
forecast_8548,2025-12-23 04:00:00,5966.114890505758,7065.986192301189,4382.6171875
forecast_8549,2025-12-23 05:00:00,6083.911408316821,7049.840781291989,4581.009765625
forecast_8550,2025-12-23 06:00:00,6333.590013859965,7161.011361691782,4759.15478515625
forecast_8551,2025-12-23 07:00:00,6846.190706729345,7329.343392171631,4855.10498046875
forecast_8552,2025-12-23 08:00:00,7120.817893452445,8233.934930506139,6031.775390625
forecast_8553,2025-12-23 09:00:00,7682.825775665191,9232.34581560977,7145.96826171875
forecast_8554,2025-12-23 10:00:00,9196.014305511719,11243.37978810442,8350.943359375
forecast_8555,2025-12-23 11:00:00,8418.79661135006,10282.225954028052,7567.93603515625
forecast_8556,2025-12-23 12:00:00,8237.820368963497,10035.965123133603,7280.04443359375
forecast_8557,2025-12-23 13:00:00,8165.517007292572,9699.154922189706,7114.31689453125
forecast_8558,2025-12-23 14:00:00,7778.794701352251,9652.836903803696,7367.35205078125
forecast_8559,2025-12-23 15:00:00,6361.597431560699,7605.928862839993,5462.30810546875
forecast_8560,2025-12-23 16:00:00,4354.709291339142,5085.693460224233,3470.224609375
forecast_8561,2025-12-23 17:00:00,4402.869994334542,4992.6933694018135,3270.2685546875
forecast_8562,2025-12-23 18:00:00,6955.716744000912,8189.311238160737,5645.32958984375
forecast_8563,2025-12-23 19:00:00,8870.110972150815,10268.75734925238,6464.1640625
forecast_8564,2025-12-23 20:00:00,9275.375963855786,10050.781303903426,6160.72265625
forecast_8565,2025-12-23 21:00:00,8742.114731658836,9191.54148412035,5380.7041015625
forecast_8566,2025-12-23 22:00:00,10597.439512377678,12455.535776630326,9147.98046875
forecast_8567,2025-12-23 23:00:00,11412.514744137961,13173.457845395818,8813.1396484375
forecast_8568,2025-12-24 00:00:00,10999.003686134256,12590.636220426924,9321.650390625
forecast_8569,2025-12-24 01:00:00,8032.40324361672,8801.929643608506,4937.77490234375
forecast_8570,2025-12-24 02:00:00,7456.5831809723295,8289.066309385154,4395.91357421875
forecast_8571,2025-12-24 03:00:00,4715.031440307807,5949.04305036669,3398.336181640625
forecast_8572,2025-12-24 04:00:00,3776.537036042728,5215.008800645399,3295.876220703125
forecast_8573,2025-12-24 05:00:00,3614.4774272878885,4861.938310397307,3131.78515625
forecast_8574,2025-12-24 06:00:00,3301.4154440422726,4151.965692381105,2922.7666015625
forecast_8575,2025-12-24 07:00:00,2848.9884957816394,3663.700366833941,2662.92724609375
forecast_8576,2025-12-24 08:00:00,2079.8083613754798,2970.6567248335928,2655.042724609375
forecast_8577,2025-12-24 09:00:00,1898.7747050843418,2903.9642464439617,2774.4140625
forecast_8578,2025-12-24 10:00:00,1218.9898513377923,2263.5447275007546,2629.788330078125
forecast_8579,2025-12-24 11:00:00,927.1529449336031,1263.8590927121152,2219.325927734375
forecast_8580,2025-12-24 12:00:00,1490.444301653438,2331.3889759334356,2937.353515625
forecast_8581,2025-12-24 13:00:00,1169.2388181507222,1822.4293397252102,2548.7646484375
forecast_8582,2025-12-24 14:00:00,1277.9813945234146,1991.2547902390622,2632.42138671875
forecast_8583,2025-12-24 15:00:00,1160.0521359179409,1860.1009575849816,2215.527587890625
forecast_8584,2025-12-24 16:00:00,1267.1899151343987,1993.0129995241145,2212.156005859375
forecast_8585,2025-12-24 17:00:00,1286.274164620266,2222.6648823778123,2601.992431640625
forecast_8586,2025-12-24 18:00:00,1237.1293392270231,1928.3665231233813,2541.506103515625
forecast_8587,2025-12-24 19:00:00,1340.3116992140815,2039.8929664896555,2570.598876953125
forecast_8588,2025-12-24 20:00:00,1127.5008168691663,1621.885756139113,2304.841552734375
forecast_8589,2025-12-24 21:00:00,1507.2991372117094,1931.2398043613318,2043.8153076171875
forecast_8590,2025-12-24 22:00:00,1668.887564953821,1683.069367828782,1928.8271484375
forecast_8591,2025-12-24 23:00:00,1834.4431705356112,2149.94757088801,2421.86767578125
forecast_8592,2025-12-25 00:00:00,2800.388665387014,3212.955618944996,3021.920166015625
forecast_8593,2025-12-25 01:00:00,3306.4211579860416,3736.767792741756,2680.9794921875
forecast_8594,2025-12-25 02:00:00,5336.699506566389,5773.5784987746665,3718.382080078125
forecast_8595,2025-12-25 03:00:00,6486.47256417828,7037.989976360371,4131.84033203125
forecast_8596,2025-12-25 04:00:00,8836.586644914187,9383.969343587398,5551.890625
forecast_8597,2025-12-25 05:00:00,10410.107877715585,10843.683905852457,6074.68359375
forecast_8598,2025-12-25 06:00:00,11322.810275360602,12160.400934408264,7657.18994140625
forecast_8599,2025-12-25 07:00:00,14315.179163400886,15057.896645365996,10791.078125
forecast_8600,2025-12-25 08:00:00,16146.35523992627,17044.60279925471,13528.9970703125
forecast_8601,2025-12-25 09:00:00,16262.154767187149,17608.10587026125,15353.2421875
forecast_8602,2025-12-25 10:00:00,16068.675957402655,17361.58943602686,15676.015625
forecast_8603,2025-12-25 11:00:00,15923.098864424188,16912.237556472704,15205.1572265625
forecast_8604,2025-12-25 12:00:00,16022.997024712708,17139.540839609264,15410.7001953125
forecast_8605,2025-12-25 13:00:00,15858.64639514753,16937.65399780437,13435.6142578125
forecast_8606,2025-12-25 14:00:00,15729.2612724253,16743.51327035852,13359.1689453125
forecast_8607,2025-12-25 15:00:00,15490.062828538008,16331.169472698799,12785.453125
forecast_8608,2025-12-25 16:00:00,15541.235971476235,16348.591565272229,13228.9736328125
forecast_8609,2025-12-25 17:00:00,16190.509781947345,16887.52790183586,13429.3251953125
forecast_8610,2025-12-25 18:00:00,16145.142460807949,16919.63937593439,14348.58984375
forecast_8611,2025-12-25 19:00:00,15914.418689150096,16818.698494319633,14089.53515625
forecast_8612,2025-12-25 20:00:00,16353.855473091146,17137.554475990863,14609.5419921875
forecast_8613,2025-12-25 21:00:00,17094.92523443172,17732.606882449843,15094.4541015625
forecast_8614,2025-12-25 22:00:00,16312.175338564191,17168.08846795613,14366.2685546875
forecast_8615,2025-12-25 23:00:00,17275.056831239614,17853.939570178336,15290.33984375
forecast_8616,2025-12-26 00:00:00,17438.893627829762,18288.690112708537,15878.1826171875
forecast_8617,2025-12-26 01:00:00,17223.351343112656,18345.678610406798,16106.9208984375
forecast_8618,2025-12-26 02:00:00,16171.373406263954,17554.574461596232,13462.79296875
forecast_8619,2025-12-26 03:00:00,17514.316577483958,18149.124620009283,13828.515625
forecast_8620,2025-12-26 04:00:00,16889.325163872134,17852.455970003022,13611.25390625
forecast_8621,2025-12-26 05:00:00,17315.101414085413,18069.95901440559,13139.3330078125
forecast_8622,2025-12-26 06:00:00,17263.33891610581,17899.29126955467,13320.0390625
forecast_8623,2025-12-26 07:00:00,16805.63725217356,17555.79766215368,12534.7333984375
forecast_8624,2025-12-26 08:00:00,15721.264693449104,16754.553751529067,11934.0048828125
forecast_8625,2025-12-26 09:00:00,15988.750028523025,16271.68075547813,12006.2177734375
forecast_8626,2025-12-26 10:00:00,15158.512554645498,15576.657570526319,11498.3955078125
forecast_8627,2025-12-26 11:00:00,12620.523527304435,13649.127739076284,9973.2177734375
forecast_8628,2025-12-26 12:00:00,10779.13723968651,11289.869555301582,7958.10400390625
forecast_8629,2025-12-26 13:00:00,10477.551441863483,10533.1640716116,7774.66259765625
forecast_8630,2025-12-26 14:00:00,10933.232593069297,10565.21121954345,7151.68310546875
forecast_8631,2025-12-26 15:00:00,10780.12312920735,10300.987303240901,7257.51171875
forecast_8632,2025-12-26 16:00:00,11335.759797403824,10831.246282107168,7511.5625
forecast_8633,2025-12-26 17:00:00,13259.756396061664,13081.378373036354,9126.609375
forecast_8634,2025-12-26 18:00:00,13859.488058257062,14501.577661679292,9911.66015625
forecast_8635,2025-12-26 19:00:00,14179.26823665384,14760.637732058129,10334.4814453125
forecast_8636,2025-12-26 20:00:00,15563.837813318676,15737.427216456274,12183.7236328125
forecast_8637,2025-12-26 21:00:00,17005.35051476471,17058.26926265029,13570.0107421875
forecast_8638,2025-12-26 22:00:00,18382.266189231712,18277.201731081448,14975.1923828125
forecast_8639,2025-12-26 23:00:00,18183.685681117175,18384.635459513112,14347.3857421875
forecast_8640,2025-12-27 00:00:00,17996.222180190416,18309.53060193509,14778.6171875
forecast_8641,2025-12-27 01:00:00,18673.764272030945,19019.002865285034,15952.3173828125
forecast_8642,2025-12-27 02:00:00,18818.37138750216,19141.916357989405,16228.1884765625
forecast_8643,2025-12-27 03:00:00,18786.471765259288,19157.580527149297,16101.0576171875
forecast_8644,2025-12-27 04:00:00,18909.1026503248,19288.78201063779,16364.8828125
forecast_8645,2025-12-27 05:00:00,18370.85417378632,19021.757769580086,15752.7158203125
forecast_8646,2025-12-27 06:00:00,18227.495939676366,18815.280472826867,15874.5908203125
forecast_8647,2025-12-27 07:00:00,18730.293264536736,19163.797691619475,16239.9736328125
forecast_8648,2025-12-27 08:00:00,18202.538397288998,18835.42761299768,15756.6455078125
forecast_8649,2025-12-27 09:00:00,16181.329422778495,17384.48095189012,14010.3876953125
forecast_8650,2025-12-27 10:00:00,13895.342496845897,15609.649114608757,12952.3525390625
forecast_8651,2025-12-27 11:00:00,13632.261703561639,15340.91276239622,12447.0341796875
forecast_8652,2025-12-27 12:00:00,14718.3442451703,15931.773470027907,12565.7919921875
forecast_8653,2025-12-27 13:00:00,15082.939517685045,16178.338078981687,12620.9296875
forecast_8654,2025-12-27 14:00:00,15353.827248689055,16608.721604138576,13591.80078125
forecast_8655,2025-12-27 15:00:00,15385.955706785522,16774.448951950188,14093.984375
forecast_8656,2025-12-27 16:00:00,15073.203042069066,16511.59966770884,14373.9404296875
forecast_8657,2025-12-27 17:00:00,16000.90032810432,17361.660280818658,14640.3818359375
forecast_8658,2025-12-27 18:00:00,16995.517237761866,18123.554196102767,16504.412109375
forecast_8659,2025-12-27 19:00:00,17603.383041844078,18620.678693689755,16686.810546875
forecast_8660,2025-12-27 20:00:00,17064.099683025874,18127.271531820716,16250.8701171875
forecast_8661,2025-12-27 21:00:00,17255.228343098832,18117.170547683025,15949.35546875
forecast_8662,2025-12-27 22:00:00,17253.162886302085,18088.37901387345,16472.498046875
forecast_8663,2025-12-27 23:00:00,17534.527469279165,18208.80125409472,16158.9013671875
forecast_8664,2025-12-28 00:00:00,16961.119466483848,17962.764976707356,15510.0908203125
forecast_8665,2025-12-28 01:00:00,18718.100415092253,19156.132514674115,17314.205078125
forecast_8666,2025-12-28 02:00:00,19401.72039397429,19579.793745701303,17476.0625
forecast_8667,2025-12-28 03:00:00,19696.841721498502,19822.02762492445,17975.578125
forecast_8668,2025-12-28 04:00:00,20204.367086633276,20215.642701288325,18755.69140625
forecast_8669,2025-12-28 05:00:00,20257.125772479238,20221.99910247258,18921.0546875
forecast_8670,2025-12-28 06:00:00,20299.20711918008,20231.538742175104,18689.759765625
forecast_8671,2025-12-28 07:00:00,20219.493101402193,20164.789436288724,18092.02734375
forecast_8672,2025-12-28 08:00:00,19748.601532867382,19893.651183041773,17794.841796875
forecast_8673,2025-12-28 09:00:00,18472.883973721524,18988.813238397997,16513.017578125
forecast_8674,2025-12-28 10:00:00,18163.654610757447,18737.750476104713,16099.0439453125
forecast_8675,2025-12-28 11:00:00,17471.09362374472,18262.135633525082,15422.4169921875
forecast_8676,2025-12-28 12:00:00,16507.441587917783,17617.9450472556,14785.3681640625
forecast_8677,2025-12-28 13:00:00,15510.116178141301,16561.10633078742,12906.76171875
forecast_8678,2025-12-28 14:00:00,14161.31782968726,14928.031798684275,11488.83203125
forecast_8679,2025-12-28 15:00:00,14290.985219558956,14962.984601254633,11763.7587890625
forecast_8680,2025-12-28 16:00:00,15130.581801125454,15845.271034490364,12427.015625
forecast_8681,2025-12-28 17:00:00,16122.122056066784,17061.425155366742,14019.3466796875
forecast_8682,2025-12-28 18:00:00,14557.198538561888,16000.23198452415,13954.99609375
forecast_8683,2025-12-28 19:00:00,13904.265510437235,15159.677704831118,12969.0810546875
forecast_8684,2025-12-28 20:00:00,14247.585992844004,15500.857882039712,13426.9189453125
forecast_8685,2025-12-28 21:00:00,15940.90583226797,16833.4163703331,13929.3330078125
forecast_8686,2025-12-28 22:00:00,16889.567481004855,17805.20853314996,15465.109375
forecast_8687,2025-12-28 23:00:00,17585.907125876132,18065.153001028862,15678.4482421875
forecast_8688,2025-12-29 00:00:00,17826.891424734065,18484.38449674451,16423.21875
forecast_8689,2025-12-29 01:00:00,17841.155482473172,18707.73104921541,16649.298828125
forecast_8690,2025-12-29 02:00:00,18568.00992553428,19209.440103175446,17519.49609375
forecast_8691,2025-12-29 03:00:00,19214.474986216483,19565.20561032261,18044.720703125
forecast_8692,2025-12-29 04:00:00,18578.705988361005,19140.104930043755,17954.625
forecast_8693,2025-12-29 05:00:00,18679.601154768716,19278.65289331081,17454.2109375
forecast_8694,2025-12-29 06:00:00,19010.575318035546,19403.863311892568,17412.177734375
forecast_8695,2025-12-29 07:00:00,18646.051666951353,19074.330152064493,17093.9140625
forecast_8696,2025-12-29 08:00:00,18949.317503063754,19270.73361317659,17294.775390625
forecast_8697,2025-12-29 09:00:00,18409.9295166019,18999.23258802509,17200.970703125
forecast_8698,2025-12-29 10:00:00,18344.75526488278,18917.03470594581,16638.384765625
forecast_8699,2025-12-29 11:00:00,18224.178944080282,18861.037690040812,16564.345703125
forecast_8700,2025-12-29 12:00:00,18565.98963088032,19010.850898007317,16494.923828125
forecast_8701,2025-12-29 13:00:00,18062.705051529687,18749.47874202286,16567.9921875
forecast_8702,2025-12-29 14:00:00,17872.107707642757,18745.466357733803,15957.7392578125
forecast_8703,2025-12-29 15:00:00,17426.979575636833,18125.502046583206,15730.2861328125
forecast_8704,2025-12-29 16:00:00,17011.690999209903,17822.595926155256,15799.9501953125
forecast_8705,2025-12-29 17:00:00,17424.76839247713,18087.17036903629,16169.9482421875
forecast_8706,2025-12-29 18:00:00,17608.422732119216,18294.039293704278,16254.203125
forecast_8707,2025-12-29 19:00:00,17396.438008701167,18022.033254562793,15739.1630859375
forecast_8708,2025-12-29 20:00:00,16893.968032064367,17764.125641504375,14832.5908203125
forecast_8709,2025-12-29 21:00:00,16579.43923668674,17611.663577465613,14574.7080078125
forecast_8710,2025-12-29 22:00:00,16405.334492388934,17314.91691335957,14636.5419921875
forecast_8711,2025-12-29 23:00:00,16334.472584922001,17237.233225657867,14535.2861328125
forecast_8712,2025-12-30 00:00:00,16356.288216272804,17055.96308493244,13782.5703125
forecast_8713,2025-12-30 01:00:00,14358.204770808159,15801.55484566358,12662.5439453125
forecast_8714,2025-12-30 02:00:00,15123.001898922916,16074.253399001322,12579.3408203125
forecast_8715,2025-12-30 03:00:00,15601.302647908822,16496.085681794815,12687.4013671875
forecast_8716,2025-12-30 04:00:00,15969.641126217404,16932.143810412483,13434.27734375
forecast_8717,2025-12-30 05:00:00,15599.659389886927,16680.06811692864,13110.5771484375
forecast_8718,2025-12-30 06:00:00,15426.946377432072,16525.568458638692,12125.2392578125
forecast_8719,2025-12-30 07:00:00,15189.547900899279,16119.286835557446,11105.8310546875
forecast_8720,2025-12-30 08:00:00,13732.590736068074,15071.853010183635,10141.4638671875
forecast_8721,2025-12-30 09:00:00,10850.337018391927,11996.817033811494,8473.5205078125
forecast_8722,2025-12-30 10:00:00,9005.041718628512,9796.068359715766,6691.77783203125
forecast_8723,2025-12-30 11:00:00,9851.448776255316,9905.100768860808,7107.17529296875
forecast_8724,2025-12-30 12:00:00,10834.64722124673,10986.981124377435,7726.33203125
forecast_8725,2025-12-30 13:00:00,11326.54636202403,11512.61021415973,8998.3505859375
forecast_8726,2025-12-30 14:00:00,11932.77862095111,12007.380897341423,9312.94921875
forecast_8727,2025-12-30 15:00:00,12348.986234164619,12559.62113360511,10163.6494140625
forecast_8728,2025-12-30 16:00:00,12926.908656847332,13137.78749486612,10744.03125
forecast_8729,2025-12-30 17:00:00,13191.45831603454,13753.648326299077,11561.5263671875
forecast_8730,2025-12-30 18:00:00,12740.198344945016,13369.281190890564,11607.6875
forecast_8731,2025-12-30 19:00:00,12238.54131194213,12806.520512849707,11250.7685546875
forecast_8732,2025-12-30 20:00:00,12394.191069918988,13334.633314117391,11501.1611328125
forecast_8733,2025-12-30 21:00:00,14006.524155579287,14948.917944611021,12582.1982421875
forecast_8734,2025-12-30 22:00:00,14625.227435264234,15601.542195348757,13299.5810546875
forecast_8735,2025-12-30 23:00:00,15100.572351911589,15974.96678583735,13376.0029296875
forecast_8736,2025-12-31 00:00:00,15522.124171327814,16390.400444888008,13380.9560546875
forecast_8737,2025-12-31 01:00:00,16548.624790353148,17595.27594042324,15083.3017578125
forecast_8738,2025-12-31 02:00:00,17079.793280870108,18072.165285810617,15626.5634765625
forecast_8739,2025-12-31 03:00:00,16926.550591434716,17963.49078050133,15169.7529296875
forecast_8740,2025-12-31 04:00:00,16648.161885132162,17787.354733822904,14582.9921875
forecast_8741,2025-12-31 05:00:00,15955.377551800251,17243.484137579086,13650.5263671875
forecast_8742,2025-12-31 06:00:00,16311.100493346916,17342.753606125552,13761.7578125
forecast_8743,2025-12-31 07:00:00,16955.13840698626,17774.771185502977,14023.2138671875
forecast_8744,2025-12-31 08:00:00,16142.543667736692,17218.563900786154,13571.0810546875
forecast_8745,2025-12-31 09:00:00,15049.562428311625,16313.374341508323,12772.7978515625
forecast_8746,2025-12-31 10:00:00,13294.920174546476,14707.615407117,10989.8837890625
forecast_8747,2025-12-31 11:00:00,11098.904540765217,12268.22404411803,8935.12109375
forecast_8748,2025-12-31 12:00:00,10858.454192271449,11407.64565726187,8014.25927734375
forecast_8749,2025-12-31 13:00:00,10741.360665386324,10749.657799870021,7888.43310546875
forecast_8750,2025-12-31 14:00:00,10907.95770110888,10808.150799773366,8357.8720703125
forecast_8751,2025-12-31 15:00:00,11683.596307689279,11294.427752833628,8632.56640625
forecast_8752,2025-12-31 16:00:00,12175.201850157764,12175.301101509074,9416.6279296875
forecast_8753,2025-12-31 17:00:00,12597.072120462732,12694.43179077848,9598.607421875
forecast_8754,2025-12-31 18:00:00,13453.973080865664,13403.705547894566,9502.771484375
forecast_8755,2025-12-31 19:00:00,13867.136252324872,14037.962892226507,9721.4013671875
forecast_8756,2025-12-31 20:00:00,14972.80662112622,15428.180353038617,11900.7265625
forecast_8757,2025-12-31 21:00:00,15851.16454035229,16248.320891740157,12603.515625
forecast_8758,2025-12-31 22:00:00,16974.76601545126,17381.767031346248,13736.9296875
forecast_8759,2025-12-31 23:00:00,17230.746854919897,17670.465700282246,14321.28515625
forecast_8760,2026-01-01 00:00:00,16805.218761097894,17351.32752871131,14231.6455078125
