forecast_id,forecast_kst_dtm,kpx_group_1,kpx_group_2,kpx_group_3
forecast_0001,2025-01-01 01:00:00,19773.09725879659,20009.096550399147,18487.3103692261
forecast_0002,2025-01-01 02:00:00,19604.604201504895,19858.142330620176,18196.971013375936
forecast_0003,2025-01-01 03:00:00,18950.466637601596,19584.696885394,18230.802838191135
forecast_0004,2025-01-01 04:00:00,18974.044300881418,19565.128036715792,18056.01174423447
forecast_0005,2025-01-01 05:00:00,18609.789003320613,19331.75075384174,17851.81451687432
forecast_0006,2025-01-01 06:00:00,18280.49033481183,18892.307978746474,17074.003956712968
forecast_0007,2025-01-01 07:00:00,15504.428530862271,16685.893345042885,14785.467824520769
forecast_0008,2025-01-01 08:00:00,14805.148448121003,15907.477254438953,13783.884614674542
forecast_0009,2025-01-01 09:00:00,14837.413402866894,16114.59743971035,14238.514534630369
forecast_0010,2025-01-01 10:00:00,15516.443695717648,16243.19765848386,13869.168665036903
forecast_0011,2025-01-01 11:00:00,14822.984247499327,15601.732870258686,13171.689035580226
forecast_0012,2025-01-01 12:00:00,15089.483176987871,15864.771673376144,13642.03938361452
forecast_0013,2025-01-01 13:00:00,15216.785986016228,16037.726878347938,14187.925303984906
forecast_0014,2025-01-01 14:00:00,15834.316599566797,16387.765727977327,14467.77787786555
forecast_0015,2025-01-01 15:00:00,14493.168609142587,14867.644833982136,12608.409432938339
forecast_0016,2025-01-01 16:00:00,13783.238449057138,14338.009666219697,11977.05943583482
forecast_0017,2025-01-01 17:00:00,14007.520310490854,14306.374810060646,11543.781230344472
forecast_0018,2025-01-01 18:00:00,14489.226470452524,15000.002338466535,12363.731165915902
forecast_0019,2025-01-01 19:00:00,15004.77404311051,15668.353188562161,13226.15495725165
forecast_0020,2025-01-01 20:00:00,16998.321734004934,17718.180977253905,15709.829716415079
forecast_0021,2025-01-01 21:00:00,17897.633903392023,18446.69775194534,16496.311775118098
forecast_0022,2025-01-01 22:00:00,18406.584785234118,18814.72272126432,16819.155220946137
forecast_0023,2025-01-01 23:00:00,18689.221403965734,19096.122078173456,17206.101494564133
forecast_0024,2025-01-02 00:00:00,18494.5350161193,18926.919521772114,16870.804073654064
forecast_0025,2025-01-02 01:00:00,16875.336413952347,17357.417081471227,14457.080939012752
forecast_0026,2025-01-02 02:00:00,16132.958875493634,16598.48868056898,13371.102499382432
forecast_0027,2025-01-02 03:00:00,15003.927111727337,15431.338112043755,11866.569528568083
forecast_0028,2025-01-02 04:00:00,13933.972281547602,14416.881384200187,10675.474485740497
forecast_0029,2025-01-02 05:00:00,13043.31656672438,13459.64385854928,9599.651449273428
forecast_0030,2025-01-02 06:00:00,11994.513733367949,12386.51533023343,8549.239140207492
forecast_0031,2025-01-02 07:00:00,10945.849295986558,11500.174598276015,7837.349260564455
forecast_0032,2025-01-02 08:00:00,10371.113567823577,10871.177661535561,7387.874255109897
forecast_0033,2025-01-02 09:00:00,8099.02035716842,8840.829749815957,6126.064991067864
forecast_0034,2025-01-02 10:00:00,7149.15730529405,7732.179880372466,5403.321832161001
forecast_0035,2025-01-02 11:00:00,5958.84392375511,6908.924369745049,5080.851173902658
forecast_0036,2025-01-02 12:00:00,6089.429961535953,6268.755695188422,4403.628501254237
forecast_0037,2025-01-02 13:00:00,5932.638089907252,6180.485489687622,4571.630455577667
forecast_0038,2025-01-02 14:00:00,6943.48556342197,7086.43209273331,5330.311660777185
forecast_0039,2025-01-02 15:00:00,8514.450589738452,8695.369206051575,6727.358096019842
forecast_0040,2025-01-02 16:00:00,9411.698858945929,9580.684242153797,7458.532577537742
forecast_0041,2025-01-02 17:00:00,10612.293906068933,10974.14145170305,8635.707892181224
forecast_0042,2025-01-02 18:00:00,12150.98108215521,12360.405385756967,9608.416695202508
forecast_0043,2025-01-02 19:00:00,13177.044274304812,13753.470305475534,11162.141173535205
forecast_0044,2025-01-02 20:00:00,13129.998948986566,13566.327927325863,10879.787475680498
forecast_0045,2025-01-02 21:00:00,13699.396192133283,14205.929008690458,11376.722471754574
forecast_0046,2025-01-02 22:00:00,14048.832623179282,14568.524105497518,11736.876448916504
forecast_0047,2025-01-02 23:00:00,14750.447209651591,15253.87634525561,12296.378290355447
forecast_0048,2025-01-03 00:00:00,15996.739406694074,16355.844415287807,13425.221570891299
forecast_0049,2025-01-03 01:00:00,15458.811950626365,15886.402906594796,13122.842060617839
forecast_0050,2025-01-03 02:00:00,15187.818037518946,15636.23675290779,12808.665198666322
forecast_0051,2025-01-03 03:00:00,14955.794298588575,15449.03484068469,12484.193802014996
forecast_0052,2025-01-03 04:00:00,14750.018884161385,15278.135229569874,12258.540305215627
forecast_0053,2025-01-03 05:00:00,14287.699461852768,14957.312672697048,12119.680930050696
forecast_0054,2025-01-03 06:00:00,13701.684549409816,14320.01961055217,11479.662223477719
forecast_0055,2025-01-03 07:00:00,13372.82319007458,13972.483438712436,11017.16231860094
forecast_0056,2025-01-03 08:00:00,13087.163352537904,14044.444091237881,11257.775301095426
forecast_0057,2025-01-03 09:00:00,12331.597321653982,12866.650996116867,10029.375504960577
forecast_0058,2025-01-03 10:00:00,11062.330753616827,11282.467209407572,8590.820241157095
forecast_0059,2025-01-03 11:00:00,10503.35557362411,10735.878533269326,8371.81139524499
forecast_0060,2025-01-03 12:00:00,11106.717178651608,10985.115236031848,8739.751199270002
forecast_0061,2025-01-03 13:00:00,10945.5086869979,11007.118532425982,8882.45529877342
forecast_0062,2025-01-03 14:00:00,11689.780946019877,11664.615041123236,9504.224516219896
forecast_0063,2025-01-03 15:00:00,12171.920773208394,12448.745235125647,10463.82344944145
forecast_0064,2025-01-03 16:00:00,12275.059043704558,12832.95993797356,10879.883664155139
forecast_0065,2025-01-03 17:00:00,12806.907192754374,13348.41416340741,11329.69432743424
forecast_0066,2025-01-03 18:00:00,11313.947567899932,12042.826910417196,10125.552495914406
forecast_0067,2025-01-03 19:00:00,11746.806930038892,12259.806872738794,9922.72177257133
forecast_0068,2025-01-03 20:00:00,13105.471832787565,13817.01506702029,11566.134613144593
forecast_0069,2025-01-03 21:00:00,14200.924316971923,14966.74332303421,12676.845807468546
forecast_0070,2025-01-03 22:00:00,15769.325702570564,16087.539472882589,13334.7266493006
forecast_0071,2025-01-03 23:00:00,15729.952106879917,16209.358584018592,13393.881110075909
forecast_0072,2025-01-04 00:00:00,15844.868729244663,16061.576653584681,12804.630925730544
forecast_0073,2025-01-04 01:00:00,16716.834553086388,17419.185524108212,14915.003772346532
forecast_0074,2025-01-04 02:00:00,16965.246015574263,17446.707241014286,14547.866783823843
forecast_0075,2025-01-04 03:00:00,17551.254568380282,17996.77238327512,15059.92149177743
forecast_0076,2025-01-04 04:00:00,17293.345201110405,17665.876766566333,14414.714906674471
forecast_0077,2025-01-04 05:00:00,17540.749226099128,17906.991162203736,14627.171561682811
forecast_0078,2025-01-04 06:00:00,17734.644712408164,18061.19279733841,14740.392384104638
forecast_0079,2025-01-04 07:00:00,16771.00925983153,17099.958448404515,13376.347150302547
forecast_0080,2025-01-04 08:00:00,15820.080839167726,16188.77950099724,12331.803742020207
forecast_0081,2025-01-04 09:00:00,14135.599161696344,14635.319462700187,10873.021760618065
forecast_0082,2025-01-04 10:00:00,12903.177851177343,13626.422073371818,10187.44747450551
forecast_0083,2025-01-04 11:00:00,10703.627631406274,11552.790102512823,8465.961376165711
forecast_0084,2025-01-04 12:00:00,10524.440692116172,11199.031456550518,8238.343319730093
forecast_0085,2025-01-04 13:00:00,11584.043088239421,12355.079646137106,9601.850850925226
forecast_0086,2025-01-04 14:00:00,12190.422868107407,12791.133678507267,10071.62557685752
forecast_0087,2025-01-04 15:00:00,11839.621990393394,12296.763674613612,9473.459450339878
forecast_0088,2025-01-04 16:00:00,11655.49231370127,12111.183442627294,9184.910538989257
forecast_0089,2025-01-04 17:00:00,13966.699136717863,13763.879461566217,10153.188224251835
forecast_0090,2025-01-04 18:00:00,14586.617655100921,14656.514016245736,11213.601172284849
forecast_0091,2025-01-04 19:00:00,14734.126512042203,15199.851293925545,12026.177144610458
forecast_0092,2025-01-04 20:00:00,15372.851116068194,15892.769797439665,12858.695436532187
forecast_0093,2025-01-04 21:00:00,15404.867897736302,15982.62302327553,13019.48875749782
forecast_0094,2025-01-04 22:00:00,17134.995969075935,17588.32647543816,14893.479575631947
forecast_0095,2025-01-04 23:00:00,18545.835895839882,18973.71738188959,16866.451293606977
forecast_0096,2025-01-05 00:00:00,19049.316561625656,19463.666607878997,17605.359039630563
forecast_0097,2025-01-05 01:00:00,17262.694360390924,17855.436083827317,15063.762625591662
forecast_0098,2025-01-05 02:00:00,17606.607691024834,18194.469427366465,15503.847143757286
forecast_0099,2025-01-05 03:00:00,17312.968335392306,17851.748396918447,14906.617444179246
forecast_0100,2025-01-05 04:00:00,16330.558365500523,17014.5194835304,13882.821088995435
forecast_0101,2025-01-05 05:00:00,14788.876079040756,15370.334870934545,11822.553460736344
forecast_0102,2025-01-05 06:00:00,13262.030892122988,14356.997434110745,11082.926220104544
forecast_0103,2025-01-05 07:00:00,13518.99290184694,14902.706668586921,11826.127709650365
forecast_0104,2025-01-05 08:00:00,14565.086549921678,16158.251919013823,13569.200977635519
forecast_0105,2025-01-05 09:00:00,14522.169629074822,16078.86031726381,13716.59630356492
forecast_0106,2025-01-05 10:00:00,15516.839458783625,16648.731745375706,14628.219944440447
forecast_0107,2025-01-05 11:00:00,16850.921660342472,17848.79221658403,16297.056897887083
forecast_0108,2025-01-05 12:00:00,16887.119549186893,17698.73108886596,15901.630846478816
forecast_0109,2025-01-05 13:00:00,16647.13240576109,17428.15588117435,15592.822632986445
forecast_0110,2025-01-05 14:00:00,14820.809615715181,15755.110383865012,13835.759078166235
forecast_0111,2025-01-05 15:00:00,14472.79160982157,15516.319062382703,13355.585960890832
forecast_0112,2025-01-05 16:00:00,14467.702936083031,15529.799284647492,13754.840193136415
forecast_0113,2025-01-05 17:00:00,11997.254318347012,12851.632384562745,10601.549150629136
forecast_0114,2025-01-05 18:00:00,12192.49168274534,12865.226554289306,10968.777649326406
forecast_0115,2025-01-05 19:00:00,14535.140083583947,15304.88685888009,13238.378175909727
forecast_0116,2025-01-05 20:00:00,16222.876668367098,16996.26360211981,15522.080362509038
forecast_0117,2025-01-05 21:00:00,17032.97293119314,17510.166376856774,16021.595652867645
forecast_0118,2025-01-05 22:00:00,16764.04586579599,17270.785520327037,15716.690262566313
forecast_0119,2025-01-05 23:00:00,15637.646439096374,16198.23317966392,14253.130234476741
forecast_0120,2025-01-06 00:00:00,14460.225711367031,15035.858658275924,12749.397169685697
forecast_0121,2025-01-06 01:00:00,12637.113541493201,13210.004774585595,10921.128539039688
forecast_0122,2025-01-06 02:00:00,12094.853626375514,12914.75556586108,10598.540096577182
forecast_0123,2025-01-06 03:00:00,11609.956560398026,12470.142714412556,9961.275473730708
forecast_0124,2025-01-06 04:00:00,11014.741762578726,11690.103596247318,8890.229742863972
forecast_0125,2025-01-06 05:00:00,7558.7205060533315,8015.453500059393,5574.7013304537595
forecast_0126,2025-01-06 06:00:00,4123.920617431823,4720.438619368813,3616.209212670427
forecast_0127,2025-01-06 07:00:00,2974.212373729605,3596.547371712857,2586.480269921138
forecast_0128,2025-01-06 08:00:00,2377.619859373094,3001.702896966278,2329.968631489556
forecast_0129,2025-01-06 09:00:00,3013.619799367528,3717.120426553127,3075.419729770452
forecast_0130,2025-01-06 10:00:00,5851.558849186798,7177.741328170949,5536.844150515801
forecast_0131,2025-01-06 11:00:00,7686.144177106147,8279.55641510234,6697.780038169736
forecast_0132,2025-01-06 12:00:00,7483.5221777391,7783.070334209514,6025.949104454383
forecast_0133,2025-01-06 13:00:00,7648.085123500931,8031.21028564275,6270.416526812617
forecast_0134,2025-01-06 14:00:00,8219.235363732092,8464.317515705421,6761.052649912786
forecast_0135,2025-01-06 15:00:00,8026.234747657425,8287.79885491264,6626.3626149081865
forecast_0136,2025-01-06 16:00:00,8926.864274500676,9206.190931081437,7306.466813186998
forecast_0137,2025-01-06 17:00:00,9591.079035500594,10334.728793239012,8465.297137936273
forecast_0138,2025-01-06 18:00:00,12451.814473088758,13217.307414473842,11144.064046567146
forecast_0139,2025-01-06 19:00:00,14126.333288244183,14913.257203454294,12883.120320568481
forecast_0140,2025-01-06 20:00:00,15400.85121862298,16314.598470551347,14385.773392026578
forecast_0141,2025-01-06 21:00:00,15550.202755056525,16073.99372474638,13858.787349246692
forecast_0142,2025-01-06 22:00:00,16438.384584815976,17058.91605009861,14933.666817298978
forecast_0143,2025-01-06 23:00:00,16510.167943665674,17239.29308195522,15245.263347770628
forecast_0144,2025-01-07 00:00:00,17743.893696018975,18224.250933292224,16182.429103992527
forecast_0145,2025-01-07 01:00:00,18345.285695898026,18685.19710593793,16837.919794713333
forecast_0146,2025-01-07 02:00:00,18723.987991329835,18990.5437585911,17039.561404858632
forecast_0147,2025-01-07 03:00:00,18479.833569381906,18861.614262928157,16977.357097326632
forecast_0148,2025-01-07 04:00:00,17939.357220260987,18319.389165082986,16329.276648073954
forecast_0149,2025-01-07 05:00:00,17366.6310940038,17896.986798507598,16003.195979554654
forecast_0150,2025-01-07 06:00:00,16852.448200563216,17415.713197772522,15462.396205822028
forecast_0151,2025-01-07 07:00:00,17498.305006164264,17821.5722989037,15602.182877301191
forecast_0152,2025-01-07 08:00:00,16904.26660568791,17572.113759352116,15584.677697926692
forecast_0153,2025-01-07 09:00:00,16986.202081830706,17683.15176916494,15954.157450122573
forecast_0154,2025-01-07 10:00:00,17839.216631841882,18291.37947132585,16544.453815310637
forecast_0155,2025-01-07 11:00:00,17361.292113298543,17770.36688111652,15899.627149884098
forecast_0156,2025-01-07 12:00:00,16842.365608163316,17210.662901361793,15205.226357768504
forecast_0157,2025-01-07 13:00:00,16592.88718368727,16936.181578491316,14969.172177929635
forecast_0158,2025-01-07 14:00:00,16187.037181085798,16522.34919228704,14560.609284321432
forecast_0159,2025-01-07 15:00:00,16166.95293504032,16379.631252356376,14306.130089150247
forecast_0160,2025-01-07 16:00:00,15615.67074610673,15924.376148934727,13867.297330438047
forecast_0161,2025-01-07 17:00:00,16218.542330123535,16451.210194984695,14292.523056049466
forecast_0162,2025-01-07 18:00:00,16706.12465226815,17222.298483995968,15351.198545144398
forecast_0163,2025-01-07 19:00:00,17458.84839551768,17849.575270068042,16184.526503858788
forecast_0164,2025-01-07 20:00:00,17842.323482533895,18263.47226807671,16604.422446209468
forecast_0165,2025-01-07 21:00:00,18152.13728692149,18567.000139393902,16898.631315307954
forecast_0166,2025-01-07 22:00:00,18459.098531147287,18828.85018546248,17171.370950874898
forecast_0167,2025-01-07 23:00:00,18590.21730536961,18895.467758556533,17325.41755880853
forecast_0168,2025-01-08 00:00:00,18480.62001293499,18741.822907197857,17088.589867020302
forecast_0169,2025-01-08 01:00:00,17959.00879089666,18307.40331403183,16739.564595165317
forecast_0170,2025-01-08 02:00:00,17741.513867672915,18175.73408175946,16655.23158287859
forecast_0171,2025-01-08 03:00:00,17979.555365326232,18356.543282698694,16728.567368889486
forecast_0172,2025-01-08 04:00:00,17120.927479607144,17493.831671266602,15468.894527912711
forecast_0173,2025-01-08 05:00:00,16655.953253257623,16944.23048345179,14630.874095340256
forecast_0174,2025-01-08 06:00:00,16200.199981968492,16543.329933247434,14283.399194196747
forecast_0175,2025-01-08 07:00:00,16092.926337401104,16471.926556459774,14026.490131815564
forecast_0176,2025-01-08 08:00:00,16542.467767069655,16930.99910833504,14305.485257626977
forecast_0177,2025-01-08 09:00:00,17286.74069503291,17809.86523583032,15580.582421547124
forecast_0178,2025-01-08 10:00:00,17284.783994679714,17939.620029283436,16073.033120262478
forecast_0179,2025-01-08 11:00:00,17203.750132159905,17764.031484317355,15922.719689676978
forecast_0180,2025-01-08 12:00:00,17260.946942312803,17594.89174528078,15820.488505550786
forecast_0181,2025-01-08 13:00:00,17261.235976083546,17573.77477975292,15937.591143783506
forecast_0182,2025-01-08 14:00:00,17641.26086208653,17805.90125082315,16126.114661536667
forecast_0183,2025-01-08 15:00:00,17259.7458043176,17466.509189761317,15753.34351689271
forecast_0184,2025-01-08 16:00:00,16725.851041693044,17110.177901456453,15548.759530296044
forecast_0185,2025-01-08 17:00:00,16395.248230644,16727.6537510152,15031.328610418008
forecast_0186,2025-01-08 18:00:00,16480.792495285517,16842.52914090777,15124.203344129703
forecast_0187,2025-01-08 19:00:00,16819.046172776114,17113.906835899263,15325.715023615616
forecast_0188,2025-01-08 20:00:00,17012.673142657193,17238.7510612878,15412.033916457565
forecast_0189,2025-01-08 21:00:00,16542.547332171955,16884.74202271636,15011.216019479894
forecast_0190,2025-01-08 22:00:00,16496.27652138818,16915.51765460519,14971.388614305177
forecast_0191,2025-01-08 23:00:00,16761.490306219246,17137.662504261272,15072.832276293473
forecast_0192,2025-01-09 00:00:00,17069.44202710114,17533.668640277938,15662.18413907792
forecast_0193,2025-01-09 01:00:00,17010.07963761194,17484.53850534873,15483.462657865457
forecast_0194,2025-01-09 02:00:00,17249.556178604093,17736.448995004852,15716.837387278698
forecast_0195,2025-01-09 03:00:00,17453.064119456067,17955.258986121902,16032.820298526254
forecast_0196,2025-01-09 04:00:00,17155.94797613038,17844.812307446216,16132.875667218392
forecast_0197,2025-01-09 05:00:00,16636.69104897166,17469.90287831,15635.472020161073
forecast_0198,2025-01-09 06:00:00,16207.909445606496,16929.259806880887,14793.811404712687
forecast_0199,2025-01-09 07:00:00,15465.332605010082,15730.775250074157,13449.497275624828
forecast_0200,2025-01-09 08:00:00,15526.602446765824,15728.84923698319,13207.441737004325
forecast_0201,2025-01-09 09:00:00,15400.570367044798,15772.233013524785,13463.57255784912
forecast_0202,2025-01-09 10:00:00,15214.937755707377,15491.469970625045,13054.033872638298
forecast_0203,2025-01-09 11:00:00,15115.079075080523,15538.406041121209,13009.300029202413
forecast_0204,2025-01-09 12:00:00,14654.91169360522,15146.978236560284,12749.834963628853
forecast_0205,2025-01-09 13:00:00,14818.169285472342,15152.157513828373,12753.850148598945
forecast_0206,2025-01-09 14:00:00,14998.071270173567,15209.520143139169,12858.030170850765
forecast_0207,2025-01-09 15:00:00,14367.194604269069,14637.37102418019,12351.482961354941
forecast_0208,2025-01-09 16:00:00,13983.303663871033,14099.20980570202,11663.238356506738
forecast_0209,2025-01-09 17:00:00,14047.445791899558,14234.93528242059,11690.582160922582
forecast_0210,2025-01-09 18:00:00,13929.025037749532,14184.17323413044,11427.906812796356
forecast_0211,2025-01-09 19:00:00,12906.570604212267,12960.107842558838,9707.950578799473
forecast_0212,2025-01-09 20:00:00,13559.146726262343,14181.902810820578,10325.520096730148
forecast_0213,2025-01-09 21:00:00,16207.845065964078,16734.99012642117,13131.918293106986
forecast_0214,2025-01-09 22:00:00,17292.652462952254,17770.18601858505,14490.629038641431
forecast_0215,2025-01-09 23:00:00,17610.589854810685,18489.89375749843,16658.852888947662
forecast_0216,2025-01-10 00:00:00,18789.675351265527,19369.107103756753,17547.782761284136
forecast_0217,2025-01-10 01:00:00,12314.249808674305,13001.930191725787,9203.275737782871
forecast_0218,2025-01-10 02:00:00,13803.3281624414,14289.14520170194,10253.628396393106
forecast_0219,2025-01-10 03:00:00,15745.910027432312,16486.622918630084,12982.911640433007
forecast_0220,2025-01-10 04:00:00,16906.809874161387,17800.804524334504,15203.980512279206
forecast_0221,2025-01-10 05:00:00,17911.929223528463,18446.074671854385,15694.160620637616
forecast_0222,2025-01-10 06:00:00,18185.466682263082,18531.48261570018,15480.521691961208
forecast_0223,2025-01-10 07:00:00,16002.96990993224,16406.917412938787,12572.648188684407
forecast_0224,2025-01-10 08:00:00,12649.19826813815,13226.552216304768,9361.434636027298
forecast_0225,2025-01-10 09:00:00,9718.962620533795,10081.67721054317,6635.077427659434
forecast_0226,2025-01-10 10:00:00,6532.073575067955,6945.017166967846,4486.222307463282
forecast_0227,2025-01-10 11:00:00,4419.709669077119,4819.918969377623,3176.7735690606974
forecast_0228,2025-01-10 12:00:00,3167.6318295476476,3473.09338458536,2340.4950184256486
forecast_0229,2025-01-10 13:00:00,2296.020691815107,2604.6639964693954,1826.4096363466315
forecast_0230,2025-01-10 14:00:00,3172.1554567890776,3158.450095151589,2079.9695820014945
forecast_0231,2025-01-10 15:00:00,3803.733325898866,3612.9644935394895,2342.8990906292606
forecast_0232,2025-01-10 16:00:00,4247.077052791572,4080.995417224166,2650.3155942805715
forecast_0233,2025-01-10 17:00:00,5295.488345415988,5205.967875943954,3316.638878851347
forecast_0234,2025-01-10 18:00:00,6806.362690781068,6802.417140628202,4439.675726260258
forecast_0235,2025-01-10 19:00:00,8047.887697073742,7963.914549728444,5209.387822037831
forecast_0236,2025-01-10 20:00:00,9028.029716488396,9042.398675219854,6027.130793793607
forecast_0237,2025-01-10 21:00:00,8848.99527755432,8980.839346151126,5971.47969562629
forecast_0238,2025-01-10 22:00:00,9383.924466540026,9847.312874901796,6685.070086768364
forecast_0239,2025-01-10 23:00:00,10345.151151234119,10644.87857399456,7216.433245723251
forecast_0240,2025-01-11 00:00:00,10206.374958796074,10714.104987448887,7264.558486449466
forecast_0241,2025-01-11 01:00:00,9927.851315518921,10274.173360055267,6790.228069151772
forecast_0242,2025-01-11 02:00:00,9972.73275856912,10282.779550745387,6748.118754533626
forecast_0243,2025-01-11 03:00:00,10068.654362518158,10381.6055869798,6765.83418243115
forecast_0244,2025-01-11 04:00:00,10407.381812975205,10931.891118300391,7152.853851208704
forecast_0245,2025-01-11 05:00:00,10924.558956524375,11130.447752748889,7135.46471531786
forecast_0246,2025-01-11 06:00:00,9997.306556124222,10358.67717093488,6704.179207663016
forecast_0247,2025-01-11 07:00:00,9131.792106282142,10074.522960945946,6667.759157841613
forecast_0248,2025-01-11 08:00:00,9649.671380641154,10936.051247572888,7515.8399482803925
forecast_0249,2025-01-11 09:00:00,7490.209218892481,8362.743435168984,5637.158193889198
forecast_0250,2025-01-11 10:00:00,5476.411041732093,6361.148364245872,4308.140642972772
forecast_0251,2025-01-11 11:00:00,4612.624459076067,5294.3451206981335,3564.930108058317
forecast_0252,2025-01-11 12:00:00,3383.4398286166265,4070.507621192259,2854.9131684214603
forecast_0253,2025-01-11 13:00:00,3039.483263673359,3506.332641068915,2453.930693392983
forecast_0254,2025-01-11 14:00:00,3103.851672563801,3244.0893045382636,2220.7679043435523
forecast_0255,2025-01-11 15:00:00,2313.9006937274444,2407.4305382571547,1647.7018049716696
forecast_0256,2025-01-11 16:00:00,2669.536516749722,2727.1906565750933,1805.5525551364206
forecast_0257,2025-01-11 17:00:00,4616.4691496277555,4498.810031993966,2837.700909492847
forecast_0258,2025-01-11 18:00:00,7121.060419768691,6733.693836652818,4292.711667601184
forecast_0259,2025-01-11 19:00:00,8699.887076539526,8657.818592354037,5761.114796097147
forecast_0260,2025-01-11 20:00:00,9408.61104415102,9395.320308036851,6361.502902528628
forecast_0261,2025-01-11 21:00:00,10083.656756009183,10350.709055494443,7165.549567926883
forecast_0262,2025-01-11 22:00:00,11090.948191143045,11066.50825691604,7569.951285500523
forecast_0263,2025-01-11 23:00:00,12635.25931058562,12930.930603478231,9279.032596973986
forecast_0264,2025-01-12 00:00:00,14177.487177981335,14585.898166882544,10822.158329264143
forecast_0265,2025-01-12 01:00:00,10138.814068082314,10036.974739526224,6525.454661876924
forecast_0266,2025-01-12 02:00:00,10535.46022781785,10612.953924540325,6946.507476612788
forecast_0267,2025-01-12 03:00:00,12208.145420170045,12366.039792629017,8287.027791394645
forecast_0268,2025-01-12 04:00:00,13427.493279619925,13467.1189905578,9138.141807119082
forecast_0269,2025-01-12 05:00:00,14496.046212090714,14575.375742297663,10155.076837757944
forecast_0270,2025-01-12 06:00:00,14944.41222110551,15268.08962715212,11024.092597966785
forecast_0271,2025-01-12 07:00:00,15912.336629270307,15963.687754362363,11565.943148474242
forecast_0272,2025-01-12 08:00:00,15684.473243563485,15820.972542786662,11624.067667120938
forecast_0273,2025-01-12 09:00:00,14439.87065296241,14517.04078156572,10257.158299769373
forecast_0274,2025-01-12 10:00:00,13822.650417513156,14090.65504140393,10112.782895096665
forecast_0275,2025-01-12 11:00:00,12618.845394089327,12751.74991593683,8940.659337931185
forecast_0276,2025-01-12 12:00:00,9323.438065175742,9532.356468737922,6553.583602097813
forecast_0277,2025-01-12 13:00:00,9198.461071626802,9378.340218726464,6620.551340510473
forecast_0278,2025-01-12 14:00:00,10507.288985644378,10800.9569146579,8032.74581196848
forecast_0279,2025-01-12 15:00:00,10403.59878409668,10789.884875336573,8254.592605828262
forecast_0280,2025-01-12 16:00:00,11500.955330932042,11977.495866416233,9358.106801932063
forecast_0281,2025-01-12 17:00:00,13102.799434542441,13319.192258505838,10138.732315251835
forecast_0282,2025-01-12 18:00:00,14127.186716833296,14318.458090729056,10973.207782449777
forecast_0283,2025-01-12 19:00:00,14276.988707928536,14330.964765282613,10827.460145901136
forecast_0284,2025-01-12 20:00:00,14954.463679704379,14989.88103930866,11310.98843043654
forecast_0285,2025-01-12 21:00:00,15816.64620888768,16070.875450603457,12637.986571739624
forecast_0286,2025-01-12 22:00:00,16111.214844811031,16428.211412135726,13004.964035153233
forecast_0287,2025-01-12 23:00:00,16118.482581563167,16462.82150045914,13040.332002529958
forecast_0288,2025-01-13 00:00:00,16803.967204131957,17239.11838624473,14096.580504549558
forecast_0289,2025-01-13 01:00:00,17949.16749662881,18058.24461559229,14857.32777328675
forecast_0290,2025-01-13 02:00:00,19296.396051163887,19218.028512412537,16317.02706507369
forecast_0291,2025-01-13 03:00:00,19910.661276954055,19877.505274047133,17437.123772523508
forecast_0292,2025-01-13 04:00:00,20481.46912100866,20447.55343027359,18490.091565333867
forecast_0293,2025-01-13 05:00:00,20806.458621128433,20710.76426929692,18938.991056014558
forecast_0294,2025-01-13 06:00:00,20866.397508186765,20649.310499252577,18506.000592349694
forecast_0295,2025-01-13 07:00:00,20356.064237233186,20352.349593249543,18200.657113788857
forecast_0296,2025-01-13 08:00:00,19717.1544466309,19814.14183297281,17416.005914155645
forecast_0297,2025-01-13 09:00:00,19270.88143254507,19525.370633824914,17214.487921092437
forecast_0298,2025-01-13 10:00:00,19245.531155984092,19739.94086431624,18213.59897937934
forecast_0299,2025-01-13 11:00:00,19038.09848858005,19549.74375825548,18118.360564878487
forecast_0300,2025-01-13 12:00:00,16609.05360970854,17755.003360100425,16089.957787057996
forecast_0301,2025-01-13 13:00:00,13950.7266915885,14912.42329637484,12372.401939108518
forecast_0302,2025-01-13 14:00:00,12413.522878114714,12921.664993677627,10152.869595618415
forecast_0303,2025-01-13 15:00:00,13504.657494743275,14332.77585218295,11933.400417293196
forecast_0304,2025-01-13 16:00:00,13967.799758308252,14609.130332900244,12273.179972582178
forecast_0305,2025-01-13 17:00:00,13918.673996203208,14486.097335551101,12076.166975491915
forecast_0306,2025-01-13 18:00:00,13036.36685933784,13588.195367360746,11101.89842151998
forecast_0307,2025-01-13 19:00:00,13997.51573234939,14610.691720403265,11968.389382946163
forecast_0308,2025-01-13 20:00:00,15301.170949103536,15928.07830069431,13661.190178493776
forecast_0309,2025-01-13 21:00:00,16245.809540435705,17016.331711339524,15174.016125547982
forecast_0310,2025-01-13 22:00:00,17363.67204375488,17965.83342719246,16435.294362868084
forecast_0311,2025-01-13 23:00:00,17859.50763282689,18486.1206021237,17110.086819217388
forecast_0312,2025-01-14 00:00:00,18215.00580977789,18629.079219431584,17233.663934413496
forecast_0313,2025-01-14 01:00:00,17443.67161347996,17986.209570397816,16317.413502895797
forecast_0314,2025-01-14 02:00:00,17782.888918443536,18219.985299996388,16503.31275603028
forecast_0315,2025-01-14 03:00:00,17841.74045499756,18226.637700254036,16413.750721940356
forecast_0316,2025-01-14 04:00:00,17862.632098036098,18244.56243585597,16479.492491206925
forecast_0317,2025-01-14 05:00:00,17765.336797784606,18194.970263286556,16462.317832785156
forecast_0318,2025-01-14 06:00:00,18101.799518109743,18416.14112876471,16730.880409529407
forecast_0319,2025-01-14 07:00:00,17966.08925907129,18314.46115620264,16617.180155956103
forecast_0320,2025-01-14 08:00:00,17308.701143660022,17869.61780071486,16168.437637192288
forecast_0321,2025-01-14 09:00:00,17435.518882303964,17840.500737252623,16004.27288516697
forecast_0322,2025-01-14 10:00:00,17080.151583388,17612.941228739728,15828.702431429912
forecast_0323,2025-01-14 11:00:00,16517.212369191893,17007.932923543434,15283.254711647558
forecast_0324,2025-01-14 12:00:00,15803.943496865877,16437.72382097559,14690.221976525301
forecast_0325,2025-01-14 13:00:00,15906.884210660302,16378.907853934863,14498.584944609469
forecast_0326,2025-01-14 14:00:00,15749.021746484688,15968.513236834933,14107.116122618225
forecast_0327,2025-01-14 15:00:00,15158.369374363921,15607.077054195583,13978.273027981646
forecast_0328,2025-01-14 16:00:00,14207.367852810743,14884.466853294649,13227.807135932799
forecast_0329,2025-01-14 17:00:00,13931.750310787796,14513.410265223614,12633.085425039844
forecast_0330,2025-01-14 18:00:00,13776.68927821495,14249.450550590165,12080.329260054537
forecast_0331,2025-01-14 19:00:00,13864.095374722325,14344.18025903688,11989.712574744715
forecast_0332,2025-01-14 20:00:00,14245.150706051962,14850.907096085744,12580.71059100529
forecast_0333,2025-01-14 21:00:00,14227.717849395296,14823.614075895872,12406.165695961705
forecast_0334,2025-01-14 22:00:00,15522.26288828064,16231.72262293033,14171.27617402097
forecast_0335,2025-01-14 23:00:00,14823.468820479395,15440.383111477699,13486.251949414785
forecast_0336,2025-01-15 00:00:00,14515.432509052098,15020.32510481165,12653.182098138444
forecast_0337,2025-01-15 01:00:00,13988.330644720189,14441.048823195739,12127.052175906045
forecast_0338,2025-01-15 02:00:00,13747.721549919312,14109.311189074655,11792.793228255112
forecast_0339,2025-01-15 03:00:00,12637.79775971404,12838.6516431868,10557.24894120244
forecast_0340,2025-01-15 04:00:00,12107.769896739152,12417.209839825422,10032.659162130318
forecast_0341,2025-01-15 05:00:00,12499.398656197665,12711.904805963331,10025.17459898562
forecast_0342,2025-01-15 06:00:00,12468.18453796864,12951.027132955067,10221.5984122572
forecast_0343,2025-01-15 07:00:00,14094.044560930526,14785.543184685052,12035.253287892529
forecast_0344,2025-01-15 08:00:00,14271.964617443162,14916.827748484267,12335.494304160515
forecast_0345,2025-01-15 09:00:00,14309.900910146258,15030.8587589335,12300.30761111815
forecast_0346,2025-01-15 10:00:00,12836.008710245824,13232.814211878707,10476.391440331037
forecast_0347,2025-01-15 11:00:00,12350.407266413002,12744.579239524915,10030.241850164319
forecast_0348,2025-01-15 12:00:00,12178.102909487756,12511.134154644104,9951.55489989157
forecast_0349,2025-01-15 13:00:00,11694.38935416797,11971.122526288846,9600.839254052862
forecast_0350,2025-01-15 14:00:00,11540.480894582202,11510.412285034992,9178.96564191276
forecast_0351,2025-01-15 15:00:00,10947.422679194737,11239.085501087988,8996.187649150696
forecast_0352,2025-01-15 16:00:00,11460.095224679426,11813.246151649348,9390.798215026038
forecast_0353,2025-01-15 17:00:00,12573.670702904825,13065.416055518832,10410.133570835525
forecast_0354,2025-01-15 18:00:00,14439.904451743272,14831.03885439777,11715.606440621455
forecast_0355,2025-01-15 19:00:00,15651.136210436007,15806.335943711947,12440.75928575881
forecast_0356,2025-01-15 20:00:00,15726.873592384736,16005.709654008177,12808.220576794723
forecast_0357,2025-01-15 21:00:00,16916.70729852398,17300.002152623674,14354.46275163554
forecast_0358,2025-01-15 22:00:00,17905.427239019453,18357.855514497704,15791.334778940345
forecast_0359,2025-01-15 23:00:00,19059.17401036266,19270.341194275326,16980.547174631556
forecast_0360,2025-01-16 00:00:00,19288.113576645992,19596.069106539864,17546.67901360023
forecast_0361,2025-01-16 01:00:00,18876.48319483284,19007.357973964623,16233.954963208002
forecast_0362,2025-01-16 02:00:00,19094.417786856324,19546.398178470918,17632.80857509505
forecast_0363,2025-01-16 03:00:00,19952.52434227953,20307.391620535087,18973.154571591378
forecast_0364,2025-01-16 04:00:00,19658.85197647899,20234.117607442033,19133.138477281995
forecast_0365,2025-01-16 05:00:00,19915.556465180085,20369.42120827354,19275.758636172366
forecast_0366,2025-01-16 06:00:00,19671.974392053133,20284.833512391848,19528.773679311358
forecast_0367,2025-01-16 07:00:00,20117.291623142144,20593.203604829574,19828.10913827992
forecast_0368,2025-01-16 08:00:00,19850.20565124131,20416.18363843387,19613.483711995817
forecast_0369,2025-01-16 09:00:00,19941.89443722831,20437.1955079729,19524.823238863708
forecast_0370,2025-01-16 10:00:00,20047.809332247292,20537.419247223843,19610.430808175504
forecast_0371,2025-01-16 11:00:00,19832.12713696961,20345.492705869623,19495.151699030543
forecast_0372,2025-01-16 12:00:00,18894.2943716897,19607.018929778395,18516.70634923802
forecast_0373,2025-01-16 13:00:00,17531.001993342128,18348.589571835815,16906.78845138814
forecast_0374,2025-01-16 14:00:00,17221.60562211347,18062.848738502827,16540.32100295761
forecast_0375,2025-01-16 15:00:00,17219.921601725357,18036.951694843057,16550.088958683566
forecast_0376,2025-01-16 16:00:00,17171.45981069289,18110.56272604478,16843.01771841027
forecast_0377,2025-01-16 17:00:00,17713.672510066106,18536.899528816604,17288.10568978572
forecast_0378,2025-01-16 18:00:00,18193.825533351654,18911.790237432215,17714.439474298746
forecast_0379,2025-01-16 19:00:00,17050.968801780262,17959.63597847188,16475.052923545358
forecast_0380,2025-01-16 20:00:00,13189.292453056823,13608.467397725492,11411.168093403554
forecast_0381,2025-01-16 21:00:00,12340.186881758802,12464.969408902396,9494.702711631937
forecast_0382,2025-01-16 22:00:00,10083.357694771064,10265.044339086242,7526.164112790381
forecast_0383,2025-01-16 23:00:00,6843.934261956652,6974.228576013911,5040.976672483005
forecast_0384,2025-01-17 00:00:00,4521.466457466821,4849.739380660977,3424.3372662604856
forecast_0385,2025-01-17 01:00:00,2867.835949515891,3327.9250511360415,2218.287492165222
forecast_0386,2025-01-17 02:00:00,2284.509828541758,2966.468763827421,2098.6245524836263
forecast_0387,2025-01-17 03:00:00,1853.534791997613,2744.973926494661,1976.6360314983785
forecast_0388,2025-01-17 04:00:00,1834.8356882696894,2760.145627310055,1941.1884342698888
forecast_0389,2025-01-17 05:00:00,1722.7609073313058,2732.4276498442027,2069.88404167946
forecast_0390,2025-01-17 06:00:00,2098.081757259918,3588.9175146119633,2882.848728751331
forecast_0391,2025-01-17 07:00:00,2956.4276884915794,4405.725418889016,3357.6472583512223
forecast_0392,2025-01-17 08:00:00,3160.07065915249,4633.635061988278,3418.591872468217
forecast_0393,2025-01-17 09:00:00,2753.548054699467,3754.1043123005275,2935.2940236080995
forecast_0394,2025-01-17 10:00:00,1977.8198293305618,3040.9076724112574,2431.04234052836
forecast_0395,2025-01-17 11:00:00,1283.9267236727226,2472.9811633621193,2151.033054604813
forecast_0396,2025-01-17 12:00:00,1564.0076228505154,2579.1488123374434,2287.2392728695863
forecast_0397,2025-01-17 13:00:00,1803.654410782607,2396.9293431344704,2079.9682019678717
forecast_0398,2025-01-17 14:00:00,1678.9521371981655,2047.422372000593,1703.0667362559682
forecast_0399,2025-01-17 15:00:00,2075.8890070020598,2416.4570610979526,1962.1844792083573
forecast_0400,2025-01-17 16:00:00,3501.1450909570485,3792.4896170198135,2804.4932798268883
forecast_0401,2025-01-17 17:00:00,5985.133605419726,5952.475644216374,4019.4871222652628
forecast_0402,2025-01-17 18:00:00,7781.5149106894305,7944.326254547608,5407.173128773318
forecast_0403,2025-01-17 19:00:00,9216.066572732285,9531.310013879023,6733.596278584228
forecast_0404,2025-01-17 20:00:00,11023.214834620234,11545.99396108245,8528.307545125457
forecast_0405,2025-01-17 21:00:00,13295.342823108058,13443.35325449708,10012.84149090619
forecast_0406,2025-01-17 22:00:00,14233.791688135221,14608.290474069963,11222.193968212287
forecast_0407,2025-01-17 23:00:00,14702.175519958286,15255.329922299523,12071.786021865086
forecast_0408,2025-01-18 00:00:00,15424.503084104099,15878.001757729711,12600.041063078028
forecast_0409,2025-01-18 01:00:00,14499.846880358305,15424.418028926473,12427.377174701736
forecast_0410,2025-01-18 02:00:00,14656.064330840656,15648.679790336064,12675.451609379505
forecast_0411,2025-01-18 03:00:00,16054.01704771,16782.730939012905,13824.752563262626
forecast_0412,2025-01-18 04:00:00,17024.218864055347,17759.629936148533,15232.355696604158
forecast_0413,2025-01-18 05:00:00,17969.008586285607,18419.434354888588,15869.600965290436
forecast_0414,2025-01-18 06:00:00,16062.600550388393,17097.400410268754,14639.93894154855
forecast_0415,2025-01-18 07:00:00,13876.712559553893,15039.581728721678,11933.873814002303
forecast_0416,2025-01-18 08:00:00,10507.811790315911,11203.465471513562,7934.373991544443
forecast_0417,2025-01-18 09:00:00,6095.390924413961,6658.34518050981,4419.0992109991685
forecast_0418,2025-01-18 10:00:00,4903.126489929128,5201.039225550503,3340.436785305579
forecast_0419,2025-01-18 11:00:00,5554.386666902876,5913.75451067832,3855.672756039912
forecast_0420,2025-01-18 12:00:00,5318.887935309902,5639.114266776231,3646.246206205813
forecast_0421,2025-01-18 13:00:00,4458.030086278066,4721.521325985411,3150.2428427075324
forecast_0422,2025-01-18 14:00:00,4250.354670465533,4538.632537110575,3173.4589770026387
forecast_0423,2025-01-18 15:00:00,4533.586448738759,4343.576177731535,2861.6529432018315
forecast_0424,2025-01-18 16:00:00,5814.23376602297,5637.2008665096,3614.045808523122
forecast_0425,2025-01-18 17:00:00,10217.376769544455,9824.766200957398,6559.5261969073035
forecast_0426,2025-01-18 18:00:00,13895.654927711244,13976.730094731398,10589.40570839068
forecast_0427,2025-01-18 19:00:00,16147.716728341169,16476.50384354594,13583.323974239136
forecast_0428,2025-01-18 20:00:00,17830.162907944556,18068.85304428045,15645.54724202584
forecast_0429,2025-01-18 21:00:00,18968.807603242178,18973.469030427004,16677.16870817444
forecast_0430,2025-01-18 22:00:00,18895.32337381286,18949.685442820934,16683.055933253934
forecast_0431,2025-01-18 23:00:00,18083.837551415658,18190.511959076866,15490.048062940808
forecast_0432,2025-01-19 00:00:00,18083.465999501448,18110.453073624998,15213.425898207064
forecast_0433,2025-01-19 01:00:00,16359.165813242496,16476.28952939268,13019.992453895617
forecast_0434,2025-01-19 02:00:00,17016.60611162961,17155.45769065029,13807.603049546764
forecast_0435,2025-01-19 03:00:00,18225.83266555747,18369.79111205884,15510.803797936542
forecast_0436,2025-01-19 04:00:00,19380.379660184015,19432.165250053295,17083.970553363935
forecast_0437,2025-01-19 05:00:00,19603.07242761636,19625.38896395763,17317.88673469527
forecast_0438,2025-01-19 06:00:00,19617.062438135916,19718.21756030894,17622.68239546392
forecast_0439,2025-01-19 07:00:00,19736.277358491687,19780.707697798047,17658.956703859156
forecast_0440,2025-01-19 08:00:00,19157.496259757194,19322.354204749965,17032.504617901657
forecast_0441,2025-01-19 09:00:00,18208.974981719617,18328.445285476108,15408.728541542383
forecast_0442,2025-01-19 10:00:00,15860.856413535645,16108.203695044049,12797.253739878222
forecast_0443,2025-01-19 11:00:00,13820.756614002208,14476.404156729302,11432.758453159036
forecast_0444,2025-01-19 12:00:00,12109.512624868403,12509.71232528696,9407.667387643134
forecast_0445,2025-01-19 13:00:00,11184.153858199792,11452.648497039487,8472.555330073099
forecast_0446,2025-01-19 14:00:00,10526.987059362567,10250.667362236622,7251.071666430561
forecast_0447,2025-01-19 15:00:00,8749.137260896496,8544.154893023597,6030.28996918025
forecast_0448,2025-01-19 16:00:00,7941.304307710625,7361.460448169539,4943.419888745972
forecast_0449,2025-01-19 17:00:00,9429.351832513976,8767.6258185168,5818.518874393213
forecast_0450,2025-01-19 18:00:00,11447.537956373608,10795.964881031809,7385.718125869098
forecast_0451,2025-01-19 19:00:00,11437.837729832114,10958.546738614816,7643.528762407332
forecast_0452,2025-01-19 20:00:00,11490.696303721383,11024.75931493616,7835.556625136727
forecast_0453,2025-01-19 21:00:00,11857.290582704787,11590.913704117795,8329.590745136462
forecast_0454,2025-01-19 22:00:00,11196.549587607074,11102.588483807176,8077.025870461295
forecast_0455,2025-01-19 23:00:00,11680.26839268548,11900.699676025244,8768.194834056381
forecast_0456,2025-01-20 00:00:00,10105.480021638097,10507.23455917163,7628.016128710483
forecast_0457,2025-01-20 01:00:00,8662.970937698923,8730.072104033865,5788.6167223284465
forecast_0458,2025-01-20 02:00:00,7695.3880557804505,7811.982638232211,5139.105195974464
forecast_0459,2025-01-20 03:00:00,5807.849580710794,6075.5227813933925,3949.058093698136
forecast_0460,2025-01-20 04:00:00,4900.124966183372,5260.077240380571,3398.334222309042
forecast_0461,2025-01-20 05:00:00,4650.004124760695,4951.250673885609,3163.237873301228
forecast_0462,2025-01-20 06:00:00,3603.891405665089,3952.9422501933936,2579.4691795271447
forecast_0463,2025-01-20 07:00:00,2609.7367267830277,2932.645792644037,1994.96454768973
forecast_0464,2025-01-20 08:00:00,1829.5265918022883,2270.5118201968653,1614.9410517727301
forecast_0465,2025-01-20 09:00:00,1790.3196570740497,2286.3944580374114,1787.0590090625578
forecast_0466,2025-01-20 10:00:00,1120.3713636116863,1696.909052073845,1565.8703318880157
forecast_0467,2025-01-20 11:00:00,764.7839313604983,1395.525243416032,1356.781099643502
forecast_0468,2025-01-20 12:00:00,710.7750618329594,1312.43604912227,1295.0206503414051
forecast_0469,2025-01-20 13:00:00,1057.0159082552234,1766.1506826019895,1722.6835567665373
forecast_0470,2025-01-20 14:00:00,755.9877879432394,1565.3225034972909,1605.9921248821831
forecast_0471,2025-01-20 15:00:00,601.591914119792,1216.3396539593703,1277.0834210727032
forecast_0472,2025-01-20 16:00:00,952.9163995010101,1767.6978120828426,1555.8961332970694
forecast_0473,2025-01-20 17:00:00,718.4248126303539,1532.445658698243,1480.0044706430724
forecast_0474,2025-01-20 18:00:00,940.1426007027261,1618.5885994874761,1550.785822657913
forecast_0475,2025-01-20 19:00:00,1206.2172208777827,2083.6483134886294,1905.5906250661935
forecast_0476,2025-01-20 20:00:00,669.4180861142943,1401.223144614844,1215.88750782195
forecast_0477,2025-01-20 21:00:00,1048.9167159849221,1767.401500507002,1585.6694249611096
forecast_0478,2025-01-20 22:00:00,1581.3993267354326,2286.433045272004,2047.2756643887506
forecast_0479,2025-01-20 23:00:00,2108.997707687383,2923.0974840358344,2520.863107635977
forecast_0480,2025-01-21 00:00:00,1877.332026845683,2295.5748453729293,1825.9967580627674
forecast_0481,2025-01-21 01:00:00,3440.517078105072,3822.123658559788,2570.8626593240897
forecast_0482,2025-01-21 02:00:00,3414.214444261167,3876.468185678428,2538.9592872605162
forecast_0483,2025-01-21 03:00:00,3829.3682812141433,4216.60347081327,2681.408979506354
forecast_0484,2025-01-21 04:00:00,4254.5175262358325,4691.608943233656,2964.4420209357045
forecast_0485,2025-01-21 05:00:00,4260.234724021411,4648.673548725646,2919.4863378553973
forecast_0486,2025-01-21 06:00:00,3853.5783099951113,4320.541692867412,2711.754866416234
forecast_0487,2025-01-21 07:00:00,4022.8216931957736,4469.602458179481,2770.8967637056858
forecast_0488,2025-01-21 08:00:00,3259.9068933384087,4055.6971132413328,2656.9213803503644
forecast_0489,2025-01-21 09:00:00,2768.4344338219717,3646.807333024114,2596.147248343841
forecast_0490,2025-01-21 10:00:00,2245.1913232520355,2875.698147845557,2052.848285751254
forecast_0491,2025-01-21 11:00:00,1970.8441329351654,2573.5825360481845,1903.5979694589437
forecast_0492,2025-01-21 12:00:00,1674.722296693506,2259.380715130826,1728.107642838187
forecast_0493,2025-01-21 13:00:00,2352.184377825493,2573.5792882730584,1887.3647288830773
forecast_0494,2025-01-21 14:00:00,3741.454560393901,3599.479329339537,2525.2142172208637
forecast_0495,2025-01-21 15:00:00,5093.793285525817,4650.772574570339,3126.319505557016
forecast_0496,2025-01-21 16:00:00,6087.131487692783,5729.015872408454,3864.256699887146
forecast_0497,2025-01-21 17:00:00,6941.36452229149,6679.553795700174,4418.968846843547
forecast_0498,2025-01-21 18:00:00,10068.461649404351,9691.584490036714,6529.782683826707
forecast_0499,2025-01-21 19:00:00,11745.523642428172,11916.878047364748,8673.490564300919
forecast_0500,2025-01-21 20:00:00,13149.902966109048,13745.683069264644,10692.367735913049
forecast_0501,2025-01-21 21:00:00,13713.537920989653,14337.021281009744,11291.574497573441
forecast_0502,2025-01-21 22:00:00,13254.561157795768,13801.874253188675,10663.472307103082
forecast_0503,2025-01-21 23:00:00,13094.068598189839,13746.602330339636,10577.08358312451
forecast_0504,2025-01-22 00:00:00,12876.042976141358,13816.019434939615,10620.205936845428
forecast_0505,2025-01-22 01:00:00,10396.45400951301,10847.855787873068,7675.29148612961
forecast_0506,2025-01-22 02:00:00,11592.601014446725,12594.138172653747,9259.927752256315
forecast_0507,2025-01-22 03:00:00,13609.62176366699,14337.933725941737,10691.778827204436
forecast_0508,2025-01-22 04:00:00,14918.334752286328,15489.59028746041,11806.341290909146
forecast_0509,2025-01-22 05:00:00,15366.74382370242,15966.388215527531,12461.136095071317
forecast_0510,2025-01-22 06:00:00,15906.320633805692,16755.769833214326,13847.646380873686
forecast_0511,2025-01-22 07:00:00,15254.426940678011,16343.085718118347,13641.029462975817
forecast_0512,2025-01-22 08:00:00,15550.128234055488,16522.915861581725,14006.881814376764
forecast_0513,2025-01-22 09:00:00,14133.048606136808,15419.392592395485,13217.400317778754
forecast_0514,2025-01-22 10:00:00,13644.57868569795,14706.029122075244,12152.110173649831
forecast_0515,2025-01-22 11:00:00,11855.244089332033,12603.985435065413,9852.683658163673
forecast_0516,2025-01-22 12:00:00,10870.272776531285,11192.91085588558,8253.737503934844
forecast_0517,2025-01-22 13:00:00,9095.824690051719,9288.124968535963,6635.773135934444
forecast_0518,2025-01-22 14:00:00,7302.213166696028,7337.616408358542,5123.6513879021995
forecast_0519,2025-01-22 15:00:00,4980.970697864909,5249.364496299748,3717.815697555961
forecast_0520,2025-01-22 16:00:00,6587.947761364078,6561.054356395601,4478.70774041237
forecast_0521,2025-01-22 17:00:00,6834.986051604203,6760.280190157222,4534.789839130213
forecast_0522,2025-01-22 18:00:00,9398.104948952085,9795.238304828488,6843.551953425119
forecast_0523,2025-01-22 19:00:00,9651.099462524191,10128.822193698903,7273.697419917469
forecast_0524,2025-01-22 20:00:00,10410.202115154623,11513.76756546302,8753.38926266171
forecast_0525,2025-01-22 21:00:00,11129.21501469272,12196.49177933178,9357.72114042149
forecast_0526,2025-01-22 22:00:00,11390.17554294696,12478.168550777971,9578.489654670813
forecast_0527,2025-01-22 23:00:00,11857.067630285568,13067.152282394905,10154.270425821069
forecast_0528,2025-01-23 00:00:00,12208.327943376213,13542.962633487958,10639.531311389957
forecast_0529,2025-01-23 01:00:00,14999.448678987897,15751.171660902812,12567.063443069572
forecast_0530,2025-01-23 02:00:00,15142.695814080424,15904.782866356863,12640.365146545428
forecast_0531,2025-01-23 03:00:00,15597.541332583387,16345.344672091498,13132.272283044214
forecast_0532,2025-01-23 04:00:00,15265.606732674583,15928.857544020437,12414.73669747187
forecast_0533,2025-01-23 05:00:00,14391.132865657142,15345.468387268698,11957.360356499801
forecast_0534,2025-01-23 06:00:00,13851.478556015218,14861.821022985501,11424.350879752628
forecast_0535,2025-01-23 07:00:00,13597.302295719841,14517.368084493195,10940.973501960798
forecast_0536,2025-01-23 08:00:00,12472.049094151853,13247.979086998366,9541.952680506653
forecast_0537,2025-01-23 09:00:00,8891.718603632009,9446.962964428565,6426.009136203573
forecast_0538,2025-01-23 10:00:00,6218.597543414808,7056.6346165281775,4883.282109111951
forecast_0539,2025-01-23 11:00:00,4044.396562827392,4941.933505526203,3583.69749857565
forecast_0540,2025-01-23 12:00:00,3352.454788005404,4062.0196692636573,2960.9638106114976
forecast_0541,2025-01-23 13:00:00,3331.021463600498,3683.205253956006,2731.2905895015438
forecast_0542,2025-01-23 14:00:00,3344.6016243776876,3362.7689123031755,2488.6795379355754
forecast_0543,2025-01-23 15:00:00,2804.090281656009,2895.690382020942,2222.0899730114693
forecast_0544,2025-01-23 16:00:00,1629.3082894069744,1960.4586109522415,1612.2167132666411
forecast_0545,2025-01-23 17:00:00,1475.4738622726472,1658.4770217789028,1196.319123663299
forecast_0546,2025-01-23 18:00:00,2057.296191239961,2176.797375831573,1423.1371380787195
forecast_0547,2025-01-23 19:00:00,2092.064469921117,2742.4780856738057,1939.472675863653
forecast_0548,2025-01-23 20:00:00,2677.5765791190124,3148.7252395904593,2215.1852637621296
forecast_0549,2025-01-23 21:00:00,2982.02639863527,3549.423135319461,2473.6126967764976
forecast_0550,2025-01-23 22:00:00,3527.6963817999813,4115.081906016765,2840.0436579263264
forecast_0551,2025-01-23 23:00:00,3988.0367653282588,4602.6972716624,3104.646014476232
forecast_0552,2025-01-24 00:00:00,4067.417251830723,4539.606220172305,3058.692514605354
forecast_0553,2025-01-24 01:00:00,3101.493810249751,3847.5649675255245,2515.238031958748
forecast_0554,2025-01-24 02:00:00,3668.481002525383,4512.211724882498,2921.047286786573
forecast_0555,2025-01-24 03:00:00,3660.9621555870117,4539.117585544476,2933.126164128021
forecast_0556,2025-01-24 04:00:00,3065.786192148509,4129.216887391867,2703.015175582062
forecast_0557,2025-01-24 05:00:00,1503.834942043141,2356.635475203893,1958.703368893625
forecast_0558,2025-01-24 06:00:00,1324.5207250643248,2153.9300402141744,1655.5847076950824
forecast_0559,2025-01-24 07:00:00,1513.9046177456526,2181.681353578452,1574.555714790096
forecast_0560,2025-01-24 08:00:00,1338.7309215078112,2038.68229164663,1466.1106669844057
forecast_0561,2025-01-24 09:00:00,1075.454139963998,1631.8379831866223,1323.5111375999206
forecast_0562,2025-01-24 10:00:00,698.6070917732112,1371.2537419917817,1231.289746126058
forecast_0563,2025-01-24 11:00:00,562.1466681182796,1172.2816186386062,1064.2398003541327
forecast_0564,2025-01-24 12:00:00,785.2660739360416,1275.221411923826,1235.1900324358278
forecast_0565,2025-01-24 13:00:00,351.21225723996326,1081.3669527301083,1027.086120727844
forecast_0566,2025-01-24 14:00:00,762.8747500218019,1347.4218657657605,1275.1540452774714
forecast_0567,2025-01-24 15:00:00,1129.0215369468783,1818.48543885753,1634.4224481863696
forecast_0568,2025-01-24 16:00:00,984.7633751527264,1706.0521240350922,1656.0218345469034
forecast_0569,2025-01-24 17:00:00,1090.6009719675199,1968.0369950470822,1843.4949322009577
forecast_0570,2025-01-24 18:00:00,1319.3122707398413,1978.4792165465994,1704.8831100884843
forecast_0571,2025-01-24 19:00:00,1930.4544325145762,2544.6758352833895,2085.071749396692
forecast_0572,2025-01-24 20:00:00,2369.3078233039005,3157.6694345418846,2493.014478279627
forecast_0573,2025-01-24 21:00:00,2605.125875379218,3452.9700663042477,2688.5477611835986
forecast_0574,2025-01-24 22:00:00,2724.1343540146854,3598.0460618066923,2733.001735020222
forecast_0575,2025-01-24 23:00:00,3575.84844074852,4803.697682093657,3854.0090040794316
forecast_0576,2025-01-25 00:00:00,5650.741777203058,7471.010956061946,6197.547337958215
forecast_0577,2025-01-25 01:00:00,2184.8825717102104,2987.585828861461,2188.5339904147154
forecast_0578,2025-01-25 02:00:00,2555.986913043176,3422.9119451750776,2398.334130974807
forecast_0579,2025-01-25 03:00:00,3999.5802745665765,5840.545852802141,4415.399880912804
forecast_0580,2025-01-25 04:00:00,5762.562974214394,7710.749290604244,5929.263281504052
forecast_0581,2025-01-25 05:00:00,5137.911762751836,7164.359661397962,5769.983305928623
forecast_0582,2025-01-25 06:00:00,4548.9773802906,6338.487667795408,4919.4679727092425
forecast_0583,2025-01-25 07:00:00,4719.329857401912,6492.273281415902,4834.6808845705755
forecast_0584,2025-01-25 08:00:00,4724.962952751843,6656.779029186011,5062.61181942103
forecast_0585,2025-01-25 09:00:00,4236.551165093668,5932.13146393692,4585.043881424027
forecast_0586,2025-01-25 10:00:00,4097.193460655786,5798.728237671825,4536.966144945833
forecast_0587,2025-01-25 11:00:00,4068.517018551903,5764.771502464882,4669.118853590988
forecast_0588,2025-01-25 12:00:00,3833.7092408045637,5479.069658668363,4441.065226989466
forecast_0589,2025-01-25 13:00:00,3608.10096411009,5084.669883710846,4028.5910111647204
forecast_0590,2025-01-25 14:00:00,3679.675344634643,5310.08502829735,4412.314892116902
forecast_0591,2025-01-25 15:00:00,2869.423982035429,4548.703775345453,3722.5701055763116
forecast_0592,2025-01-25 16:00:00,3178.434667513523,4610.627965380914,3824.857988138199
forecast_0593,2025-01-25 17:00:00,2981.128090172111,4514.855325565692,3783.2681673371735
forecast_0594,2025-01-25 18:00:00,3496.316978991311,5264.824690574969,4273.650776836103
forecast_0595,2025-01-25 19:00:00,3455.6828692495255,4583.491166549152,3545.302436670762
forecast_0596,2025-01-25 20:00:00,4166.2045698006295,5262.704048930574,4099.35809898014
forecast_0597,2025-01-25 21:00:00,4944.089511486945,6627.1813663145695,5432.554653990136
forecast_0598,2025-01-25 22:00:00,5185.156347985907,6698.796786697598,5428.227038443486
forecast_0599,2025-01-25 23:00:00,5614.178685510431,7125.306331563479,5808.539901208824
forecast_0600,2025-01-26 00:00:00,5664.884786998435,7378.357210727423,6032.673816721539
forecast_0601,2025-01-26 01:00:00,7011.479368236069,9150.441756416443,7798.400136447626
forecast_0602,2025-01-26 02:00:00,5705.66883291887,7743.139597732083,6411.481355683458
forecast_0603,2025-01-26 03:00:00,5984.850718519455,7719.835771771438,6327.216692725616
forecast_0604,2025-01-26 04:00:00,4791.157447733238,5797.217855862978,4401.654106358733
forecast_0605,2025-01-26 05:00:00,4445.476763882823,5215.829023216869,3957.562000432347
forecast_0606,2025-01-26 06:00:00,3950.7900475499114,4588.588442260401,3353.8204742177395
forecast_0607,2025-01-26 07:00:00,3738.802743021539,4180.96768080456,3084.219225353678
forecast_0608,2025-01-26 08:00:00,2736.8445960723902,3378.084495165025,2452.2715423445047
forecast_0609,2025-01-26 09:00:00,1923.0178063666724,2969.853100480641,2287.6140649831864
forecast_0610,2025-01-26 10:00:00,1992.959193374903,3076.6150268301203,2382.2172018729866
forecast_0611,2025-01-26 11:00:00,2018.7042163375952,3087.947968721963,2577.9580231037557
forecast_0612,2025-01-26 12:00:00,1222.8841455111574,2264.777699983144,2067.9100704856196
forecast_0613,2025-01-26 13:00:00,687.8404886292808,1468.192245288503,1365.858241786083
forecast_0614,2025-01-26 14:00:00,478.44157268538083,1266.453669938732,1232.1855686217277
forecast_0615,2025-01-26 15:00:00,362.5834972276622,1014.2151029966951,1054.6927750350897
forecast_0616,2025-01-26 16:00:00,892.5263720221925,1669.184268998925,1585.3462281279276
forecast_0617,2025-01-26 17:00:00,765.9091205944951,1656.3965414192094,1663.0609563323483
forecast_0618,2025-01-26 18:00:00,905.4911416464099,1616.7871444786347,1544.1545367124409
forecast_0619,2025-01-26 19:00:00,1093.7140630377091,1882.2972124864255,1663.9144037041976
forecast_0620,2025-01-26 20:00:00,1067.0310985804554,1877.3101176712755,1639.1395334833765
forecast_0621,2025-01-26 21:00:00,1152.1395575586403,2179.345328243028,1893.0065483359813
forecast_0622,2025-01-26 22:00:00,1594.1434031254778,2644.996983311823,2226.6449697329867
forecast_0623,2025-01-26 23:00:00,1578.185001098404,2427.7713835647346,1930.4161528466987
forecast_0624,2025-01-27 00:00:00,1789.8194470254002,2868.0546619176457,2306.285248262241
forecast_0625,2025-01-27 01:00:00,1957.4808197109744,2904.129995337117,2270.5543118108953
forecast_0626,2025-01-27 02:00:00,1787.4151831205354,2687.2710242929816,2065.0316919119286
forecast_0627,2025-01-27 03:00:00,2020.4776728313295,3055.5355000508166,2258.1117539608704
forecast_0628,2025-01-27 04:00:00,2460.7140467045356,3407.7624135046044,2351.4910356818036
forecast_0629,2025-01-27 05:00:00,2845.8524558104345,4024.15799032524,2854.577612246926
forecast_0630,2025-01-27 06:00:00,2628.8622308906974,3828.5969534494225,2788.0270683969175
forecast_0631,2025-01-27 07:00:00,3625.437192174183,4857.207347416793,3476.227056607805
forecast_0632,2025-01-27 08:00:00,4003.68197926468,5386.415244763102,3984.1963322253587
forecast_0633,2025-01-27 09:00:00,4235.196332433301,5315.739494427586,3800.829228420074
forecast_0634,2025-01-27 10:00:00,2810.412317039467,3700.3697732042965,2838.696610146942
forecast_0635,2025-01-27 11:00:00,4059.120621619196,5519.404750023703,4268.409612356249
forecast_0636,2025-01-27 12:00:00,7827.552464510667,8465.921866856375,6719.948293515017
forecast_0637,2025-01-27 13:00:00,13663.818410262293,14334.153786725059,12557.161781915862
forecast_0638,2025-01-27 14:00:00,16411.81102363234,16912.26137336455,15357.144990954706
forecast_0639,2025-01-27 15:00:00,17722.380149749828,18217.25387303073,17093.2225255775
forecast_0640,2025-01-27 16:00:00,18519.237935979196,18709.586777964192,17235.579442634462
forecast_0641,2025-01-27 17:00:00,18537.023256768145,18894.76188390472,17513.13168296019
forecast_0642,2025-01-27 18:00:00,18813.874625211396,19457.30886544111,18466.140783169438
forecast_0643,2025-01-27 19:00:00,19099.073800020415,19603.946184639623,18715.87047595911
forecast_0644,2025-01-27 20:00:00,18909.10707309305,19359.407536910687,18192.10775835557
forecast_0645,2025-01-27 21:00:00,18406.31743511858,18821.043406015193,17405.432115766223
forecast_0646,2025-01-27 22:00:00,17991.111947479698,18388.912855812796,16972.143313043565
forecast_0647,2025-01-27 23:00:00,18054.773282228933,18418.24531525499,16847.855182866228
forecast_0648,2025-01-28 00:00:00,18109.13935303506,18382.690367907344,16846.094124573257
forecast_0649,2025-01-28 01:00:00,18214.444973647813,18522.349568948215,16946.701207191192
forecast_0650,2025-01-28 02:00:00,17950.756923567213,18226.970419560304,16593.12667688814
forecast_0651,2025-01-28 03:00:00,18051.54904727013,18321.57174747007,16783.587502137838
forecast_0652,2025-01-28 04:00:00,17982.073292630663,18175.399874754658,16362.777941512195
forecast_0653,2025-01-28 05:00:00,18285.343557582743,18464.132071562723,16952.343226036923
forecast_0654,2025-01-28 06:00:00,18530.62433307666,18861.593791158317,17593.058018195145
forecast_0655,2025-01-28 07:00:00,18842.737815715976,19030.35700723618,17690.77342546241
forecast_0656,2025-01-28 08:00:00,18769.68962836013,19000.79905704208,17745.032120537424
forecast_0657,2025-01-28 09:00:00,18222.39271846264,18657.240337074647,17437.627796447206
forecast_0658,2025-01-28 10:00:00,18645.23009850002,18721.8311451139,17235.6783766872
forecast_0659,2025-01-28 11:00:00,18078.835253509307,18319.159552616085,16867.314273828513
forecast_0660,2025-01-28 12:00:00,18635.19161530739,18747.504330907228,17209.028942917874
forecast_0661,2025-01-28 13:00:00,17482.48664152049,18060.027398160673,16921.836036572495
forecast_0662,2025-01-28 14:00:00,17711.7228273334,18293.720955232333,17185.2240153489
forecast_0663,2025-01-28 15:00:00,18105.043461815032,18555.417393616633,17440.33524065605
forecast_0664,2025-01-28 16:00:00,17350.838646978504,18097.693654822695,16999.815557340822
forecast_0665,2025-01-28 17:00:00,17639.491926216557,18183.571876737526,17018.907931339738
forecast_0666,2025-01-28 18:00:00,17393.18137700633,18068.08384740221,16910.445051361832
forecast_0667,2025-01-28 19:00:00,18350.20728296441,18678.5047211844,17294.79206662386
forecast_0668,2025-01-28 20:00:00,18389.188899709254,18699.490858391644,17330.87064379318
forecast_0669,2025-01-28 21:00:00,18653.343808703405,19075.233264534236,17844.02811717993
forecast_0670,2025-01-28 22:00:00,18998.973866327513,19174.40949866984,17775.017965548246
forecast_0671,2025-01-28 23:00:00,18693.518238272685,18876.134295415995,17390.137878003006
forecast_0672,2025-01-29 00:00:00,18935.003911741704,19120.155851424166,17516.94121984575
forecast_0673,2025-01-29 01:00:00,18546.99929711494,19051.16291171558,17584.49094967988
forecast_0674,2025-01-29 02:00:00,18854.254291641322,19283.61913017496,17786.416111903
forecast_0675,2025-01-29 03:00:00,18716.37540384133,19278.69320711578,17902.306564138635
forecast_0676,2025-01-29 04:00:00,19054.289708147426,19592.462197060064,18263.587035646888
forecast_0677,2025-01-29 05:00:00,19355.971042540015,19812.16891381119,18448.395770019346
forecast_0678,2025-01-29 06:00:00,19348.24729011104,19938.386476358515,18861.43432817174
forecast_0679,2025-01-29 07:00:00,19421.667928792376,19985.55159306809,18856.071387287142
forecast_0680,2025-01-29 08:00:00,19432.119707157843,20013.909347604415,18838.788219506045
forecast_0681,2025-01-29 09:00:00,19375.80583615403,19895.195704691992,18576.54843950114
forecast_0682,2025-01-29 10:00:00,18590.8642138947,19256.19753083548,17874.268467773963
forecast_0683,2025-01-29 11:00:00,17816.06124141041,18506.768607484304,16831.037365734388
forecast_0684,2025-01-29 12:00:00,17331.74342432598,17929.105205705382,16101.01783630727
forecast_0685,2025-01-29 13:00:00,17692.308422509956,17998.794116033343,16031.501828196693
forecast_0686,2025-01-29 14:00:00,17541.389286782876,17696.721856099568,15733.560904523913
forecast_0687,2025-01-29 15:00:00,17065.906190812024,17350.555504151107,15558.058735829829
forecast_0688,2025-01-29 16:00:00,16635.81283398012,16948.07945356618,15102.892511038594
forecast_0689,2025-01-29 17:00:00,16042.530653011174,16392.11968944047,14339.562150259255
forecast_0690,2025-01-29 18:00:00,15897.624583907187,16462.217082987536,14461.217545734477
forecast_0691,2025-01-29 19:00:00,16442.970494928595,17124.582023605537,15313.195291127615
forecast_0692,2025-01-29 20:00:00,16564.582284032433,17315.69706460112,15551.688401596643
forecast_0693,2025-01-29 21:00:00,16324.917050903536,17007.807387017016,15053.19364354617
forecast_0694,2025-01-29 22:00:00,16069.029249891319,16690.860200664563,14556.03939176125
forecast_0695,2025-01-29 23:00:00,15741.24568902992,16451.69050205524,14334.162245152656
forecast_0696,2025-01-30 00:00:00,16339.954672037704,17171.70281234939,15234.57955830555
forecast_0697,2025-01-30 01:00:00,16225.469739687891,17111.54823404551,15039.97094959686
forecast_0698,2025-01-30 02:00:00,17590.4447036689,18466.620029464524,16735.085736248162
forecast_0699,2025-01-30 03:00:00,17455.493327120457,18452.937725997617,16968.897125265754
forecast_0700,2025-01-30 04:00:00,17320.55853974717,18439.938048422973,17087.21379573933
forecast_0701,2025-01-30 05:00:00,16970.452833160707,18151.96522264505,16695.947193294494
forecast_0702,2025-01-30 06:00:00,17130.468272547805,18288.351748869612,16837.9699499834
forecast_0703,2025-01-30 07:00:00,17348.666736238316,18544.869565881174,17215.16995834293
forecast_0704,2025-01-30 08:00:00,17388.943328588197,18606.894367463552,17477.810243537046
forecast_0705,2025-01-30 09:00:00,17080.28005452971,18093.80794986757,16491.8784625321
forecast_0706,2025-01-30 10:00:00,16269.5231098725,17205.351687699454,15164.939144681106
forecast_0707,2025-01-30 11:00:00,16091.515958213095,17009.10160390196,14919.239862815266
forecast_0708,2025-01-30 12:00:00,15764.821437106844,16585.380858182005,14360.90656941393
forecast_0709,2025-01-30 13:00:00,15025.277176724598,15607.492318490113,13140.332527881004
forecast_0710,2025-01-30 14:00:00,14794.387250583255,15343.70900847741,12940.345411530587
forecast_0711,2025-01-30 15:00:00,15082.574672495195,15659.267428239877,13379.015211276203
forecast_0712,2025-01-30 16:00:00,15092.637760983824,15725.556508473828,13662.714444260188
forecast_0713,2025-01-30 17:00:00,15142.647202068574,15764.867770751585,13603.642246783085
forecast_0714,2025-01-30 18:00:00,16072.85256676189,16310.024369196133,13453.200708529312
forecast_0715,2025-01-30 19:00:00,16670.34650755961,17144.033701401993,14548.710948622218
forecast_0716,2025-01-30 20:00:00,17270.60108671437,17901.828860922462,15674.76807932938
forecast_0717,2025-01-30 21:00:00,17801.59808884495,18543.3998806736,16726.87165399566
forecast_0718,2025-01-30 22:00:00,17983.349708158938,18715.388317994817,16965.539755741207
forecast_0719,2025-01-30 23:00:00,18297.912065267352,18803.67655559696,16729.251960035414
forecast_0720,2025-01-31 00:00:00,17945.058796345787,18268.287049388007,15601.058245840713
forecast_0721,2025-01-31 01:00:00,18487.89436471687,18949.545568105183,16756.28684688649
forecast_0722,2025-01-31 02:00:00,18458.264330717408,18899.845136930748,16591.000132083183
forecast_0723,2025-01-31 03:00:00,18462.129644308392,18725.51898929608,15996.209623846715
forecast_0724,2025-01-31 04:00:00,18232.354124038728,18586.131028278163,15837.49939531797
forecast_0725,2025-01-31 05:00:00,17411.06301867758,18038.519135129805,15249.053798421903
forecast_0726,2025-01-31 06:00:00,17589.828453892333,18044.2213579842,14948.871692670436
forecast_0727,2025-01-31 07:00:00,16844.62717540335,17534.822781893792,14591.284334279064
forecast_0728,2025-01-31 08:00:00,17246.13937588299,18146.66855918401,15895.659243991584
forecast_0729,2025-01-31 09:00:00,14460.802983871947,15624.832019687161,12898.36380885286
forecast_0730,2025-01-31 10:00:00,13140.143236778313,14136.576231857503,11347.864792484459
forecast_0731,2025-01-31 11:00:00,12786.228176399287,13704.233697434363,10749.084549480078
forecast_0732,2025-01-31 12:00:00,12388.326279223615,12904.969394890664,9857.642028766906
forecast_0733,2025-01-31 13:00:00,10429.021901369984,10968.307589338485,8353.916370769903
forecast_0734,2025-01-31 14:00:00,8862.157834491692,8773.613195889231,6231.050513258087
forecast_0735,2025-01-31 15:00:00,6334.3716331289215,6317.142281689081,4425.361471916908
forecast_0736,2025-01-31 16:00:00,4989.807131358037,4975.463258206913,3503.4899329406758
forecast_0737,2025-01-31 17:00:00,3483.0440346444607,3476.6795964338266,2349.7928379438204
forecast_0738,2025-01-31 18:00:00,3468.2257029014913,3868.273534410253,2685.0532173331017
forecast_0739,2025-01-31 19:00:00,3135.809325487519,3603.9760883941144,2527.6288988513375
forecast_0740,2025-01-31 20:00:00,3571.9535235633016,4141.947891591435,2971.5792978744994
forecast_0741,2025-01-31 21:00:00,4537.206746763898,5021.059844036603,3553.313623357758
forecast_0742,2025-01-31 22:00:00,3497.40362535276,4274.001179679022,3062.1206965609013
forecast_0743,2025-01-31 23:00:00,4383.891000444524,5209.314711093486,3713.6817305144364
forecast_0744,2025-02-01 00:00:00,3486.473053654369,4133.15137060542,2967.4189373936006
forecast_0745,2025-02-01 01:00:00,7163.93582981644,8078.103191965745,5498.500715094766
forecast_0746,2025-02-01 02:00:00,6595.329008164071,7503.6075606000595,5046.840932294939
forecast_0747,2025-02-01 03:00:00,5443.795925473548,5935.217294174925,3824.768481379827
forecast_0748,2025-02-01 04:00:00,3706.315911905073,4159.920854725509,2738.028955910392
forecast_0749,2025-02-01 05:00:00,3247.145718805209,3777.740249983649,2350.840336274837
forecast_0750,2025-02-01 06:00:00,1987.0571253348517,2388.5252955930555,1567.49961269116
forecast_0751,2025-02-01 07:00:00,1458.957299100101,2728.698853110606,2299.625114336875
forecast_0752,2025-02-01 08:00:00,1091.3498572388323,1944.1384775055806,1561.228024314637
forecast_0753,2025-02-01 09:00:00,1043.2837782570984,1898.5326975868013,1570.911777753072
forecast_0754,2025-02-01 10:00:00,994.2294316385793,1820.2519619877976,1550.3892327557458
forecast_0755,2025-02-01 11:00:00,902.7110410383066,1764.063329680863,1548.8327839295237
forecast_0756,2025-02-01 12:00:00,825.4581244690688,1696.7693187186285,1541.7288266264652
forecast_0757,2025-02-01 13:00:00,881.5775885530345,1620.725519395413,1480.2039359592159
forecast_0758,2025-02-01 14:00:00,966.0323173226536,1672.4714961744312,1471.410334925825
forecast_0759,2025-02-01 15:00:00,940.444834337283,1684.2637050857406,1501.2024381012463
forecast_0760,2025-02-01 16:00:00,838.3318342488024,1573.9931324524223,1391.2298449969292
forecast_0761,2025-02-01 17:00:00,892.8162831485906,1627.8511815157087,1419.16411131357
forecast_0762,2025-02-01 18:00:00,919.1977405356618,1640.161487334658,1473.5088681903176
forecast_0763,2025-02-01 19:00:00,942.4475704864404,1714.8067522063175,1565.9746512285928
forecast_0764,2025-02-01 20:00:00,1089.2931152569265,1940.99747869392,1751.3453423936198
forecast_0765,2025-02-01 21:00:00,972.5155007220587,1755.8811941408458,1608.440138041737
forecast_0766,2025-02-01 22:00:00,1013.2334785728151,1857.3008966201414,1665.5023771892063
forecast_0767,2025-02-01 23:00:00,1207.9915881344214,1992.024391196014,1683.6511674057344
forecast_0768,2025-02-02 00:00:00,1333.0940157745806,2045.6947603150084,1709.0225938052752
forecast_0769,2025-02-02 01:00:00,1781.4571462889116,2646.281429782785,2200.7486206134417
forecast_0770,2025-02-02 02:00:00,1518.457018549339,2571.526668986078,2147.7215129115298
forecast_0771,2025-02-02 03:00:00,1207.565514411427,2285.7114410455556,1967.8567176575266
forecast_0772,2025-02-02 04:00:00,1109.219071260885,2196.679479159258,1808.3795500172603
forecast_0773,2025-02-02 05:00:00,1462.3583592831642,2459.132522844464,1989.4347599826042
forecast_0774,2025-02-02 06:00:00,1184.72000439365,2173.936560870618,1827.3298163725178
forecast_0775,2025-02-02 07:00:00,1063.4666864922974,1843.4924537133843,1500.985071970869
forecast_0776,2025-02-02 08:00:00,1456.4786015902928,2026.5674973213547,1446.2439803927246
forecast_0777,2025-02-02 09:00:00,1334.5147274542599,2148.2799051376123,1571.78020111885
forecast_0778,2025-02-02 10:00:00,1146.7361902229245,2283.905213754917,1843.5350014984574
forecast_0779,2025-02-02 11:00:00,1219.9977024699197,2370.339362231513,2023.2134070064492
forecast_0780,2025-02-02 12:00:00,1272.142004917279,2262.361722181624,1973.3560680382068
forecast_0781,2025-02-02 13:00:00,1355.0665390341571,2393.952996966045,2245.5715213587587
forecast_0782,2025-02-02 14:00:00,772.3966503495683,1345.8250867910276,1246.9652323441655
forecast_0783,2025-02-02 15:00:00,864.3980522568775,1590.710336747289,1397.8507976079693
forecast_0784,2025-02-02 16:00:00,1325.5068119953166,1763.706039208288,1582.526271428874
forecast_0785,2025-02-02 17:00:00,1936.8102796175126,2071.130579266135,1444.5530784179912
forecast_0786,2025-02-02 18:00:00,2865.74954377632,2930.7046882241857,1993.5726858747985
forecast_0787,2025-02-02 19:00:00,7720.666428359586,7775.916378117672,5220.525622945027
forecast_0788,2025-02-02 20:00:00,11562.861464877333,11764.076080178198,8705.313361729039
forecast_0789,2025-02-02 21:00:00,13490.09442501649,13599.99861001985,10531.843761086453
forecast_0790,2025-02-02 22:00:00,15464.782934259185,15768.909703656733,12878.716021740389
forecast_0791,2025-02-02 23:00:00,17296.199223323216,17677.82714903547,15266.009297033263
forecast_0792,2025-02-03 00:00:00,16954.844297117248,17690.5219994115,15636.264861553118
forecast_0793,2025-02-03 01:00:00,18550.005826309716,19155.30383540546,17908.631534866112
forecast_0794,2025-02-03 02:00:00,18692.325325449994,19363.383174622068,18292.376375517953
forecast_0795,2025-02-03 03:00:00,18120.29254994598,18934.572794406853,17832.470274000694
forecast_0796,2025-02-03 04:00:00,17524.46505897657,18361.210309883478,17089.67431815257
forecast_0797,2025-02-03 05:00:00,17319.576984776526,18101.651673113054,16730.629170808246
forecast_0798,2025-02-03 06:00:00,17130.912727180184,17856.59906537473,16457.957477517753
forecast_0799,2025-02-03 07:00:00,17344.39770216096,18128.8774337911,16780.972685188215
forecast_0800,2025-02-03 08:00:00,18089.77313735376,18777.907239868524,17674.292919581174
forecast_0801,2025-02-03 09:00:00,17180.585065509964,17943.408062016548,16562.263112331526
forecast_0802,2025-02-03 10:00:00,16375.20191545332,17052.914197257214,15103.213142189717
forecast_0803,2025-02-03 11:00:00,16374.63766787467,17099.619776436746,15204.437845731154
forecast_0804,2025-02-03 12:00:00,16046.418468231908,16850.186847099267,15146.050680129265
forecast_0805,2025-02-03 13:00:00,15475.572283205687,16253.973401674548,14411.72550401343
forecast_0806,2025-02-03 14:00:00,15539.553844828573,15929.32475161901,13863.765539261338
forecast_0807,2025-02-03 15:00:00,14897.014461087516,15408.780790463989,13360.783024823846
forecast_0808,2025-02-03 16:00:00,15370.806556617492,15620.851917089618,13466.278359401447
forecast_0809,2025-02-03 17:00:00,15456.949992529337,15789.3752578961,13775.064159036641
forecast_0810,2025-02-03 18:00:00,15431.946727796043,15968.22937933365,14129.392511584427
forecast_0811,2025-02-03 19:00:00,16256.383834242723,16914.43779589796,15213.785437400338
forecast_0812,2025-02-03 20:00:00,16256.949553666022,17152.404886346492,15619.3202821607
forecast_0813,2025-02-03 21:00:00,16294.462504460858,17230.339851587752,15636.703038688232
forecast_0814,2025-02-03 22:00:00,16462.14642989049,17456.103893540243,15924.670989331113
forecast_0815,2025-02-03 23:00:00,16846.146151084384,17751.69182226859,16222.135811336746
forecast_0816,2025-02-04 00:00:00,17108.519388809375,17939.128390083813,16369.101831038075
forecast_0817,2025-02-04 01:00:00,16865.952407786914,17565.663356215176,15730.650995216693
forecast_0818,2025-02-04 02:00:00,16693.40422310339,17441.088324063454,15515.277787707077
forecast_0819,2025-02-04 03:00:00,16553.62332756553,17177.126785125234,15177.492359928152
forecast_0820,2025-02-04 04:00:00,16323.079983572865,16945.339038182858,14782.476230262351
forecast_0821,2025-02-04 05:00:00,16500.245494601477,17336.45649707998,15235.176138568822
forecast_0822,2025-02-04 06:00:00,17136.543780354743,18133.587139956297,16469.226410868403
forecast_0823,2025-02-04 07:00:00,17452.685652620894,18355.397845387834,16660.129954743337
forecast_0824,2025-02-04 08:00:00,17241.27292707365,18182.316401060878,16401.532661916044
forecast_0825,2025-02-04 09:00:00,16617.984820741825,17470.97717147258,15281.905047653301
forecast_0826,2025-02-04 10:00:00,15581.637001363413,16516.448719068958,14061.34011648948
forecast_0827,2025-02-04 11:00:00,15169.917449898188,16293.292954722416,14101.664989049905
forecast_0828,2025-02-04 12:00:00,15274.23240528947,16428.7071603167,14592.588449449888
forecast_0829,2025-02-04 13:00:00,14411.201935576786,15068.59550381267,12851.031819609585
forecast_0830,2025-02-04 14:00:00,13811.480903535632,14362.197307253718,12099.248274467398
forecast_0831,2025-02-04 15:00:00,14124.079302564807,14675.16608185116,12381.622837939703
forecast_0832,2025-02-04 16:00:00,15048.97954500755,15974.378250493706,14046.748829384967
forecast_0833,2025-02-04 17:00:00,14967.276977676018,16262.316001688192,14763.606265681818
forecast_0834,2025-02-04 18:00:00,15426.7122460443,16804.393037286198,15519.207153534726
forecast_0835,2025-02-04 19:00:00,15398.918056891082,16698.92976644846,15346.778691142721
forecast_0836,2025-02-04 20:00:00,16783.869393302633,17929.650865915773,16595.410329788636
forecast_0837,2025-02-04 21:00:00,17316.870348813638,18324.084448348523,17062.383432780447
forecast_0838,2025-02-04 22:00:00,16611.564550253468,17712.387438542333,16425.92041533475
forecast_0839,2025-02-04 23:00:00,16630.289792949625,17663.662690836984,16166.271563278347
forecast_0840,2025-02-05 00:00:00,15855.501150530677,17204.21031127728,15944.936094395678
forecast_0841,2025-02-05 01:00:00,16449.39406045822,17617.681711623747,16153.051929825026
forecast_0842,2025-02-05 02:00:00,16223.808525685028,17506.172398840044,16112.028883050622
forecast_0843,2025-02-05 03:00:00,16220.943764189216,17584.763775903055,16254.009918959928
forecast_0844,2025-02-05 04:00:00,15889.512796270912,17403.10247275665,16114.878666186622
forecast_0845,2025-02-05 05:00:00,15590.81928143276,17177.502839886914,15826.292764038824
forecast_0846,2025-02-05 06:00:00,16123.98002398466,17368.37701466195,15676.29645743612
forecast_0847,2025-02-05 07:00:00,15892.764943077344,16977.73236575328,15033.149314376065
forecast_0848,2025-02-05 08:00:00,15458.929799610347,16699.762269742292,14949.851530039314
forecast_0849,2025-02-05 09:00:00,14835.845849823287,16273.125512505949,14546.204792455037
forecast_0850,2025-02-05 10:00:00,14214.323850691893,15670.890389886572,14002.158950441135
forecast_0851,2025-02-05 11:00:00,14151.766980546992,15333.279866329598,13453.525407389525
forecast_0852,2025-02-05 12:00:00,14600.513486136591,15465.504469684482,13498.102645328514
forecast_0853,2025-02-05 13:00:00,14911.413407861059,15548.509275451966,13503.975228011353
forecast_0854,2025-02-05 14:00:00,15223.69724613848,15666.553354915202,13556.104937348346
forecast_0855,2025-02-05 15:00:00,14713.592631570495,15184.05879170061,13148.08134729831
forecast_0856,2025-02-05 16:00:00,15241.72454924813,15612.580091110367,13583.788893449226
forecast_0857,2025-02-05 17:00:00,14715.362886831223,15208.320031465104,13268.084936992116
forecast_0858,2025-02-05 18:00:00,14805.040170791752,15261.448741395096,13320.69081715839
forecast_0859,2025-02-05 19:00:00,14451.224487087924,15141.10491529934,13646.658795833024
forecast_0860,2025-02-05 20:00:00,14479.462650009535,15249.6081852142,13719.247752552117
forecast_0861,2025-02-05 21:00:00,14767.619450574786,15422.52617511625,13686.270851188627
forecast_0862,2025-02-05 22:00:00,15859.924962907631,16422.834564321125,14631.949309515117
forecast_0863,2025-02-05 23:00:00,16098.391594804967,16975.40248880713,15409.12695642075
forecast_0864,2025-02-06 00:00:00,16234.185403102903,17157.249802209866,15464.41017724455
forecast_0865,2025-02-06 01:00:00,15915.377457195169,17323.77329655968,15897.72454216754
forecast_0866,2025-02-06 02:00:00,16884.791231320807,17715.479949281227,15925.983091354423
forecast_0867,2025-02-06 03:00:00,16937.701140276826,17779.77713548453,16045.333014849253
forecast_0868,2025-02-06 04:00:00,17348.201820823226,18187.641162578144,16546.445851082815
forecast_0869,2025-02-06 05:00:00,17535.57136150259,18409.459957985575,16818.23839112964
forecast_0870,2025-02-06 06:00:00,16995.23382561694,18061.141391799618,16510.159298823295
forecast_0871,2025-02-06 07:00:00,17089.960792187543,18122.611747224713,16553.186458034397
forecast_0872,2025-02-06 08:00:00,16324.015081307642,17458.86656927505,15784.258043394073
forecast_0873,2025-02-06 09:00:00,16157.349297878442,16960.879633694167,15085.577554821595
forecast_0874,2025-02-06 10:00:00,14402.582862861327,15498.405749030764,13426.181093228133
forecast_0875,2025-02-06 11:00:00,14654.332204833301,15476.742407643967,13376.205059611628
forecast_0876,2025-02-06 12:00:00,14574.208623545159,15120.682026228798,12829.048949574571
forecast_0877,2025-02-06 13:00:00,14866.12135615195,15266.468818032165,13055.796637174959
forecast_0878,2025-02-06 14:00:00,15178.207634167688,15519.027486199191,13748.955826667732
forecast_0879,2025-02-06 15:00:00,15991.793368566143,16324.303861233606,14536.528843739481
forecast_0880,2025-02-06 16:00:00,15814.571336768198,16245.260858513182,14570.126945169017
forecast_0881,2025-02-06 17:00:00,15551.565940230044,15862.092106053475,14402.16403386618
forecast_0882,2025-02-06 18:00:00,14534.51641252685,14846.603667191695,13231.047708026206
forecast_0883,2025-02-06 19:00:00,15092.425511090492,15620.839660899534,14185.309034851465
forecast_0884,2025-02-06 20:00:00,16001.839075184274,16311.663022866527,14808.469923278866
forecast_0885,2025-02-06 21:00:00,15643.839491604784,16296.839811724549,15069.523314680562
forecast_0886,2025-02-06 22:00:00,14785.305106322367,15382.844823488787,13913.461026348077
forecast_0887,2025-02-06 23:00:00,14487.604532012156,14969.947804142304,13251.789719989523
forecast_0888,2025-02-07 00:00:00,13696.739331947254,14523.58975157479,13021.352156412753
forecast_0889,2025-02-07 01:00:00,11662.723994319469,11938.973439907139,8606.468343676235
forecast_0890,2025-02-07 02:00:00,10369.384922348298,10764.124463663855,7732.242606197438
forecast_0891,2025-02-07 03:00:00,9683.325066448133,10233.41955898563,7346.792340082582
forecast_0892,2025-02-07 04:00:00,10489.869684697456,11467.85124847787,8317.373681284404
forecast_0893,2025-02-07 05:00:00,9932.057459870219,10796.864253931117,7768.445816132813
forecast_0894,2025-02-07 06:00:00,7165.112583106784,8611.6330643,6230.836734229463
forecast_0895,2025-02-07 07:00:00,5243.767478861093,6431.736776017831,4401.822164331943
forecast_0896,2025-02-07 08:00:00,4263.221048751217,4852.291542181805,3248.15773294443
forecast_0897,2025-02-07 09:00:00,5814.061353159483,6277.8274258400415,4355.624122533283
forecast_0898,2025-02-07 10:00:00,9575.902117536261,10195.070520370646,8144.326594894181
forecast_0899,2025-02-07 11:00:00,12512.890898411772,13414.590332926322,11570.503420631463
forecast_0900,2025-02-07 12:00:00,13851.125370251586,14475.717369744867,12662.309358316987
forecast_0901,2025-02-07 13:00:00,14616.550290712405,15695.415163161975,14245.205157485974
forecast_0902,2025-02-07 14:00:00,13952.280333164763,14322.571724940273,12375.324359814926
forecast_0903,2025-02-07 15:00:00,13951.122076482636,14662.732549919609,12770.537189095088
forecast_0904,2025-02-07 16:00:00,14096.60221907995,14678.451776736507,12766.277420304894
forecast_0905,2025-02-07 17:00:00,13163.348953990764,13824.121487456432,11857.832990301553
forecast_0906,2025-02-07 18:00:00,13248.018928279174,14267.93744807447,12447.423015199663
forecast_0907,2025-02-07 19:00:00,12500.331430968556,12901.387130418698,10850.335143103011
forecast_0908,2025-02-07 20:00:00,13369.205946709008,14030.713093801372,11892.197299692372
forecast_0909,2025-02-07 21:00:00,15433.266016999682,16105.978889299917,13863.960554564968
forecast_0910,2025-02-07 22:00:00,15938.800330817934,16839.744564005665,14796.54322022503
forecast_0911,2025-02-07 23:00:00,17156.05215630061,18009.64120110552,15779.018821908723
forecast_0912,2025-02-08 00:00:00,17635.14796653625,18447.676408005682,16217.415233517053
forecast_0913,2025-02-08 01:00:00,17128.000469972772,18199.163817504123,15964.10358700047
forecast_0914,2025-02-08 02:00:00,17638.19341294778,18708.275959129158,16800.672815243513
forecast_0915,2025-02-08 03:00:00,16600.08813956247,18320.4518819664,17797.792787733844
forecast_0916,2025-02-08 04:00:00,18429.919340162287,19404.21079039214,17988.477445762543
forecast_0917,2025-02-08 05:00:00,17509.819456395675,18867.78138289586,18036.733935431777
forecast_0918,2025-02-08 06:00:00,18101.466750583975,19213.484793838074,17891.983319345443
forecast_0919,2025-02-08 07:00:00,17651.804726185946,18743.622091521112,16784.570820723944
forecast_0920,2025-02-08 08:00:00,16555.400227133967,17782.014123286895,15754.31828447437
forecast_0921,2025-02-08 09:00:00,15796.978283509126,16083.467782331481,12067.710755069013
forecast_0922,2025-02-08 10:00:00,12838.709907845658,12874.703479153159,9192.242632991398
forecast_0923,2025-02-08 11:00:00,9959.552439665127,10227.084409195433,6945.637074802634
forecast_0924,2025-02-08 12:00:00,7555.113684583487,7424.858725785192,4855.705878935623
forecast_0925,2025-02-08 13:00:00,5635.296874894834,5341.080268596694,3546.6943651399297
forecast_0926,2025-02-08 14:00:00,5369.346203644673,4902.950933557522,3241.4467899246592
forecast_0927,2025-02-08 15:00:00,5705.632873910471,5134.821326436173,3422.3331398081
forecast_0928,2025-02-08 16:00:00,6175.4859255296915,5511.336440427359,3611.2873281956427
forecast_0929,2025-02-08 17:00:00,5455.933699684205,5305.650954931551,3528.0223595615403
forecast_0930,2025-02-08 18:00:00,7041.501538249162,7149.466816542895,4710.218315071478
forecast_0931,2025-02-08 19:00:00,8708.300920259007,9104.408734854893,6291.155471061881
forecast_0932,2025-02-08 20:00:00,10180.977852874126,10784.024873634089,7716.593164238809
forecast_0933,2025-02-08 21:00:00,12352.283754542586,12620.557317601597,9196.29009741664
forecast_0934,2025-02-08 22:00:00,14424.762075269517,15157.536558453732,12178.621187150366
forecast_0935,2025-02-08 23:00:00,16804.36590751893,17488.943562693996,15039.463808699367
forecast_0936,2025-02-09 00:00:00,18476.650082135253,19067.35981911927,17203.851537664275
forecast_0937,2025-02-09 01:00:00,16895.194923047216,17501.501067275865,14792.910809803785
forecast_0938,2025-02-09 02:00:00,17878.77876249187,18433.899790703057,16142.505501198462
forecast_0939,2025-02-09 03:00:00,18362.419644269125,18904.834429287515,16846.584793759514
forecast_0940,2025-02-09 04:00:00,18935.663020671393,19327.08095303915,17350.128587620267
forecast_0941,2025-02-09 05:00:00,19181.85652795265,19692.084215570394,18209.069032600895
forecast_0942,2025-02-09 06:00:00,19463.69970005974,19850.984679413064,18192.205672480122
forecast_0943,2025-02-09 07:00:00,18963.577922642256,19568.656583172182,17851.61294042619
forecast_0944,2025-02-09 08:00:00,17917.785426700466,18719.38117209274,16750.64338306088
forecast_0945,2025-02-09 09:00:00,16623.00827452831,17044.591164925,13685.769253029097
forecast_0946,2025-02-09 10:00:00,15022.194460133514,15553.712208573397,12050.304979013523
forecast_0947,2025-02-09 11:00:00,12788.87518223663,13209.886248052379,9762.161613662454
forecast_0948,2025-02-09 12:00:00,10105.02077473603,10402.203201777327,7451.079012092136
forecast_0949,2025-02-09 13:00:00,9375.01322260786,9573.074133071552,6901.379975805042
forecast_0950,2025-02-09 14:00:00,10290.004486937323,10352.72714208196,7662.882387851261
forecast_0951,2025-02-09 15:00:00,10708.768353427346,10923.033664023551,8154.555900976747
forecast_0952,2025-02-09 16:00:00,11662.99459205896,12190.550739931601,9558.471788109733
forecast_0953,2025-02-09 17:00:00,12506.52066049078,13158.936612722144,10662.144027420993
forecast_0954,2025-02-09 18:00:00,14901.024926480246,15320.489088562506,12452.701019425862
forecast_0955,2025-02-09 19:00:00,15673.472577372098,16205.290193760105,13460.084467874778
forecast_0956,2025-02-09 20:00:00,15439.376075251204,15817.983250794965,12796.17293550005
forecast_0957,2025-02-09 21:00:00,15712.090227392511,16038.294479743787,12792.92833146821
forecast_0958,2025-02-09 22:00:00,16247.560485431542,16787.523885697196,13881.214447108308
forecast_0959,2025-02-09 23:00:00,17235.22326178992,17740.337603884123,15052.084298014928
forecast_0960,2025-02-10 00:00:00,17724.3239783209,18470.81988878477,16402.54252806947
forecast_0961,2025-02-10 01:00:00,17361.419314635008,18134.821290982323,15903.408540505905
forecast_0962,2025-02-10 02:00:00,17602.26749666583,18362.04541209334,16200.094751224755
forecast_0963,2025-02-10 03:00:00,18146.91257278485,18865.601919610308,16968.53376032986
forecast_0964,2025-02-10 04:00:00,18441.55396224748,19214.050554054993,17687.36311038768
forecast_0965,2025-02-10 05:00:00,18372.791302496622,19357.7684950491,18283.991147729306
forecast_0966,2025-02-10 06:00:00,18287.663221230745,19307.437433660933,18335.62008361056
forecast_0967,2025-02-10 07:00:00,18459.089011560984,19326.919296088287,18199.398027120395
forecast_0968,2025-02-10 08:00:00,18205.67489846523,19186.087427220595,17971.118389780102
forecast_0969,2025-02-10 09:00:00,17741.399108066442,18759.414082334977,17398.422025492557
forecast_0970,2025-02-10 10:00:00,15780.504087388868,17391.719989447352,16091.826198972025
forecast_0971,2025-02-10 11:00:00,14374.631093671313,15753.084455086024,13690.178311118767
forecast_0972,2025-02-10 12:00:00,13782.877289196007,14703.17043978929,12397.58847602751
forecast_0973,2025-02-10 13:00:00,12536.028262031155,13077.606598304348,10721.63899617674
forecast_0974,2025-02-10 14:00:00,12610.627707563712,13289.301951410378,11028.91897319564
forecast_0975,2025-02-10 15:00:00,12805.075662221016,13343.352298461992,11144.66412413424
forecast_0976,2025-02-10 16:00:00,12488.315672866682,13051.700975032472,10865.713417182336
forecast_0977,2025-02-10 17:00:00,12099.819676783349,12619.710611216844,10308.14677294534
forecast_0978,2025-02-10 18:00:00,14101.485113907842,14579.46851733825,11843.330929299853
forecast_0979,2025-02-10 19:00:00,15279.6680366086,16015.105035217157,13527.495455829265
forecast_0980,2025-02-10 20:00:00,13910.701130713534,14368.28499307252,11359.309273842273
forecast_0981,2025-02-10 21:00:00,12477.239743169384,12549.719018342088,9348.97364558416
forecast_0982,2025-02-10 22:00:00,13084.276498734404,13438.1102820183,10071.88721794781
forecast_0983,2025-02-10 23:00:00,12402.606297550592,12679.383527456506,9306.032981506985
forecast_0984,2025-02-11 00:00:00,12002.515278588318,12481.819809114513,9154.088496207505
forecast_0985,2025-02-11 01:00:00,12729.247407083627,13421.165455182785,9861.601276095085
forecast_0986,2025-02-11 02:00:00,13240.744917733507,13900.399662486374,10192.732730153843
forecast_0987,2025-02-11 03:00:00,14544.127880511738,15138.35222907902,11331.97193464429
forecast_0988,2025-02-11 04:00:00,14246.417619599333,14727.075900936521,10883.767267316929
forecast_0989,2025-02-11 05:00:00,11580.785410753888,12252.363403481417,8623.363859918354
forecast_0990,2025-02-11 06:00:00,9233.78993882885,10208.226546977587,6982.223061412008
forecast_0991,2025-02-11 07:00:00,9246.79312569317,10199.247285419271,6951.658076062363
forecast_0992,2025-02-11 08:00:00,8504.233307209042,9385.669573222243,6238.651094330163
forecast_0993,2025-02-11 09:00:00,6795.905718890459,7484.196173118251,4933.530294171167
forecast_0994,2025-02-11 10:00:00,5953.70109128906,6529.505283747674,4335.1419610632365
forecast_0995,2025-02-11 11:00:00,4643.683892137148,5143.034070269048,3503.148291246095
forecast_0996,2025-02-11 12:00:00,3668.2078520566024,3734.2423411952213,2462.391206787097
forecast_0997,2025-02-11 13:00:00,2119.317483651055,2504.163739760377,1667.9090215706233
forecast_0998,2025-02-11 14:00:00,3148.2523841880143,3150.423640224589,2085.0932039139207
forecast_0999,2025-02-11 15:00:00,2917.503259949811,3142.660393377985,2254.58075257902
forecast_1000,2025-02-11 16:00:00,2189.7350460086072,2605.138159365739,1913.4826836324794
forecast_1001,2025-02-11 17:00:00,2516.1258936865443,3091.7962254305257,2230.814073047784
forecast_1002,2025-02-11 18:00:00,5739.973768713022,6734.566730062943,4849.264680863283
forecast_1003,2025-02-11 19:00:00,10081.153818969919,10360.582444706411,7414.618329922001
forecast_1004,2025-02-11 20:00:00,12766.266776836752,13399.855473463078,10465.113148501192
forecast_1005,2025-02-11 21:00:00,13578.2764842809,14687.087882779317,12023.530299869813
forecast_1006,2025-02-11 22:00:00,14481.591780743493,15384.131630838216,12731.71269672073
forecast_1007,2025-02-11 23:00:00,16814.68193132551,17745.773689954854,15931.708887523477
forecast_1008,2025-02-12 00:00:00,19003.51102109335,19229.124742571556,17358.853340140737
forecast_1009,2025-02-12 01:00:00,17243.315262840493,17867.392013232275,15388.100200578969
forecast_1010,2025-02-12 02:00:00,18103.981908879534,18653.66974635447,16516.619266237627
forecast_1011,2025-02-12 03:00:00,18458.19455058252,18745.629492866647,16423.020841095928
forecast_1012,2025-02-12 04:00:00,18125.811495786533,18454.723624195463,15944.6998582955
forecast_1013,2025-02-12 05:00:00,16984.131108755744,17658.422095581416,15023.1830864515
forecast_1014,2025-02-12 06:00:00,15507.750106863159,15864.916001788133,12472.477162034429
forecast_1015,2025-02-12 07:00:00,11436.389955577204,11669.185460082354,8126.177032937052
forecast_1016,2025-02-12 08:00:00,7996.251010646333,9289.14674192522,6672.047912314367
forecast_1017,2025-02-12 09:00:00,6520.8216954063655,7671.3602220081575,5229.246681991616
forecast_1018,2025-02-12 10:00:00,7297.144309989259,8767.52321914724,6353.782244148365
forecast_1019,2025-02-12 11:00:00,10406.029400915462,11769.356487052206,9118.89588886781
forecast_1020,2025-02-12 12:00:00,13354.02641066476,14551.304542117447,12190.768781408897
forecast_1021,2025-02-12 13:00:00,15270.928449869538,16299.00552696822,14236.219972038227
forecast_1022,2025-02-12 14:00:00,15147.760543511156,15707.82435929236,13265.713879942828
forecast_1023,2025-02-12 15:00:00,16107.202995950902,16856.998308459588,15200.236616125983
forecast_1024,2025-02-12 16:00:00,16945.177300644194,17737.38132699954,16534.738261240105
forecast_1025,2025-02-12 17:00:00,17439.760484500974,18214.68401730046,17120.21415736832
forecast_1026,2025-02-12 18:00:00,17835.18502196954,18614.236148937554,17538.345554434418
forecast_1027,2025-02-12 19:00:00,18075.490192372097,18871.374894692482,17936.30593266459
forecast_1028,2025-02-12 20:00:00,17608.652578597314,18377.608834324637,17238.32892974495
forecast_1029,2025-02-12 21:00:00,17775.248223758346,18628.352751199232,17507.841648057252
forecast_1030,2025-02-12 22:00:00,17764.951705568827,18679.91923940007,17594.657477479737
forecast_1031,2025-02-12 23:00:00,17173.276833052747,18043.927046399316,16809.276196286024
forecast_1032,2025-02-13 00:00:00,16076.013282289292,16694.881577248358,15066.182670485854
forecast_1033,2025-02-13 01:00:00,14908.050761851027,15619.029144691809,13511.445414625425
forecast_1034,2025-02-13 02:00:00,14780.27117077732,15957.605454072336,14300.299610618205
forecast_1035,2025-02-13 03:00:00,13655.09619204203,14899.26454435087,13151.302450544019
forecast_1036,2025-02-13 04:00:00,10327.227401431814,11292.897746894549,9594.146250449823
forecast_1037,2025-02-13 05:00:00,11458.643360046011,12092.90511222175,9420.01107985451
forecast_1038,2025-02-13 06:00:00,13993.11411456852,15310.24388855109,13055.690184408348
forecast_1039,2025-02-13 07:00:00,15230.830745912046,16810.349531732914,15224.699001734347
forecast_1040,2025-02-13 08:00:00,16117.514841433096,17540.24311651802,16040.228299295683
forecast_1041,2025-02-13 09:00:00,16518.645433304006,17767.59775620964,16078.395466239554
forecast_1042,2025-02-13 10:00:00,17204.76527146049,18140.099329933946,16274.29596843926
forecast_1043,2025-02-13 11:00:00,16762.34993184243,17820.940825622187,16101.503153724272
forecast_1044,2025-02-13 12:00:00,14750.187245194096,15771.902142186496,13599.343002483134
forecast_1045,2025-02-13 13:00:00,15631.279312525734,16573.351941096873,14807.988327794352
forecast_1046,2025-02-13 14:00:00,15693.990164321067,16383.773651258802,14392.313664135487
forecast_1047,2025-02-13 15:00:00,15874.751994623135,16592.917467023075,14716.00368127398
forecast_1048,2025-02-13 16:00:00,16119.13644648315,16970.244317351317,15353.981271922694
forecast_1049,2025-02-13 17:00:00,17032.869929256907,17899.008122444502,16537.61771524859
forecast_1050,2025-02-13 18:00:00,18129.037873069723,18909.232486864512,17900.76920415545
forecast_1051,2025-02-13 19:00:00,18682.285703562462,19453.49852338272,18622.30428361292
forecast_1052,2025-02-13 20:00:00,19084.95793356993,19689.461117770523,18801.705589448313
forecast_1053,2025-02-13 21:00:00,19026.401423280062,19722.77484843787,18928.434972817202
forecast_1054,2025-02-13 22:00:00,19382.777353439044,20013.912575741273,19282.520501515944
forecast_1055,2025-02-13 23:00:00,19862.204402696134,20332.151130140126,19543.255543618645
forecast_1056,2025-02-14 00:00:00,19844.173206691983,20320.196000213247,19543.71224441925
forecast_1057,2025-02-14 01:00:00,19482.215714724138,20114.601817753268,19392.233200133203
forecast_1058,2025-02-14 02:00:00,19792.921371188924,20306.70916842544,19450.799854301273
forecast_1059,2025-02-14 03:00:00,19859.736370583578,20332.11109712415,19446.65346666044
forecast_1060,2025-02-14 04:00:00,19753.610310226693,20226.56823608392,19249.982549651482
forecast_1061,2025-02-14 05:00:00,20018.111176773833,20429.08298700427,19503.309368839757
forecast_1062,2025-02-14 06:00:00,20326.261771640082,20604.86405205899,19740.527152302577
forecast_1063,2025-02-14 07:00:00,20416.524672350206,20662.88329615066,19797.4535504789
forecast_1064,2025-02-14 08:00:00,20411.040250301077,20614.342669812177,19677.537221502655
forecast_1065,2025-02-14 09:00:00,18517.95866569032,18964.073270790108,17211.543932521745
forecast_1066,2025-02-14 10:00:00,15980.684765764188,16705.754825521526,14335.150115852004
forecast_1067,2025-02-14 11:00:00,13259.648460361335,13798.451059750703,10817.44174081553
forecast_1068,2025-02-14 12:00:00,11389.494567122898,11924.73487166611,9047.408678318247
forecast_1069,2025-02-14 13:00:00,10814.352728261843,11101.512260966803,8232.628055129302
forecast_1070,2025-02-14 14:00:00,11025.53463505766,11264.978196737866,8485.264831320135
forecast_1071,2025-02-14 15:00:00,11075.128260346552,11414.372085803936,8813.03903557349
forecast_1072,2025-02-14 16:00:00,12600.250302994724,13003.39294977237,10405.58538190191
forecast_1073,2025-02-14 17:00:00,13462.598781895344,13886.803481301307,11238.867145631903
forecast_1074,2025-02-14 18:00:00,16248.816400035941,16400.545982028714,13584.749798873832
forecast_1075,2025-02-14 19:00:00,16837.52292655856,16899.76310026833,14058.831046857928
forecast_1076,2025-02-14 20:00:00,16538.269258562625,16638.22850008093,13651.997765848748
forecast_1077,2025-02-14 21:00:00,17033.60366489798,17208.57940198578,14450.147592120296
forecast_1078,2025-02-14 22:00:00,16903.28036191455,16941.08243169309,13905.463181461624
forecast_1079,2025-02-14 23:00:00,17118.033356223656,17420.503703491297,14742.923560683763
forecast_1080,2025-02-15 00:00:00,17988.340983320253,18321.949570813616,15999.288904743904
forecast_1081,2025-02-15 01:00:00,17533.195835791816,17878.3995790645,15391.954328431899
forecast_1082,2025-02-15 02:00:00,18104.616729113637,18527.393498672198,16122.547676654542
forecast_1083,2025-02-15 03:00:00,17731.043358011375,17920.362794047807,14969.375345034736
forecast_1084,2025-02-15 04:00:00,17750.243127851987,17854.464203618933,14758.024021482284
forecast_1085,2025-02-15 05:00:00,17911.32579795956,18056.774153434766,14969.265369672597
forecast_1086,2025-02-15 06:00:00,17477.22595079785,17860.83693762872,14921.56729612668
forecast_1087,2025-02-15 07:00:00,15964.783056511831,16008.010889226403,12314.621508639048
forecast_1088,2025-02-15 08:00:00,13603.098587678365,13893.89995661312,10168.487673282392
forecast_1089,2025-02-15 09:00:00,11406.819628267782,11515.866846479272,7976.995755504697
forecast_1090,2025-02-15 10:00:00,10161.753202519867,10249.367998727623,7117.798458558759
forecast_1091,2025-02-15 11:00:00,10194.845023260594,10209.098671026088,7057.810087580001
forecast_1092,2025-02-15 12:00:00,11860.376998116857,12136.19209678818,8954.244010805156
forecast_1093,2025-02-15 13:00:00,13131.211910494445,13410.395058478342,10537.018950697966
forecast_1094,2025-02-15 14:00:00,15439.705937453024,15895.98912838357,13339.380598528322
forecast_1095,2025-02-15 15:00:00,15709.70588938326,16298.796605698197,14136.943294331415
forecast_1096,2025-02-15 16:00:00,15284.060588131219,16060.903050923269,14103.75643624377
forecast_1097,2025-02-15 17:00:00,16410.779277268262,17111.871416977374,15338.371350938263
forecast_1098,2025-02-15 18:00:00,17132.57863423103,17688.134464296294,15823.209723441643
forecast_1099,2025-02-15 19:00:00,18436.79341960785,19059.71042970572,17823.57362509066
forecast_1100,2025-02-15 20:00:00,19242.005071681233,19676.708480337667,18540.26344740535
forecast_1101,2025-02-15 21:00:00,19174.350229360258,19424.14990517421,17786.73364294337
forecast_1102,2025-02-15 22:00:00,19355.51336461882,19566.053001211512,17968.516359952675
forecast_1103,2025-02-15 23:00:00,19953.703003208528,20092.34740183579,18606.24894503846
forecast_1104,2025-02-16 00:00:00,20125.25870958824,20259.42528078938,18872.947261012097
forecast_1105,2025-02-16 01:00:00,20201.85421335708,20320.734475476707,19034.583870931838
forecast_1106,2025-02-16 02:00:00,19822.127846821924,20019.433856195683,18544.93940883732
forecast_1107,2025-02-16 03:00:00,19999.509648783256,20094.2845507943,18468.81678339092
forecast_1108,2025-02-16 04:00:00,19078.924885131302,19447.84147046382,17735.80407044383
forecast_1109,2025-02-16 05:00:00,18251.933712782116,18686.84888451267,16539.18596967955
forecast_1110,2025-02-16 06:00:00,17350.908431111013,17853.202777046234,15332.877383550935
forecast_1111,2025-02-16 07:00:00,16831.8981635632,17568.434821256094,15065.35131665697
forecast_1112,2025-02-16 08:00:00,16573.408186921235,17015.91646436106,13981.598581464164
forecast_1113,2025-02-16 09:00:00,14960.218420086001,15305.305914510536,11973.43828328012
forecast_1114,2025-02-16 10:00:00,11816.084156905008,12593.090540381243,9764.982690332665
forecast_1115,2025-02-16 11:00:00,10839.584317544546,11794.853780163647,9209.758085424563
forecast_1116,2025-02-16 12:00:00,11040.591331559697,12084.603986144313,10012.572330120453
forecast_1117,2025-02-16 13:00:00,12115.223944630266,12558.912010795422,10500.172546042546
forecast_1118,2025-02-16 14:00:00,14606.142534587098,14942.222302704911,13108.800928403172
forecast_1119,2025-02-16 15:00:00,15781.746642095282,16219.829764237686,14784.537584516891
forecast_1120,2025-02-16 16:00:00,17117.906133905868,17371.920458499368,16017.960120050793
forecast_1121,2025-02-16 17:00:00,17552.96586859664,17685.499197700097,16269.997429615
forecast_1122,2025-02-16 18:00:00,17513.354629489422,17911.70112660231,16697.704108566017
forecast_1123,2025-02-16 19:00:00,17484.707330566533,17903.771162818943,16645.086980844048
forecast_1124,2025-02-16 20:00:00,17362.78646553436,17814.468075779776,16454.88448051008
forecast_1125,2025-02-16 21:00:00,17653.209943062757,18106.082501879846,16669.12875243945
forecast_1126,2025-02-16 22:00:00,17282.186092518634,17667.21097346418,16049.32266715652
forecast_1127,2025-02-16 23:00:00,16988.69385452017,17488.143109346685,15852.406842873064
forecast_1128,2025-02-17 00:00:00,16710.26739536911,17234.799379260025,15512.020382256116
forecast_1129,2025-02-17 01:00:00,15692.780180891776,16098.841478290171,13994.494727202542
forecast_1130,2025-02-17 02:00:00,15356.789493581415,16049.6018783604,14155.204171639803
forecast_1131,2025-02-17 03:00:00,15284.995876350507,15679.944079362322,13477.68653666198
forecast_1132,2025-02-17 04:00:00,14818.172989449668,15279.093293872003,13199.716684873083
forecast_1133,2025-02-17 05:00:00,13652.51039075221,13739.428939516314,11400.888629315436
forecast_1134,2025-02-17 06:00:00,12411.231736903503,13051.320818533124,10655.475131892295
forecast_1135,2025-02-17 07:00:00,13207.984109737326,14148.296955195518,11645.536888568831
forecast_1136,2025-02-17 08:00:00,12724.725309952866,13600.894832849477,11080.599186177737
forecast_1137,2025-02-17 09:00:00,13365.875091075402,13899.779744778156,11214.990711999239
forecast_1138,2025-02-17 10:00:00,13553.90420777138,13820.633046035804,11267.425441608975
forecast_1139,2025-02-17 11:00:00,13520.72596880171,13581.141319989289,11254.23433757042
forecast_1140,2025-02-17 12:00:00,13566.26036353949,13543.053749268403,11357.382156871263
forecast_1141,2025-02-17 13:00:00,13126.963957881757,13242.77002357294,11258.526677006334
forecast_1142,2025-02-17 14:00:00,12661.635609129991,12782.104629213238,10937.635344590497
forecast_1143,2025-02-17 15:00:00,12111.510240475316,12260.016997630688,10461.225774363216
forecast_1144,2025-02-17 16:00:00,10846.920619664532,11009.396825007243,9222.42437216525
forecast_1145,2025-02-17 17:00:00,9231.6317884599,9717.81365704325,8099.690985229694
forecast_1146,2025-02-17 18:00:00,9354.057900354768,9534.77607834271,7601.856683407791
forecast_1147,2025-02-17 19:00:00,9250.423168007153,9482.04399257763,7461.88079715319
forecast_1148,2025-02-17 20:00:00,8312.32190291055,8882.302790446302,7096.317769699932
forecast_1149,2025-02-17 21:00:00,7323.212422682427,7394.820276394923,5459.621871894091
forecast_1150,2025-02-17 22:00:00,5989.231401790361,6228.682306642244,4571.205027038206
forecast_1151,2025-02-17 23:00:00,6416.679592571328,6940.558038969348,5264.0260589279105
forecast_1152,2025-02-18 00:00:00,7313.022866056103,7944.681444887581,6016.238564664263
forecast_1153,2025-02-18 01:00:00,9910.48650090587,10033.431376692308,7222.333324361242
forecast_1154,2025-02-18 02:00:00,10560.527758801734,11422.71778402006,8658.380789292223
forecast_1155,2025-02-18 03:00:00,11886.74037616439,13052.049404366171,10338.750070440887
forecast_1156,2025-02-18 04:00:00,12709.179976094269,14105.296793578746,11476.859160473265
forecast_1157,2025-02-18 05:00:00,12504.618895849284,13711.47616455577,11155.532982771327
forecast_1158,2025-02-18 06:00:00,13370.215754156188,14581.031140993116,11893.009993991496
forecast_1159,2025-02-18 07:00:00,13837.300742250642,15223.656418330609,12780.649918389237
forecast_1160,2025-02-18 08:00:00,12203.531967058108,13340.926925291344,10790.388888273897
forecast_1161,2025-02-18 09:00:00,11121.34072587612,12224.939189417337,9604.061879127448
forecast_1162,2025-02-18 10:00:00,10612.37761815139,11487.649114858876,8979.30225521189
forecast_1163,2025-02-18 11:00:00,10830.250328336071,11302.344523736636,8931.119892660226
forecast_1164,2025-02-18 12:00:00,11439.216334044075,11684.238173333608,9372.176275423253
forecast_1165,2025-02-18 13:00:00,12315.271908261404,12339.579990228498,10020.158231912337
forecast_1166,2025-02-18 14:00:00,12804.763334071191,12807.911726637301,10505.012944869392
forecast_1167,2025-02-18 15:00:00,12985.385810151845,13066.756955553763,10886.939338783848
forecast_1168,2025-02-18 16:00:00,12884.28796613424,12937.006084071025,10832.242954369045
forecast_1169,2025-02-18 17:00:00,11962.410905120372,12297.956644700596,10490.533309885055
forecast_1170,2025-02-18 18:00:00,10856.752474009782,11392.677142217579,9869.509382669357
forecast_1171,2025-02-18 19:00:00,10227.753753445746,10986.426868743161,9221.121759294396
forecast_1172,2025-02-18 20:00:00,10536.817776890217,11533.88609723057,9792.99875105344
forecast_1173,2025-02-18 21:00:00,11534.691644307797,12023.617463465367,9480.637493119608
forecast_1174,2025-02-18 22:00:00,10936.15928151293,11361.169972548123,8544.376081100436
forecast_1175,2025-02-18 23:00:00,10114.487331706532,10570.278005456385,7710.929393675457
forecast_1176,2025-02-19 00:00:00,11204.472878322096,11400.512865113114,8121.853943650316
forecast_1177,2025-02-19 01:00:00,9628.007447244865,9638.282844135807,6549.8052887525755
forecast_1178,2025-02-19 02:00:00,10943.838233848895,11052.027635426006,7555.1340934483915
forecast_1179,2025-02-19 03:00:00,11428.206359251777,11949.401189400061,8522.80314697087
forecast_1180,2025-02-19 04:00:00,11725.587535950246,12248.680917514164,8551.96309122593
forecast_1181,2025-02-19 05:00:00,13627.332015835947,14177.572455697664,10244.031962486919
forecast_1182,2025-02-19 06:00:00,14469.128161940776,15214.07364186081,11481.841181935351
forecast_1183,2025-02-19 07:00:00,14430.879447523257,15183.060599841707,11549.115010343856
forecast_1184,2025-02-19 08:00:00,13530.913844638126,14000.473183130522,10168.15848286265
forecast_1185,2025-02-19 09:00:00,11000.029590175182,11529.812178087483,8090.730574798368
forecast_1186,2025-02-19 10:00:00,8563.40576931716,8941.27295300379,6169.07043271629
forecast_1187,2025-02-19 11:00:00,6984.035502339816,6917.51868972706,4769.134678723505
forecast_1188,2025-02-19 12:00:00,6117.119100931025,6045.554113365339,4309.117971202341
forecast_1189,2025-02-19 13:00:00,5029.711679852242,5407.420047947778,4199.167737793939
forecast_1190,2025-02-19 14:00:00,6157.792383922618,6317.016666122792,4824.779613220293
forecast_1191,2025-02-19 15:00:00,6708.030995209631,7035.597795017093,5677.895226135942
forecast_1192,2025-02-19 16:00:00,6822.606669412637,7340.003151832515,6117.22346764853
forecast_1193,2025-02-19 17:00:00,7461.623562702139,7912.638420816147,6510.8036024296425
forecast_1194,2025-02-19 18:00:00,8059.665870635505,8652.299441545238,7033.250407706408
forecast_1195,2025-02-19 19:00:00,7873.241114362994,8263.030703099199,6449.561570759992
forecast_1196,2025-02-19 20:00:00,7978.167305698587,8200.448913713219,6248.699010102378
forecast_1197,2025-02-19 21:00:00,8367.961558989646,8896.487051037591,6822.204025429088
forecast_1198,2025-02-19 22:00:00,8897.717280190813,9570.841856072477,7155.896919319561
forecast_1199,2025-02-19 23:00:00,8867.141975378763,9810.44686267218,7166.844319702945
forecast_1200,2025-02-20 00:00:00,9441.342502972331,10000.671131919475,6989.533145596868
forecast_1201,2025-02-20 01:00:00,8604.144400662684,8676.03046787825,5767.462460521829
forecast_1202,2025-02-20 02:00:00,9315.147599924832,9344.355867582111,6101.935612271256
forecast_1203,2025-02-20 03:00:00,9497.984145669898,9650.543994333473,6312.128610048941
forecast_1204,2025-02-20 04:00:00,9923.671518983025,9801.097956380918,6284.663199301283
forecast_1205,2025-02-20 05:00:00,10342.88822579787,10180.999936427233,6507.73223928257
forecast_1206,2025-02-20 06:00:00,10681.12906489607,10689.736040599564,6910.813034598037
forecast_1207,2025-02-20 07:00:00,12102.479344358548,12177.294076431222,8002.432480012238
forecast_1208,2025-02-20 08:00:00,13271.058746708433,13698.080688427923,9559.312097471942
forecast_1209,2025-02-20 09:00:00,12550.777554694498,13856.031051426902,10657.28228354987
forecast_1210,2025-02-20 10:00:00,10677.929952160539,12140.711044055297,9418.44397870879
forecast_1211,2025-02-20 11:00:00,9101.24903634776,9808.559661268737,7213.123810478596
forecast_1212,2025-02-20 12:00:00,9439.264209129089,10084.199203283459,7708.000690638632
forecast_1213,2025-02-20 13:00:00,10178.808484327212,10552.828811116142,8137.271353909365
forecast_1214,2025-02-20 14:00:00,10731.602184523585,10958.645416947867,8693.358786033294
forecast_1215,2025-02-20 15:00:00,10937.732914298405,11222.05745114525,9039.685861070326
forecast_1216,2025-02-20 16:00:00,10445.237173857675,10670.126933328876,8662.639399219248
forecast_1217,2025-02-20 17:00:00,10026.504500686431,10241.033285067162,8174.843451710422
forecast_1218,2025-02-20 18:00:00,10483.40578341615,10793.958086190685,8546.40992818503
forecast_1219,2025-02-20 19:00:00,11118.26257327398,11623.7670780053,9269.704458209813
forecast_1220,2025-02-20 20:00:00,11718.58662206736,11993.412142375291,9427.122509162793
forecast_1221,2025-02-20 21:00:00,11420.530600217637,11919.373166529891,9397.164797776835
forecast_1222,2025-02-20 22:00:00,10129.25838631388,10366.625883933844,7755.534497054905
forecast_1223,2025-02-20 23:00:00,9323.23368982647,9867.886454734951,7212.902015010817
forecast_1224,2025-02-21 00:00:00,10785.250968408185,10844.021190704974,7532.841803066474
forecast_1225,2025-02-21 01:00:00,8922.58467215189,9548.61227114731,6544.743316456959
forecast_1226,2025-02-21 02:00:00,9892.402617273907,10204.705610343486,6980.939660448856
forecast_1227,2025-02-21 03:00:00,10054.63074233205,10247.590592848028,6939.474964911676
forecast_1228,2025-02-21 04:00:00,9992.882625384647,10276.136968428083,6906.755888913519
forecast_1229,2025-02-21 05:00:00,10242.027199233064,10584.662671265643,7030.338503311191
forecast_1230,2025-02-21 06:00:00,10643.906176305476,10977.44939039872,7282.9867467929935
forecast_1231,2025-02-21 07:00:00,11197.522574972532,11414.868092751098,7522.133044867932
forecast_1232,2025-02-21 08:00:00,11290.641239865528,11436.163643965896,7622.394523278966
forecast_1233,2025-02-21 09:00:00,9997.486028048592,10239.182369541197,6924.380164904181
forecast_1234,2025-02-21 10:00:00,7855.958852434842,8002.870727643831,5438.895166386866
forecast_1235,2025-02-21 11:00:00,5984.371597628752,6012.427455121978,4207.093135592902
forecast_1236,2025-02-21 12:00:00,5675.270369386395,5715.0871469003305,4141.254759122213
forecast_1237,2025-02-21 13:00:00,7196.082784043907,7094.703624185869,5103.4922919512355
forecast_1238,2025-02-21 14:00:00,8247.220872780927,8264.692590620522,6355.4212112604
forecast_1239,2025-02-21 15:00:00,8096.342397480503,8585.987109318958,7224.160935999187
forecast_1240,2025-02-21 16:00:00,7817.745968419765,8271.892412214504,6952.1726759515805
forecast_1241,2025-02-21 17:00:00,8475.765062692179,8978.907979414085,7587.74803077698
forecast_1242,2025-02-21 18:00:00,9677.551349153353,10078.108379572817,8167.979834436538
forecast_1243,2025-02-21 19:00:00,11009.103273970384,11267.833174980184,9090.38334760581
forecast_1244,2025-02-21 20:00:00,11144.058158362797,11772.201841079417,9876.777232237742
forecast_1245,2025-02-21 21:00:00,11370.61358340751,12231.13255143393,10209.25439486313
forecast_1246,2025-02-21 22:00:00,11615.748376485772,12612.85010794854,10588.571439559191
forecast_1247,2025-02-21 23:00:00,11941.19372180394,12703.621810857025,10269.855532750922
forecast_1248,2025-02-22 00:00:00,12321.188599272817,13140.696193147323,10528.2408582873
forecast_1249,2025-02-22 01:00:00,13622.279672264787,13790.012425931964,11662.097461579378
forecast_1250,2025-02-22 02:00:00,13002.463634319634,13507.885865499604,11439.84897474038
forecast_1251,2025-02-22 03:00:00,13078.255005207735,13540.563030690908,11423.17944119178
forecast_1252,2025-02-22 04:00:00,13515.729650550958,13951.99710783612,11914.24626037229
forecast_1253,2025-02-22 05:00:00,13090.657215624084,13671.032960302622,11359.231028059043
forecast_1254,2025-02-22 06:00:00,10866.482822441114,11167.580921745794,8645.807666004965
forecast_1255,2025-02-22 07:00:00,10370.820894722348,10370.963059445021,6968.219182304178
forecast_1256,2025-02-22 08:00:00,8875.072594910658,9660.573957882381,6682.541214374525
forecast_1257,2025-02-22 09:00:00,7550.260303580456,8381.765098798824,5832.86601894237
forecast_1258,2025-02-22 10:00:00,4636.947424899442,5492.64616130053,3933.720108963482
forecast_1259,2025-02-22 11:00:00,3036.666180770313,3372.593215775062,2574.8477699689684
forecast_1260,2025-02-22 12:00:00,3645.4319369872273,3835.1684789482715,2796.0944866684795
forecast_1261,2025-02-22 13:00:00,6239.115110216766,6288.59444552961,4663.879360185731
forecast_1262,2025-02-22 14:00:00,7995.765829903415,7996.708375285172,6319.712099413584
forecast_1263,2025-02-22 15:00:00,7769.581120157515,8014.128938598309,6520.772706971677
forecast_1264,2025-02-22 16:00:00,7660.723365594278,7927.402023858842,6388.506070715657
forecast_1265,2025-02-22 17:00:00,9450.64524039616,9432.657992779694,7296.31884915144
forecast_1266,2025-02-22 18:00:00,11117.6734834071,11267.526890529245,8798.713936056329
forecast_1267,2025-02-22 19:00:00,11336.51010738753,11864.993509488326,9265.285581914592
forecast_1268,2025-02-22 20:00:00,12477.224868646817,13309.989113335592,10784.691764039166
forecast_1269,2025-02-22 21:00:00,14616.864355216574,15643.573137325886,13418.998457934642
forecast_1270,2025-02-22 22:00:00,15869.795534578048,16842.083765675306,14852.692255536524
forecast_1271,2025-02-22 23:00:00,16286.203106458725,17085.060031849618,14866.307991755086
forecast_1272,2025-02-23 00:00:00,16587.955724794716,17629.579293111354,15861.322033548931
forecast_1273,2025-02-23 01:00:00,16318.043414615157,17250.689997669764,14942.420409527338
forecast_1274,2025-02-23 02:00:00,16457.288083744374,17716.70770908104,16025.697358213903
forecast_1275,2025-02-23 03:00:00,17086.54177412927,18253.869431943996,16699.270917594997
forecast_1276,2025-02-23 04:00:00,17592.444975346334,18661.334674375452,17301.217231591316
forecast_1277,2025-02-23 05:00:00,17355.83090621611,18525.690727218513,17219.533661759422
forecast_1278,2025-02-23 06:00:00,17593.92733475531,18635.31640659273,17220.63300205299
forecast_1279,2025-02-23 07:00:00,17977.37703284429,19021.46081677059,17786.15670436611
forecast_1280,2025-02-23 08:00:00,17351.027441489852,18576.04555973936,17493.191525441584
forecast_1281,2025-02-23 09:00:00,15682.467630915333,17192.412692200225,15677.319493147274
forecast_1282,2025-02-23 10:00:00,13855.844956331035,15076.646519196578,12944.51892661054
forecast_1283,2025-02-23 11:00:00,13973.049463944966,14843.710462264746,12975.9936112783
forecast_1284,2025-02-23 12:00:00,14576.073812617064,14957.480682253852,12804.122562789491
forecast_1285,2025-02-23 13:00:00,13831.942101436376,13977.38669190403,11831.904605595646
forecast_1286,2025-02-23 14:00:00,13218.95928811407,13243.846477318635,11161.896742991168
forecast_1287,2025-02-23 15:00:00,12737.34863923565,12914.131387393729,10997.802259107071
forecast_1288,2025-02-23 16:00:00,12074.530019540338,12155.690161883933,10333.727395690936
forecast_1289,2025-02-23 17:00:00,10882.51294996743,11012.637621873851,9288.335004321461
forecast_1290,2025-02-23 18:00:00,10230.971970506245,10706.06092850848,9044.175403682553
forecast_1291,2025-02-23 19:00:00,10320.397307521604,10969.664057482865,9431.516173712482
forecast_1292,2025-02-23 20:00:00,10010.160823426031,10870.930646978508,9339.611087415733
forecast_1293,2025-02-23 21:00:00,10376.042106223502,10801.182764475874,8600.125475175171
forecast_1294,2025-02-23 22:00:00,10093.313746547183,10598.597591188398,8100.656674805872
forecast_1295,2025-02-23 23:00:00,9970.09547421996,10341.529566339832,7536.139851460426
forecast_1296,2025-02-24 00:00:00,11103.526988423597,11419.057829324956,8022.68330967714
forecast_1297,2025-02-24 01:00:00,13073.565710468785,13829.54775205396,10461.8566187051
forecast_1298,2025-02-24 02:00:00,14556.192240975606,15098.178062901905,11487.437482329406
forecast_1299,2025-02-24 03:00:00,15118.13141617014,16145.78444192739,13111.461716948153
forecast_1300,2025-02-24 04:00:00,15841.843951041395,16506.998884518627,13217.032670806739
forecast_1301,2025-02-24 05:00:00,15298.04279806539,15395.90924550268,11359.270727006173
forecast_1302,2025-02-24 06:00:00,15095.686304015499,15436.812463598133,11357.886853193759
forecast_1303,2025-02-24 07:00:00,14995.452060180958,15434.337542655412,11446.771451471892
forecast_1304,2025-02-24 08:00:00,14506.141394645601,14714.437648829313,10557.361087371728
forecast_1305,2025-02-24 09:00:00,13004.66317148476,13330.00711308212,9458.25149029891
forecast_1306,2025-02-24 10:00:00,11548.114174785049,11712.841078688813,8036.143155189789
forecast_1307,2025-02-24 11:00:00,9070.302159282024,9580.645271954529,6654.257869412486
forecast_1308,2025-02-24 12:00:00,7861.112779984672,7845.961258000225,5346.353280804475
forecast_1309,2025-02-24 13:00:00,7630.916958849382,7448.702043414001,5121.9511029557325
forecast_1310,2025-02-24 14:00:00,7993.755586008747,7895.079128082122,5611.066368943762
forecast_1311,2025-02-24 15:00:00,8921.063287430137,8829.780966371518,6360.790907680675
forecast_1312,2025-02-24 16:00:00,9124.592898260682,9172.175095992014,6765.755919421425
forecast_1313,2025-02-24 17:00:00,9990.967716258241,10282.520227012606,7786.288008469788
forecast_1314,2025-02-24 18:00:00,12992.510907296073,13265.709193078561,10225.215547679984
forecast_1315,2025-02-24 19:00:00,15529.992763234732,15630.9389190146,12393.759595399428
forecast_1316,2025-02-24 20:00:00,16761.038881741923,17014.772112074847,14233.365300510888
forecast_1317,2025-02-24 21:00:00,18379.60355837529,18531.737599415123,16088.424767712673
forecast_1318,2025-02-24 22:00:00,19611.33508518521,19661.160679597855,17693.205729862137
forecast_1319,2025-02-24 23:00:00,20164.48037228641,20136.82509611459,18341.283495940825
forecast_1320,2025-02-25 00:00:00,20600.942183179613,20522.49631139991,18887.430120589273
forecast_1321,2025-02-25 01:00:00,20257.353189642774,20403.6959658023,18963.81805713568
forecast_1322,2025-02-25 02:00:00,20636.82052907857,20684.343285784475,19348.717833457955
forecast_1323,2025-02-25 03:00:00,20702.074329743584,20815.131399781276,19683.738536884262
forecast_1324,2025-02-25 04:00:00,20686.29113993316,20838.587631088507,19790.321009763786
forecast_1325,2025-02-25 05:00:00,21117.67705173127,21117.593882271998,20061.51527144663
forecast_1326,2025-02-25 06:00:00,20767.83718886658,20938.551917589277,20144.1877734357
forecast_1327,2025-02-25 07:00:00,20913.271209861432,21008.06583360419,20104.36380648424
forecast_1328,2025-02-25 08:00:00,20997.00513243155,20969.240348168503,19832.431854350587
forecast_1329,2025-02-25 09:00:00,20854.056622114374,20958.174276349615,19953.706313961116
forecast_1330,2025-02-25 10:00:00,19925.42939502488,20441.166712768012,19621.670500266486
forecast_1331,2025-02-25 11:00:00,19010.1331320635,19650.444942220987,18654.547719119117
forecast_1332,2025-02-25 12:00:00,18073.71106447163,18783.061519756502,17650.07919132647
forecast_1333,2025-02-25 13:00:00,16273.573402579625,17080.696036292247,15580.330812827062
forecast_1334,2025-02-25 14:00:00,16986.707842523065,17598.733485385874,16262.712365692472
forecast_1335,2025-02-25 15:00:00,16896.30207646494,17468.7136289189,16087.448913870307
forecast_1336,2025-02-25 16:00:00,17169.06238954111,17646.874358193134,16270.094834854586
forecast_1337,2025-02-25 17:00:00,18553.728178776888,18922.118659016607,17778.318276830385
forecast_1338,2025-02-25 18:00:00,19397.93308902703,19762.155201672907,18986.946388638087
forecast_1339,2025-02-25 19:00:00,19781.407547830684,20246.309216443962,19692.66672801662
forecast_1340,2025-02-25 20:00:00,19764.058890564018,20256.3338308529,19712.833333404742
forecast_1341,2025-02-25 21:00:00,19705.679353979933,20226.951849908182,19711.487343908284
forecast_1342,2025-02-25 22:00:00,19769.269410639135,20221.274321243425,19660.470073470737
forecast_1343,2025-02-25 23:00:00,19458.253640021183,19911.63162845774,19318.70453514546
forecast_1344,2025-02-26 00:00:00,19517.499269870794,19903.076921468288,19198.41293016615
forecast_1345,2025-02-26 01:00:00,19454.670223757505,19727.741719161382,18758.441407113325
forecast_1346,2025-02-26 02:00:00,19319.451974207797,19620.25107495187,18643.32018043892
forecast_1347,2025-02-26 03:00:00,18854.555806213877,19161.106993515707,17994.989557350433
forecast_1348,2025-02-26 04:00:00,18549.783841438977,18918.092315929538,17579.945464679422
forecast_1349,2025-02-26 05:00:00,18887.48540010377,19321.361991451464,18173.57954734991
forecast_1350,2025-02-26 06:00:00,18030.21932828245,18566.37376620729,17164.10289398123
forecast_1351,2025-02-26 07:00:00,18879.83219893196,19272.449133279395,17802.37421617161
forecast_1352,2025-02-26 08:00:00,17902.572823809547,18313.085104151472,16671.47669952572
forecast_1353,2025-02-26 09:00:00,17100.585024793592,18037.81184341097,16442.417332735196
forecast_1354,2025-02-26 10:00:00,15018.03273360347,16048.799222762827,14001.518869268817
forecast_1355,2025-02-26 11:00:00,13061.256926800164,13687.178408012209,11278.321746608857
forecast_1356,2025-02-26 12:00:00,12844.600040523164,13317.88841742793,11074.57745314467
forecast_1357,2025-02-26 13:00:00,12858.55064401573,13252.652392303145,11268.048963941366
forecast_1358,2025-02-26 14:00:00,13573.950923195058,13954.62857683689,12079.335886903482
forecast_1359,2025-02-26 15:00:00,13651.826356776357,14064.848132650895,12048.287612122458
forecast_1360,2025-02-26 16:00:00,14145.200658987018,14772.022901038585,12909.254709850708
forecast_1361,2025-02-26 17:00:00,14178.24358407848,14813.124493767016,12975.347342227842
forecast_1362,2025-02-26 18:00:00,14848.978535842361,15510.681026926079,13612.77868843516
forecast_1363,2025-02-26 19:00:00,15752.096758567246,16294.57612110615,14300.901493773723
forecast_1364,2025-02-26 20:00:00,17506.21193478621,18401.83598613859,17119.357104644056
forecast_1365,2025-02-26 21:00:00,18820.156907985678,19575.39225429162,18795.894159834792
forecast_1366,2025-02-26 22:00:00,18337.14385064484,19125.67264928972,18069.977891274437
forecast_1367,2025-02-26 23:00:00,17771.447098551173,18274.515077368094,16798.33821506752
forecast_1368,2025-02-27 00:00:00,19094.046416781304,19475.218031467753,18009.23187555359
forecast_1369,2025-02-27 01:00:00,19351.911534602492,19900.88393570226,18893.368160616134
forecast_1370,2025-02-27 02:00:00,19658.059429514127,20127.35824709943,19087.37241851317
forecast_1371,2025-02-27 03:00:00,20103.208949892243,20470.45134329425,19472.231003700417
forecast_1372,2025-02-27 04:00:00,20124.231318977534,20437.70446897517,19463.003984095532
forecast_1373,2025-02-27 05:00:00,19879.562677317655,20309.901498028026,19376.698513434658
forecast_1374,2025-02-27 06:00:00,19748.785134777194,20201.93257807081,19197.840528356326
forecast_1375,2025-02-27 07:00:00,20116.423122676475,20333.07255764195,19079.813015099393
forecast_1376,2025-02-27 08:00:00,19166.327168769996,19581.903422509506,18003.008320586487
forecast_1377,2025-02-27 09:00:00,17588.963510101916,18257.826254851356,16435.1204375764
forecast_1378,2025-02-27 10:00:00,16082.930479447457,17057.164613762357,15145.74340474353
forecast_1379,2025-02-27 11:00:00,14710.9060355695,15606.555366223605,13515.65866085315
forecast_1380,2025-02-27 12:00:00,13863.27086243456,14633.974350463715,12385.055815378502
forecast_1381,2025-02-27 13:00:00,12667.339153654617,13115.335877712878,10671.692599350808
forecast_1382,2025-02-27 14:00:00,10754.782064760175,10998.837055471136,8642.313040093093
forecast_1383,2025-02-27 15:00:00,9493.632266402416,9405.04391735057,7005.676748679923
forecast_1384,2025-02-27 16:00:00,8428.199176329497,8572.160566910448,6399.067174168944
forecast_1385,2025-02-27 17:00:00,8293.050538243373,8164.501673532993,5872.192447046936
forecast_1386,2025-02-27 18:00:00,9912.715415038183,9953.47415651091,7150.749777246364
forecast_1387,2025-02-27 19:00:00,12311.124947798764,12682.044862634586,9788.878239797876
forecast_1388,2025-02-27 20:00:00,13915.414164077982,14647.156377913103,12005.003997598955
forecast_1389,2025-02-27 21:00:00,16156.335442205878,16633.712874317414,14050.556770864814
forecast_1390,2025-02-27 22:00:00,16028.267018630568,16329.140505422063,13408.701478812874
forecast_1391,2025-02-27 23:00:00,15549.266583379076,15769.141389557293,12758.054917986854
forecast_1392,2025-02-28 00:00:00,14425.396286527452,14714.288159284499,11510.100858526122
forecast_1393,2025-02-28 01:00:00,15419.470415126523,15441.929228195553,12034.170921117577
forecast_1394,2025-02-28 02:00:00,16932.532749419857,17273.060298277087,14761.582802456549
forecast_1395,2025-02-28 03:00:00,17893.82241760081,18206.31214427868,16259.076869254623
forecast_1396,2025-02-28 04:00:00,18381.260101762717,18652.447268303866,16689.604475135133
forecast_1397,2025-02-28 05:00:00,19056.159076356453,19031.206882307393,16626.423614232794
forecast_1398,2025-02-28 06:00:00,18720.79406806588,18687.23448028491,15971.352261178654
forecast_1399,2025-02-28 07:00:00,19547.74980975815,19893.56188775033,18261.13018700434
forecast_1400,2025-02-28 08:00:00,17990.210469100704,18619.708116523165,16771.356568177063
forecast_1401,2025-02-28 09:00:00,18155.9912707229,18890.355651798556,17518.194849348198
forecast_1402,2025-02-28 10:00:00,18063.905969397434,18793.778306403965,17606.057385515862
forecast_1403,2025-02-28 11:00:00,16462.597893314123,17220.53500119235,15397.983063358573
forecast_1404,2025-02-28 12:00:00,13991.702992355127,14417.27408078518,12087.179339601504
forecast_1405,2025-02-28 13:00:00,12406.011918364635,12769.695696262725,10355.130967159288
forecast_1406,2025-02-28 14:00:00,12808.891560043632,12940.544738108558,10478.281163407739
forecast_1407,2025-02-28 15:00:00,12188.54024690708,12295.65647868388,9850.370476331034
forecast_1408,2025-02-28 16:00:00,12476.096078798408,13045.628600218479,10735.381849675476
forecast_1409,2025-02-28 17:00:00,15804.677869709485,16233.79106855125,14064.228946091247
forecast_1410,2025-02-28 18:00:00,17396.798598595655,17899.39051363192,16231.842725172399
forecast_1411,2025-02-28 19:00:00,17849.788719743497,17992.76214253704,15821.817116681945
forecast_1412,2025-02-28 20:00:00,15795.529867128278,15118.533343866518,11859.234710968265
forecast_1413,2025-02-28 21:00:00,15476.512725818491,15322.87186656624,12170.923764435727
forecast_1414,2025-02-28 22:00:00,13866.405196767664,13757.304922316136,10574.900495633516
forecast_1415,2025-02-28 23:00:00,12890.275482977868,13533.582514372163,10737.659111666135
forecast_1416,2025-03-01 00:00:00,9946.832731467064,10416.09066933328,7956.820579975696
forecast_1417,2025-03-01 01:00:00,14629.020403699133,14896.34821904518,11911.586858128403
forecast_1418,2025-03-01 02:00:00,10754.896029266652,11601.893992865505,8969.512382133433
forecast_1419,2025-03-01 03:00:00,8607.110123011395,8893.123496293463,6326.737673184341
forecast_1420,2025-03-01 04:00:00,8806.547643097385,9394.546896987848,6526.2081682030475
forecast_1421,2025-03-01 05:00:00,6544.620298468412,7376.56546512397,5060.463106354621
forecast_1422,2025-03-01 06:00:00,5325.821155275801,6807.501722869103,4798.366171824494
forecast_1423,2025-03-01 07:00:00,6150.4153629087705,7426.3773638681705,5136.554262604077
forecast_1424,2025-03-01 08:00:00,4455.768998633977,5232.424457779827,3518.0314282240524
forecast_1425,2025-03-01 09:00:00,2692.640198375624,3448.7505167742934,2521.719530487216
forecast_1426,2025-03-01 10:00:00,1990.4635565755912,2896.679617381802,2255.891445553573
forecast_1427,2025-03-01 11:00:00,1576.993950496746,2313.355256439202,1848.8734472617712
forecast_1428,2025-03-01 12:00:00,1431.4974655154426,2282.044603580244,1883.0776709418592
forecast_1429,2025-03-01 13:00:00,1786.2666707734156,2810.675652440632,2341.4382745207627
forecast_1430,2025-03-01 14:00:00,2037.212560172126,3129.9123640134617,2481.1921645384505
forecast_1431,2025-03-01 15:00:00,4284.1889520264795,4872.511957793978,3793.974414335909
forecast_1432,2025-03-01 16:00:00,3142.278682194731,3595.0266571225397,2644.0082945713307
forecast_1433,2025-03-01 17:00:00,5282.372440480388,6097.442949950202,4534.79720608154
forecast_1434,2025-03-01 18:00:00,5164.06175090615,6491.614265259341,5028.029432387666
forecast_1435,2025-03-01 19:00:00,5768.902345527165,7365.1479541087865,6081.639011839042
forecast_1436,2025-03-01 20:00:00,4935.2260538517385,6353.838780478294,5119.112733685869
forecast_1437,2025-03-01 21:00:00,2320.4262129166973,3297.8080756862078,2695.5186373879214
forecast_1438,2025-03-01 22:00:00,2345.3715834804766,2933.7245112221844,2274.4072439239026
forecast_1439,2025-03-01 23:00:00,2012.794743609764,2775.430577897977,2185.871476499636
forecast_1440,2025-03-02 00:00:00,2383.1858645882985,2913.4071944578473,2144.0991006229483
forecast_1441,2025-03-02 01:00:00,7494.842869103608,8297.07660881206,6131.686049295329
forecast_1442,2025-03-02 02:00:00,6856.221789770514,7659.208876189898,5641.437426846516
forecast_1443,2025-03-02 03:00:00,6476.100101641766,7541.653583918982,5559.494570586147
forecast_1444,2025-03-02 04:00:00,6152.62655025219,6757.947553179069,4780.438178256979
forecast_1445,2025-03-02 05:00:00,5753.97169395532,6429.21940440158,4497.275172653069
forecast_1446,2025-03-02 06:00:00,2948.6713919052518,3615.784897386065,2624.6744102458065
forecast_1447,2025-03-02 07:00:00,2322.45154644944,3062.5273498582133,2524.520561166534
forecast_1448,2025-03-02 08:00:00,2212.1944407883284,3128.052822056219,2454.8981698266134
forecast_1449,2025-03-02 09:00:00,3001.6820720270875,3646.3133684144414,2585.17424821447
forecast_1450,2025-03-02 10:00:00,3331.109482730523,4030.0066392409663,2844.6283660419167
forecast_1451,2025-03-02 11:00:00,4083.1798405435925,4767.082603869424,3431.2590074570217
forecast_1452,2025-03-02 12:00:00,4104.435287291828,4786.956186442234,3537.4782744964828
forecast_1453,2025-03-02 13:00:00,4938.659487954824,5830.887822995784,4318.819889804723
forecast_1454,2025-03-02 14:00:00,4635.831350577356,5375.429172781383,3963.9781881875656
forecast_1455,2025-03-02 15:00:00,5507.71446169845,6572.060632226325,4973.500190710319
forecast_1456,2025-03-02 16:00:00,6520.826179926679,7700.725093914734,5976.143276728934
forecast_1457,2025-03-02 17:00:00,7735.915445305558,9343.072608929358,7587.796972490846
forecast_1458,2025-03-02 18:00:00,8630.580887331245,9924.620363457601,7943.573527273659
forecast_1459,2025-03-02 19:00:00,10283.260632349582,12114.077527055468,10361.553098986557
forecast_1460,2025-03-02 20:00:00,10369.055388140518,12222.74563933539,10499.348733002456
forecast_1461,2025-03-02 21:00:00,10696.344884910119,12500.423557180255,10753.395284460039
forecast_1462,2025-03-02 22:00:00,11265.243331495692,13050.36069460398,11358.635662650755
forecast_1463,2025-03-02 23:00:00,11102.915390797967,12958.51290379527,11187.0580100355
forecast_1464,2025-03-03 00:00:00,12053.046080400323,13687.059597405863,11720.390123418598
forecast_1465,2025-03-03 01:00:00,14636.19712021955,15978.510491940382,14019.689114377577
forecast_1466,2025-03-03 02:00:00,13693.572708831738,15399.89708560584,13746.087874679215
forecast_1467,2025-03-03 03:00:00,13537.695380029892,15074.708859430579,13042.772602628633
forecast_1468,2025-03-03 04:00:00,12862.82584777885,14529.956073906498,12607.471326812665
forecast_1469,2025-03-03 05:00:00,12856.723261729598,14757.072398144519,13010.48083823439
forecast_1470,2025-03-03 06:00:00,14289.855913835492,15553.52438225274,13348.013674864029
forecast_1471,2025-03-03 07:00:00,14739.856450410814,16071.930455323421,13987.40291526754
forecast_1472,2025-03-03 08:00:00,14408.268243821825,15782.8444517407,13876.936423507497
forecast_1473,2025-03-03 09:00:00,14246.715990879513,15943.024296126183,14291.80854979625
forecast_1474,2025-03-03 10:00:00,14507.505790383017,16209.171145279346,14636.983669296762
forecast_1475,2025-03-03 11:00:00,14281.354107568262,15768.648415096002,13858.19030012302
forecast_1476,2025-03-03 12:00:00,13387.519121157222,14906.80755365819,13071.39292979299
forecast_1477,2025-03-03 13:00:00,13241.149677254676,14817.01718435875,13154.301729078657
forecast_1478,2025-03-03 14:00:00,12866.313859797288,14522.341207127967,12706.93761804537
forecast_1479,2025-03-03 15:00:00,12250.381457662848,13868.589346884517,11999.150637663706
forecast_1480,2025-03-03 16:00:00,11544.707596441025,13301.885556544641,11611.700889023716
forecast_1481,2025-03-03 17:00:00,11613.879911705246,13666.647901700686,12073.849978165354
forecast_1482,2025-03-03 18:00:00,11642.128269530087,13835.9658451375,12425.846401422643
forecast_1483,2025-03-03 19:00:00,10659.273182631518,13231.056880976277,12168.689775769732
forecast_1484,2025-03-03 20:00:00,9283.721407460214,12033.404058175765,10972.222787289564
forecast_1485,2025-03-03 21:00:00,10605.529051830887,12899.994348734332,11403.857971502774
forecast_1486,2025-03-03 22:00:00,11715.1224150024,13901.406865026769,12361.267480349436
forecast_1487,2025-03-03 23:00:00,12174.808662299634,14332.890803214468,12909.013714133958
forecast_1488,2025-03-04 00:00:00,12505.848093896184,14717.626028960338,13275.855536815076
forecast_1489,2025-03-04 01:00:00,13189.59332652045,15152.130888319803,13740.013060651154
forecast_1490,2025-03-04 02:00:00,13494.144686127229,15361.828382387721,13782.980411204764
forecast_1491,2025-03-04 03:00:00,13323.235021141498,15245.84090965521,13702.604362302784
forecast_1492,2025-03-04 04:00:00,14561.453822042473,16303.608907649259,14675.66765110733
forecast_1493,2025-03-04 05:00:00,14709.583593275804,16381.981573536457,14706.346847603334
forecast_1494,2025-03-04 06:00:00,14697.17825429132,16428.334278088027,14757.426743831486
forecast_1495,2025-03-04 07:00:00,14844.758928181052,16568.992748200828,14940.100450053182
forecast_1496,2025-03-04 08:00:00,14751.668262247691,16436.274838868667,14889.828314082511
forecast_1497,2025-03-04 09:00:00,15170.65990223883,16981.51325461974,15806.363804587349
forecast_1498,2025-03-04 10:00:00,14979.537049394068,16577.497485653665,15151.446717581473
forecast_1499,2025-03-04 11:00:00,14910.018618899134,16578.449497856556,15350.166673093981
forecast_1500,2025-03-04 12:00:00,14830.431318440209,16473.791589390945,15279.989271132941
forecast_1501,2025-03-04 13:00:00,14749.672214185,16321.656780400715,15150.121705502243
forecast_1502,2025-03-04 14:00:00,14591.293382885715,15902.827101773764,14544.723775859587
forecast_1503,2025-03-04 15:00:00,14873.210539070793,16307.003822329914,15039.571674777191
forecast_1504,2025-03-04 16:00:00,14122.13525241574,15873.759280171938,14755.015610494656
forecast_1505,2025-03-04 17:00:00,12830.045740997293,14828.682724436778,13674.902232312706
forecast_1506,2025-03-04 18:00:00,12453.529697919603,14288.956187240294,13064.184531936067
forecast_1507,2025-03-04 19:00:00,12979.584488835288,14875.011933030302,13729.678230520212
forecast_1508,2025-03-04 20:00:00,11755.43231011245,13905.055590378237,12656.430100317903
forecast_1509,2025-03-04 21:00:00,13119.310751118699,14740.054398789773,13255.610572247308
forecast_1510,2025-03-04 22:00:00,13454.110721169616,15241.874521642432,14124.472482979303
forecast_1511,2025-03-04 23:00:00,13044.022220786628,14931.83300756128,13681.828188584004
forecast_1512,2025-03-05 00:00:00,12176.638277734715,14046.172948364332,12801.007952386713
forecast_1513,2025-03-05 01:00:00,7124.920717985408,8904.533273337245,7360.344135975982
forecast_1514,2025-03-05 02:00:00,6144.670214791795,8218.449676866232,6847.744233279492
forecast_1515,2025-03-05 03:00:00,5989.372993759502,7766.854910457454,6253.402043318379
forecast_1516,2025-03-05 04:00:00,5202.987551269607,6967.275573969633,5807.980945533736
forecast_1517,2025-03-05 05:00:00,4681.263008342661,6009.298393557947,4559.850195675754
forecast_1518,2025-03-05 06:00:00,4800.674824182224,6153.936388859889,4538.022425942331
forecast_1519,2025-03-05 07:00:00,4178.205005815,5503.3443751284385,4208.9444932045535
forecast_1520,2025-03-05 08:00:00,3848.217748833775,5121.137376619225,3894.3806158634734
forecast_1521,2025-03-05 09:00:00,3446.681927012999,4729.520947370311,3714.3768114950503
forecast_1522,2025-03-05 10:00:00,3317.5007648284763,4290.741442659726,3143.082584936417
forecast_1523,2025-03-05 11:00:00,2818.913573313411,3855.6099074773365,3018.186627164865
forecast_1524,2025-03-05 12:00:00,2086.957638083689,2871.5320610894005,2399.043900619757
forecast_1525,2025-03-05 13:00:00,1745.0611240262838,2456.0121142594166,2068.0047294467363
forecast_1526,2025-03-05 14:00:00,1715.0585874834103,2634.1856238553714,2378.796513628928
forecast_1527,2025-03-05 15:00:00,1385.1400386144487,2359.71799867116,2218.702343435416
forecast_1528,2025-03-05 16:00:00,1177.3669698577075,2177.4095980577936,2146.7096545168
forecast_1529,2025-03-05 17:00:00,1220.7689180836378,2203.4462963334613,2145.758248321622
forecast_1530,2025-03-05 18:00:00,1342.1673041516017,2162.089485891531,2027.5087821078137
forecast_1531,2025-03-05 19:00:00,1830.942633474493,2248.767219729233,1731.9124974927374
forecast_1532,2025-03-05 20:00:00,3231.303558525075,3419.2041289005174,2412.544884569267
forecast_1533,2025-03-05 21:00:00,2816.807187090276,3120.4708518753578,2344.676891496454
forecast_1534,2025-03-05 22:00:00,2312.2541558216317,2823.411975289544,2167.889228147036
forecast_1535,2025-03-05 23:00:00,2064.915743569294,2519.29485992995,1983.6868762591569
forecast_1536,2025-03-06 00:00:00,2268.6591540683858,2758.0452981398444,2062.9417237766024
forecast_1537,2025-03-06 01:00:00,2186.9268409510105,2779.797518731249,2153.550841598622
forecast_1538,2025-03-06 02:00:00,1688.9883128794609,2512.2022228521896,2066.45343523404
forecast_1539,2025-03-06 03:00:00,1349.7875653216602,2040.09128565945,1673.9940158963034
forecast_1540,2025-03-06 04:00:00,1271.950633133294,1945.4537432492884,1507.3599297515066
forecast_1541,2025-03-06 05:00:00,1479.21648577943,2142.6643748673932,1599.981224288712
forecast_1542,2025-03-06 06:00:00,1350.648216803083,2030.1135755193015,1589.3593639885066
forecast_1543,2025-03-06 07:00:00,1159.3170901060696,1800.4868520764667,1431.8012818371446
forecast_1544,2025-03-06 08:00:00,1136.9723427678618,1887.322057255149,1691.5201157272356
forecast_1545,2025-03-06 09:00:00,586.358259840757,1152.8268069497738,1125.7208212711175
forecast_1546,2025-03-06 10:00:00,653.1421659255192,1150.8001249422903,1169.8955303777307
forecast_1547,2025-03-06 11:00:00,703.5616611700286,1197.6711293990888,1222.6995113960472
forecast_1548,2025-03-06 12:00:00,817.1819231085874,1392.3367586329882,1399.0405835457645
forecast_1549,2025-03-06 13:00:00,960.9001514007036,1548.9523338440354,1527.261857646845
forecast_1550,2025-03-06 14:00:00,1205.8277663787087,1818.671782916288,1796.7798531323747
forecast_1551,2025-03-06 15:00:00,1220.2249316120028,1812.334133312831,1770.8232893713696
forecast_1552,2025-03-06 16:00:00,948.392701394348,1685.7754756221054,1684.3431662723785
forecast_1553,2025-03-06 17:00:00,1152.4899827204842,1947.277601445123,1951.4923431567736
forecast_1554,2025-03-06 18:00:00,1000.2812626724634,1917.8140754425308,1947.2278054465312
forecast_1555,2025-03-06 19:00:00,745.5080883935362,1539.1406750358092,1564.880790577837
forecast_1556,2025-03-06 20:00:00,943.0498785015621,1680.16869747631,1566.8080759776576
forecast_1557,2025-03-06 21:00:00,1277.4590127853103,2171.6356375640985,1950.0370386288762
forecast_1558,2025-03-06 22:00:00,1388.641420944321,2500.2212378165914,2206.9448827022966
forecast_1559,2025-03-06 23:00:00,2075.2701955248217,3195.042030260264,2697.437890013139
forecast_1560,2025-03-07 00:00:00,1970.9806073371042,3340.4921002904694,2897.568989851511
forecast_1561,2025-03-07 01:00:00,1511.180607547291,2461.6338193098813,2101.4517089567585
forecast_1562,2025-03-07 02:00:00,1632.0376172348663,2657.082697892514,2259.112298161582
forecast_1563,2025-03-07 03:00:00,1421.1261548434734,2822.3964642747574,2625.7845536750583
forecast_1564,2025-03-07 04:00:00,552.9591828973271,1749.4802251646477,1492.6782679601843
forecast_1565,2025-03-07 05:00:00,995.9484084505051,2155.7129643942453,1773.5355774992738
forecast_1566,2025-03-07 06:00:00,1188.674496682383,2262.495942489275,1895.8476427200399
forecast_1567,2025-03-07 07:00:00,1437.091558518718,2390.499407391931,1894.578500148199
forecast_1568,2025-03-07 08:00:00,1230.6053417055452,2108.6075679585997,1849.8062179295
forecast_1569,2025-03-07 09:00:00,861.9801741489052,1632.8652042542092,1472.8116973711071
forecast_1570,2025-03-07 10:00:00,645.6374279335397,1440.6717234736204,1351.3187831534924
forecast_1571,2025-03-07 11:00:00,768.8585077502516,1642.8101800498032,1553.9773770914996
forecast_1572,2025-03-07 12:00:00,2016.4772266582847,4129.83067279763,4532.104859329414
forecast_1573,2025-03-07 13:00:00,746.992263428578,1691.8755361380788,1649.8344627310435
forecast_1574,2025-03-07 14:00:00,278.24269802051555,1125.3123679977755,1113.418510645678
forecast_1575,2025-03-07 15:00:00,633.693899662003,1545.5027712724707,1484.3902969631124
forecast_1576,2025-03-07 16:00:00,323.7033428801309,1160.2237266916766,1141.9415315490194
forecast_1577,2025-03-07 17:00:00,1605.349466913923,3193.264095821027,3300.3630909568046
forecast_1578,2025-03-07 18:00:00,562.8011292905934,1359.6660561860072,1262.8461642439304
forecast_1579,2025-03-07 19:00:00,752.8697794720596,1619.2374839011259,1416.9338436440376
forecast_1580,2025-03-07 20:00:00,1147.994905994013,1965.512390698144,1605.7794459155477
forecast_1581,2025-03-07 21:00:00,1276.2321608586594,2215.971354281072,1797.4617455216053
forecast_1582,2025-03-07 22:00:00,1896.1756796660572,2757.7517580019107,2122.266753781626
forecast_1583,2025-03-07 23:00:00,2736.187053366757,3619.6420086857224,2729.869679400547
forecast_1584,2025-03-08 00:00:00,3235.434975674463,4221.778602020663,3218.6292816288787
forecast_1585,2025-03-08 01:00:00,3895.4099542638155,4869.851210229061,3669.7854548793566
forecast_1586,2025-03-08 02:00:00,4213.039631844789,5574.24848372652,4170.630519523997
forecast_1587,2025-03-08 03:00:00,6261.8115330163855,7436.431088246732,5289.039184638492
forecast_1588,2025-03-08 04:00:00,7993.160637331776,9010.286367955821,6239.762152193329
forecast_1589,2025-03-08 05:00:00,7258.335596489923,8080.966060241973,5633.257393305764
forecast_1590,2025-03-08 06:00:00,6684.364925100585,7714.481512580989,5274.570729102814
forecast_1591,2025-03-08 07:00:00,6749.328837131999,7853.3612087618585,5368.838709109832
forecast_1592,2025-03-08 08:00:00,5978.84299627777,6693.135885747416,4467.24561503773
forecast_1593,2025-03-08 09:00:00,4271.192250547952,5376.922881219106,3762.9812334497024
forecast_1594,2025-03-08 10:00:00,4288.581956919916,4978.000673666321,3650.985256115318
forecast_1595,2025-03-08 11:00:00,4249.650399622347,4721.895841890193,3547.8307562238742
forecast_1596,2025-03-08 12:00:00,3716.353178672455,4058.685996384406,3082.0928571924283
forecast_1597,2025-03-08 13:00:00,4747.955531270556,5196.631384822023,4171.017681746577
forecast_1598,2025-03-08 14:00:00,7125.823794632211,7454.3297796693005,5613.272380640037
forecast_1599,2025-03-08 15:00:00,8776.278976468191,8290.34488674675,6255.247020485829
forecast_1600,2025-03-08 16:00:00,8203.781429419018,8054.2108586112045,6376.215022374501
forecast_1601,2025-03-08 17:00:00,8321.55632703558,8384.44737897937,6476.166183855963
forecast_1602,2025-03-08 18:00:00,8456.487277199678,8364.427059202777,5957.145889928965
forecast_1603,2025-03-08 19:00:00,10912.371446360681,11062.781512614369,8092.001708515287
forecast_1604,2025-03-08 20:00:00,9295.120816222941,9362.489747783815,6693.144349606186
forecast_1605,2025-03-08 21:00:00,8536.299290655312,8009.321828865167,5459.851466548084
forecast_1606,2025-03-08 22:00:00,8276.22863406338,8420.763481425844,5968.367915671966
forecast_1607,2025-03-08 23:00:00,8878.696269900667,9053.412767412621,6388.0512025276
forecast_1608,2025-03-09 00:00:00,9968.363874744893,10170.522761931385,7080.052321951468
forecast_1609,2025-03-09 01:00:00,7207.0458198895985,7809.901486897229,5266.598111695979
forecast_1610,2025-03-09 02:00:00,6469.185173612396,7309.981107727408,4983.919811967552
forecast_1611,2025-03-09 03:00:00,5984.115059495348,6613.999308594932,4386.7008992577685
forecast_1612,2025-03-09 04:00:00,5213.189205311068,5801.114963226013,3786.0326204223265
forecast_1613,2025-03-09 05:00:00,4932.981402538966,5574.82218813176,3564.9423915060243
forecast_1614,2025-03-09 06:00:00,4700.899134976987,5508.817681934568,3561.6587041360267
forecast_1615,2025-03-09 07:00:00,4979.196004599523,5353.160206075077,3349.2592381593636
forecast_1616,2025-03-09 08:00:00,2639.279453296106,3017.1825865736578,2113.422651196265
forecast_1617,2025-03-09 09:00:00,1379.3212915372746,1965.725616062054,1587.626969996272
forecast_1618,2025-03-09 10:00:00,708.8846182283532,1236.9625466055136,1150.963553042107
forecast_1619,2025-03-09 11:00:00,531.2289939995869,916.326223258201,882.7676030787441
forecast_1620,2025-03-09 12:00:00,314.0147811675504,655.0869871380758,707.6101737810808
forecast_1621,2025-03-09 13:00:00,650.7918622868301,1089.160382524429,1113.6845866113792
forecast_1622,2025-03-09 14:00:00,436.11750233951994,943.90230102355,907.8388537570156
forecast_1623,2025-03-09 15:00:00,708.0554275518665,1281.976078838347,1215.0203682521997
forecast_1624,2025-03-09 16:00:00,359.10682082882715,1107.1792614934209,1177.2356499106586
forecast_1625,2025-03-09 17:00:00,422.24880178824617,1116.195873058742,1145.6732709202429
forecast_1626,2025-03-09 18:00:00,834.4517056068017,1528.5911622317055,1352.087307485587
forecast_1627,2025-03-09 19:00:00,827.4223560111529,1705.7161580389152,1467.0905565673272
forecast_1628,2025-03-09 20:00:00,1768.7985025104988,2558.532889660826,1977.1179559546538
forecast_1629,2025-03-09 21:00:00,2435.0626875062935,3223.9347028946677,2417.757816897117
forecast_1630,2025-03-09 22:00:00,3056.754150402301,4076.982222181036,2981.311059359511
forecast_1631,2025-03-09 23:00:00,4599.830042036681,5674.010070596414,4088.6639513639357
forecast_1632,2025-03-10 00:00:00,5703.493562161665,6837.126285500423,4886.085316961613
forecast_1633,2025-03-10 01:00:00,7211.225870121059,8473.287925295634,6046.490583744047
forecast_1634,2025-03-10 02:00:00,7614.675776371849,9022.600369442698,6487.754165653356
forecast_1635,2025-03-10 03:00:00,7349.488749840464,8567.328793851802,6039.246605632717
forecast_1636,2025-03-10 04:00:00,7269.583046063175,8672.370733616568,6098.7158060624915
forecast_1637,2025-03-10 05:00:00,7089.725391561138,8584.743119761304,5974.327908671088
forecast_1638,2025-03-10 06:00:00,6762.521710895966,8047.118517953771,5480.686402476964
forecast_1639,2025-03-10 07:00:00,7132.443342349395,8282.507820845909,5610.932625597885
forecast_1640,2025-03-10 08:00:00,5964.900752350771,6792.317232065827,4640.42840293457
forecast_1641,2025-03-10 09:00:00,3816.447753609512,4809.595722161512,3607.537858863103
forecast_1642,2025-03-10 10:00:00,3316.183487991747,4073.1332607604727,2965.005255361071
forecast_1643,2025-03-10 11:00:00,2937.5633332661473,3439.271875769645,2572.680306337517
forecast_1644,2025-03-10 12:00:00,2954.530375820967,3453.6568576790714,2625.017976737012
forecast_1645,2025-03-10 13:00:00,3548.2429477292917,3871.5806477852975,2863.2015929338977
forecast_1646,2025-03-10 14:00:00,4261.100681379758,4545.413301571018,3408.5441853877664
forecast_1647,2025-03-10 15:00:00,4810.50495779724,5249.116480701428,4166.575125397086
forecast_1648,2025-03-10 16:00:00,5373.406759896037,5886.470886914691,4809.675673455356
forecast_1649,2025-03-10 17:00:00,6285.577697032837,6906.328691170247,5622.58509010163
forecast_1650,2025-03-10 18:00:00,6519.750155911942,7135.607025738151,5428.824153084831
forecast_1651,2025-03-10 19:00:00,8107.726206528736,8176.306519545012,5828.983395658428
forecast_1652,2025-03-10 20:00:00,9449.572732132092,10014.00788515174,7442.779477579726
forecast_1653,2025-03-10 21:00:00,11190.746896201825,11016.670546724017,8004.3177889290055
forecast_1654,2025-03-10 22:00:00,12043.556857301535,11790.850019966567,8644.219686959546
forecast_1655,2025-03-10 23:00:00,14128.079412178422,14037.613306315117,10713.185257192848
forecast_1656,2025-03-11 00:00:00,16863.700391778737,17297.247796526033,14775.206966403071
forecast_1657,2025-03-11 01:00:00,17780.425191735638,18102.256180663433,15734.240211767748
forecast_1658,2025-03-11 02:00:00,17574.962148275277,17855.342648289567,15238.889298973083
forecast_1659,2025-03-11 03:00:00,18101.118882460643,18358.258436720243,15823.501397666496
forecast_1660,2025-03-11 04:00:00,18956.605771520764,19084.361082047377,16821.692169663787
forecast_1661,2025-03-11 05:00:00,19705.371989445517,19736.524788359813,17808.425922580223
forecast_1662,2025-03-11 06:00:00,18472.475950320062,18640.534193264084,16396.619129870898
forecast_1663,2025-03-11 07:00:00,13642.767797463393,14474.659513838906,11654.520677062696
forecast_1664,2025-03-11 08:00:00,8452.935994628318,8703.882196238039,6385.523066498344
forecast_1665,2025-03-11 09:00:00,4660.496182166751,5083.809116216376,3664.8772027648165
forecast_1666,2025-03-11 10:00:00,3969.555534707163,4189.555646628106,2874.524869955302
forecast_1667,2025-03-11 11:00:00,2226.2603629000364,2583.3982685683504,1843.2286805151832
forecast_1668,2025-03-11 12:00:00,1981.8906053315172,2118.4953569400186,1466.4448316189705
forecast_1669,2025-03-11 13:00:00,1905.8961570646115,1985.6263357800217,1450.17085488016
forecast_1670,2025-03-11 14:00:00,1336.133912765461,1434.0360378125563,1068.9477285717585
forecast_1671,2025-03-11 15:00:00,1339.7698252823,1525.2195081370699,1092.8438505013064
forecast_1672,2025-03-11 16:00:00,2094.9238301423084,2009.2315143734243,1363.117422973085
forecast_1673,2025-03-11 17:00:00,1700.8943978647224,2129.8056377731987,1560.9876334532628
forecast_1674,2025-03-11 18:00:00,4441.8807925509245,4408.297250848066,3055.251251303772
forecast_1675,2025-03-11 19:00:00,6507.479688428106,6705.9580239377265,4868.582398346452
forecast_1676,2025-03-11 20:00:00,7949.896302255027,8728.99578602937,6733.444608959238
forecast_1677,2025-03-11 21:00:00,10527.016825144845,11153.970880683699,8754.992087617247
forecast_1678,2025-03-11 22:00:00,11922.59563729744,13293.159802430215,11201.50678800121
forecast_1679,2025-03-11 23:00:00,16533.09713330528,17253.11493084932,15467.090044960185
forecast_1680,2025-03-12 00:00:00,18606.284137902327,18927.121196828703,17398.436693494554
forecast_1681,2025-03-12 01:00:00,16829.678440416457,17805.678426840896,16662.852692491262
forecast_1682,2025-03-12 02:00:00,16612.035675951327,17031.67265520794,14875.968482176459
forecast_1683,2025-03-12 03:00:00,15193.701133694432,16416.525760274595,14652.391863431007
forecast_1684,2025-03-12 04:00:00,15233.973833779282,15849.340800430185,13199.38802642722
forecast_1685,2025-03-12 05:00:00,17608.868188330773,17853.99777439351,15428.264573904858
forecast_1686,2025-03-12 06:00:00,19353.644415128736,19705.522940701292,18626.51624666471
forecast_1687,2025-03-12 07:00:00,19942.229755728615,20201.37480152779,19241.949957659534
forecast_1688,2025-03-12 08:00:00,19791.482476199206,20170.431250709225,19358.5469231115
forecast_1689,2025-03-12 09:00:00,19865.079006605145,20235.97349448705,19492.334074805072
forecast_1690,2025-03-12 10:00:00,18480.0240793533,18950.252061168485,17908.557774742843
forecast_1691,2025-03-12 11:00:00,18338.149622430312,18885.831117152833,18067.816097531057
forecast_1692,2025-03-12 12:00:00,18010.92883112459,18541.14147093187,17664.735161415785
forecast_1693,2025-03-12 13:00:00,17390.568191515034,17928.589483234544,16840.716051313735
forecast_1694,2025-03-12 14:00:00,17664.35770068916,18256.6669540689,17285.926196535616
forecast_1695,2025-03-12 15:00:00,18019.191804180176,18518.17021341121,17569.673766049204
forecast_1696,2025-03-12 16:00:00,17991.142490222483,18446.429456081532,17349.80033140675
forecast_1697,2025-03-12 17:00:00,18050.763913947925,18491.187996041026,17479.361505088
forecast_1698,2025-03-12 18:00:00,17714.308396726978,18207.136039416226,17183.671451597103
forecast_1699,2025-03-12 19:00:00,18325.851747242064,18569.266336318316,17559.100967882612
forecast_1700,2025-03-12 20:00:00,16113.29943633539,16422.947891612832,15009.702328555984
forecast_1701,2025-03-12 21:00:00,16105.762407860668,16579.356783091207,14963.20509754744
forecast_1702,2025-03-12 22:00:00,15325.722358222501,16049.432302009678,14385.159659539939
forecast_1703,2025-03-12 23:00:00,14863.642592913093,15583.6356686221,13666.201829334097
forecast_1704,2025-03-13 00:00:00,15677.180810579503,16301.422544822153,14282.755549125151
forecast_1705,2025-03-13 01:00:00,14649.464346446832,15866.455401538095,14024.438219950312
forecast_1706,2025-03-13 02:00:00,14869.221481269864,16163.005022229154,14326.897231916255
forecast_1707,2025-03-13 03:00:00,14952.84618261484,16244.388797987893,14400.888028829686
forecast_1708,2025-03-13 04:00:00,14765.557712378964,15909.97848149845,13846.169162805367
forecast_1709,2025-03-13 05:00:00,14176.020515121229,15269.536554238923,12811.267365348478
forecast_1710,2025-03-13 06:00:00,11779.662024761761,12630.718360788738,9873.618982958751
forecast_1711,2025-03-13 07:00:00,10651.11332760414,11222.890683150017,8325.507520974847
forecast_1712,2025-03-13 08:00:00,10415.000957411892,10999.40888212515,8060.286291023624
forecast_1713,2025-03-13 09:00:00,8498.578658592092,9576.787396598966,7284.592046200403
forecast_1714,2025-03-13 10:00:00,6971.224884837613,7675.449467609171,5690.21161265285
forecast_1715,2025-03-13 11:00:00,4085.2439763944835,4457.311991086268,3269.940960572263
forecast_1716,2025-03-13 12:00:00,3985.467717051082,3900.4852465241347,2780.3612946663347
forecast_1717,2025-03-13 13:00:00,3532.6791984544966,3377.2853378108607,2402.99713670882
forecast_1718,2025-03-13 14:00:00,2922.623734452753,2760.9540978314967,1995.070361959349
forecast_1719,2025-03-13 15:00:00,1734.8574401636681,1799.1502752620831,1426.8551034473076
forecast_1720,2025-03-13 16:00:00,1050.4707260449363,1273.8458622022827,1141.736492354968
forecast_1721,2025-03-13 17:00:00,583.2944122647272,970.3469516669179,986.8755031436018
forecast_1722,2025-03-13 18:00:00,1083.3266716625715,1299.1847652758872,1022.9229000092633
forecast_1723,2025-03-13 19:00:00,1935.9739280310437,1922.730311374578,1373.7099350070785
forecast_1724,2025-03-13 20:00:00,3155.4922340028525,3249.04103811787,2253.797995629809
forecast_1725,2025-03-13 21:00:00,4327.726284497012,4595.2940219220545,3260.079041510235
forecast_1726,2025-03-13 22:00:00,6051.24406361533,6253.746932206961,4414.869933797375
forecast_1727,2025-03-13 23:00:00,6606.548228390884,6776.418363500324,4758.836144387708
forecast_1728,2025-03-14 00:00:00,5895.273544120796,6313.36188842046,4466.158020968705
forecast_1729,2025-03-14 01:00:00,4335.6246997484905,4815.175802563497,3455.842765546968
forecast_1730,2025-03-14 02:00:00,3692.1262590899646,4026.986005437233,2925.537161443782
forecast_1731,2025-03-14 03:00:00,3238.254142771239,3669.9648888081856,2746.8965371667277
forecast_1732,2025-03-14 04:00:00,1977.438030602931,2686.3088116802473,2153.8846287999736
forecast_1733,2025-03-14 05:00:00,1685.61347279768,1925.8278952966155,1377.4134920898161
forecast_1734,2025-03-14 06:00:00,2348.159212945041,2743.999579078103,1892.9094136775457
forecast_1735,2025-03-14 07:00:00,1983.8722598284335,2848.9720413615237,2233.8818204936715
forecast_1736,2025-03-14 08:00:00,1483.131563702765,2118.0337048506153,1646.9186673813226
forecast_1737,2025-03-14 09:00:00,1288.131753512699,1815.463477430021,1453.219146949445
forecast_1738,2025-03-14 10:00:00,1164.2946159833177,1752.602491475921,1371.9020346392308
forecast_1739,2025-03-14 11:00:00,951.4449783337769,1512.8523332565505,1290.069645976846
forecast_1740,2025-03-14 12:00:00,855.0999895036348,1526.9442738632856,1269.642993702989
forecast_1741,2025-03-14 13:00:00,1122.6499134328014,1666.9603702077975,1379.5909575561852
forecast_1742,2025-03-14 14:00:00,1291.6796179396993,1869.4316346101075,1561.6306155429781
forecast_1743,2025-03-14 15:00:00,1391.3496524189818,2047.136996559851,1699.8947402774843
forecast_1744,2025-03-14 16:00:00,1560.6199647767357,2196.0082315726477,1807.8834004899838
forecast_1745,2025-03-14 17:00:00,1883.919009794267,2590.207738367122,2118.113221385973
forecast_1746,2025-03-14 18:00:00,2073.7284792842133,2811.6602721646095,2306.81830457489
forecast_1747,2025-03-14 19:00:00,1867.9673395746943,2688.106570291051,2256.3282182851813
forecast_1748,2025-03-14 20:00:00,3153.4894811572426,3727.907389967723,2803.6039335711093
forecast_1749,2025-03-14 21:00:00,2336.635714666333,3254.626358440764,2499.042566076005
forecast_1750,2025-03-14 22:00:00,3298.7038092850903,3843.7691472568026,2781.667379586968
forecast_1751,2025-03-14 23:00:00,3796.2099565574026,4495.724871890827,3217.2353279232775
forecast_1752,2025-03-15 00:00:00,3945.735738351236,4674.562309164356,3308.0681336792727
forecast_1753,2025-03-15 01:00:00,5616.908920063623,6665.102225378689,4803.028863384927
forecast_1754,2025-03-15 02:00:00,5552.200134631888,6712.127581296067,4909.7228475794545
forecast_1755,2025-03-15 03:00:00,4536.531324672823,5591.724111665016,4025.8320416650267
forecast_1756,2025-03-15 04:00:00,5893.808268454792,6749.645894846144,4730.214627838819
forecast_1757,2025-03-15 05:00:00,6104.622379854571,6895.117441344153,4713.516280985241
forecast_1758,2025-03-15 06:00:00,5724.964680271211,6564.997321718523,4505.287552433906
forecast_1759,2025-03-15 07:00:00,6124.1450713894565,7184.450031598259,5021.618401902138
forecast_1760,2025-03-15 08:00:00,5066.852405334492,6693.526862382947,5029.429630888928
forecast_1761,2025-03-15 09:00:00,5363.52769361516,6317.692590378452,4489.040875870226
forecast_1762,2025-03-15 10:00:00,6024.366834125181,7355.699251888163,5534.876327317041
forecast_1763,2025-03-15 11:00:00,5518.723296986762,6390.169587516664,4824.547405539379
forecast_1764,2025-03-15 12:00:00,5547.579470064942,6309.435535159525,4817.260336932807
forecast_1765,2025-03-15 13:00:00,5021.505909205518,5835.116108274053,4432.075971024159
forecast_1766,2025-03-15 14:00:00,4449.762628647379,5158.9662023730225,3987.428974714778
forecast_1767,2025-03-15 15:00:00,2191.839876834444,3251.8941285961705,2817.6761772872965
forecast_1768,2025-03-15 16:00:00,2070.3982285994807,2940.2644864460976,2477.5561099594283
forecast_1769,2025-03-15 17:00:00,1683.928867860849,2781.5512485094905,2422.1782392802484
forecast_1770,2025-03-15 18:00:00,1999.5399919147956,3060.0454303367155,2487.591422030829
forecast_1771,2025-03-15 19:00:00,2156.271467793158,3279.2809238520463,2727.658341135824
forecast_1772,2025-03-15 20:00:00,2563.3443456950804,3796.275721447627,3062.6564421932703
forecast_1773,2025-03-15 21:00:00,2556.6162723261396,3723.7058593418965,2967.2042540807047
forecast_1774,2025-03-15 22:00:00,2512.6212357461136,3901.7284798219644,3187.4644880694336
forecast_1775,2025-03-15 23:00:00,2523.24016116872,3441.8239860655594,2726.3356284961596
forecast_1776,2025-03-16 00:00:00,2392.606058461838,3314.365205324751,2577.491364073548
forecast_1777,2025-03-16 01:00:00,1969.1286587445322,2787.3059113841437,2114.0689202200974
forecast_1778,2025-03-16 02:00:00,1617.3673350445938,2356.1901089162666,1789.7121976362057
forecast_1779,2025-03-16 03:00:00,1691.8509333010195,2258.3968067155515,1652.8068468557058
forecast_1780,2025-03-16 04:00:00,1587.493490865462,2146.6271038317755,1567.4942495906203
forecast_1781,2025-03-16 05:00:00,1204.2129667836698,1839.8033375755213,1389.885678604787
forecast_1782,2025-03-16 06:00:00,1135.873463745539,1907.6825382152826,1511.662629958193
forecast_1783,2025-03-16 07:00:00,1284.9902516958814,2030.04761265156,1585.0495542964998
forecast_1784,2025-03-16 08:00:00,1269.4937326103352,2050.0361379445176,1638.1601569149152
forecast_1785,2025-03-16 09:00:00,1050.7020304154198,1798.4489950089683,1509.6790710652
forecast_1786,2025-03-16 10:00:00,990.016104886398,1806.4570039998953,1616.5053717125697
forecast_1787,2025-03-16 11:00:00,951.0997272148943,1861.9692185768868,1714.179153707517
forecast_1788,2025-03-16 12:00:00,787.4872647257425,1713.6939990175827,1616.5798541847591
forecast_1789,2025-03-16 13:00:00,830.7088861046874,1759.9868402436393,1625.2963949735843
forecast_1790,2025-03-16 14:00:00,1771.286851632216,2374.7146397792735,2016.818988692619
forecast_1791,2025-03-16 15:00:00,2864.3488104873604,3252.224779130036,2572.0207954137427
forecast_1792,2025-03-16 16:00:00,6456.81662066338,6511.645138887896,5034.234547484005
forecast_1793,2025-03-16 17:00:00,7196.448950330803,7312.46099143657,5733.929420756619
forecast_1794,2025-03-16 18:00:00,9444.394987122192,9666.273887119904,8136.598426134491
forecast_1795,2025-03-16 19:00:00,9355.680946991615,9844.93781278817,8454.4986397456
forecast_1796,2025-03-16 20:00:00,13637.714539978133,14166.826258189665,12428.013932448663
forecast_1797,2025-03-16 21:00:00,15232.255621337703,15597.985370595236,13956.977218576903
forecast_1798,2025-03-16 22:00:00,14412.080411128434,14966.96147905461,13204.47678747374
forecast_1799,2025-03-16 23:00:00,9482.981518208348,9542.640302846696,7526.074005522366
forecast_1800,2025-03-17 00:00:00,7003.139687824513,7394.15999477257,5852.037641003375
forecast_1801,2025-03-17 01:00:00,14849.533959893924,15285.362573248938,12330.328099570055
forecast_1802,2025-03-17 02:00:00,13691.736247185936,13916.460321194429,10868.414715665731
forecast_1803,2025-03-17 03:00:00,11487.706254589219,12195.719938890008,9528.363922205739
forecast_1804,2025-03-17 04:00:00,10019.285533065962,10830.068732207243,9270.942353182996
forecast_1805,2025-03-17 05:00:00,9973.991618247754,9880.37576359916,7521.848381877523
forecast_1806,2025-03-17 06:00:00,8824.453690166776,9921.704116051817,8158.288178581587
forecast_1807,2025-03-17 07:00:00,5862.9937276498,6733.192449868353,5422.807516529092
forecast_1808,2025-03-17 08:00:00,2659.519112717189,3299.5308689904705,2675.031892452868
forecast_1809,2025-03-17 09:00:00,1638.2514823263925,2001.9192192749374,1633.9791775047365
forecast_1810,2025-03-17 10:00:00,1474.5394478054009,2040.2476980905137,1817.2272890606484
forecast_1811,2025-03-17 11:00:00,1626.1168108881302,1995.3681999324313,1701.3754396488275
forecast_1812,2025-03-17 12:00:00,4027.8535173632117,4061.6450531692562,2950.5558130461977
forecast_1813,2025-03-17 13:00:00,8543.35375575072,8693.788823400295,7417.227168185356
forecast_1814,2025-03-17 14:00:00,10515.443334322352,10034.80989652496,8103.354082051045
forecast_1815,2025-03-17 15:00:00,11219.011819791634,11298.227419484305,9492.32076911783
forecast_1816,2025-03-17 16:00:00,11321.460915597381,11415.002090510892,9303.487218647035
forecast_1817,2025-03-17 17:00:00,10118.346160788686,10173.28643825291,8192.368296466557
forecast_1818,2025-03-17 18:00:00,8964.31593056444,9645.521532147875,7941.411877839335
forecast_1819,2025-03-17 19:00:00,11037.947288548467,10966.123169133198,8193.818132106386
forecast_1820,2025-03-17 20:00:00,10889.826092484684,11055.987332015648,8451.995381899025
forecast_1821,2025-03-17 21:00:00,13309.1865667582,14025.607827033153,11308.786010612439
forecast_1822,2025-03-17 22:00:00,15584.487831259212,16128.85710114909,13412.702065855605
forecast_1823,2025-03-17 23:00:00,14626.874758473201,15540.917899832119,12983.69389173812
forecast_1824,2025-03-18 00:00:00,11250.34401858495,12710.126385950574,10091.94538771562
forecast_1825,2025-03-18 01:00:00,8153.351951187464,9475.559618051388,6709.703517590603
forecast_1826,2025-03-18 02:00:00,7080.876154633247,8191.225478031773,5764.950285083047
forecast_1827,2025-03-18 03:00:00,4924.897479768924,6010.255159207433,4349.201050420047
forecast_1828,2025-03-18 04:00:00,5128.305401462712,5980.730166312433,4417.291773510686
forecast_1829,2025-03-18 05:00:00,5185.55261772966,6372.134279652854,4823.594834208306
forecast_1830,2025-03-18 06:00:00,4495.503233501291,5536.919315581699,4034.42389006322
forecast_1831,2025-03-18 07:00:00,2602.513918345606,4058.662348679368,3216.3619413578886
forecast_1832,2025-03-18 08:00:00,1510.3921732941476,2685.2842202925426,2150.8581497575015
forecast_1833,2025-03-18 09:00:00,1986.7655832155701,3081.3607866214,2601.856315019826
forecast_1834,2025-03-18 10:00:00,1127.3786219845126,1405.3341006193166,1281.1870405594127
forecast_1835,2025-03-18 11:00:00,1860.0497214094535,2207.293530024388,1803.2357280096655
forecast_1836,2025-03-18 12:00:00,1597.0347513540946,2235.650295249783,2031.826838821438
forecast_1837,2025-03-18 13:00:00,1959.7907439892308,2629.0280115142523,2404.5543470854304
forecast_1838,2025-03-18 14:00:00,2556.6361684620724,3178.5317452050094,2680.930643140667
forecast_1839,2025-03-18 15:00:00,6223.960953173099,6422.708441403578,4949.191326132321
forecast_1840,2025-03-18 16:00:00,9890.04349990524,10211.037764558314,8145.906199220313
forecast_1841,2025-03-18 17:00:00,14437.52867617621,14910.624549644614,12751.480529006512
forecast_1842,2025-03-18 18:00:00,12682.707577033165,14057.03405650207,12943.16409091424
forecast_1843,2025-03-18 19:00:00,11223.282099863516,13068.541438486622,12083.95913554707
forecast_1844,2025-03-18 20:00:00,10170.19374352941,11555.099382378663,10399.450567359645
forecast_1845,2025-03-18 21:00:00,9023.442868327402,10947.492265427994,9953.31043390349
forecast_1846,2025-03-18 22:00:00,6507.587322594727,7654.083869308382,6464.805535631002
forecast_1847,2025-03-18 23:00:00,5190.586921952145,5806.018599992982,4629.571540537552
forecast_1848,2025-03-19 00:00:00,4469.515952343687,4961.518861591055,3897.9721313664245
forecast_1849,2025-03-19 01:00:00,2852.8156456851957,3310.432790406366,2405.9080251865557
forecast_1850,2025-03-19 02:00:00,2254.97704445547,2875.5838627148196,2150.4180621673627
forecast_1851,2025-03-19 03:00:00,2164.501314274144,2798.329667097993,2032.4647295446473
forecast_1852,2025-03-19 04:00:00,2211.0909327313466,2794.6152662718778,2005.6806268556
forecast_1853,2025-03-19 05:00:00,1968.9102580862732,2566.431850780508,1911.5924332001555
forecast_1854,2025-03-19 06:00:00,2028.9103349113573,2876.299585011421,2073.521128719162
forecast_1855,2025-03-19 07:00:00,3082.396321653515,3923.896423247981,2628.7995287304534
forecast_1856,2025-03-19 08:00:00,3408.019433218273,4015.694265021214,2733.9917792679844
forecast_1857,2025-03-19 09:00:00,3637.7044666925995,4475.355025670531,3249.9449459672855
forecast_1858,2025-03-19 10:00:00,5850.619677542929,5974.453806444164,4235.554391623885
forecast_1859,2025-03-19 11:00:00,6657.888031803886,6665.893777734389,5002.080093759892
forecast_1860,2025-03-19 12:00:00,7559.054033748523,7472.064116180818,5704.200576368661
forecast_1861,2025-03-19 13:00:00,8012.870705788584,8024.537963908377,6261.72050621702
forecast_1862,2025-03-19 14:00:00,8455.222192606907,8467.367941117967,6800.308214935146
forecast_1863,2025-03-19 15:00:00,9352.86753482812,9325.551585105646,7408.669378294731
forecast_1864,2025-03-19 16:00:00,10407.421836778154,10452.843070086368,8463.368014725116
forecast_1865,2025-03-19 17:00:00,9533.464325225008,10067.336963623437,8403.684207294773
forecast_1866,2025-03-19 18:00:00,11051.814580145145,11422.084466282166,9200.255582044269
forecast_1867,2025-03-19 19:00:00,12805.166257803869,13839.554671215628,11688.360066683066
forecast_1868,2025-03-19 20:00:00,14445.331125831952,14688.87619017416,12105.820192286068
forecast_1869,2025-03-19 21:00:00,14208.834026090512,14654.442282261338,12188.523610954626
forecast_1870,2025-03-19 22:00:00,14173.614896138057,14854.163767524818,12588.979242000818
forecast_1871,2025-03-19 23:00:00,13919.637994837705,15171.42064847301,13175.81547690194
forecast_1872,2025-03-20 00:00:00,16490.276054620797,17140.010265364897,14832.30283884996
forecast_1873,2025-03-20 01:00:00,17244.25070846652,17729.260890133766,15115.41258282399
forecast_1874,2025-03-20 02:00:00,17654.767292033517,18406.928334158394,16443.185769820757
forecast_1875,2025-03-20 03:00:00,18441.821723341076,19022.18595685587,17270.967137386688
forecast_1876,2025-03-20 04:00:00,18628.926087929918,19197.97080787004,17588.547520894026
forecast_1877,2025-03-20 05:00:00,19174.360284638187,19519.758959965304,17827.954608809905
forecast_1878,2025-03-20 06:00:00,19387.041586681855,19764.90812567882,18421.488331823206
forecast_1879,2025-03-20 07:00:00,19873.922707126403,20154.375790026403,18941.18432466071
forecast_1880,2025-03-20 08:00:00,19542.10510193305,19901.645540744114,18632.55809349829
forecast_1881,2025-03-20 09:00:00,19108.998720111573,19629.32782199375,18442.250817676162
forecast_1882,2025-03-20 10:00:00,18807.50621785916,19232.140501963426,17875.72160075765
forecast_1883,2025-03-20 11:00:00,17801.66145213424,18462.243132974207,17209.505969216716
forecast_1884,2025-03-20 12:00:00,17173.41231149098,17831.001970410547,16506.487277109758
forecast_1885,2025-03-20 13:00:00,16805.505955412944,17254.694397469983,15667.66741021122
forecast_1886,2025-03-20 14:00:00,17243.98204559241,17545.059084189783,16178.248381268608
forecast_1887,2025-03-20 15:00:00,17522.092239224345,17870.244329060333,16684.40439258218
forecast_1888,2025-03-20 16:00:00,18305.305673836534,18507.342610220057,17381.624998986183
forecast_1889,2025-03-20 17:00:00,18154.82851955276,18604.964842310234,17739.377368356334
forecast_1890,2025-03-20 18:00:00,18318.25045634579,18842.27179726339,18087.857991270375
forecast_1891,2025-03-20 19:00:00,19324.32689133119,19579.805995628732,18620.322238323082
forecast_1892,2025-03-20 20:00:00,19713.59233182724,19921.956712085073,18985.425836055038
forecast_1893,2025-03-20 21:00:00,19787.637801621706,19957.909575868234,18919.942152598767
forecast_1894,2025-03-20 22:00:00,20134.3949751694,20276.984398522436,19333.950790860075
forecast_1895,2025-03-20 23:00:00,19660.15026426266,19886.89793203097,18912.622416721933
forecast_1896,2025-03-21 00:00:00,20385.047793981677,20492.34941575187,19678.405845486304
forecast_1897,2025-03-21 01:00:00,19448.58442151372,19723.730913402986,18666.16551238037
forecast_1898,2025-03-21 02:00:00,20496.246018539816,20508.65852281975,19574.218803732852
forecast_1899,2025-03-21 03:00:00,20686.13338302568,20715.087903015086,19895.451207942566
forecast_1900,2025-03-21 04:00:00,20919.580196809606,20817.309487588675,19941.914616643062
forecast_1901,2025-03-21 05:00:00,21443.886087534913,21071.515449197752,19956.091006917955
forecast_1902,2025-03-21 06:00:00,21344.41382873626,21015.846981869036,19923.75718467114
forecast_1903,2025-03-21 07:00:00,21363.847418888425,21076.15004006387,20047.07272632779
forecast_1904,2025-03-21 08:00:00,21078.08296227514,20909.216496415283,19805.741999507758
forecast_1905,2025-03-21 09:00:00,20346.880446170657,20369.06701801344,19161.384966460075
forecast_1906,2025-03-21 10:00:00,19756.634787267496,19900.283681049914,18692.922039515397
forecast_1907,2025-03-21 11:00:00,19258.40490826539,19478.812458055112,18355.65952830245
forecast_1908,2025-03-21 12:00:00,18549.41815176088,18867.70894148968,17825.160323575994
forecast_1909,2025-03-21 13:00:00,18779.630850189853,18822.08641043775,17535.9930395473
forecast_1910,2025-03-21 14:00:00,18097.463171190022,18378.723118732476,17231.702019615917
forecast_1911,2025-03-21 15:00:00,17465.898764503934,17785.372166976133,16575.536501270428
forecast_1912,2025-03-21 16:00:00,16701.94897169723,17246.52439064389,16117.90227094548
forecast_1913,2025-03-21 17:00:00,17602.688101847707,18211.325738894524,17122.416090899882
forecast_1914,2025-03-21 18:00:00,18639.480045041993,19106.386134029242,18141.770838915734
forecast_1915,2025-03-21 19:00:00,19120.746086331776,19553.597349812102,18735.732154206144
forecast_1916,2025-03-21 20:00:00,19764.148029212243,19968.67833499174,19024.816908896886
forecast_1917,2025-03-21 21:00:00,19474.51275982961,19779.724865042925,18847.712655456464
forecast_1918,2025-03-21 22:00:00,18937.05847731294,19154.661003258178,18153.0082715716
forecast_1919,2025-03-21 23:00:00,18992.105782525632,19346.333585985732,18305.786240939626
forecast_1920,2025-03-22 00:00:00,19298.939773082817,19711.993236963066,18741.290716859898
forecast_1921,2025-03-22 01:00:00,20302.578522081953,20398.893737890074,19472.389752699684
forecast_1922,2025-03-22 02:00:00,20479.943431530464,20584.882057389405,19695.390942251288
forecast_1923,2025-03-22 03:00:00,20520.78447270048,20571.616494870803,19751.866960039803
forecast_1924,2025-03-22 04:00:00,20153.885188811197,20363.19112156544,19606.20486438513
forecast_1925,2025-03-22 05:00:00,20337.739316971783,20470.466856610747,19700.093867588348
forecast_1926,2025-03-22 06:00:00,20384.936099364662,20488.780040223588,19705.474101572046
forecast_1927,2025-03-22 07:00:00,20587.056563343518,20639.42640393484,19918.23720104219
forecast_1928,2025-03-22 08:00:00,20267.477234939015,20510.905563085398,19726.785142386172
forecast_1929,2025-03-22 09:00:00,19842.466435160444,20144.13388298708,19265.87531472885
forecast_1930,2025-03-22 10:00:00,19142.169494337286,19594.12076467524,18714.851486732976
forecast_1931,2025-03-22 11:00:00,18767.012789873246,19116.311735870884,17995.267263116744
forecast_1932,2025-03-22 12:00:00,18055.152264401786,18500.332181064987,17348.827281844777
forecast_1933,2025-03-22 13:00:00,17835.240261410952,18150.27204177457,17016.53395596583
forecast_1934,2025-03-22 14:00:00,17912.550728462313,18196.4736287085,17113.13787188647
forecast_1935,2025-03-22 15:00:00,17757.98012628248,18230.14546730013,17227.218462372697
forecast_1936,2025-03-22 16:00:00,17694.379147429034,18230.981036347355,17372.406040322374
forecast_1937,2025-03-22 17:00:00,18079.836375698582,18421.610944920714,17465.89338815026
forecast_1938,2025-03-22 18:00:00,18067.16429021087,18554.14068734979,17680.932582531364
forecast_1939,2025-03-22 19:00:00,18539.12587098946,19020.168322880643,18144.375493939253
forecast_1940,2025-03-22 20:00:00,18809.704271507246,19185.300081400932,18255.289809881524
forecast_1941,2025-03-22 21:00:00,19623.82072398137,19713.02422270235,18760.560684966018
forecast_1942,2025-03-22 22:00:00,19354.892676185234,19536.21039669318,18555.55610535087
forecast_1943,2025-03-22 23:00:00,19544.73781549054,19872.59913517818,18928.607736530146
forecast_1944,2025-03-23 00:00:00,20049.961674544153,20364.836085930758,19663.76389430066
forecast_1945,2025-03-23 01:00:00,19440.231232535712,19919.54282644951,19151.6413246299
forecast_1946,2025-03-23 02:00:00,19891.214514796822,20148.313477171145,19230.44739078515
forecast_1947,2025-03-23 03:00:00,20262.243751800008,20446.091463966226,19565.358280146906
forecast_1948,2025-03-23 04:00:00,20150.92111368069,20332.30240011997,19347.943717881168
forecast_1949,2025-03-23 05:00:00,19958.02310093279,20171.254094447693,19155.08661318231
forecast_1950,2025-03-23 06:00:00,19408.45248620172,19668.86600122173,18453.706842395426
forecast_1951,2025-03-23 07:00:00,15840.865940692758,16571.5688195655,14629.668815503415
forecast_1952,2025-03-23 08:00:00,8638.545364139778,9702.487693756699,7694.08162783864
forecast_1953,2025-03-23 09:00:00,4199.133144024192,5092.2580665710975,3892.591005677317
forecast_1954,2025-03-23 10:00:00,1969.9945977110342,2665.517445579434,2173.309600437237
forecast_1955,2025-03-23 11:00:00,1586.9995199819257,2396.969662100363,2234.777298700228
forecast_1956,2025-03-23 12:00:00,1679.215986555289,2914.120894969119,2853.1346757040237
forecast_1957,2025-03-23 13:00:00,1863.1102738673176,3069.6001611958154,2953.6601809147137
forecast_1958,2025-03-23 14:00:00,2797.604799130835,4800.733496951046,4969.543495882901
forecast_1959,2025-03-23 15:00:00,3008.2279973612413,4364.53451325718,3923.3187524917344
forecast_1960,2025-03-23 16:00:00,3014.2659218765734,3869.729232561687,3475.141621769586
forecast_1961,2025-03-23 17:00:00,3609.890162304505,4148.186437924033,3285.3322015459826
forecast_1962,2025-03-23 18:00:00,2277.7436620844355,2747.033861794268,2077.068503185912
forecast_1963,2025-03-23 19:00:00,4159.696058897142,4538.9677891721285,3312.750282726019
forecast_1964,2025-03-23 20:00:00,7364.541334096349,7811.27015975418,5932.950841635741
forecast_1965,2025-03-23 21:00:00,10216.394265596702,10440.274368905062,8145.214879234589
forecast_1966,2025-03-23 22:00:00,12365.53398362776,13082.794130808797,10834.88917416
forecast_1967,2025-03-23 23:00:00,14178.870134228366,15435.315869271504,13826.453466278563
forecast_1968,2025-03-24 00:00:00,15706.862449012033,16782.885504330057,15336.14535014168
forecast_1969,2025-03-24 01:00:00,16380.085764104912,17146.046655936247,15345.142867908635
forecast_1970,2025-03-24 02:00:00,14471.18092078067,15020.566771672115,12920.585128384182
forecast_1971,2025-03-24 03:00:00,14443.802232246699,15543.071429379019,13847.12706427995
forecast_1972,2025-03-24 04:00:00,14098.50266903366,15528.037544077057,14444.272607514224
forecast_1973,2025-03-24 05:00:00,13832.230800683274,15568.752265527937,14685.126195885336
forecast_1974,2025-03-24 06:00:00,17310.502817416287,18231.982854175076,17128.533372067734
forecast_1975,2025-03-24 07:00:00,16553.87672705225,17824.52659508906,16853.17859455385
forecast_1976,2025-03-24 08:00:00,15990.674097874497,17125.032626948396,15858.300149163835
forecast_1977,2025-03-24 09:00:00,15104.573527504823,16200.14072038062,14966.913407357792
forecast_1978,2025-03-24 10:00:00,16493.585876127538,17165.592302340385,16210.26920948585
forecast_1979,2025-03-24 11:00:00,16779.720835151733,17259.23413027059,16254.354499154131
forecast_1980,2025-03-24 12:00:00,17195.103897937042,17492.539418352688,16365.962443519555
forecast_1981,2025-03-24 13:00:00,16846.487356443955,17302.541794543744,16362.1713647921
forecast_1982,2025-03-24 14:00:00,16356.408262857849,16744.165050943968,15740.498330308135
forecast_1983,2025-03-24 15:00:00,15449.098663179031,15883.657743846523,14860.39958218424
forecast_1984,2025-03-24 16:00:00,14659.714134982114,15455.731016458103,14722.956693196034
forecast_1985,2025-03-24 17:00:00,14250.217769110895,14962.062414188837,13961.59689448743
forecast_1986,2025-03-24 18:00:00,13560.150944016306,14046.454588510307,12733.388012017542
forecast_1987,2025-03-24 19:00:00,14367.66654049931,14949.638061295034,13469.016845311035
forecast_1988,2025-03-24 20:00:00,14298.091596368227,14079.974059290984,11892.48046751324
forecast_1989,2025-03-24 21:00:00,16352.911937217325,16903.259156103424,15417.98874572301
forecast_1990,2025-03-24 22:00:00,18053.628457955936,18730.791445601815,17815.840963269733
forecast_1991,2025-03-24 23:00:00,19675.64522439389,20009.77579582909,19258.299070487294
forecast_1992,2025-03-25 00:00:00,19771.764599343915,20004.76877555545,19212.89993660662
forecast_1993,2025-03-25 01:00:00,20075.892785945027,20256.070024083223,19447.16554928019
forecast_1994,2025-03-25 02:00:00,19995.96792321426,20176.12604759118,19318.575286469248
forecast_1995,2025-03-25 03:00:00,19620.339442359465,19900.30933604262,18985.54072070164
forecast_1996,2025-03-25 04:00:00,17898.17709281756,18233.797532040066,16524.868022486982
forecast_1997,2025-03-25 05:00:00,12597.222111589557,13668.663390193396,11630.438480453458
forecast_1998,2025-03-25 06:00:00,9330.14007257071,10885.297775972134,8571.477911436055
forecast_1999,2025-03-25 07:00:00,8781.386733482203,10406.09685195894,8077.20118724984
forecast_2000,2025-03-25 08:00:00,7813.048393600144,8979.43473253044,6790.30417252461
forecast_2001,2025-03-25 09:00:00,6912.914366946793,8256.261202489226,6505.078694727208
forecast_2002,2025-03-25 10:00:00,9139.153544453919,10169.102473888126,8185.804647906486
forecast_2003,2025-03-25 11:00:00,11331.27588021912,12777.170703325355,11617.939622549116
forecast_2004,2025-03-25 12:00:00,11841.718553843104,13213.379000254714,12190.893782326915
forecast_2005,2025-03-25 13:00:00,13481.464212922836,14578.518833376496,13433.56584853768
forecast_2006,2025-03-25 14:00:00,16442.870300796836,17080.794318474254,16213.454810330006
forecast_2007,2025-03-25 15:00:00,17851.32574569461,18578.964471684372,17933.477431286497
forecast_2008,2025-03-25 16:00:00,17482.57021782073,18667.367234560446,18416.883912265755
forecast_2009,2025-03-25 17:00:00,17765.165110676284,18588.300429808878,17965.2699501978
forecast_2010,2025-03-25 18:00:00,18490.886126417718,18950.290940675004,18192.413289656444
forecast_2011,2025-03-25 19:00:00,18523.941859934348,19051.7131078084,18374.19575410986
forecast_2012,2025-03-25 20:00:00,19048.474396762558,19345.649007135522,18552.95153943202
forecast_2013,2025-03-25 21:00:00,19438.61150267187,19785.14803689436,19080.63497807797
forecast_2014,2025-03-25 22:00:00,19784.98225518746,20132.81607005201,19423.345095468045
forecast_2015,2025-03-25 23:00:00,19762.05489813255,20042.98354786062,19148.156414396453
forecast_2016,2025-03-26 00:00:00,19824.13058977726,20243.16836876062,19540.192353483355
forecast_2017,2025-03-26 01:00:00,20694.239331771052,20835.19051156693,20350.564956800616
forecast_2018,2025-03-26 02:00:00,20118.588345548385,20318.869077176147,19799.982281708053
forecast_2019,2025-03-26 03:00:00,19935.22572014133,19711.59032619155,18547.56906475281
forecast_2020,2025-03-26 04:00:00,19775.287441305212,19618.971038558637,18233.440308131012
forecast_2021,2025-03-26 05:00:00,18443.70608386596,18881.54819231688,17474.08115385202
forecast_2022,2025-03-26 06:00:00,15722.838877535227,17092.806684371048,15818.155517557563
forecast_2023,2025-03-26 07:00:00,9685.15280270212,11175.455827763266,9275.881630778247
forecast_2024,2025-03-26 08:00:00,4996.485090060187,5890.108499549153,4386.543644445356
forecast_2025,2025-03-26 09:00:00,3621.964668985014,4657.127562111175,3465.288014414459
forecast_2026,2025-03-26 10:00:00,2781.8030939055566,4147.333683947762,3726.141092642253
forecast_2027,2025-03-26 11:00:00,1265.5869674550656,2180.5138018841117,1960.1324694520154
forecast_2028,2025-03-26 12:00:00,1400.32852549711,2471.329391859138,2220.5297481309885
forecast_2029,2025-03-26 13:00:00,1791.6020105577995,3136.207348171657,2833.8201110095342
forecast_2030,2025-03-26 14:00:00,2841.1255819431717,4103.077213605679,3572.597853287135
forecast_2031,2025-03-26 15:00:00,4482.599655615312,6264.780013872385,5939.917405098171
forecast_2032,2025-03-26 16:00:00,2889.3945542581787,4086.90993841934,3610.0319016760664
forecast_2033,2025-03-26 17:00:00,2835.053490625962,3816.4182281866697,3244.9309855599695
forecast_2034,2025-03-26 18:00:00,4977.765003215932,5305.043032000885,3949.696655829623
forecast_2035,2025-03-26 19:00:00,8987.61877340141,9794.783763174131,7956.118058141953
forecast_2036,2025-03-26 20:00:00,10780.129669309417,11663.71655302812,9730.28665366455
forecast_2037,2025-03-26 21:00:00,11984.926242609092,13406.600530882559,11902.0299119386
forecast_2038,2025-03-26 22:00:00,12852.671228910365,14541.954972363214,13572.241187050757
forecast_2039,2025-03-26 23:00:00,16152.01191775857,17658.687453263872,17068.37701694291
forecast_2040,2025-03-27 00:00:00,17574.47893875061,18764.040988998542,18333.53748975433
forecast_2041,2025-03-27 01:00:00,18460.853497036805,19615.821892127093,19305.937063245117
forecast_2042,2025-03-27 02:00:00,18926.72704431202,19917.638756132346,19521.548640264366
forecast_2043,2025-03-27 03:00:00,18997.630314465445,19765.90613949614,19246.415762714085
forecast_2044,2025-03-27 04:00:00,19003.876416272942,19589.982182907035,18949.867767809697
forecast_2045,2025-03-27 05:00:00,16396.287672176633,17249.954688728652,16389.309849509384
forecast_2046,2025-03-27 06:00:00,11108.058706772543,11992.717813624338,10289.69234435378
forecast_2047,2025-03-27 07:00:00,14979.445857655483,16499.691279838542,15724.835169591306
forecast_2048,2025-03-27 08:00:00,15898.240548052083,17272.764193394916,16449.480887366684
forecast_2049,2025-03-27 09:00:00,13352.561453397673,14811.762316767486,14116.538878287336
forecast_2050,2025-03-27 10:00:00,12682.27005413761,14008.740328509091,13170.864288243458
forecast_2051,2025-03-27 11:00:00,11547.704688747723,13089.280148659542,12395.154717021123
forecast_2052,2025-03-27 12:00:00,10513.522772258708,12133.521880350356,11495.841046345426
forecast_2053,2025-03-27 13:00:00,9976.25845318848,11418.431506681954,10418.79489761576
forecast_2054,2025-03-27 14:00:00,10216.216882682722,11127.232700938235,9560.105447339147
forecast_2055,2025-03-27 15:00:00,9700.884560448223,10383.881697020144,8523.225145566035
forecast_2056,2025-03-27 16:00:00,6273.924442037344,6559.5784255227145,5173.843878589552
forecast_2057,2025-03-27 17:00:00,6292.422504448071,6216.507903179478,4647.537950313111
forecast_2058,2025-03-27 18:00:00,7888.664894819138,7998.358438703284,6114.109915567966
forecast_2059,2025-03-27 19:00:00,8955.378044343233,9130.764146136204,7168.795373371848
forecast_2060,2025-03-27 20:00:00,9344.57777674346,9490.686287228838,7609.288069941938
forecast_2061,2025-03-27 21:00:00,12345.180302439043,12779.802223036659,10590.735882075089
forecast_2062,2025-03-27 22:00:00,14394.17579451125,14835.455296407941,12879.193516723713
forecast_2063,2025-03-27 23:00:00,16217.512688973417,16911.42533940591,15478.515454987926
forecast_2064,2025-03-28 00:00:00,13813.793723903727,14134.09675809177,11984.04122117874
forecast_2065,2025-03-28 01:00:00,4584.566725850169,5015.822891192809,3707.683996923359
forecast_2066,2025-03-28 02:00:00,4364.880301769743,4739.450715963085,3436.7525557417976
forecast_2067,2025-03-28 03:00:00,2645.356491638955,3609.830420622567,2958.29725027784
forecast_2068,2025-03-28 04:00:00,3606.767410843541,4184.280490524476,3232.595963257283
forecast_2069,2025-03-28 05:00:00,3378.4413935819057,3645.6182656962787,2596.308162518183
forecast_2070,2025-03-28 06:00:00,1806.5095133794407,2257.8819314045436,1665.8444359024854
forecast_2071,2025-03-28 07:00:00,2046.8545214825588,2634.225724813079,1974.3039511437137
forecast_2072,2025-03-28 08:00:00,1983.259629669918,2353.8173556558686,1822.58992175854
forecast_2073,2025-03-28 09:00:00,2470.225805064396,2810.1902899599645,2182.3236593231063
forecast_2074,2025-03-28 10:00:00,3077.6011119796844,3200.134937647784,2446.5780019859535
forecast_2075,2025-03-28 11:00:00,3124.393885645374,3312.102368935828,2636.026638677153
forecast_2076,2025-03-28 12:00:00,2275.754378465728,2537.773372693188,2092.444345519283
forecast_2077,2025-03-28 13:00:00,2071.224993544227,2882.3727813079827,2519.208949386094
forecast_2078,2025-03-28 14:00:00,2161.481628220974,3073.756136749357,2788.021888919589
forecast_2079,2025-03-28 15:00:00,2001.4085419565804,2954.7292406444153,2697.6739272662417
forecast_2080,2025-03-28 16:00:00,2285.4432581905794,2993.345478438942,2607.2160613864494
forecast_2081,2025-03-28 17:00:00,1500.1189456122838,1837.428427155715,1622.6772500360737
forecast_2082,2025-03-28 18:00:00,1844.604975159411,2676.4061866273214,2217.8468018356934
forecast_2083,2025-03-28 19:00:00,3178.8958577071216,3266.7795813758894,2416.1433675912613
forecast_2084,2025-03-28 20:00:00,5751.976697166596,5861.913502546415,4140.532378060209
forecast_2085,2025-03-28 21:00:00,7340.571282429318,7601.931505379254,5624.08573392689
forecast_2086,2025-03-28 22:00:00,7446.121992534516,7705.963589393727,5938.668803502314
forecast_2087,2025-03-28 23:00:00,7387.662251707231,7867.945353676024,6163.124922036319
forecast_2088,2025-03-29 00:00:00,7942.238794617182,8274.892439405112,6333.431790077
forecast_2089,2025-03-29 01:00:00,1255.4071554545317,2100.07557217764,1902.8906370281431
forecast_2090,2025-03-29 02:00:00,765.3231176173747,1550.156540296004,1459.2914526233149
forecast_2091,2025-03-29 03:00:00,941.7568380008958,2067.182300988372,1635.6307401314882
forecast_2092,2025-03-29 04:00:00,2278.89542053998,3252.1366958331864,2279.4636686955946
forecast_2093,2025-03-29 05:00:00,4030.724759463731,4925.794076828474,3378.4473865392597
forecast_2094,2025-03-29 06:00:00,6102.387017226403,6653.521563183607,4490.858172936318
forecast_2095,2025-03-29 07:00:00,6661.985784196806,7484.31392420431,5340.3439896771915
forecast_2096,2025-03-29 08:00:00,7446.839934594406,8481.79015808526,6327.17343508327
forecast_2097,2025-03-29 09:00:00,7548.475450617849,7945.1839466133915,6254.19219150939
forecast_2098,2025-03-29 10:00:00,9013.127388982968,9061.910496944693,7402.007863879123
forecast_2099,2025-03-29 11:00:00,11060.10011832427,11195.97901530001,9733.605087299717
forecast_2100,2025-03-29 12:00:00,13051.36744303464,13179.06736660322,11765.438633709475
forecast_2101,2025-03-29 13:00:00,14665.74753738568,14659.938552593307,13256.809463300493
forecast_2102,2025-03-29 14:00:00,14867.429998205971,14974.649719028843,13648.28607637588
forecast_2103,2025-03-29 15:00:00,14561.572663782767,14843.506537197123,13547.38770385472
forecast_2104,2025-03-29 16:00:00,14319.168227758986,14547.96860668686,13232.846802613225
forecast_2105,2025-03-29 17:00:00,13678.395762418502,13677.762386466562,12118.904737957844
forecast_2106,2025-03-29 18:00:00,14157.754667557447,14733.147966223394,13400.953566212509
forecast_2107,2025-03-29 19:00:00,13129.514830376707,13047.781841536518,11032.995254886262
forecast_2108,2025-03-29 20:00:00,12923.075464018373,13017.593231589102,11003.91269167344
forecast_2109,2025-03-29 21:00:00,13310.171332550306,13413.367367843664,11375.321984156702
forecast_2110,2025-03-29 22:00:00,13467.552449815597,13618.689035422809,11657.113543797817
forecast_2111,2025-03-29 23:00:00,13032.391667787204,13130.399749503376,11279.136914803617
forecast_2112,2025-03-30 00:00:00,12475.370125731506,12764.710580999305,10969.702643120292
forecast_2113,2025-03-30 01:00:00,12534.314168578105,12425.85650452617,10343.552576405204
forecast_2114,2025-03-30 02:00:00,11992.84495351864,12188.813419341415,10158.7025268053
forecast_2115,2025-03-30 03:00:00,11156.976333030214,11453.091323015127,9495.564941313163
forecast_2116,2025-03-30 04:00:00,10386.596490370015,10870.34120602928,8823.3763351564
forecast_2117,2025-03-30 05:00:00,10717.388606010909,11076.804859474194,9055.030827928069
forecast_2118,2025-03-30 06:00:00,10636.011622966904,11154.946008444942,8798.443980324973
forecast_2119,2025-03-30 07:00:00,10025.110680937647,10646.145746184178,8738.682496452157
forecast_2120,2025-03-30 08:00:00,8266.991528729584,8732.286409657327,7237.817723068116
forecast_2121,2025-03-30 09:00:00,7662.47252095005,8222.91954642348,6964.662041128667
forecast_2122,2025-03-30 10:00:00,8239.755996476146,8898.271385027663,7733.54236865043
forecast_2123,2025-03-30 11:00:00,8394.429679454337,9051.681302106217,7914.3219755798455
forecast_2124,2025-03-30 12:00:00,8249.963597576832,8953.179027862207,7875.773866366235
forecast_2125,2025-03-30 13:00:00,9252.046178428143,9538.34847843197,8196.564902740798
forecast_2126,2025-03-30 14:00:00,8984.340926748871,9339.923034598907,8012.62540704456
forecast_2127,2025-03-30 15:00:00,8332.12968887209,8745.097614199121,7543.545062058078
forecast_2128,2025-03-30 16:00:00,7219.159387438795,7800.624477658048,6824.037603577381
forecast_2129,2025-03-30 17:00:00,6915.489646569787,7393.183622944569,6377.178234351617
forecast_2130,2025-03-30 18:00:00,7097.947832056559,7488.214675246385,6242.934395774592
forecast_2131,2025-03-30 19:00:00,6908.28080720487,7113.329160562161,5525.344893620584
forecast_2132,2025-03-30 20:00:00,8585.157569475641,8572.737016312289,6359.336099826955
forecast_2133,2025-03-30 21:00:00,8439.75370521989,8441.775405690194,6624.893142068589
forecast_2134,2025-03-30 22:00:00,8739.894903567332,8837.592037489145,6527.490942822207
forecast_2135,2025-03-30 23:00:00,9870.371596815334,9791.98891282438,7109.528076876775
forecast_2136,2025-03-31 00:00:00,9933.849535725807,9831.454936760356,6864.80068964682
forecast_2137,2025-03-31 01:00:00,15816.919950948124,16225.547126601969,13742.4647459331
forecast_2138,2025-03-31 02:00:00,15069.092795400918,15804.928060829998,13521.526061538607
forecast_2139,2025-03-31 03:00:00,15473.054481902444,16063.895500515242,13662.858899314642
forecast_2140,2025-03-31 04:00:00,15223.973823288099,15826.17884670743,13276.20986066043
forecast_2141,2025-03-31 05:00:00,15498.17635422975,16234.731803956494,13630.100848463015
forecast_2142,2025-03-31 06:00:00,15690.120179077874,16642.16281021777,14140.128692893713
forecast_2143,2025-03-31 07:00:00,11142.374045350347,11672.922683899975,8891.748495099211
forecast_2144,2025-03-31 08:00:00,8236.163446591292,8763.128173723904,6054.008387806203
forecast_2145,2025-03-31 09:00:00,5024.956042584635,5842.077155738977,4166.760950973955
forecast_2146,2025-03-31 10:00:00,3295.4652835283514,3624.1798285211325,2715.816694534714
forecast_2147,2025-03-31 11:00:00,3607.9784930541873,3731.813061781857,2835.9411188055165
forecast_2148,2025-03-31 12:00:00,4241.311534070666,4316.987639697865,3285.6434812133225
forecast_2149,2025-03-31 13:00:00,5342.181217962784,5391.419228834071,4313.088099044571
forecast_2150,2025-03-31 14:00:00,5861.513010625104,6080.50402598369,5061.743789538681
forecast_2151,2025-03-31 15:00:00,5489.865011469999,5938.10091274534,5100.220167385584
forecast_2152,2025-03-31 16:00:00,5068.4531016796045,5490.717060060999,4720.676657026195
forecast_2153,2025-03-31 17:00:00,5297.052469888526,5532.117779130609,4593.403844200586
forecast_2154,2025-03-31 18:00:00,7022.450524955386,7471.068014069471,6163.697927116385
forecast_2155,2025-03-31 19:00:00,9223.611850944408,9167.57960715305,6897.388852254087
forecast_2156,2025-03-31 20:00:00,11020.062004734516,10837.15296000618,8284.057406160702
forecast_2157,2025-03-31 21:00:00,11700.889201343092,11259.810058611973,8379.072755387493
forecast_2158,2025-03-31 22:00:00,11569.011757039072,11409.69608158424,8353.84770912339
forecast_2159,2025-03-31 23:00:00,13078.051501120499,13506.756821982699,10417.720000348261
forecast_2160,2025-04-01 00:00:00,13474.301236927426,13774.691353539132,10704.162837038008
forecast_2161,2025-04-01 01:00:00,7077.18946942749,7559.54268845295,5297.352366471935
forecast_2162,2025-04-01 02:00:00,7103.609021531595,7690.64620204369,5348.512679480238
forecast_2163,2025-04-01 03:00:00,7368.139399379174,7853.922625624618,5392.326367940594
forecast_2164,2025-04-01 04:00:00,7340.213130148382,7888.9567387675215,5351.904224849599
forecast_2165,2025-04-01 05:00:00,6184.178103525691,6788.664471880447,4601.911612171769
forecast_2166,2025-04-01 06:00:00,6110.632435716537,6448.485995409883,4225.659977406533
forecast_2167,2025-04-01 07:00:00,4285.431859799086,4681.357583558911,3165.2961018276014
forecast_2168,2025-04-01 08:00:00,2855.007315111864,3445.034962977813,2495.6331296979115
forecast_2169,2025-04-01 09:00:00,1760.007483171783,2192.388861701875,1689.8243516626983
forecast_2170,2025-04-01 10:00:00,1192.2105820658476,2009.0098496327973,1790.5171011163575
forecast_2171,2025-04-01 11:00:00,1094.9431959501449,1717.6741861975368,1578.123169663556
forecast_2172,2025-04-01 12:00:00,617.8385092829902,1040.4753455409707,1056.4752248856498
forecast_2173,2025-04-01 13:00:00,581.0319538125048,1148.0081958600315,1209.6177988916393
forecast_2174,2025-04-01 14:00:00,1260.7456607780805,2180.667209498537,2256.0315784851355
forecast_2175,2025-04-01 15:00:00,1505.2321380495289,2244.052320896213,2117.237005592797
forecast_2176,2025-04-01 16:00:00,1026.8563745952188,1996.6555298230494,2058.5705552966156
forecast_2177,2025-04-01 17:00:00,1458.1645384991707,2400.0356422844197,2261.7766847247412
forecast_2178,2025-04-01 18:00:00,1509.2715398479409,2523.644382426932,2317.663747890351
forecast_2179,2025-04-01 19:00:00,2285.779002462522,3100.0172476311363,2556.7185578161257
forecast_2180,2025-04-01 20:00:00,2033.288206614477,2751.038349493297,2159.6380247479356
forecast_2181,2025-04-01 21:00:00,2646.319490151358,3261.5014019246396,2455.670851962418
forecast_2182,2025-04-01 22:00:00,2722.4284410811833,3356.6711861055237,2523.132467478422
forecast_2183,2025-04-01 23:00:00,3429.4438558063466,4044.2848505630236,2990.0238329179874
forecast_2184,2025-04-02 00:00:00,3648.4192682898474,4238.762464895113,3104.842851108335
forecast_2185,2025-04-02 01:00:00,1978.8259591451758,2721.2564669252756,2013.8290741282726
forecast_2186,2025-04-02 02:00:00,1922.2827970261183,2709.3470721094754,2007.3598990255084
forecast_2187,2025-04-02 03:00:00,1633.8738587888242,2529.9520179562915,1880.2599361037426
forecast_2188,2025-04-02 04:00:00,1535.1579064232383,2293.60053092313,1687.8853093471573
forecast_2189,2025-04-02 05:00:00,1186.13476649399,1955.5727119847647,1484.1815168794858
forecast_2190,2025-04-02 06:00:00,878.4529935407725,1750.1854602723665,1340.2341968970652
forecast_2191,2025-04-02 07:00:00,1274.5429604807457,1961.5371336252017,1474.2142007675266
forecast_2192,2025-04-02 08:00:00,1453.0350255210994,2438.804707787099,2210.714178389949
forecast_2193,2025-04-02 09:00:00,1003.8672509423983,1640.7451311830973,1584.41075137397
forecast_2194,2025-04-02 10:00:00,1162.3889891316667,1695.3206357534675,1597.8888184284078
forecast_2195,2025-04-02 11:00:00,1100.4727150128524,1839.73646398176,1651.1445789795885
forecast_2196,2025-04-02 12:00:00,1024.8136730474732,1715.0127258157008,1682.8041466581678
forecast_2197,2025-04-02 13:00:00,993.7496510710096,1800.4032839878557,1726.759046409799
forecast_2198,2025-04-02 14:00:00,1288.0428693985568,2079.3379794200755,1923.8987357891542
forecast_2199,2025-04-02 15:00:00,1675.4090341912454,2520.962749254368,2266.909777737522
forecast_2200,2025-04-02 16:00:00,2308.047149956236,3213.9387465848026,2784.6513010767453
forecast_2201,2025-04-02 17:00:00,1862.1440448265798,2681.919407105297,2354.2264067223537
forecast_2202,2025-04-02 18:00:00,2263.8469100124094,3160.5425642259665,2686.5114052396075
forecast_2203,2025-04-02 19:00:00,1800.0597377590088,3225.756630430593,3152.1951090285093
forecast_2204,2025-04-02 20:00:00,1514.0164497089686,2401.501543833879,2187.6000557423763
forecast_2205,2025-04-02 21:00:00,1609.9387682230692,2373.8157676901783,2037.8512052808633
forecast_2206,2025-04-02 22:00:00,1825.0297867779254,2387.942059426874,1893.6127334722107
forecast_2207,2025-04-02 23:00:00,1867.9118874922842,2560.147494555545,2170.696052553295
forecast_2208,2025-04-03 00:00:00,1730.6605092947095,2505.7717268064516,2222.550683077205
forecast_2209,2025-04-03 01:00:00,1596.9540155409454,2471.3202121370937,2184.7253221958636
forecast_2210,2025-04-03 02:00:00,1733.288825085228,2493.8656314027867,2038.9986662644817
forecast_2211,2025-04-03 03:00:00,1907.6927930929749,2672.9229961640567,2283.7624827887967
forecast_2212,2025-04-03 04:00:00,1831.1023453058951,2657.0770456466657,2314.2425835293952
forecast_2213,2025-04-03 05:00:00,2303.0743950010083,3045.677132660268,2557.2078257686917
forecast_2214,2025-04-03 06:00:00,2151.8440992515125,2898.5794698159616,2415.421206289507
forecast_2215,2025-04-03 07:00:00,1906.9801138064468,2628.615675804683,2197.1912841345597
forecast_2216,2025-04-03 08:00:00,1679.56345715526,2255.565404578688,1848.0716639101197
forecast_2217,2025-04-03 09:00:00,1251.2846767284432,1837.3126685827103,1595.2064620715141
forecast_2218,2025-04-03 10:00:00,1549.9281834645585,1994.0349873903972,1663.344118600906
forecast_2219,2025-04-03 11:00:00,991.3453102905893,1534.0262079566469,1437.6304597001792
forecast_2220,2025-04-03 12:00:00,921.2551928653108,1387.6464550672265,1309.4797228195648
forecast_2221,2025-04-03 13:00:00,890.738466814639,1389.07526498966,1288.982259128926
forecast_2222,2025-04-03 14:00:00,862.1609199213542,1375.9254621629814,1311.5598430438095
forecast_2223,2025-04-03 15:00:00,880.2060423979829,1472.6530582236485,1409.2146640852277
forecast_2224,2025-04-03 16:00:00,976.8961556513445,1720.918429154995,1668.79063282647
forecast_2225,2025-04-03 17:00:00,1003.2262903275374,1771.9420167439814,1747.4485588001544
forecast_2226,2025-04-03 18:00:00,1033.2768883253802,1921.7875983987753,1867.7008789431707
forecast_2227,2025-04-03 19:00:00,1380.439847750467,2359.9224519866307,2206.267664332341
forecast_2228,2025-04-03 20:00:00,1716.1172039802957,2528.461752974783,2198.512711177834
forecast_2229,2025-04-03 21:00:00,1942.4409577468302,2775.401508761689,2347.6655611028723
forecast_2230,2025-04-03 22:00:00,2624.311985533151,3384.939958755166,2646.154873300004
forecast_2231,2025-04-03 23:00:00,2848.4957811559143,3487.6920275709617,2659.7348467957013
forecast_2232,2025-04-04 00:00:00,4683.286040902749,5173.8445779828435,3698.831321205828
forecast_2233,2025-04-04 01:00:00,5400.766702454133,5852.912495905211,4125.184729019957
forecast_2234,2025-04-04 02:00:00,6057.08855217164,6571.402981333153,4496.825980686427
forecast_2235,2025-04-04 03:00:00,6757.821945420479,7029.478984442701,4735.52487043506
forecast_2236,2025-04-04 04:00:00,7541.446713554046,7520.0995581169645,4945.455726386961
forecast_2237,2025-04-04 05:00:00,9590.889412669334,9042.226339997058,5850.104408369953
forecast_2238,2025-04-04 06:00:00,9183.525199252967,8725.947707886138,5696.704610578018
forecast_2239,2025-04-04 07:00:00,7179.914816473876,6992.498483570631,4703.344784733978
forecast_2240,2025-04-04 08:00:00,5244.149121043667,5400.788864583037,3771.154758989026
forecast_2241,2025-04-04 09:00:00,3738.6095693519733,3811.2208434602007,2726.8073524389624
forecast_2242,2025-04-04 10:00:00,2651.9975135378754,2662.3600034544897,2033.6397835084226
forecast_2243,2025-04-04 11:00:00,1624.6766523673195,2006.625314949626,1728.2204648384263
forecast_2244,2025-04-04 12:00:00,1471.2089963462251,1972.1313469024976,1771.6208945431665
forecast_2245,2025-04-04 13:00:00,1321.8388125942085,1981.1527308945065,1894.3576393888382
forecast_2246,2025-04-04 14:00:00,1628.0860654128471,2915.144812820483,2763.978297693682
forecast_2247,2025-04-04 15:00:00,3499.5649055590857,6263.500565709868,7079.643356979365
forecast_2248,2025-04-04 16:00:00,1975.9564278863022,3162.379173413252,2972.9738496855043
forecast_2249,2025-04-04 17:00:00,2254.6851118627687,3005.8105818410286,2671.3031114530313
forecast_2250,2025-04-04 18:00:00,2638.366965021912,3020.153720364481,2354.3926531166962
forecast_2251,2025-04-04 19:00:00,2693.4652643036247,2862.7927926188304,2059.7353496348537
forecast_2252,2025-04-04 20:00:00,3227.237754698836,3714.127009212064,2783.694881184462
forecast_2253,2025-04-04 21:00:00,3791.4655809630813,4516.220529193355,3369.5983146990384
forecast_2254,2025-04-04 22:00:00,3461.1594374381207,4292.443408695939,3180.879095830548
forecast_2255,2025-04-04 23:00:00,4859.665913717214,5377.697047186686,3804.1192285913107
forecast_2256,2025-04-05 00:00:00,6450.52894698896,6858.195549778004,4889.4266144663
forecast_2257,2025-04-05 01:00:00,8912.184139989069,8741.486842052174,5968.065007973778
forecast_2258,2025-04-05 02:00:00,10936.259696708355,11241.648051214723,8089.920614484905
forecast_2259,2025-04-05 03:00:00,10568.292637521696,10977.376676770742,8105.757681732695
forecast_2260,2025-04-05 04:00:00,10577.298516905077,11047.301741605324,8055.358006432008
forecast_2261,2025-04-05 05:00:00,11941.305155199503,12746.699578358708,9687.783559397354
forecast_2262,2025-04-05 06:00:00,12028.05498476548,12850.919710380498,9837.594530031021
forecast_2263,2025-04-05 07:00:00,9306.355272446468,10263.95432801473,7742.189365054672
forecast_2264,2025-04-05 08:00:00,6485.944646500693,7703.04624572021,5785.266495341721
forecast_2265,2025-04-05 09:00:00,8074.448095649926,9298.61478177721,7156.006537168474
forecast_2266,2025-04-05 10:00:00,5236.917673404423,6182.822046211331,4866.638010417255
forecast_2267,2025-04-05 11:00:00,9024.477265063098,9808.278150257596,7988.863745685004
forecast_2268,2025-04-05 12:00:00,10236.623402569043,11103.364549884362,9270.787343912587
forecast_2269,2025-04-05 13:00:00,12428.770090152788,13503.19282975081,11796.31596104649
forecast_2270,2025-04-05 14:00:00,13078.21244727821,14150.099274951126,12646.92289422662
forecast_2271,2025-04-05 15:00:00,14709.38592375216,15927.948392902907,14753.194565702132
forecast_2272,2025-04-05 16:00:00,16335.48995852987,17209.258566858276,16200.265524140927
forecast_2273,2025-04-05 17:00:00,15985.82094965147,16759.76855830429,15702.007626597393
forecast_2274,2025-04-05 18:00:00,15694.010538164966,15808.54453344612,14246.900754551585
forecast_2275,2025-04-05 19:00:00,15387.780606839378,15873.216215003984,14621.65018760194
forecast_2276,2025-04-05 20:00:00,16134.574017181429,16464.810543151612,15162.521488537002
forecast_2277,2025-04-05 21:00:00,15284.890859007994,15549.773237445665,14057.405833588426
forecast_2278,2025-04-05 22:00:00,13935.900650121468,14205.723940073618,12548.82938435869
forecast_2279,2025-04-05 23:00:00,15009.50706909153,15703.967470488591,14131.901021024829
forecast_2280,2025-04-06 00:00:00,16656.52730019657,17138.69352197516,15781.38921219127
forecast_2281,2025-04-06 01:00:00,16173.015773466748,16453.52860194641,14527.730464366065
forecast_2282,2025-04-06 02:00:00,15303.439700612129,15878.853039720361,13945.016605069555
forecast_2283,2025-04-06 03:00:00,15371.021778894723,16079.727229059607,14368.739429098214
forecast_2284,2025-04-06 04:00:00,15389.320204328184,16033.94549316268,14314.36819895359
forecast_2285,2025-04-06 05:00:00,15668.596674048711,16291.719221520663,14559.314796163004
forecast_2286,2025-04-06 06:00:00,16055.223691834126,16668.036167064154,14959.099019676712
forecast_2287,2025-04-06 07:00:00,16054.636740101443,16529.560933695437,14723.19481012239
forecast_2288,2025-04-06 08:00:00,16218.066025241465,16738.95561147323,15129.181117313192
forecast_2289,2025-04-06 09:00:00,15977.643105592417,16489.03322907323,14762.111021376042
forecast_2290,2025-04-06 10:00:00,13652.6723526936,13986.683973473235,12087.876403994514
forecast_2291,2025-04-06 11:00:00,12931.297366083949,13195.924913643546,11669.462289411695
forecast_2292,2025-04-06 12:00:00,11936.200220661407,12166.231984194932,10623.944319799759
forecast_2293,2025-04-06 13:00:00,13145.868887562534,13285.183422440148,11672.874359366171
forecast_2294,2025-04-06 14:00:00,13930.174883383952,14102.875277777028,12605.316282727565
forecast_2295,2025-04-06 15:00:00,14637.654952867797,14781.968971353679,13262.034869889174
forecast_2296,2025-04-06 16:00:00,13541.909822505144,13965.748470967437,12663.003656350402
forecast_2297,2025-04-06 17:00:00,13071.832631600852,13534.256496753727,12159.617251759046
forecast_2298,2025-04-06 18:00:00,12732.06803019694,12752.4932896537,11171.351668215111
forecast_2299,2025-04-06 19:00:00,14043.651095512176,14396.634716633103,12770.039702811071
forecast_2300,2025-04-06 20:00:00,14098.108349561006,14776.12037834894,13234.711255106833
forecast_2301,2025-04-06 21:00:00,14203.469794177578,15035.679818445504,13488.711314198681
forecast_2302,2025-04-06 22:00:00,15657.064484981722,16142.636834081299,14237.101825850761
forecast_2303,2025-04-06 23:00:00,16108.445747850898,16606.355277789582,14786.911433151596
forecast_2304,2025-04-07 00:00:00,15872.961167858883,16295.606313249435,14325.03404605265
forecast_2305,2025-04-07 01:00:00,17674.060359934905,18079.1689125842,16441.535557693926
forecast_2306,2025-04-07 02:00:00,17425.936272381412,17901.20775656232,16264.669435221816
forecast_2307,2025-04-07 03:00:00,16421.852889766073,16897.119353515704,14995.628309156089
forecast_2308,2025-04-07 04:00:00,15089.649660742176,15710.846543289386,13569.636630745681
forecast_2309,2025-04-07 05:00:00,14181.398147879505,15196.974980058189,12994.13076139357
forecast_2310,2025-04-07 06:00:00,15534.505997511582,16752.999304816614,14900.498885143208
forecast_2311,2025-04-07 07:00:00,15406.424470148922,16634.013630462756,14820.948925793187
forecast_2312,2025-04-07 08:00:00,14213.923014173079,15310.760017047229,13255.772146857249
forecast_2313,2025-04-07 09:00:00,12981.680001878527,13706.415034850823,11306.395189836234
forecast_2314,2025-04-07 10:00:00,12345.74834088967,13005.476405160574,10910.25626022545
forecast_2315,2025-04-07 11:00:00,11092.290944564193,11597.465557663258,9615.88998140239
forecast_2316,2025-04-07 12:00:00,10719.92017900313,10972.05383655535,8942.143890227655
forecast_2317,2025-04-07 13:00:00,10624.118883072562,10677.1663026426,8853.525400844144
forecast_2318,2025-04-07 14:00:00,12067.987964383283,12531.465028784281,11020.422356699635
forecast_2319,2025-04-07 15:00:00,14146.327650133077,14627.964650866395,13322.872687147299
forecast_2320,2025-04-07 16:00:00,15209.378796903135,15786.149263448047,14703.927232826594
forecast_2321,2025-04-07 17:00:00,17483.713389466393,17885.292818438415,17016.06658123294
forecast_2322,2025-04-07 18:00:00,16563.827444309914,17029.637216614636,15897.277740014648
forecast_2323,2025-04-07 19:00:00,17470.759526646838,18119.186938596147,17134.137170358703
forecast_2324,2025-04-07 20:00:00,18016.03108864571,18443.71016659709,17466.757695345055
forecast_2325,2025-04-07 21:00:00,18899.433869449145,19439.535717785908,18534.608312405056
forecast_2326,2025-04-07 22:00:00,19558.768613781296,19953.89238229941,19052.286600588246
forecast_2327,2025-04-07 23:00:00,19876.467215317465,20224.033394022634,19363.690354974475
forecast_2328,2025-04-08 00:00:00,19653.784138015493,20167.605131230885,19411.173628938
forecast_2329,2025-04-08 01:00:00,19750.26264291841,20158.00072467943,19365.16950658252
forecast_2330,2025-04-08 02:00:00,19702.40285042957,20067.659144642243,19227.20022509488
forecast_2331,2025-04-08 03:00:00,19605.89444418876,20025.691179796864,19139.761347679694
forecast_2332,2025-04-08 04:00:00,19662.278381983095,20055.57287543006,19225.35398820597
forecast_2333,2025-04-08 05:00:00,19168.782996883117,19169.566975466172,17933.238682731182
forecast_2334,2025-04-08 06:00:00,18721.836307556965,18912.71260142877,17783.704663470995
forecast_2335,2025-04-08 07:00:00,18154.56766716425,18535.482124297785,17453.75317552875
forecast_2336,2025-04-08 08:00:00,17840.59322194705,18232.122339564085,17029.807466977385
forecast_2337,2025-04-08 09:00:00,16284.186988353153,16721.874580584892,15198.107459471083
forecast_2338,2025-04-08 10:00:00,14481.534107661791,14754.996547589257,12865.04804061186
forecast_2339,2025-04-08 11:00:00,13802.884996294042,13949.06891180037,12260.035433245193
forecast_2340,2025-04-08 12:00:00,14279.176840901846,14562.555318940087,13030.708267156773
forecast_2341,2025-04-08 13:00:00,14231.608427144893,14394.887735145223,12730.8619543878
forecast_2342,2025-04-08 14:00:00,13194.98568429239,13063.657315835302,11325.022828649035
forecast_2343,2025-04-08 15:00:00,11528.950353981814,11034.792047055942,9062.914509820834
forecast_2344,2025-04-08 16:00:00,6491.653753729701,6500.756531761571,5543.697466172609
forecast_2345,2025-04-08 17:00:00,3957.978204163178,4143.057586462832,3557.5101471809057
forecast_2346,2025-04-08 18:00:00,2246.987494091519,2696.4683842910026,2372.933463781535
forecast_2347,2025-04-08 19:00:00,1449.1620500439367,1783.2930682089604,1570.0659593987189
forecast_2348,2025-04-08 20:00:00,1196.2110170590154,1770.9914526058315,1599.1668021787289
forecast_2349,2025-04-08 21:00:00,1311.2727711419154,2058.483321498098,1747.1298994399272
forecast_2350,2025-04-08 22:00:00,904.7590325266945,1650.7300116477502,1392.121352869074
forecast_2351,2025-04-08 23:00:00,890.647852296443,1659.2929930180867,1408.1081339794057
forecast_2352,2025-04-09 00:00:00,1405.3515866144417,2151.399296357359,1731.3062248839663
forecast_2353,2025-04-09 01:00:00,1887.4103467979478,2540.141684168899,1890.4572925419627
forecast_2354,2025-04-09 02:00:00,1463.7258692072041,2269.74039426649,1790.8894525602057
forecast_2355,2025-04-09 03:00:00,1471.0635242201768,2338.715497254118,1841.0120807967671
forecast_2356,2025-04-09 04:00:00,1627.3106525495855,2492.281919218021,1909.4753816238203
forecast_2357,2025-04-09 05:00:00,2044.6898778613975,2740.0589578486206,1964.626388722333
forecast_2358,2025-04-09 06:00:00,3090.589710142763,3691.58142914375,2531.956707467565
forecast_2359,2025-04-09 07:00:00,3340.601184099951,3918.501652844411,2824.017303886194
forecast_2360,2025-04-09 08:00:00,3123.794926755392,3924.885325749022,3037.905416561434
forecast_2361,2025-04-09 09:00:00,2527.2836504867128,3360.406746039609,2640.4170620830378
forecast_2362,2025-04-09 10:00:00,3497.7241873600665,3973.78205110671,3098.3765531709537
forecast_2363,2025-04-09 11:00:00,3626.9977711928195,4118.4317587513515,3339.7934092687533
forecast_2364,2025-04-09 12:00:00,3985.111079180747,4362.195721990628,3460.772261462307
forecast_2365,2025-04-09 13:00:00,4565.385663049105,4846.102685081501,3890.3161319454402
forecast_2366,2025-04-09 14:00:00,5252.333528203131,5413.501975696159,4155.219456581117
forecast_2367,2025-04-09 15:00:00,7339.797793746754,7174.285002002969,5279.804716953797
forecast_2368,2025-04-09 16:00:00,9098.05803110241,9380.503664416525,7561.392766412122
forecast_2369,2025-04-09 17:00:00,10405.724424056754,11026.029423396249,9416.311936398832
forecast_2370,2025-04-09 18:00:00,9671.97180198638,9720.19851960475,7740.635155948761
forecast_2371,2025-04-09 19:00:00,7058.425620989447,6847.204835504344,5049.611502134516
forecast_2372,2025-04-09 20:00:00,4899.31596820364,5265.48780007803,4181.432471204255
forecast_2373,2025-04-09 21:00:00,5285.082101466356,6548.868318521376,5318.157174565346
forecast_2374,2025-04-09 22:00:00,8582.532572012384,9501.715693508728,7299.860344867417
forecast_2375,2025-04-09 23:00:00,10081.65628137664,10718.513637393873,8378.430063212154
forecast_2376,2025-04-10 00:00:00,12920.249376718744,13701.862708956605,11465.247981707118
forecast_2377,2025-04-10 01:00:00,9536.633803046388,10133.222124303842,7669.670582099041
forecast_2378,2025-04-10 02:00:00,10477.67451498437,11423.423545585487,8999.758291525788
forecast_2379,2025-04-10 03:00:00,9813.765973432884,10158.717175111222,7713.977604523073
forecast_2380,2025-04-10 04:00:00,9101.17411779469,9932.155159935566,7656.926648334625
forecast_2381,2025-04-10 05:00:00,8936.602658292413,9692.433288130998,7426.001176860545
forecast_2382,2025-04-10 06:00:00,6871.038073125156,7344.789557814556,5287.869922747184
forecast_2383,2025-04-10 07:00:00,5200.982772819692,5266.960550369911,3654.515463311528
forecast_2384,2025-04-10 08:00:00,4615.675645865763,4730.909872044649,3277.626045873305
forecast_2385,2025-04-10 09:00:00,4580.143871136045,5081.4047945166185,3566.022812932894
forecast_2386,2025-04-10 10:00:00,4670.224909419061,5135.9999891817115,3892.388767237029
forecast_2387,2025-04-10 11:00:00,4078.632032415931,4039.935895398241,2944.312490707523
forecast_2388,2025-04-10 12:00:00,4320.213260910882,4114.051413128611,3167.380608670082
forecast_2389,2025-04-10 13:00:00,3127.7254919892507,3201.3652444763366,2611.1402474515576
forecast_2390,2025-04-10 14:00:00,2573.0005226109542,2802.7299945369828,2441.9079570533504
forecast_2391,2025-04-10 15:00:00,3235.1757462537403,3388.071884281814,2788.091848444923
forecast_2392,2025-04-10 16:00:00,3256.194354395513,3745.738149739441,3227.6529537967394
forecast_2393,2025-04-10 17:00:00,2627.352992615941,3699.952720527168,3197.701423232185
forecast_2394,2025-04-10 18:00:00,3007.543473578084,4163.889313218606,3805.710716375317
forecast_2395,2025-04-10 19:00:00,2954.199083290183,3559.1612662466227,2920.98433886192
forecast_2396,2025-04-10 20:00:00,2580.3945152072956,3126.3173445841994,2493.3770748077714
forecast_2397,2025-04-10 21:00:00,2758.738649987705,3538.414159184821,2854.367689410311
forecast_2398,2025-04-10 22:00:00,4256.609629445755,4877.911390730798,3647.7360958202044
forecast_2399,2025-04-10 23:00:00,4488.14657803978,5191.307136112846,4033.1570229876775
forecast_2400,2025-04-11 00:00:00,4206.422621503756,4895.008996960218,3755.447776168967
forecast_2401,2025-04-11 01:00:00,3109.500754214918,3718.59008012366,2894.520398044197
forecast_2402,2025-04-11 02:00:00,3281.659240302838,3964.4272763427716,2963.3996396039097
forecast_2403,2025-04-11 03:00:00,3294.5803376571926,3882.9017927385257,2882.4403487295313
forecast_2404,2025-04-11 04:00:00,3120.0739341918907,3611.8355252545107,2647.7884635453133
forecast_2405,2025-04-11 05:00:00,2812.4317059941427,3286.613952791629,2375.862243984999
forecast_2406,2025-04-11 06:00:00,2398.80994476282,2954.7579177307553,2198.1505726953783
forecast_2407,2025-04-11 07:00:00,1987.312611436205,2480.6112919068837,1987.8369090667038
forecast_2408,2025-04-11 08:00:00,1720.9160807806888,2267.4889552974123,1885.6980554701577
forecast_2409,2025-04-11 09:00:00,958.285511529421,1525.2704025172463,1541.451573745782
forecast_2410,2025-04-11 10:00:00,806.2811803415818,1343.5531353956374,1347.72259907713
forecast_2411,2025-04-11 11:00:00,599.6551596735007,1157.2009113208042,1177.0584501560843
forecast_2412,2025-04-11 12:00:00,787.3645871531531,1269.7971885249465,1252.06784804374
forecast_2413,2025-04-11 13:00:00,553.3086442496157,1217.5810608449206,1234.2097327187146
forecast_2414,2025-04-11 14:00:00,757.5164826629303,1476.0744962321578,1513.0514047998201
forecast_2415,2025-04-11 15:00:00,995.4362563278394,1782.3563162489336,1772.7559956573211
forecast_2416,2025-04-11 16:00:00,1101.8349652254137,1935.4668935182146,1930.9618649169633
forecast_2417,2025-04-11 17:00:00,1095.6141313644557,2097.155641665423,2113.1661321208553
forecast_2418,2025-04-11 18:00:00,1711.2090346650007,2512.3263780761763,2135.489975837799
forecast_2419,2025-04-11 19:00:00,3616.5691126933148,4037.967650983771,2989.054360915025
forecast_2420,2025-04-11 20:00:00,4743.976765912856,5331.299181453871,4060.2618615746287
forecast_2421,2025-04-11 21:00:00,5280.886670186037,5574.604863310149,4151.552336366193
forecast_2422,2025-04-11 22:00:00,5745.221595675642,6194.068437723894,4633.420176096512
forecast_2423,2025-04-11 23:00:00,5744.458052200755,6322.633748067559,4807.083550361262
forecast_2424,2025-04-12 00:00:00,5746.653017462512,6573.6650092246655,4915.553715781255
forecast_2425,2025-04-12 01:00:00,4415.747067431455,4780.807930955556,3427.4034171890366
forecast_2426,2025-04-12 02:00:00,4827.652301764721,5320.639202109002,3808.786723027494
forecast_2427,2025-04-12 03:00:00,5144.767591628506,5903.562171192083,4407.281404421209
forecast_2428,2025-04-12 04:00:00,5394.016017524737,6404.336702572729,4833.6646346735615
forecast_2429,2025-04-12 05:00:00,6309.748562488355,6990.534217143506,5015.98457037683
forecast_2430,2025-04-12 06:00:00,6130.552135875464,6339.412973960856,4339.369657074061
forecast_2431,2025-04-12 07:00:00,7305.77703487418,8535.197386329859,6663.802283739653
forecast_2432,2025-04-12 08:00:00,6445.167272640162,7320.7475200187,5747.561890671717
forecast_2433,2025-04-12 09:00:00,9800.818650374067,10544.673539289686,8457.838118664515
forecast_2434,2025-04-12 10:00:00,11204.373981975285,12352.03546511005,10705.539648954884
forecast_2435,2025-04-12 11:00:00,10886.414675021428,11900.411969724402,10290.35900257041
forecast_2436,2025-04-12 12:00:00,12090.537109198398,12989.722802496499,11552.086899950207
forecast_2437,2025-04-12 13:00:00,14130.927892240265,15511.643562117457,14591.560023243694
forecast_2438,2025-04-12 14:00:00,15285.560139069896,16619.918398481725,15973.237788858827
forecast_2439,2025-04-12 15:00:00,12252.016206628377,13128.56780218839,12012.56049718628
forecast_2440,2025-04-12 16:00:00,11961.946804809964,12727.721398537236,11354.824994933442
forecast_2441,2025-04-12 17:00:00,10405.096311499956,10700.226901499434,8902.058000864652
forecast_2442,2025-04-12 18:00:00,13640.46745149854,14648.14610726967,13312.475312769326
forecast_2443,2025-04-12 19:00:00,12746.368980784631,13306.811971965839,11762.64992571744
forecast_2444,2025-04-12 20:00:00,15490.94591809671,16401.378838919056,15326.814357506886
forecast_2445,2025-04-12 21:00:00,16131.90341514559,16963.699189225586,16025.327799980927
forecast_2446,2025-04-12 22:00:00,16277.400210700203,17037.588463949323,15893.7088882688
forecast_2447,2025-04-12 23:00:00,16590.007401195755,17121.70880057275,15657.838380028728
forecast_2448,2025-04-13 00:00:00,16860.776139830647,17517.755989806028,16420.718928776518
forecast_2449,2025-04-13 01:00:00,16455.93102650456,17381.407919322584,16606.876917580863
forecast_2450,2025-04-13 02:00:00,10714.650376247018,10031.276801438926,7920.749942413112
forecast_2451,2025-04-13 03:00:00,16060.440397696084,16204.707584736814,14173.620173904921
forecast_2452,2025-04-13 04:00:00,18263.052431379896,18734.30363419154,17641.24668971169
forecast_2453,2025-04-13 05:00:00,17878.126121529,18537.369960769844,17452.808522651252
forecast_2454,2025-04-13 06:00:00,18307.94636627437,18960.2463680417,17968.28486131879
forecast_2455,2025-04-13 07:00:00,19000.479770916267,19262.03692423653,18019.116846108253
forecast_2456,2025-04-13 08:00:00,19073.6032038524,19368.287519295423,18279.18666960059
forecast_2457,2025-04-13 09:00:00,19130.542257691748,19138.67025971587,17886.185488209736
forecast_2458,2025-04-13 10:00:00,19055.77114421247,19137.04400894388,18002.88444653691
forecast_2459,2025-04-13 11:00:00,18968.505652169944,19070.26981210574,17994.496027781122
forecast_2460,2025-04-13 12:00:00,18190.421124103123,18520.583141079427,17528.1091130824
forecast_2461,2025-04-13 13:00:00,18478.72243586815,18691.425034660504,17663.108798746747
forecast_2462,2025-04-13 14:00:00,18525.753982793172,18576.11780585015,17435.622653592778
forecast_2463,2025-04-13 15:00:00,18593.120508145512,18483.17001511458,17253.606445366284
forecast_2464,2025-04-13 16:00:00,18125.28316782252,18065.220007980875,16836.739703052026
forecast_2465,2025-04-13 17:00:00,18355.03568478839,18690.697293918496,17629.223489118784
forecast_2466,2025-04-13 18:00:00,18965.883720844075,19363.184915445127,18480.655308331905
forecast_2467,2025-04-13 19:00:00,18788.577725361418,19121.058408597062,18290.056488526163
forecast_2468,2025-04-13 20:00:00,18972.065300831757,19297.254749868167,18419.388538323063
forecast_2469,2025-04-13 21:00:00,19002.494963596168,19320.574772185122,18481.43372452296
forecast_2470,2025-04-13 22:00:00,19068.162079075024,19299.91184195056,18407.84157396881
forecast_2471,2025-04-13 23:00:00,18347.490453679136,18857.507779610427,18033.230494097937
forecast_2472,2025-04-14 00:00:00,18615.20640245742,19291.75843220302,18457.193476403514
forecast_2473,2025-04-14 01:00:00,16611.995920618,17380.501212613846,15889.719999954323
forecast_2474,2025-04-14 02:00:00,15126.511017395049,15831.210817208554,14020.018351165007
forecast_2475,2025-04-14 03:00:00,12766.73610787412,13910.062384833784,11787.460618872481
forecast_2476,2025-04-14 04:00:00,12292.976494737912,13577.890855178775,11169.724062334273
forecast_2477,2025-04-14 05:00:00,11297.032319722119,12518.56547883135,10285.284107215393
forecast_2478,2025-04-14 06:00:00,9335.883391404022,10092.13941954002,7757.439774039743
forecast_2479,2025-04-14 07:00:00,7118.74902100529,7810.960228091828,5858.925263370383
forecast_2480,2025-04-14 08:00:00,5684.598614135197,6787.727593576959,5214.959095479885
forecast_2481,2025-04-14 09:00:00,3421.61424698749,4359.128629540623,3500.828633896976
forecast_2482,2025-04-14 10:00:00,2534.846454227972,3858.3412817627004,3473.104119974089
forecast_2483,2025-04-14 11:00:00,2408.956859388989,3277.3310197140254,2641.4972985586446
forecast_2484,2025-04-14 12:00:00,4496.560011379312,5805.260610976874,5378.3408679739505
forecast_2485,2025-04-14 13:00:00,3785.1345069568392,4384.96381058134,3597.314166168135
forecast_2486,2025-04-14 14:00:00,2640.6768492285637,3347.064232875235,2971.27800340455
forecast_2487,2025-04-14 15:00:00,1327.5428974686843,1982.678159238309,1879.3629865523058
forecast_2488,2025-04-14 16:00:00,1049.494655678792,1606.8208294567187,1425.0661574669236
forecast_2489,2025-04-14 17:00:00,1588.3285119438833,2045.7685309990497,1832.9081666947009
forecast_2490,2025-04-14 18:00:00,1906.060231828803,2482.1182393942377,2251.9510987792137
forecast_2491,2025-04-14 19:00:00,3414.4418662985736,4253.308976412736,3704.4241416677487
forecast_2492,2025-04-14 20:00:00,2863.446776711543,3393.964123403567,2999.1980908056116
forecast_2493,2025-04-14 21:00:00,3385.03765576605,3982.0610936251396,3383.185191825735
forecast_2494,2025-04-14 22:00:00,4129.077320598006,4998.335781436496,4218.0676173969205
forecast_2495,2025-04-14 23:00:00,4297.620697580804,5040.933481518374,4264.400323029741
forecast_2496,2025-04-15 00:00:00,5364.994388021543,5820.668265896513,4658.416632907178
forecast_2497,2025-04-15 01:00:00,8104.096886752931,8217.306945099526,6185.322440442316
forecast_2498,2025-04-15 02:00:00,7662.427878587477,7937.110113345701,6096.634858685278
forecast_2499,2025-04-15 03:00:00,6564.756321874899,6382.6553065301,4513.262307177871
forecast_2500,2025-04-15 04:00:00,6779.7695250184815,6586.809555674174,4620.4688186589865
forecast_2501,2025-04-15 05:00:00,5548.9428410535675,5344.419436513332,3686.914054966864
forecast_2502,2025-04-15 06:00:00,4610.6163825945605,4627.96190297255,3240.970294625004
forecast_2503,2025-04-15 07:00:00,5848.219709387976,5594.880664784729,3764.3046958773393
forecast_2504,2025-04-15 08:00:00,5261.430780075556,5308.393596526728,3819.9856670566455
forecast_2505,2025-04-15 09:00:00,6576.1803845974755,6578.877803408233,4750.597611326986
forecast_2506,2025-04-15 10:00:00,7972.108483831489,7748.779334716402,5673.4116239693885
forecast_2507,2025-04-15 11:00:00,9374.68121313884,9519.820484114758,7586.114055564128
forecast_2508,2025-04-15 12:00:00,9216.757654955105,9178.541008146618,7312.535018982263
forecast_2509,2025-04-15 13:00:00,9330.119019313091,9356.35466835268,7620.331434349823
forecast_2510,2025-04-15 14:00:00,9570.593219721844,9290.458046458913,7514.034412703537
forecast_2511,2025-04-15 15:00:00,10375.830107762627,10277.556641701314,8550.072157743887
forecast_2512,2025-04-15 16:00:00,10651.536199821836,10880.548178281155,9322.187180945277
forecast_2513,2025-04-15 17:00:00,11093.477974480435,11418.276281767927,9777.705151100314
forecast_2514,2025-04-15 18:00:00,11693.94143161404,12064.648627273458,10509.240511697182
forecast_2515,2025-04-15 19:00:00,14531.091259108776,14499.923189449375,12766.850182419446
forecast_2516,2025-04-15 20:00:00,16007.454960946336,16609.969827559675,15303.491865426651
forecast_2517,2025-04-15 21:00:00,17039.964938652724,17811.91959777895,16804.574021418164
forecast_2518,2025-04-15 22:00:00,18042.990963563865,18739.979856938025,17876.436115573964
forecast_2519,2025-04-15 23:00:00,18751.064303548592,19199.89821145335,18246.30118605214
forecast_2520,2025-04-16 00:00:00,18825.16384379623,19300.433514236676,18329.642271648285
forecast_2521,2025-04-16 01:00:00,20018.409676199757,20134.201965801105,18933.277713925265
forecast_2522,2025-04-16 02:00:00,19606.905771079113,19806.593502768184,18592.057927208523
forecast_2523,2025-04-16 03:00:00,19643.320735420086,19824.25635437419,18470.86615581838
forecast_2524,2025-04-16 04:00:00,17908.878717422995,18346.10626967314,16422.34913041915
forecast_2525,2025-04-16 05:00:00,19175.153224990274,19643.6684070051,18501.808621544722
forecast_2526,2025-04-16 06:00:00,19807.908018668964,20099.449794809356,19128.887768011853
forecast_2527,2025-04-16 07:00:00,18377.48805235639,18873.93633379283,17462.08563846952
forecast_2528,2025-04-16 08:00:00,14680.473182338117,15940.172462628005,14322.985196834723
forecast_2529,2025-04-16 09:00:00,13245.022912948329,14664.741670676707,13077.866487238625
forecast_2530,2025-04-16 10:00:00,10441.243699675993,11498.114004024661,9758.647256761004
forecast_2531,2025-04-16 11:00:00,11059.31934876744,11981.250486812558,10477.831048570873
forecast_2532,2025-04-16 12:00:00,12807.907784711319,13153.651284128393,11517.902995825774
forecast_2533,2025-04-16 13:00:00,13731.248815856652,14356.16644992209,13101.048200338844
forecast_2534,2025-04-16 14:00:00,14566.498550112448,15026.328117410263,13885.651440217658
forecast_2535,2025-04-16 15:00:00,16324.504761245578,16560.69112020907,15471.640691047132
forecast_2536,2025-04-16 16:00:00,17135.33287014228,17514.760861071383,16677.550333038216
forecast_2537,2025-04-16 17:00:00,17772.968662801304,18047.320942291582,17139.80136500306
forecast_2538,2025-04-16 18:00:00,18538.951240937415,18816.48437163399,17986.711060189118
forecast_2539,2025-04-16 19:00:00,19166.095891237397,19395.138645697956,18560.35529627234
forecast_2540,2025-04-16 20:00:00,19387.173463983792,19680.0064635106,18849.16474259939
forecast_2541,2025-04-16 21:00:00,19332.243030179605,19598.30479383033,18758.137155843717
forecast_2542,2025-04-16 22:00:00,18381.142245551506,18848.9348200869,18087.82542802496
forecast_2543,2025-04-16 23:00:00,18614.80869320536,19044.56293940902,18165.593404659383
forecast_2544,2025-04-17 00:00:00,18626.041248124682,19231.70754189926,18444.451798696857
forecast_2545,2025-04-17 01:00:00,18759.30396880488,19436.1881142095,18828.79622738059
forecast_2546,2025-04-17 02:00:00,19078.64578871713,19754.713622017145,19183.177620996954
forecast_2547,2025-04-17 03:00:00,18947.34125987501,19511.543847567893,18744.007082270626
forecast_2548,2025-04-17 04:00:00,17744.778703763557,18540.07417049381,17628.22909319336
forecast_2549,2025-04-17 05:00:00,17751.303889472616,18449.49289142064,17359.337373828785
forecast_2550,2025-04-17 06:00:00,18514.915590904824,19083.27301983899,17915.363822842697
forecast_2551,2025-04-17 07:00:00,17814.249032966967,18690.5724376882,18028.150881820664
forecast_2552,2025-04-17 08:00:00,16753.641788142748,17061.049954788716,15350.94581419023
forecast_2553,2025-04-17 09:00:00,15142.411509942283,16431.068213545066,15391.069119466289
forecast_2554,2025-04-17 10:00:00,11999.592580962777,13233.838915632357,11678.244308712656
forecast_2555,2025-04-17 11:00:00,11162.994482172275,12091.902062763205,10454.610620052248
forecast_2556,2025-04-17 12:00:00,12183.246171229875,13319.252894638365,12165.61825562951
forecast_2557,2025-04-17 13:00:00,11321.792419803069,12702.638197004784,11861.861651403595
forecast_2558,2025-04-17 14:00:00,11567.508737347938,12759.670015226799,11759.412770064264
forecast_2559,2025-04-17 15:00:00,11822.488160018422,12773.345592334997,11619.155954897797
forecast_2560,2025-04-17 16:00:00,13100.341310419659,14064.301956862939,12934.985691258953
forecast_2561,2025-04-17 17:00:00,14121.193961423001,15300.938575472244,14506.117547045389
forecast_2562,2025-04-17 18:00:00,14214.091150456841,15467.167268292207,14698.86748711995
forecast_2563,2025-04-17 19:00:00,15924.635902401766,16765.13648723581,15889.278037923072
forecast_2564,2025-04-17 20:00:00,15896.52846316795,16620.737655722365,15898.121588310503
forecast_2565,2025-04-17 21:00:00,15398.221917819883,16365.22373955962,15628.31339894394
forecast_2566,2025-04-17 22:00:00,15057.489971293082,15989.607526454358,14963.329870495667
forecast_2567,2025-04-17 23:00:00,14992.883732858216,16047.146732000609,15022.367371457556
forecast_2568,2025-04-18 00:00:00,18981.47099174504,19200.00567190178,18020.906825306483
forecast_2569,2025-04-18 01:00:00,18028.25765415017,18840.424036257915,18053.708524663656
forecast_2570,2025-04-18 02:00:00,18669.00386422811,19109.138751829985,18096.273326699342
forecast_2571,2025-04-18 03:00:00,18404.085617973986,19068.50997234549,18195.997657394913
forecast_2572,2025-04-18 04:00:00,18855.146808993675,19406.156677158247,18650.758813934448
forecast_2573,2025-04-18 05:00:00,18455.527801457905,18971.952762622466,18192.84866576909
forecast_2574,2025-04-18 06:00:00,16355.190832548511,17202.77624250621,16106.246150405568
forecast_2575,2025-04-18 07:00:00,15298.73747650102,16114.788199491933,14634.90380820749
forecast_2576,2025-04-18 08:00:00,13375.86713294311,14341.695043665022,12807.266272201996
forecast_2577,2025-04-18 09:00:00,11360.404587272982,12088.713307089089,10218.795766900404
forecast_2578,2025-04-18 10:00:00,11988.118717218213,12485.493846833951,10494.2732633745
forecast_2579,2025-04-18 11:00:00,12313.122047350336,12510.08681055875,10590.991420703594
forecast_2580,2025-04-18 12:00:00,12098.654702763195,12374.15901388467,10707.54420896605
forecast_2581,2025-04-18 13:00:00,10853.175815607814,11156.87887872024,9636.181099252473
forecast_2582,2025-04-18 14:00:00,9787.16420799794,9745.307355307716,8144.052465925338
forecast_2583,2025-04-18 15:00:00,8793.94378399727,8674.499274412105,7135.557555016861
forecast_2584,2025-04-18 16:00:00,8444.655748804573,8087.068007236259,6562.309225661297
forecast_2585,2025-04-18 17:00:00,8217.934672733281,8501.52600059806,7168.469042482164
forecast_2586,2025-04-18 18:00:00,8979.29943843812,9106.567888618692,7378.015288714358
forecast_2587,2025-04-18 19:00:00,9855.668745971156,9979.163906862459,8101.253900095417
forecast_2588,2025-04-18 20:00:00,11664.465550868166,11622.008293081726,9446.904541000766
forecast_2589,2025-04-18 21:00:00,13002.626229513817,13238.25092607048,11023.8315158758
forecast_2590,2025-04-18 22:00:00,12863.746201391234,12576.941287436552,10170.730001161854
forecast_2591,2025-04-18 23:00:00,10457.36412051414,11505.714855018043,9819.197660964845
forecast_2592,2025-04-19 00:00:00,12331.48006164379,13283.103430161189,11299.0771701117
forecast_2593,2025-04-19 01:00:00,12679.972030387782,13226.927768434696,10932.32771870761
forecast_2594,2025-04-19 02:00:00,14243.166821489254,14742.11055590686,12455.201722648393
forecast_2595,2025-04-19 03:00:00,16283.85705656259,17186.947527496195,15724.878994125549
forecast_2596,2025-04-19 04:00:00,16363.672888565809,17117.724114621476,15657.989894125752
forecast_2597,2025-04-19 05:00:00,16395.104103183443,17136.470117648154,15637.979372947906
forecast_2598,2025-04-19 06:00:00,14760.042102059339,15859.049225307073,14490.401929574495
forecast_2599,2025-04-19 07:00:00,13129.991039042425,14272.251803010779,12819.446627451185
forecast_2600,2025-04-19 08:00:00,12726.058277687005,13919.780971023269,12683.217138348062
forecast_2601,2025-04-19 09:00:00,12487.95464486098,13821.426591526397,12694.475267496255
forecast_2602,2025-04-19 10:00:00,13313.956964836903,14431.380632348628,13260.669225466376
forecast_2603,2025-04-19 11:00:00,14058.67626569443,14932.288133314472,13761.924610095868
forecast_2604,2025-04-19 12:00:00,16065.565792628731,16738.138552654484,15791.87042362236
forecast_2605,2025-04-19 13:00:00,16978.08451410034,17422.21963914002,16465.093149090557
forecast_2606,2025-04-19 14:00:00,17398.374429505322,17952.501516023225,17158.359406560357
forecast_2607,2025-04-19 15:00:00,17274.181900300413,18003.270969193265,17302.358312524193
forecast_2608,2025-04-19 16:00:00,17425.083050335685,18038.572507528203,17309.595226344612
forecast_2609,2025-04-19 17:00:00,18493.739390108807,18977.988483068875,18147.901352338682
forecast_2610,2025-04-19 18:00:00,18388.958954097907,18981.56577577955,18277.18057519914
forecast_2611,2025-04-19 19:00:00,18066.416403359413,18417.901425072323,17522.568352152288
forecast_2612,2025-04-19 20:00:00,18117.84425597608,18413.94742020073,17374.529561101095
forecast_2613,2025-04-19 21:00:00,17945.89608775465,18362.99945661794,17605.274211632044
forecast_2614,2025-04-19 22:00:00,16938.920783381483,17338.710024178337,16415.41900720232
forecast_2615,2025-04-19 23:00:00,12879.660842020603,12113.057948038375,9743.84018657821
forecast_2616,2025-04-20 00:00:00,12710.97864235756,12451.946652745206,10079.203732353004
forecast_2617,2025-04-20 01:00:00,11733.764495993879,12477.389101711498,10939.961892399113
forecast_2618,2025-04-20 02:00:00,10059.097215185626,10626.527128412257,8772.808562768982
forecast_2619,2025-04-20 03:00:00,5979.613170443044,6426.788030071351,4998.594887533761
forecast_2620,2025-04-20 04:00:00,4078.1157514033157,4992.961686370318,3790.531947706275
forecast_2621,2025-04-20 05:00:00,3366.8998354219616,3982.7719917846925,2933.092309693894
forecast_2622,2025-04-20 06:00:00,2440.651214079342,3114.4873740301928,2374.6789957717097
forecast_2623,2025-04-20 07:00:00,1559.7206415861801,2295.737300714283,1818.8263900857723
forecast_2624,2025-04-20 08:00:00,1291.7601462291468,2001.1977581264607,1698.9469022317473
forecast_2625,2025-04-20 09:00:00,1099.7581481749316,1917.5676574087552,1674.007917281058
forecast_2626,2025-04-20 10:00:00,1217.8493808338862,2023.473440051408,1787.112315362872
forecast_2627,2025-04-20 11:00:00,1083.577057152538,2002.237804844773,1959.239538163554
forecast_2628,2025-04-20 12:00:00,995.042913191219,1850.5418786877729,1800.8171073858339
forecast_2629,2025-04-20 13:00:00,775.3882938866965,1420.16760217355,1380.9021799242819
forecast_2630,2025-04-20 14:00:00,865.2916459667563,1404.7294899780636,1365.157901218938
forecast_2631,2025-04-20 15:00:00,1163.4906090801996,1697.8113145724105,1600.5258023017964
forecast_2632,2025-04-20 16:00:00,1189.379301332663,1769.421157100574,1648.494980532002
forecast_2633,2025-04-20 17:00:00,1283.0962681533356,1932.6881805482299,1808.0976600477672
forecast_2634,2025-04-20 18:00:00,1098.1809991134155,1854.4184210945482,1790.5341157247635
forecast_2635,2025-04-20 19:00:00,1402.6880081864722,2147.3865567710773,1948.8221920864974
forecast_2636,2025-04-20 20:00:00,1004.2836925361917,1856.317679234404,1675.3806575995934
forecast_2637,2025-04-20 21:00:00,1123.265743377582,2033.1990848115333,1731.7987076782392
forecast_2638,2025-04-20 22:00:00,1385.149034390477,2190.1733478325427,1837.2640374003722
forecast_2639,2025-04-20 23:00:00,1452.9925157669763,2280.385090957283,1902.849306786197
forecast_2640,2025-04-21 00:00:00,1525.2908773419326,2257.5209967271157,1878.7006004139957
forecast_2641,2025-04-21 01:00:00,1134.416868248739,1854.107075041743,1512.423362959182
forecast_2642,2025-04-21 02:00:00,1605.6086514181848,2892.1779193138586,2516.923090468816
forecast_2643,2025-04-21 03:00:00,1027.5171462556048,1873.4160998842633,1499.6678701405233
forecast_2644,2025-04-21 04:00:00,1560.6235988190588,2556.896657415348,2008.1017499260263
forecast_2645,2025-04-21 05:00:00,1597.9121951678762,2325.0409360912863,1747.7425328947184
forecast_2646,2025-04-21 06:00:00,2140.5821344610567,2986.7281646371707,2205.617362952704
forecast_2647,2025-04-21 07:00:00,2174.399967203379,2837.9811413113657,2154.8506396911075
forecast_2648,2025-04-21 08:00:00,2151.7188651413912,2824.8659197536813,2159.869432569134
forecast_2649,2025-04-21 09:00:00,2222.7181137809453,3029.828471402844,2434.4912239363084
forecast_2650,2025-04-21 10:00:00,1997.6246777849612,2813.395481059095,2338.63326153914
forecast_2651,2025-04-21 11:00:00,2764.2402781889264,3491.1859958142486,2860.116732698032
forecast_2652,2025-04-21 12:00:00,2573.9618494690353,3466.9631032310062,3030.925618511739
forecast_2653,2025-04-21 13:00:00,3239.38446737723,4008.469355153862,3421.951519682148
forecast_2654,2025-04-21 14:00:00,3209.5133005470752,3931.988989295535,3437.106853928446
forecast_2655,2025-04-21 15:00:00,2400.080975485911,3267.056496111185,2946.7724131713057
forecast_2656,2025-04-21 16:00:00,2889.0769882298955,3751.430710940207,3247.347129816895
forecast_2657,2025-04-21 17:00:00,2514.347821749203,3175.057577834673,2714.609258409408
forecast_2658,2025-04-21 18:00:00,3872.0710072709785,4183.49731406866,3201.230320805895
forecast_2659,2025-04-21 19:00:00,6329.499250550529,6298.944712328336,4612.325428598726
forecast_2660,2025-04-21 20:00:00,9303.292826191784,9810.66007795418,7695.356186056476
forecast_2661,2025-04-21 21:00:00,8416.547329485114,9116.251773414084,7203.885957485947
forecast_2662,2025-04-21 22:00:00,8972.919879923622,9472.968124751898,7318.765803104299
forecast_2663,2025-04-21 23:00:00,9480.247087065343,9986.077344398298,7716.2725610214475
forecast_2664,2025-04-22 00:00:00,9736.711589272229,10255.958748694999,7924.635930230898
forecast_2665,2025-04-22 01:00:00,11417.24762500483,12151.965253578222,9989.474432143103
forecast_2666,2025-04-22 02:00:00,10663.354330681488,11019.923650261728,8715.770845167033
forecast_2667,2025-04-22 03:00:00,8951.744611252077,9841.940364388909,7704.906008597125
forecast_2668,2025-04-22 04:00:00,7816.850326347695,8414.948553073968,6242.5395733642945
forecast_2669,2025-04-22 05:00:00,6399.217477620993,7080.493047053008,5156.870857338171
forecast_2670,2025-04-22 06:00:00,5584.027773416125,6360.702750141903,4617.366862626093
forecast_2671,2025-04-22 07:00:00,4374.724294920317,5447.545124540151,4256.690546876314
forecast_2672,2025-04-22 08:00:00,4728.361249997542,5190.263466184255,3925.9686123004494
forecast_2673,2025-04-22 09:00:00,7180.67661209168,8650.373084537494,7134.866250728601
forecast_2674,2025-04-22 10:00:00,8922.855097606938,10283.777382661785,8595.339890038056
forecast_2675,2025-04-22 11:00:00,10812.61135429253,12365.45270613391,10977.138747319093
forecast_2676,2025-04-22 12:00:00,13134.983501205521,14282.969553655586,12747.049366021807
forecast_2677,2025-04-22 13:00:00,13574.522322575738,14937.901912424384,13768.842516117957
forecast_2678,2025-04-22 14:00:00,11062.889283701163,12212.932767309758,10934.388688025063
forecast_2679,2025-04-22 15:00:00,6385.3830601918335,7517.113491206382,6320.113972471245
forecast_2680,2025-04-22 16:00:00,3673.38941672024,4414.193262049577,3531.863871530345
forecast_2681,2025-04-22 17:00:00,1825.0376616840313,2742.9892904347903,2488.99583235102
forecast_2682,2025-04-22 18:00:00,1421.4212644413176,2146.8547192582637,2007.6857050342164
forecast_2683,2025-04-22 19:00:00,2814.4771067090214,3981.394426460286,3535.7094024096364
forecast_2684,2025-04-22 20:00:00,4509.493079773058,5775.489110206283,4878.437809336325
forecast_2685,2025-04-22 21:00:00,4627.902078232035,5222.769638900389,4257.834977449536
forecast_2686,2025-04-22 22:00:00,4798.0457818542745,5483.960604845214,4547.658104334102
forecast_2687,2025-04-22 23:00:00,4739.596139842091,5599.130963837899,4622.831964491369
forecast_2688,2025-04-23 00:00:00,4608.25704874123,5226.14158214003,4212.932246645218
forecast_2689,2025-04-23 01:00:00,6971.867799358923,7608.6716076451285,6284.781864336961
forecast_2690,2025-04-23 02:00:00,5009.269055088301,5783.859067343673,4735.431726541212
forecast_2691,2025-04-23 03:00:00,5644.742144172575,6002.293907947837,4516.520446170109
forecast_2692,2025-04-23 04:00:00,6387.237168910978,6531.707018460234,4783.924470129035
forecast_2693,2025-04-23 05:00:00,5871.706418301412,6040.736184427258,4368.592287143939
forecast_2694,2025-04-23 06:00:00,6031.542586482625,6247.206359594667,4417.008812826532
forecast_2695,2025-04-23 07:00:00,5432.187307544769,5748.693456030773,4119.413199315541
forecast_2696,2025-04-23 08:00:00,4754.56216734957,5037.873884072737,3578.822355612207
forecast_2697,2025-04-23 09:00:00,3934.0618067799724,4081.989299862185,2989.1066872261417
forecast_2698,2025-04-23 10:00:00,3014.6612759138866,3191.992552846963,2422.4551496830322
forecast_2699,2025-04-23 11:00:00,1804.0384690373007,2127.5275395671415,1778.826611395182
forecast_2700,2025-04-23 12:00:00,884.3387272365715,1388.0381133468336,1296.2284351541787
forecast_2701,2025-04-23 13:00:00,677.9080001824194,1211.611204509359,1206.1158501247885
forecast_2702,2025-04-23 14:00:00,864.3250715610546,1476.1804827873614,1476.047668973578
forecast_2703,2025-04-23 15:00:00,946.7727972295096,1539.9274342103267,1571.4338897304492
forecast_2704,2025-04-23 16:00:00,1319.0319862710612,1876.8853607671267,1819.8860481445972
forecast_2705,2025-04-23 17:00:00,3130.044129401684,5009.163560952067,5111.434814460003
forecast_2706,2025-04-23 18:00:00,3231.3833562896507,4527.9346129964515,4177.465263487144
forecast_2707,2025-04-23 19:00:00,2806.704191629641,3046.7668012266377,2288.295111270188
forecast_2708,2025-04-23 20:00:00,5474.9581514065285,5628.378601745126,4114.774659689227
forecast_2709,2025-04-23 21:00:00,7177.773673249986,7163.733182404547,5368.057230500577
forecast_2710,2025-04-23 22:00:00,9987.618486977122,9655.154214609214,7248.125357219039
forecast_2711,2025-04-23 23:00:00,13771.83510681129,13415.173182257091,10536.125130182065
forecast_2712,2025-04-24 00:00:00,16646.80442859605,17103.76097626269,15213.254098908283
forecast_2713,2025-04-24 01:00:00,17756.216468875595,18371.348764667127,17193.816870596613
forecast_2714,2025-04-24 02:00:00,18695.60008883765,19212.955621398585,18318.408902131658
forecast_2715,2025-04-24 03:00:00,19202.69309349887,19583.25274230099,18652.94839844101
forecast_2716,2025-04-24 04:00:00,19929.721969184233,19997.801629898102,18885.51018021567
forecast_2717,2025-04-24 05:00:00,18808.7001016534,19325.426313587184,18263.488926660953
forecast_2718,2025-04-24 06:00:00,18791.189180126952,19151.94858397947,17878.72585033722
forecast_2719,2025-04-24 07:00:00,17798.379592027602,18368.19148965594,16953.78604571452
forecast_2720,2025-04-24 08:00:00,15421.266054588865,16127.294774780192,14164.282623315681
forecast_2721,2025-04-24 09:00:00,11648.320820633635,12580.284173925178,10622.419510503503
forecast_2722,2025-04-24 10:00:00,10322.828113141608,11285.979188402322,9546.780903376679
forecast_2723,2025-04-24 11:00:00,11999.767911263687,12677.651573793046,11158.02654086383
forecast_2724,2025-04-24 12:00:00,12965.785102087391,13400.668280088845,11893.687655873344
forecast_2725,2025-04-24 13:00:00,14283.38647587542,14499.967722115554,12965.11280545045
forecast_2726,2025-04-24 14:00:00,15260.29358167293,15357.349075685739,14016.74987122016
forecast_2727,2025-04-24 15:00:00,16262.162208856787,16538.9433935584,15533.675668386213
forecast_2728,2025-04-24 16:00:00,16641.650167850974,16950.63262309495,16025.45037330593
forecast_2729,2025-04-24 17:00:00,16558.96389904362,17046.83565887634,16116.612210138845
forecast_2730,2025-04-24 18:00:00,17079.627793941985,17508.60832192061,16531.59653077801
forecast_2731,2025-04-24 19:00:00,17698.200970057347,18041.417002713544,17023.271570647707
forecast_2732,2025-04-24 20:00:00,18084.947923954693,18406.170930472555,17401.28073618326
forecast_2733,2025-04-24 21:00:00,18266.175779895202,18450.260434628643,17196.82988740323
forecast_2734,2025-04-24 22:00:00,17890.91918251557,18070.683306869418,16737.357722634777
forecast_2735,2025-04-24 23:00:00,17298.302055968692,17676.2471074218,16362.392080416705
forecast_2736,2025-04-25 00:00:00,17193.93348393793,17321.566438068872,15802.568059729241
forecast_2737,2025-04-25 01:00:00,15957.09701325454,16675.85099958065,15292.769248795794
forecast_2738,2025-04-25 02:00:00,15409.714349910768,15929.905466016684,14384.723304896115
forecast_2739,2025-04-25 03:00:00,15749.08243376768,16185.25917548396,14488.173251745691
forecast_2740,2025-04-25 04:00:00,15431.756833797544,15792.246716460086,14062.641985392556
forecast_2741,2025-04-25 05:00:00,15318.910409401293,15814.195845665414,13978.07765034808
forecast_2742,2025-04-25 06:00:00,15011.888015803022,15871.822762343887,14232.808416822176
forecast_2743,2025-04-25 07:00:00,13987.125836194904,14699.325379009908,12901.42344528354
forecast_2744,2025-04-25 08:00:00,13333.670755585463,13738.979016495585,11668.537821451648
forecast_2745,2025-04-25 09:00:00,12745.591017647066,12652.077120852722,10386.959113931525
forecast_2746,2025-04-25 10:00:00,13089.741969971203,13133.827753834968,11016.990899102686
forecast_2747,2025-04-25 11:00:00,13043.807472556233,13121.134723446681,11122.124742520335
forecast_2748,2025-04-25 12:00:00,12309.754870952946,12401.990722016364,10484.179410218656
forecast_2749,2025-04-25 13:00:00,11427.748044754739,11305.653150735301,9404.640949099692
forecast_2750,2025-04-25 14:00:00,11065.26387374795,10988.893949180754,9147.802356935616
forecast_2751,2025-04-25 15:00:00,10946.061750966688,11005.313667921659,9283.403894572935
forecast_2752,2025-04-25 16:00:00,11218.891650240772,11249.439987244026,9522.723216829216
forecast_2753,2025-04-25 17:00:00,11329.223648639942,11550.069705952003,9831.75432427024
forecast_2754,2025-04-25 18:00:00,11453.90914214202,12250.126370790775,10713.993567312878
forecast_2755,2025-04-25 19:00:00,12410.819554101305,12798.710926940996,11222.746659067441
forecast_2756,2025-04-25 20:00:00,13178.676191858853,13830.244874727818,12224.036663503577
forecast_2757,2025-04-25 21:00:00,16044.120151014595,16728.794847275873,15469.213803629842
forecast_2758,2025-04-25 22:00:00,16000.44444254498,16569.826121097845,15374.659148757624
forecast_2759,2025-04-25 23:00:00,14536.116403328992,15093.978720756433,13723.650642881343
forecast_2760,2025-04-26 00:00:00,13412.103343029004,14112.410895842753,12439.606246386062
forecast_2761,2025-04-26 01:00:00,11837.564385166314,11870.851073114507,9040.290883322266
forecast_2762,2025-04-26 02:00:00,13418.036639036241,13876.621563895798,11024.044065608483
forecast_2763,2025-04-26 03:00:00,16395.475963065153,16706.7063510444,14124.195638493191
forecast_2764,2025-04-26 04:00:00,16718.192590891034,17490.111903230412,15684.673512706773
forecast_2765,2025-04-26 05:00:00,17718.176313033495,18091.779653063037,16083.9902504211
forecast_2766,2025-04-26 06:00:00,17533.062447178563,18056.42273659105,16112.04828035922
forecast_2767,2025-04-26 07:00:00,16607.049061057754,17031.233335686633,14951.900988170613
forecast_2768,2025-04-26 08:00:00,16375.773030713553,16798.68750383052,14723.57240856013
forecast_2769,2025-04-26 09:00:00,13275.841365759516,14011.660997761495,12060.401265364846
forecast_2770,2025-04-26 10:00:00,12832.952207438488,13234.609747726747,11225.171979346169
forecast_2771,2025-04-26 11:00:00,13132.013058048891,13557.41313167127,11844.359935718849
forecast_2772,2025-04-26 12:00:00,13719.1108533064,14025.789804427914,12544.851390471857
forecast_2773,2025-04-26 13:00:00,13478.254096390423,13732.903606391279,12283.649388196838
forecast_2774,2025-04-26 14:00:00,14982.289316346303,15130.322779254533,13770.844599791544
forecast_2775,2025-04-26 15:00:00,15784.4133310931,15896.022284848106,14568.612001836176
forecast_2776,2025-04-26 16:00:00,15833.781935980434,16403.44334496238,15462.181992671509
forecast_2777,2025-04-26 17:00:00,16586.070304884855,16963.91652475968,15898.430973470397
forecast_2778,2025-04-26 18:00:00,17955.506033226513,18304.38994663016,17393.35312652019
forecast_2779,2025-04-26 19:00:00,18791.03578759213,19294.157097347208,18608.39217245043
forecast_2780,2025-04-26 20:00:00,19633.226095017206,19963.62533585794,19274.237745213155
forecast_2781,2025-04-26 21:00:00,20049.608166821912,20273.567154303448,19606.036971124875
forecast_2782,2025-04-26 22:00:00,20802.58323519024,20752.150223782482,20040.56693807119
forecast_2783,2025-04-26 23:00:00,21020.651628851272,20826.054359647453,19969.661983586717
forecast_2784,2025-04-27 00:00:00,20745.119073776987,20742.984785683235,20043.381191565233
forecast_2785,2025-04-27 01:00:00,21102.544442965125,20912.656172949908,20059.246461989
forecast_2786,2025-04-27 02:00:00,20807.619052351183,20743.334793965194,19987.11662281381
forecast_2787,2025-04-27 03:00:00,20738.35510281194,20671.58354427165,19972.89344270691
forecast_2788,2025-04-27 04:00:00,20685.991893101003,20599.76239489993,19852.074317120645
forecast_2789,2025-04-27 05:00:00,20153.789183879224,20276.08158153526,19402.276533318163
forecast_2790,2025-04-27 06:00:00,20048.250700438883,20131.44332953656,19238.282010290306
forecast_2791,2025-04-27 07:00:00,19517.830850817478,19808.736061074243,18937.696879555988
forecast_2792,2025-04-27 08:00:00,18409.378672728446,18975.44237505594,18130.239660481082
forecast_2793,2025-04-27 09:00:00,17034.4168237237,17680.54491195169,16656.178931506158
forecast_2794,2025-04-27 10:00:00,16435.92797341251,16834.952295654704,15588.228194303654
forecast_2795,2025-04-27 11:00:00,16452.58872386335,16968.225630598015,15966.60875774704
forecast_2796,2025-04-27 12:00:00,16352.783837914849,16746.264061333837,15614.508650478736
forecast_2797,2025-04-27 13:00:00,16812.80867526522,17159.619604408705,16155.259441870583
forecast_2798,2025-04-27 14:00:00,16281.897608503212,16616.631728356588,15547.220481339144
forecast_2799,2025-04-27 15:00:00,16018.319816757219,16384.328585824635,15271.482812658214
forecast_2800,2025-04-27 16:00:00,16293.492526012376,16579.4976463116,15503.378135203848
forecast_2801,2025-04-27 17:00:00,16427.70861849776,16819.3347989733,15799.245771763517
forecast_2802,2025-04-27 18:00:00,15862.08355769725,16594.54099860116,15648.92168098922
forecast_2803,2025-04-27 19:00:00,16260.066282613561,16883.097690901104,15742.219561699596
forecast_2804,2025-04-27 20:00:00,16639.865791739365,17275.499967138498,16099.94947063727
forecast_2805,2025-04-27 21:00:00,16061.87313082845,16557.2006482933,15249.864071257089
forecast_2806,2025-04-27 22:00:00,16468.685777859013,16873.154852366704,15528.638804573926
forecast_2807,2025-04-27 23:00:00,17937.755067665497,18384.746803947324,17277.87894592107
forecast_2808,2025-04-28 00:00:00,15707.101326848178,16347.321041384635,15020.319282396047
forecast_2809,2025-04-28 01:00:00,16928.442161973653,17639.60977611489,16143.900518941704
forecast_2810,2025-04-28 02:00:00,17144.544682085987,17821.656566071528,16424.334759547462
forecast_2811,2025-04-28 03:00:00,17066.235903087094,17710.094993388047,16223.730259494501
forecast_2812,2025-04-28 04:00:00,15470.703947665059,16247.075566196025,14232.47723000041
forecast_2813,2025-04-28 05:00:00,13948.828411032368,14586.151572036804,12076.304286450031
forecast_2814,2025-04-28 06:00:00,13870.592730117782,14644.534367277452,12363.28517277403
forecast_2815,2025-04-28 07:00:00,11993.791291035786,12706.957504617738,10387.514128096467
forecast_2816,2025-04-28 08:00:00,8567.093065481467,8981.976499456574,7056.048269346516
forecast_2817,2025-04-28 09:00:00,4333.644600585028,4503.137794671177,3528.967953573344
forecast_2818,2025-04-28 10:00:00,4968.454093727093,5090.930513069179,3938.310278584054
forecast_2819,2025-04-28 11:00:00,9467.750363942214,9489.242865509881,7874.510898824911
forecast_2820,2025-04-28 12:00:00,11554.992386534543,11729.55296261605,10263.812747323875
forecast_2821,2025-04-28 13:00:00,12120.88192439514,12171.880642477092,10663.88801586397
forecast_2822,2025-04-28 14:00:00,12577.895408951164,12821.747259011245,11399.31864419923
forecast_2823,2025-04-28 15:00:00,12543.512611054928,12203.437772375612,10355.765119991163
forecast_2824,2025-04-28 16:00:00,8394.629546458822,8103.131350577665,6677.90363022436
forecast_2825,2025-04-28 17:00:00,5102.720015091435,5534.745794453567,4739.982903752782
forecast_2826,2025-04-28 18:00:00,3824.955959181345,3999.8306641559684,3448.019740874096
forecast_2827,2025-04-28 19:00:00,3945.0092181091236,3991.8342884160984,2958.3846264614103
forecast_2828,2025-04-28 20:00:00,5675.244093951896,5729.341836745794,4219.615279364196
forecast_2829,2025-04-28 21:00:00,6280.148113177611,6418.660288241057,4929.331355028372
forecast_2830,2025-04-28 22:00:00,6952.5007162123675,7257.863612377048,5697.092961081816
forecast_2831,2025-04-28 23:00:00,6937.830550061259,7102.30760700596,5453.3818788535045
forecast_2832,2025-04-29 00:00:00,5524.243736039489,5571.705869283464,4179.5404105223915
forecast_2833,2025-04-29 01:00:00,2970.73966731619,3333.0007100309413,2507.7781424927184
forecast_2834,2025-04-29 02:00:00,2703.2796692423112,3037.8003086911613,2295.973864772363
forecast_2835,2025-04-29 03:00:00,2839.765595024911,3261.833015323363,2363.861673925148
forecast_2836,2025-04-29 04:00:00,2411.1725471361283,2872.9641641440485,2210.740904583671
forecast_2837,2025-04-29 05:00:00,2720.035505511628,3226.9696920300903,2449.541016754255
forecast_2838,2025-04-29 06:00:00,4481.940211227793,4946.047311442818,3414.7735239274734
forecast_2839,2025-04-29 07:00:00,4972.236721323168,5421.844932833504,3839.5768575956517
forecast_2840,2025-04-29 08:00:00,5982.178387654987,6562.460023461828,4815.697432976086
forecast_2841,2025-04-29 09:00:00,5853.727953687696,6231.4020084350195,4750.771653041238
forecast_2842,2025-04-29 10:00:00,6854.1552841363955,6761.469699307825,5143.0956290231115
forecast_2843,2025-04-29 11:00:00,6929.234472473364,6785.21141356523,5299.469485727839
forecast_2844,2025-04-29 12:00:00,8158.014941346656,7833.604331878931,6161.983973056889
forecast_2845,2025-04-29 13:00:00,8012.488046699629,7723.42794915704,6136.868873408098
forecast_2846,2025-04-29 14:00:00,8726.42084172013,8321.898765571537,6592.542826968795
forecast_2847,2025-04-29 15:00:00,9226.395562521071,9236.003343123366,7634.325171063115
forecast_2848,2025-04-29 16:00:00,9576.962736593014,9213.662766099163,7502.013364029445
forecast_2849,2025-04-29 17:00:00,8349.608374856329,8294.318239123817,6925.092021699661
forecast_2850,2025-04-29 18:00:00,8253.072427633248,8282.811212667926,6628.030626195699
forecast_2851,2025-04-29 19:00:00,11618.76609087742,11641.548211003286,9377.981243091153
forecast_2852,2025-04-29 20:00:00,15097.323698080605,15498.685330731227,13514.005333943504
forecast_2853,2025-04-29 21:00:00,17465.809356299294,18096.807871383142,16785.609492756197
forecast_2854,2025-04-29 22:00:00,18994.941887661502,19522.986537037847,18824.007323526206
forecast_2855,2025-04-29 23:00:00,20094.271651166488,20302.210399531217,19611.5439097751
forecast_2856,2025-04-30 00:00:00,19595.806020073658,19997.21514713067,19409.700252653194
forecast_2857,2025-04-30 01:00:00,18587.454663519708,19146.184419077857,18126.601059173638
forecast_2858,2025-04-30 02:00:00,19843.204569139503,20179.254456864364,19512.946235808784
forecast_2859,2025-04-30 03:00:00,20412.77260952637,20485.638249150466,19638.027920668024
forecast_2860,2025-04-30 04:00:00,19878.875881956825,20211.679056550456,19545.40285867704
forecast_2861,2025-04-30 05:00:00,20104.36437924249,20321.017349642265,19571.431888727464
forecast_2862,2025-04-30 06:00:00,19659.24391298848,19969.053036952428,19200.684573278537
forecast_2863,2025-04-30 07:00:00,18983.44375028858,19376.622997216706,18300.65009063734
forecast_2864,2025-04-30 08:00:00,17726.12762512885,18135.987190343745,16649.828122714
forecast_2865,2025-04-30 09:00:00,16621.449572051642,17220.272899131407,15938.629533890227
forecast_2866,2025-04-30 10:00:00,15617.799737322817,16290.822307595907,14980.959240392074
forecast_2867,2025-04-30 11:00:00,15204.166954908767,15636.53479672859,14249.080080372478
forecast_2868,2025-04-30 12:00:00,14662.526181511514,15143.954567757402,13917.506195762346
forecast_2869,2025-04-30 13:00:00,14157.762535712036,14683.486022998912,13580.540924220193
forecast_2870,2025-04-30 14:00:00,13259.633066223665,13864.845419213598,12823.984939566159
forecast_2871,2025-04-30 15:00:00,12675.66431334285,12883.85163094742,11555.98086353134
forecast_2872,2025-04-30 16:00:00,11024.317718797067,11413.77482645056,10240.462635522272
forecast_2873,2025-04-30 17:00:00,8844.597080727657,9645.989595115338,8690.057071255455
forecast_2874,2025-04-30 18:00:00,8293.114136934682,9096.201053473107,7945.880855747062
forecast_2875,2025-04-30 19:00:00,7782.843337461505,9060.497682208103,8016.480295674441
forecast_2876,2025-04-30 20:00:00,8070.8310642711795,9296.42624361876,7663.134830714167
forecast_2877,2025-04-30 21:00:00,9406.675998812723,10571.062282430958,8829.645766630205
forecast_2878,2025-04-30 22:00:00,10461.570258748332,11674.051719584393,10103.94351472413
forecast_2879,2025-04-30 23:00:00,12448.880654939428,14183.75572651761,12994.333978549108
forecast_2880,2025-05-01 00:00:00,12495.811331537134,14178.52633176263,12996.43684169296
forecast_2881,2025-05-01 01:00:00,15957.867563709304,17396.663232405495,16687.12451262914
forecast_2882,2025-05-01 02:00:00,16862.335750431106,18317.312975338344,17831.094006842482
forecast_2883,2025-05-01 03:00:00,17037.26037673285,18542.92706892071,18325.072872926357
forecast_2884,2025-05-01 04:00:00,17850.612398682904,19077.83916680773,18801.398787501374
forecast_2885,2025-05-01 05:00:00,18167.278669444157,19306.44901074047,18965.341908279708
forecast_2886,2025-05-01 06:00:00,18484.1238940126,19486.603101358673,19096.42965969848
forecast_2887,2025-05-01 07:00:00,19061.576856593227,19702.302488178102,19038.768582467925
forecast_2888,2025-05-01 08:00:00,18436.691023804196,19203.492264401593,18607.013640602487
forecast_2889,2025-05-01 09:00:00,17895.808107835437,18916.806983170783,18520.048131122367
forecast_2890,2025-05-01 10:00:00,17961.5560817542,18519.425041705625,17619.16413430073
forecast_2891,2025-05-01 11:00:00,17473.485628207403,18192.386803674864,17400.671898961504
forecast_2892,2025-05-01 12:00:00,17589.844044900427,18406.388598775626,17818.566926126718
forecast_2893,2025-05-01 13:00:00,17775.560501299733,18431.56183707399,17887.61222983286
forecast_2894,2025-05-01 14:00:00,17648.251917697722,18139.331051237245,17547.642139762163
forecast_2895,2025-05-01 15:00:00,17227.852909422363,17862.3809520748,17325.538852977945
forecast_2896,2025-05-01 16:00:00,17787.308587520376,18426.536296532868,17984.44359037811
forecast_2897,2025-05-01 17:00:00,15159.512574580747,15145.222873541043,13557.68456847866
forecast_2898,2025-05-01 18:00:00,12718.801487264056,12952.481690388668,11677.459161904055
forecast_2899,2025-05-01 19:00:00,13608.518286846018,13862.255714357389,11957.194690919212
forecast_2900,2025-05-01 20:00:00,14373.87757567093,15155.514599325037,13782.333252824868
forecast_2901,2025-05-01 21:00:00,9798.659494278076,10012.373230954378,8699.657476224094
forecast_2902,2025-05-01 22:00:00,13737.657307072774,14182.05827827617,12577.129611797991
forecast_2903,2025-05-01 23:00:00,16480.21969781384,17031.001131360812,15995.970608168556
forecast_2904,2025-05-02 00:00:00,17846.727536290597,18275.146953294305,17399.110098175053
forecast_2905,2025-05-02 01:00:00,17768.90385170193,18083.036897312726,17199.628928939812
forecast_2906,2025-05-02 02:00:00,17134.938346423987,17399.923790746478,16202.247921182901
forecast_2907,2025-05-02 03:00:00,17237.996645703417,17868.38785639673,17052.884653952326
forecast_2908,2025-05-02 04:00:00,16819.669507071107,16614.3914850711,15313.463911754116
forecast_2909,2025-05-02 05:00:00,16222.4204711211,16377.798421604446,14762.655906129414
forecast_2910,2025-05-02 06:00:00,17342.082667339477,17453.571740009997,16040.26320051699
forecast_2911,2025-05-02 07:00:00,16966.638019665384,17034.117323687253,15545.363176152858
forecast_2912,2025-05-02 08:00:00,15268.572435726055,15836.130231524243,14407.963095976076
forecast_2913,2025-05-02 09:00:00,15307.498840342272,15547.33429472729,13975.437781975783
forecast_2914,2025-05-02 10:00:00,13214.13663815989,13303.678950589834,11397.204869610892
forecast_2915,2025-05-02 11:00:00,11828.883909380165,11634.817847021131,9714.954052431493
forecast_2916,2025-05-02 12:00:00,11062.510651447796,11138.025571289843,9595.557762011917
forecast_2917,2025-05-02 13:00:00,10473.78248587027,10570.739744902974,9013.178992290914
forecast_2918,2025-05-02 14:00:00,10676.475331794976,10492.223918256885,8779.23296021272
forecast_2919,2025-05-02 15:00:00,9524.638341025428,9478.740252705578,7902.607121949711
forecast_2920,2025-05-02 16:00:00,8611.925908232022,8390.76611686075,6761.5680134032555
forecast_2921,2025-05-02 17:00:00,7201.0725208589965,7006.591528598794,5534.545943230858
forecast_2922,2025-05-02 18:00:00,7765.386248800199,7950.120064403089,6441.382037743426
forecast_2923,2025-05-02 19:00:00,10961.865940489855,11484.369549236359,9735.435400863382
forecast_2924,2025-05-02 20:00:00,12942.110867271482,13485.76856317146,11703.554518391149
forecast_2925,2025-05-02 21:00:00,15359.353589584432,16085.124585599833,14718.452418105222
forecast_2926,2025-05-02 22:00:00,16303.990496249664,16614.541447686966,15096.314475540617
forecast_2927,2025-05-02 23:00:00,15229.256081980764,15755.276065525417,14153.170397749329
forecast_2928,2025-05-03 00:00:00,14662.5138161052,15686.553979584962,14145.722742521284
forecast_2929,2025-05-03 01:00:00,14497.734630218798,15210.109581830457,13092.305650466082
forecast_2930,2025-05-03 02:00:00,14994.021221529683,15432.504715190185,13239.357221638655
forecast_2931,2025-05-03 03:00:00,12888.888769357463,13245.822717621948,10820.956092192006
forecast_2932,2025-05-03 04:00:00,9661.294887965885,9981.831870557604,7492.099215595512
forecast_2933,2025-05-03 05:00:00,10393.576009171025,11281.936353307017,9199.907567788196
forecast_2934,2025-05-03 06:00:00,6142.642687322547,6267.415314237724,4654.754416024974
forecast_2935,2025-05-03 07:00:00,3587.7811052627067,4068.6629605663156,3128.6301145014586
forecast_2936,2025-05-03 08:00:00,2991.501829714286,3564.299715297172,2542.884611805329
forecast_2937,2025-05-03 09:00:00,5714.155036239011,6332.637021286973,4765.57557265518
forecast_2938,2025-05-03 10:00:00,10196.738702959428,11096.530425871306,9071.371891559716
forecast_2939,2025-05-03 11:00:00,13103.36830713167,13606.343211404466,11708.058967196466
forecast_2940,2025-05-03 12:00:00,15152.554556733547,15612.680638252994,13939.893943111536
forecast_2941,2025-05-03 13:00:00,15299.725705906314,16125.484354799275,14727.847832865928
forecast_2942,2025-05-03 14:00:00,13833.450236731549,14410.58012376395,13004.295831832835
forecast_2943,2025-05-03 15:00:00,14131.875082360348,14424.800563493314,12756.912179147024
forecast_2944,2025-05-03 16:00:00,13690.366867288729,14308.015656188985,12779.807286537682
forecast_2945,2025-05-03 17:00:00,11746.924966476588,12083.681472100536,10631.869891372065
forecast_2946,2025-05-03 18:00:00,11326.586978165418,11693.305471042091,9929.519588572923
forecast_2947,2025-05-03 19:00:00,12911.479943485452,13594.124055889315,11982.203040258319
forecast_2948,2025-05-03 20:00:00,15516.721241318864,16138.988578443139,14905.0300655024
forecast_2949,2025-05-03 21:00:00,16001.323832655382,16847.9272441154,15882.301508981975
forecast_2950,2025-05-03 22:00:00,15814.075924521514,16574.562856311924,15401.000958883656
forecast_2951,2025-05-03 23:00:00,15750.200681677798,16252.429317845963,14993.909947329365
forecast_2952,2025-05-04 00:00:00,16499.747166953082,17068.72366283375,15945.112259014137
forecast_2953,2025-05-04 01:00:00,16724.96216344436,17244.778826480357,16017.810889700246
forecast_2954,2025-05-04 02:00:00,16508.078536118188,17068.73884105785,15826.938693843153
forecast_2955,2025-05-04 03:00:00,16077.332127060956,16540.111166567982,15119.928017736958
forecast_2956,2025-05-04 04:00:00,16177.642791917087,16758.37846706328,15247.443626324733
forecast_2957,2025-05-04 05:00:00,16725.225615764724,17271.99253671839,15801.8464596765
forecast_2958,2025-05-04 06:00:00,16822.523694609165,17427.328384880704,16133.843628242175
forecast_2959,2025-05-04 07:00:00,16320.675796949132,16941.145471277407,15611.305169159485
forecast_2960,2025-05-04 08:00:00,15888.671373192545,16410.045166559063,14987.47412810874
forecast_2961,2025-05-04 09:00:00,14527.184947536127,14661.032757952424,12863.220912198043
forecast_2962,2025-05-04 10:00:00,14349.807000585462,14490.69931828951,12829.557391219932
forecast_2963,2025-05-04 11:00:00,13947.824868444986,14212.26491434596,12820.44935731879
forecast_2964,2025-05-04 12:00:00,14185.92005754705,14567.690153246447,13394.231990262553
forecast_2965,2025-05-04 13:00:00,15122.552545183455,15461.348417838737,14371.672279029603
forecast_2966,2025-05-04 14:00:00,16129.157947370384,16395.06315101942,15357.803694782528
forecast_2967,2025-05-04 15:00:00,16491.088494874857,16666.542492989072,15612.272929284438
forecast_2968,2025-05-04 16:00:00,15786.734940988306,16258.172392564278,15230.955371732636
forecast_2969,2025-05-04 17:00:00,15457.425135963658,16145.168633673477,15150.146720264302
forecast_2970,2025-05-04 18:00:00,15196.055803830488,15823.831235026148,14784.436515538742
forecast_2971,2025-05-04 19:00:00,15379.200973836738,16043.922756097827,14928.269532142882
forecast_2972,2025-05-04 20:00:00,15677.955073621983,16195.070677501124,15043.028248663028
forecast_2973,2025-05-04 21:00:00,14340.449701604162,14582.217234238218,13122.115500206266
forecast_2974,2025-05-04 22:00:00,10302.469232692467,9585.760197399297,7420.492193737782
forecast_2975,2025-05-04 23:00:00,6583.822494213261,6230.472742945551,4674.84859367473
forecast_2976,2025-05-05 00:00:00,4573.680383724901,4709.716669123181,3400.0518677188
forecast_2977,2025-05-05 01:00:00,5103.529113219856,5727.144608444276,4097.399735286556
forecast_2978,2025-05-05 02:00:00,4454.024833122621,5212.254139013034,3702.3137029501427
forecast_2979,2025-05-05 03:00:00,4623.357751997206,5014.746882198779,3451.1748529489714
forecast_2980,2025-05-05 04:00:00,5063.453325516053,5714.665050958374,3965.4699189615835
forecast_2981,2025-05-05 05:00:00,4001.571975931475,4573.337037760679,3116.926016767773
forecast_2982,2025-05-05 06:00:00,2741.1358360440036,3607.1501195552555,2540.686220062267
forecast_2983,2025-05-05 07:00:00,2301.930791747209,3129.0837666720845,2476.516778140631
forecast_2984,2025-05-05 08:00:00,1392.347759127445,2244.1052284852435,1863.4131593343745
forecast_2985,2025-05-05 09:00:00,1107.5716134035501,1872.3200567441556,1635.6225515023352
forecast_2986,2025-05-05 10:00:00,1231.649286536472,1837.9233378198717,1673.1650043811173
forecast_2987,2025-05-05 11:00:00,1032.128237741487,1621.2963211827348,1563.4052898133907
forecast_2988,2025-05-05 12:00:00,829.4326251009496,1543.2384894190375,1545.457223088339
forecast_2989,2025-05-05 13:00:00,1441.3272889311877,2627.5730640514494,2643.5324520157437
forecast_2990,2025-05-05 14:00:00,1161.3884117129032,1622.9400628195008,1333.4020507905113
forecast_2991,2025-05-05 15:00:00,734.341861299461,1295.5379794554444,1219.9690904172026
forecast_2992,2025-05-05 16:00:00,810.696833100734,1480.925274530665,1466.8723374167607
forecast_2993,2025-05-05 17:00:00,1136.6440399933283,2048.267788918242,2026.2439138319205
forecast_2994,2025-05-05 18:00:00,1089.556104964566,2020.9052896193948,1949.1891271921763
forecast_2995,2025-05-05 19:00:00,5529.600932418542,6170.353072572632,4735.919882849064
forecast_2996,2025-05-05 20:00:00,4253.557799773895,4533.287987892971,3425.4510476732867
forecast_2997,2025-05-05 21:00:00,3830.8711790395114,4263.59167943493,3159.640754207753
forecast_2998,2025-05-05 22:00:00,4181.005618993479,4622.957488133847,3400.310951383996
forecast_2999,2025-05-05 23:00:00,2972.381045404024,3452.324152094277,2548.738645658519
forecast_3000,2025-05-06 00:00:00,3978.2475924638597,4304.0634534447545,3103.7413873643586
forecast_3001,2025-05-06 01:00:00,1235.8821486988454,2261.435770678223,1913.6826367868082
forecast_3002,2025-05-06 02:00:00,1856.024070978095,3208.3172198162365,2507.5935855862467
forecast_3003,2025-05-06 03:00:00,1863.6023342384206,2362.305923704183,1770.2770993116594
forecast_3004,2025-05-06 04:00:00,1885.8097234825207,2292.9456067338624,1757.746076818126
forecast_3005,2025-05-06 05:00:00,1564.976210636779,2245.4310907690506,1775.4474683209464
forecast_3006,2025-05-06 06:00:00,2202.031847034339,3151.5333994025746,2473.070592914489
forecast_3007,2025-05-06 07:00:00,1932.2145693999344,2448.698546575475,1778.654018585647
forecast_3008,2025-05-06 08:00:00,1585.4789854315736,2159.4184840183543,1736.9071462456404
forecast_3009,2025-05-06 09:00:00,1645.4837771717987,2099.3223004323777,1729.106370660469
forecast_3010,2025-05-06 10:00:00,1399.6581066188028,1844.352845153384,1584.2188328408918
forecast_3011,2025-05-06 11:00:00,1097.2107395850467,1532.7151700965155,1366.4325585466433
forecast_3012,2025-05-06 12:00:00,1191.7361389142984,1723.6340262007918,1543.5475330603026
forecast_3013,2025-05-06 13:00:00,1279.6293760537849,1882.147524788058,1682.4144957630706
forecast_3014,2025-05-06 14:00:00,1761.0769517520575,2388.4346344944297,2024.783299001996
forecast_3015,2025-05-06 15:00:00,1855.265457346314,2283.2914354234968,1901.4404963978036
forecast_3016,2025-05-06 16:00:00,1190.4656633158656,1815.8591078995328,1676.6390026797712
forecast_3017,2025-05-06 17:00:00,1414.2486424756985,2036.8132771492442,1841.3900112202505
forecast_3018,2025-05-06 18:00:00,1408.9699242414235,2124.638814845605,2012.1163584150765
forecast_3019,2025-05-06 19:00:00,1334.5110707660683,2217.30748230534,1984.817103104291
forecast_3020,2025-05-06 20:00:00,1096.513275991923,1817.7044844888237,1670.6427892902245
forecast_3021,2025-05-06 21:00:00,1426.780162711951,2148.040032636619,1722.3778680040657
forecast_3022,2025-05-06 22:00:00,1866.3670130117307,2335.8187770848012,1898.7045467249354
forecast_3023,2025-05-06 23:00:00,1982.1048997714968,2489.3705825257052,2036.4591850509225
forecast_3024,2025-05-07 00:00:00,2767.495507688238,3109.556396028521,2352.870373622718
forecast_3025,2025-05-07 01:00:00,2701.5315179187264,3296.5237459294704,2517.4412151812335
forecast_3026,2025-05-07 02:00:00,2619.2016514650168,3208.049946167075,2447.3160150345575
forecast_3027,2025-05-07 03:00:00,2776.4827040070713,3515.7297745276637,2632.646217026284
forecast_3028,2025-05-07 04:00:00,3235.5073959605093,3790.095874615273,2600.1208704970477
forecast_3029,2025-05-07 05:00:00,3959.0635832192957,4354.340569911589,2934.3048015137542
forecast_3030,2025-05-07 06:00:00,3827.33297248836,4344.57984088606,2982.525605340659
forecast_3031,2025-05-07 07:00:00,3697.0745690762456,3994.0673505368486,2795.057896250724
forecast_3032,2025-05-07 08:00:00,2840.3253315340553,3271.3660396767445,2453.948748694291
forecast_3033,2025-05-07 09:00:00,2163.797388065842,2527.919064635675,2056.3413905266834
forecast_3034,2025-05-07 10:00:00,2466.0674926824704,2473.53284844857,1975.1312191176225
forecast_3035,2025-05-07 11:00:00,2636.7888629491117,2559.5275781141636,2069.6110632330588
forecast_3036,2025-05-07 12:00:00,3086.5158557148716,3161.151505098685,2573.3972632035266
forecast_3037,2025-05-07 13:00:00,2298.9089450157717,2592.4109998417835,2286.7255825012703
forecast_3038,2025-05-07 14:00:00,2092.947463213138,2471.5955266230876,2082.5231455850458
forecast_3039,2025-05-07 15:00:00,1733.007527443332,2375.7287895314175,2229.466612445096
forecast_3040,2025-05-07 16:00:00,1412.493494233508,1994.7069536259219,1902.7363308115116
forecast_3041,2025-05-07 17:00:00,1418.6857606074723,1742.2946538361628,1547.7436911207583
forecast_3042,2025-05-07 18:00:00,1196.7657101184702,1713.4241123260304,1605.3951285686637
forecast_3043,2025-05-07 19:00:00,2036.419941410209,2313.3802135033793,1733.913256530448
forecast_3044,2025-05-07 20:00:00,2707.181545232972,3421.1568495701576,2706.095863447248
forecast_3045,2025-05-07 21:00:00,4420.869623789721,5085.0274140266065,3904.3184767051102
forecast_3046,2025-05-07 22:00:00,5467.75911001442,6141.545212676945,4694.0860772872375
forecast_3047,2025-05-07 23:00:00,6614.524597445046,6983.11147479053,5229.060032643164
forecast_3048,2025-05-08 00:00:00,6119.066323005242,6446.758545205952,4747.269748800795
forecast_3049,2025-05-08 01:00:00,4507.821525559906,4755.433973431329,3345.2028535470768
forecast_3050,2025-05-08 02:00:00,5550.965217582221,5697.267033953859,3931.7062502546496
forecast_3051,2025-05-08 03:00:00,7848.166676724336,7929.007789975443,5459.317956585066
forecast_3052,2025-05-08 04:00:00,10409.367954845708,10755.172268821474,7902.067640593601
forecast_3053,2025-05-08 05:00:00,10383.198290985118,11044.668031688836,8401.733335817593
forecast_3054,2025-05-08 06:00:00,8956.082179108096,8986.25530680422,6360.657742876005
forecast_3055,2025-05-08 07:00:00,5450.916668309284,5693.514670321554,3993.243138632652
forecast_3056,2025-05-08 08:00:00,4023.9758550722654,4239.258039392449,3016.978155681786
forecast_3057,2025-05-08 09:00:00,2396.3509843426864,3160.454870013548,2513.170309785909
forecast_3058,2025-05-08 10:00:00,1566.823649059328,2433.018645945256,2199.6712710220686
forecast_3059,2025-05-08 11:00:00,1435.2694129927845,2014.044784291872,1825.0816395104662
forecast_3060,2025-05-08 12:00:00,1175.6053649398891,1771.8882108521261,1703.0414292152502
forecast_3061,2025-05-08 13:00:00,1751.3519388187879,2676.813614238507,2538.9413424862605
forecast_3062,2025-05-08 14:00:00,3821.9251216376592,4082.628278506562,3300.831712316065
forecast_3063,2025-05-08 15:00:00,3196.851348277288,3840.971279763488,3397.9538154079937
forecast_3064,2025-05-08 16:00:00,3545.501158916507,4104.135518088303,3525.6334127883
forecast_3065,2025-05-08 17:00:00,3830.1416560471416,4682.023625976039,4168.996536782891
forecast_3066,2025-05-08 18:00:00,5457.385046868176,5869.4787038408995,4633.767491162716
forecast_3067,2025-05-08 19:00:00,6597.976249968016,6335.219661008025,4661.283916680699
forecast_3068,2025-05-08 20:00:00,5007.541572861982,5417.4955331981255,4143.69357391665
forecast_3069,2025-05-08 21:00:00,4416.078130840211,4986.476291004944,3860.4072440058367
forecast_3070,2025-05-08 22:00:00,4516.770287667239,4792.923013505984,3571.428470323795
forecast_3071,2025-05-08 23:00:00,3733.1036290047878,4349.073111967455,3307.112164863635
forecast_3072,2025-05-09 00:00:00,4632.415659095198,5229.358682142247,3830.3074843611857
forecast_3073,2025-05-09 01:00:00,9124.51738566314,9480.213071875392,7092.3012476548765
forecast_3074,2025-05-09 02:00:00,8427.531882438718,8723.135169656198,6459.733139111243
forecast_3075,2025-05-09 03:00:00,6323.418484265067,7012.614831167515,5063.369497615531
forecast_3076,2025-05-09 04:00:00,6858.921009128902,7533.9760317804285,5365.2311819972865
forecast_3077,2025-05-09 05:00:00,4808.689860175995,5462.022950248873,3904.5299988473134
forecast_3078,2025-05-09 06:00:00,3803.388583095799,4283.713689384406,3031.459593230958
forecast_3079,2025-05-09 07:00:00,3353.782271666389,4043.0719759561016,2831.6733433286936
forecast_3080,2025-05-09 08:00:00,2883.878562719683,3589.495190845215,2517.490475139609
forecast_3081,2025-05-09 09:00:00,2132.4813493896054,2778.947734544972,2237.3434307803636
forecast_3082,2025-05-09 10:00:00,2353.658013162996,3206.0559594900933,2461.037593981086
forecast_3083,2025-05-09 11:00:00,1880.9223970136147,2871.663346279267,2490.569734507562
forecast_3084,2025-05-09 12:00:00,4219.284884553852,5024.214339274891,3704.41380294737
forecast_3085,2025-05-09 13:00:00,6658.860606716819,7973.13005532088,6168.326405160357
forecast_3086,2025-05-09 14:00:00,11800.183767315031,12419.625323748147,10235.294941541919
forecast_3087,2025-05-09 15:00:00,12529.86289474159,13215.531884719003,11172.321359676982
forecast_3088,2025-05-09 16:00:00,12979.915853826464,13651.209544598922,11785.912321665599
forecast_3089,2025-05-09 17:00:00,14290.463153072546,15195.74816609927,13561.788035082227
forecast_3090,2025-05-09 18:00:00,12596.792510389174,13194.454990716822,11467.655064091246
forecast_3091,2025-05-09 19:00:00,8937.126949567162,9642.572921976103,8073.158892869015
forecast_3092,2025-05-09 20:00:00,5607.311212947833,5936.074241947823,4641.33352342917
forecast_3093,2025-05-09 21:00:00,2835.2391867820525,3708.5070459747913,3166.415339814905
forecast_3094,2025-05-09 22:00:00,1574.674001275521,2529.0182450210077,2229.8575817797755
forecast_3095,2025-05-09 23:00:00,4034.553063970324,5289.625983556239,4319.27663159716
forecast_3096,2025-05-10 00:00:00,8640.03683789212,10144.758410492417,8772.226593070265
forecast_3097,2025-05-10 01:00:00,14565.81518300312,15887.80374543988,15445.450792194326
forecast_3098,2025-05-10 02:00:00,15458.378070768209,16481.285037326998,15800.748337302168
forecast_3099,2025-05-10 03:00:00,16638.570367457876,17400.182596364768,16718.107764214248
forecast_3100,2025-05-10 04:00:00,16611.01118987841,17410.37651895988,16829.005394825635
forecast_3101,2025-05-10 05:00:00,16373.46638123286,17220.464515264877,16641.967578375432
forecast_3102,2025-05-10 06:00:00,17639.44366828994,17959.124292806366,17007.540373462754
forecast_3103,2025-05-10 07:00:00,18336.842295850453,18474.371383761725,17040.44746700748
forecast_3104,2025-05-10 08:00:00,18974.935627213716,19088.427565425936,18092.707377213173
forecast_3105,2025-05-10 09:00:00,19038.53759643618,19189.76212574394,18261.18928162816
forecast_3106,2025-05-10 10:00:00,19047.6717898464,19287.125201020375,18443.923160974686
forecast_3107,2025-05-10 11:00:00,18910.686658957617,19256.07819688583,18423.28424467878
forecast_3108,2025-05-10 12:00:00,18969.371376579336,19204.772731703277,18357.99802366453
forecast_3109,2025-05-10 13:00:00,18559.64165712626,18859.239309831166,18031.67918022749
forecast_3110,2025-05-10 14:00:00,18469.793386409525,18614.98548430409,17512.85136092445
forecast_3111,2025-05-10 15:00:00,18224.625241818256,18461.97127644702,17485.54232952463
forecast_3112,2025-05-10 16:00:00,17036.893893529996,17225.053658262314,16126.303986936942
forecast_3113,2025-05-10 17:00:00,16369.382827425756,16637.88868147408,15604.065746410686
forecast_3114,2025-05-10 18:00:00,15332.44377789344,15857.653687677634,14841.290712889779
forecast_3115,2025-05-10 19:00:00,11851.578472954392,11928.516574009034,10334.078989660537
forecast_3116,2025-05-10 20:00:00,11786.140705072057,12142.816221366505,10363.459965838318
forecast_3117,2025-05-10 21:00:00,9987.23090432267,9835.20487425226,8142.236316444828
forecast_3118,2025-05-10 22:00:00,10841.167400895436,11162.908333404303,9156.52118557926
forecast_3119,2025-05-10 23:00:00,10650.38037662408,11144.079148296621,9232.791860153884
forecast_3120,2025-05-11 00:00:00,8612.647973292542,9024.169418236572,7207.65212308591
forecast_3121,2025-05-11 01:00:00,9578.99986784489,9665.34619862225,7646.568851170275
forecast_3122,2025-05-11 02:00:00,9251.620591157254,9235.546304212936,7238.044310550833
forecast_3123,2025-05-11 03:00:00,8182.192674295843,8394.143106830305,6506.725303158607
forecast_3124,2025-05-11 04:00:00,7732.336453501949,7817.398115666497,5958.517708199249
forecast_3125,2025-05-11 05:00:00,7743.750376289526,7853.132401019126,5703.104051159026
forecast_3126,2025-05-11 06:00:00,6248.590599528992,6618.458675456888,4890.35133118429
forecast_3127,2025-05-11 07:00:00,4817.983877504364,5107.137252110579,3718.459492221935
forecast_3128,2025-05-11 08:00:00,3790.7215061446777,4071.0774280537894,2985.2409779574746
forecast_3129,2025-05-11 09:00:00,2671.1764728227226,3000.4032853869085,2364.043413470133
forecast_3130,2025-05-11 10:00:00,1736.8556299673212,2018.4225413129498,1685.9266602206965
forecast_3131,2025-05-11 11:00:00,1539.8249652997226,1831.9175808857133,1616.8561002382478
forecast_3132,2025-05-11 12:00:00,1078.1966679226182,1741.6775202511815,1660.5156716866293
forecast_3133,2025-05-11 13:00:00,1308.4452973516647,1909.001386690284,1780.9777955457207
forecast_3134,2025-05-11 14:00:00,2822.20266486078,3401.747969654543,2962.1614556513036
forecast_3135,2025-05-11 15:00:00,3715.351576935824,4047.331853076129,3282.6316834168083
forecast_3136,2025-05-11 16:00:00,4075.1339979954255,3984.9875398720487,3091.175737697521
forecast_3137,2025-05-11 17:00:00,4152.755524282233,4531.759075238658,3698.8362946701636
forecast_3138,2025-05-11 18:00:00,4242.306124528791,5031.107637452173,4287.520233372612
forecast_3139,2025-05-11 19:00:00,5156.849779515454,5392.448325094585,4052.65957342555
forecast_3140,2025-05-11 20:00:00,6911.134518964633,6941.2065150842955,5332.430268175987
forecast_3141,2025-05-11 21:00:00,10488.712844181267,11497.0108687826,9808.011687497268
forecast_3142,2025-05-11 22:00:00,12880.657661819283,12710.683653554266,10316.777203230076
forecast_3143,2025-05-11 23:00:00,14437.386639467099,14210.23431887796,11675.943551731452
forecast_3144,2025-05-12 00:00:00,15672.266605666477,15996.434283899085,13769.930624114837
forecast_3145,2025-05-12 01:00:00,14493.714363932842,14846.987729353823,12338.294800662632
forecast_3146,2025-05-12 02:00:00,15039.091879222347,15380.504352044449,12914.903705520737
forecast_3147,2025-05-12 03:00:00,15761.699597895251,16435.286581627097,14419.504359516157
forecast_3148,2025-05-12 04:00:00,17661.15666242758,18263.032961111334,16795.909188039943
forecast_3149,2025-05-12 05:00:00,17759.602536320996,18339.977628105455,17024.679792501
forecast_3150,2025-05-12 06:00:00,16152.865402264086,17029.68028297588,15607.752010796186
forecast_3151,2025-05-12 07:00:00,14962.26740151068,16053.63359462822,14550.677234399427
forecast_3152,2025-05-12 08:00:00,13243.84548127522,14212.742261348923,12474.969226611338
forecast_3153,2025-05-12 09:00:00,11264.15198908772,12011.89185632905,10279.504275158462
forecast_3154,2025-05-12 10:00:00,9404.025057034174,9609.029542229708,7868.827282799733
forecast_3155,2025-05-12 11:00:00,8440.403483878275,8628.710380478811,7146.79627963552
forecast_3156,2025-05-12 12:00:00,8454.333042905131,8480.567995148911,6987.761345777433
forecast_3157,2025-05-12 13:00:00,8207.329032641985,8006.650921286987,6535.724154343416
forecast_3158,2025-05-12 14:00:00,7112.557309072639,6984.1496530824825,5665.177211832656
forecast_3159,2025-05-12 15:00:00,6850.752396081904,6552.497450967079,5221.729989166692
forecast_3160,2025-05-12 16:00:00,7046.1134564209815,6866.023508875074,5544.798834975299
forecast_3161,2025-05-12 17:00:00,7728.176334465731,7727.370774542589,6372.858476153968
forecast_3162,2025-05-12 18:00:00,8851.975989657582,8993.876750960255,7542.099111700742
forecast_3163,2025-05-12 19:00:00,12245.183924948396,11902.139367684358,9652.454475474688
forecast_3164,2025-05-12 20:00:00,14051.804590033857,14178.951851103186,12151.749804902049
forecast_3165,2025-05-12 21:00:00,16494.49556737772,16662.870205553405,14806.123035397473
forecast_3166,2025-05-12 22:00:00,17549.983268306067,17935.077309689776,16558.532091527988
forecast_3167,2025-05-12 23:00:00,18478.143197361525,18837.153450115788,17743.03152257308
forecast_3168,2025-05-13 00:00:00,19602.579223731766,19716.707918721793,18717.381413807612
forecast_3169,2025-05-13 01:00:00,20634.411443611185,20464.88454413497,19497.58804623365
forecast_3170,2025-05-13 02:00:00,20590.53874688106,20503.67096754723,19676.155243475197
forecast_3171,2025-05-13 03:00:00,20541.95812231354,20415.091016495113,19521.619129714352
forecast_3172,2025-05-13 04:00:00,19526.884041557867,19790.814036791253,19039.302869880103
forecast_3173,2025-05-13 05:00:00,19773.23752399707,19929.898963862506,19178.21174159354
forecast_3174,2025-05-13 06:00:00,19318.870860406576,19645.6548496152,18950.814187253407
forecast_3175,2025-05-13 07:00:00,18516.65238234119,19024.088976478753,18215.16794199565
forecast_3176,2025-05-13 08:00:00,17122.999822157173,17660.30960245831,16719.26543866096
forecast_3177,2025-05-13 09:00:00,16437.862818018533,17069.549976928683,16165.860508710968
forecast_3178,2025-05-13 10:00:00,16198.908768939704,16693.172164133022,15753.292525035402
forecast_3179,2025-05-13 11:00:00,15479.037538669781,15878.165471474033,14597.280878668822
forecast_3180,2025-05-13 12:00:00,15118.936004362802,15546.873018079987,14403.679058647398
forecast_3181,2025-05-13 13:00:00,14564.386887152326,15031.013690858385,13977.335086314772
forecast_3182,2025-05-13 14:00:00,14515.771502759244,14713.11927799404,13462.914889548252
forecast_3183,2025-05-13 15:00:00,14117.977764589265,14420.243622803695,13245.303592702043
forecast_3184,2025-05-13 16:00:00,13718.486662963427,14064.737076864025,12963.459858341046
forecast_3185,2025-05-13 17:00:00,13451.291619422469,14215.175514082199,13394.7796337316
forecast_3186,2025-05-13 18:00:00,13734.985120130472,14321.781287403235,13193.06191455175
forecast_3187,2025-05-13 19:00:00,15632.750775251416,16153.760603886334,14981.576018551506
forecast_3188,2025-05-13 20:00:00,17439.124961376594,18097.927993635494,17337.679622655116
forecast_3189,2025-05-13 21:00:00,18498.61397005473,18634.49251451609,17510.092868065174
forecast_3190,2025-05-13 22:00:00,19134.13859402607,19466.601673363108,18674.0802642305
forecast_3191,2025-05-13 23:00:00,19411.081441088794,19651.73597728795,18812.157106574217
forecast_3192,2025-05-14 00:00:00,19887.95198668228,19902.792262859584,18894.262963251866
forecast_3193,2025-05-14 01:00:00,19796.567217779284,19937.91871802658,19104.93065886003
forecast_3194,2025-05-14 02:00:00,19977.62663954202,19969.95193376104,18989.61947740291
forecast_3195,2025-05-14 03:00:00,19893.390633538034,19893.839298107127,18880.497040741582
forecast_3196,2025-05-14 04:00:00,20071.95232008685,19969.32753305466,18808.434100973427
forecast_3197,2025-05-14 05:00:00,20210.182480077077,19984.800296908303,18615.650850125934
forecast_3198,2025-05-14 06:00:00,19313.257907865387,19247.90335758346,17721.40101496493
forecast_3199,2025-05-14 07:00:00,16456.04612012277,16595.20754960235,14377.6903733886
forecast_3200,2025-05-14 08:00:00,12412.522451522107,13258.295822704138,11302.33744609623
forecast_3201,2025-05-14 09:00:00,10048.77308110857,10601.747471520943,8617.024924526413
forecast_3202,2025-05-14 10:00:00,7849.3555964065445,8108.1659223905135,6415.561342727831
forecast_3203,2025-05-14 11:00:00,6144.85699048583,6250.197347147159,4917.994129588114
forecast_3204,2025-05-14 12:00:00,5109.7439017450615,5292.514186677623,4137.7693799089275
forecast_3205,2025-05-14 13:00:00,6727.510442591201,6171.4961449432085,4578.881137898016
forecast_3206,2025-05-14 14:00:00,6930.1775201782375,6363.996790580265,4875.0641544705295
forecast_3207,2025-05-14 15:00:00,6183.295377417505,5942.026534136872,4696.373194504865
forecast_3208,2025-05-14 16:00:00,5988.099771242327,6073.229132387358,5043.031412014073
forecast_3209,2025-05-14 17:00:00,5638.778557042552,5990.152255033802,5026.571257759424
forecast_3210,2025-05-14 18:00:00,5849.363757276035,5786.950666182236,4442.907505945745
forecast_3211,2025-05-14 19:00:00,7284.272475466689,7194.963976393807,5504.413967652527
forecast_3212,2025-05-14 20:00:00,7209.854404893714,7446.664506708721,5881.948600053544
forecast_3213,2025-05-14 21:00:00,7560.175273109835,8237.642539718481,6485.412916313886
forecast_3214,2025-05-14 22:00:00,8727.454105347359,9171.715047721867,7196.4689732158895
forecast_3215,2025-05-14 23:00:00,8077.581060703603,8442.473138197289,6532.810814094665
forecast_3216,2025-05-15 00:00:00,8850.284022230215,9164.172381294766,7026.218617956418
forecast_3217,2025-05-15 01:00:00,13452.824256692727,13863.013614499232,11579.0487339243
forecast_3218,2025-05-15 02:00:00,13911.500374774252,14328.629479271178,12146.071045667599
forecast_3219,2025-05-15 03:00:00,12443.344327384797,13148.979643315059,11025.948534609328
forecast_3220,2025-05-15 04:00:00,14609.680136900855,15650.093374126545,13974.439989605795
forecast_3221,2025-05-15 05:00:00,15968.553569232748,17183.472728254335,16028.749354473852
forecast_3222,2025-05-15 06:00:00,16512.7139832306,17589.280733016447,16737.125763385742
forecast_3223,2025-05-15 07:00:00,17899.39644841275,18526.303218187615,17634.607712421017
forecast_3224,2025-05-15 08:00:00,18191.93879324442,18862.976076564166,18040.561427158726
forecast_3225,2025-05-15 09:00:00,17509.22319127585,18244.181231686118,17540.370690550604
forecast_3226,2025-05-15 10:00:00,16722.025047972707,17426.360766387992,16690.70433033204
forecast_3227,2025-05-15 11:00:00,15018.108210810957,15823.853030532551,14861.350570602093
forecast_3228,2025-05-15 12:00:00,14730.479092935551,15501.320656921911,14385.818004746689
forecast_3229,2025-05-15 13:00:00,16839.162652731153,17375.562137658082,16516.24798504964
forecast_3230,2025-05-15 14:00:00,18150.3082926788,18535.20962838067,17859.750112416634
forecast_3231,2025-05-15 15:00:00,18150.067892856052,18538.968230445356,18059.911942468174
forecast_3232,2025-05-15 16:00:00,17432.268833772585,18032.097847537596,17602.703905115566
forecast_3233,2025-05-15 17:00:00,16944.272767730665,17586.206687886868,17113.730539347816
forecast_3234,2025-05-15 18:00:00,17573.346590486486,18087.75148159565,17483.548769930483
forecast_3235,2025-05-15 19:00:00,17954.105513692968,18313.619143721928,17694.331685410183
forecast_3236,2025-05-15 20:00:00,17526.061835709028,17959.746843907065,17309.78036576752
forecast_3237,2025-05-15 21:00:00,17276.636542875283,17646.692137848615,16850.224988907597
forecast_3238,2025-05-15 22:00:00,18127.736648541293,18622.46292906754,18058.571630241782
forecast_3239,2025-05-15 23:00:00,17064.092295030623,17611.629713016504,16831.362325745573
forecast_3240,2025-05-16 00:00:00,16670.30017436404,17137.16360050384,16058.51405575595
forecast_3241,2025-05-16 01:00:00,17513.180755552195,18074.466946678895,17444.293431661958
forecast_3242,2025-05-16 02:00:00,17951.51966425349,18330.294587973076,17568.81151124138
forecast_3243,2025-05-16 03:00:00,17861.777386792965,18321.81135287785,17713.32846521108
forecast_3244,2025-05-16 04:00:00,18287.752113326263,18619.788667877645,17972.00521519283
forecast_3245,2025-05-16 05:00:00,17923.69319884653,18371.056074442153,17578.644593580557
forecast_3246,2025-05-16 06:00:00,17457.22900355271,17921.93475370742,17026.567619712605
forecast_3247,2025-05-16 07:00:00,16336.871974564228,16984.64304345862,15955.721971554647
forecast_3248,2025-05-16 08:00:00,15371.887450172268,16098.903410061108,14901.291038657779
forecast_3249,2025-05-16 09:00:00,13763.024639252002,14608.058872309317,13307.309216192923
forecast_3250,2025-05-16 10:00:00,13838.93726032333,14487.293771013563,13022.916769865056
forecast_3251,2025-05-16 11:00:00,11564.883357215018,12125.969074591943,10528.005239284406
forecast_3252,2025-05-16 12:00:00,11113.801342074594,11345.27135500409,9478.926315674147
forecast_3253,2025-05-16 13:00:00,9060.840156072023,9092.370136442249,7359.515220757713
forecast_3254,2025-05-16 14:00:00,8069.837905519276,7748.5862346589365,5980.348815488673
forecast_3255,2025-05-16 15:00:00,5432.1251827992,5630.783636704513,4440.814187148876
forecast_3256,2025-05-16 16:00:00,6243.0224590633525,6479.181451362113,4975.925561159986
forecast_3257,2025-05-16 17:00:00,6841.045729435124,7041.637160257293,5533.075142945937
forecast_3258,2025-05-16 18:00:00,5388.928342160517,5711.239122643866,4496.314091144044
forecast_3259,2025-05-16 19:00:00,5784.235773105933,5856.897361715453,4434.506326910247
forecast_3260,2025-05-16 20:00:00,5864.634109786914,5930.63057095011,4588.472936222577
forecast_3261,2025-05-16 21:00:00,5282.053814566823,6453.695460105577,5420.887921739426
forecast_3262,2025-05-16 22:00:00,3629.7183902856254,4385.466399419647,3674.043853306813
forecast_3263,2025-05-16 23:00:00,6295.965955155357,7093.819928397486,5669.338364463579
forecast_3264,2025-05-17 00:00:00,4186.2130350159905,4973.490714505608,4068.5168087730185
forecast_3265,2025-05-17 01:00:00,3024.8126741959613,3644.2512703917055,2989.575450391758
forecast_3266,2025-05-17 02:00:00,3669.704622945815,4525.191996569688,3728.9134992999125
forecast_3267,2025-05-17 03:00:00,4202.274419265917,5007.126652314444,4323.630897741395
forecast_3268,2025-05-17 04:00:00,4453.6409150663,5077.39706697308,4165.461348341101
forecast_3269,2025-05-17 05:00:00,3609.0811517725856,4545.380689399109,3604.32841831237
forecast_3270,2025-05-17 06:00:00,2604.090547275283,3316.620520538623,2690.2415933182256
forecast_3271,2025-05-17 07:00:00,1776.2401126875757,2586.207171410704,2302.616514672417
forecast_3272,2025-05-17 08:00:00,2601.693297465051,3118.4970003475605,2534.369412983391
forecast_3273,2025-05-17 09:00:00,3115.4664310968374,3447.6247412103867,2765.8722345028004
forecast_3274,2025-05-17 10:00:00,3646.0274097959655,4135.548835406036,3376.080412417031
forecast_3275,2025-05-17 11:00:00,4321.295612486489,4741.759753199396,3886.0906472037186
forecast_3276,2025-05-17 12:00:00,6639.9202709265355,6707.068760369273,5388.624230248307
forecast_3277,2025-05-17 13:00:00,9408.421003585892,9558.746215462583,8141.51208183987
forecast_3278,2025-05-17 14:00:00,11510.534294036132,11763.203724645215,10390.148619073327
forecast_3279,2025-05-17 15:00:00,13346.182461131224,13703.61859594703,12649.877340960853
forecast_3280,2025-05-17 16:00:00,13659.734411561318,14167.603822992613,13336.189255662415
forecast_3281,2025-05-17 17:00:00,15595.748981299992,16094.587540750897,15414.111090608345
forecast_3282,2025-05-17 18:00:00,17231.73332938167,17728.432571557736,17188.126070465267
forecast_3283,2025-05-17 19:00:00,18709.083898650802,19161.00746967222,18785.936349208212
forecast_3284,2025-05-17 20:00:00,19175.54890637303,19640.184420001715,19339.94843001084
forecast_3285,2025-05-17 21:00:00,19837.716279828786,20166.71279668882,19835.62740621666
forecast_3286,2025-05-17 22:00:00,19780.815653497433,19933.132069234824,19444.630807992828
forecast_3287,2025-05-17 23:00:00,19712.152560023795,19936.624369891953,19429.75078531534
forecast_3288,2025-05-18 00:00:00,19031.548438068116,19488.599125520162,19097.07456555814
forecast_3289,2025-05-18 01:00:00,19108.583009401307,19350.28084872212,18812.4280924186
forecast_3290,2025-05-18 02:00:00,18600.80693159783,18871.457354647915,18215.95215613348
forecast_3291,2025-05-18 03:00:00,16592.0151319028,17028.575960473434,16011.46844369745
forecast_3292,2025-05-18 04:00:00,14651.102498636197,15170.19939659506,13725.899304003307
forecast_3293,2025-05-18 05:00:00,16488.842666557426,16771.34519331797,15048.262966177715
forecast_3294,2025-05-18 06:00:00,11875.090339877674,12286.496791175538,10018.225685866595
forecast_3295,2025-05-18 07:00:00,4465.360336908131,4955.959661911248,3852.475434282014
forecast_3296,2025-05-18 08:00:00,2081.6050720152343,2640.9749485594893,2187.7439854990134
forecast_3297,2025-05-18 09:00:00,1046.8984240026161,1481.7132766664922,1372.0076360935784
forecast_3298,2025-05-18 10:00:00,1008.5818283408043,1444.8924404222212,1364.5242550787746
forecast_3299,2025-05-18 11:00:00,1169.8476076780794,1688.4234874081744,1588.6132980459674
forecast_3300,2025-05-18 12:00:00,2343.5751719519385,2523.0496091078044,2049.221037407326
forecast_3301,2025-05-18 13:00:00,3496.4055638013233,3752.02867001472,3127.4155934704904
forecast_3302,2025-05-18 14:00:00,5531.759445680649,5594.151317729471,4624.973982783756
forecast_3303,2025-05-18 15:00:00,6160.908442409695,6036.102431762376,4891.442413433734
forecast_3304,2025-05-18 16:00:00,6798.959049306389,6884.2872788339,5737.515149841725
forecast_3305,2025-05-18 17:00:00,8081.337056087853,8295.832871738252,7028.909524094291
forecast_3306,2025-05-18 18:00:00,8924.149861273369,9105.715345259023,7711.645240059147
forecast_3307,2025-05-18 19:00:00,11304.257194230886,11488.680890814692,9701.294674449064
forecast_3308,2025-05-18 20:00:00,14680.661042379146,14981.09821099365,13329.02785844534
forecast_3309,2025-05-18 21:00:00,15437.43042616219,15813.68319840091,14115.416690313055
forecast_3310,2025-05-18 22:00:00,16122.153895041562,16088.153875441716,13969.069972255551
forecast_3311,2025-05-18 23:00:00,16882.265200283255,17500.527419455477,16057.934993973247
forecast_3312,2025-05-19 00:00:00,16638.561264916243,16959.972541222345,15246.452141092836
forecast_3313,2025-05-19 01:00:00,12908.224600228403,13744.55765358256,11571.75254851748
forecast_3314,2025-05-19 02:00:00,12039.434960006936,13084.499525086398,10899.23274999955
forecast_3315,2025-05-19 03:00:00,11755.271986415226,13142.778549773957,11111.579782689623
forecast_3316,2025-05-19 04:00:00,11850.141766907986,13055.84192507968,10783.617033335544
forecast_3317,2025-05-19 05:00:00,11397.901409878672,13083.881229854316,11060.518031860593
forecast_3318,2025-05-19 06:00:00,11933.92281137348,13851.767448022185,12099.364465211702
forecast_3319,2025-05-19 07:00:00,12161.07906715444,13860.659888789902,12233.544755089728
forecast_3320,2025-05-19 08:00:00,13154.904559681414,14625.854952263526,13262.875146908029
forecast_3321,2025-05-19 09:00:00,13568.985195001611,14723.58671262617,13462.917763245983
forecast_3322,2025-05-19 10:00:00,15003.264642850738,15788.633263506916,14648.770724821443
forecast_3323,2025-05-19 11:00:00,15657.15297276531,16233.30930437502,15227.169534510329
forecast_3324,2025-05-19 12:00:00,16483.157658122473,16808.42364946677,15862.928398752245
forecast_3325,2025-05-19 13:00:00,17113.24171563313,17415.192844224566,16607.563403709595
forecast_3326,2025-05-19 14:00:00,17159.057453237572,17509.35511309103,16777.83776067356
forecast_3327,2025-05-19 15:00:00,17744.451102436116,18280.614541404102,17697.024496475657
forecast_3328,2025-05-19 16:00:00,18156.463899069466,18633.088780107937,17893.85951472064
forecast_3329,2025-05-19 17:00:00,18268.990057417504,18865.24639920606,18198.893520964033
forecast_3330,2025-05-19 18:00:00,18461.534461686344,19042.00444258611,18523.234202898948
forecast_3331,2025-05-19 19:00:00,18568.625706661944,18985.386963372977,18416.059176680053
forecast_3332,2025-05-19 20:00:00,18403.617069917684,18787.70288983183,18190.055159757692
forecast_3333,2025-05-19 21:00:00,18772.993683316097,19096.090020306332,18549.657359731245
forecast_3334,2025-05-19 22:00:00,18785.613179994027,19033.081750650956,18477.284414009402
forecast_3335,2025-05-19 23:00:00,18429.90661472702,18644.633080588617,17925.95985711954
forecast_3336,2025-05-20 00:00:00,18148.08752995079,18531.446614463122,17969.114730590856
forecast_3337,2025-05-20 01:00:00,18071.391714889018,18308.39837606116,17728.271316957787
forecast_3338,2025-05-20 02:00:00,18401.02940554954,18602.808069215967,17937.002762356886
forecast_3339,2025-05-20 03:00:00,17939.030112784814,18163.194573707144,17398.071314578876
forecast_3340,2025-05-20 04:00:00,18080.567238689582,18330.71413836188,17632.577412366372
forecast_3341,2025-05-20 05:00:00,18633.501054298322,18822.573609352166,18133.327742296646
forecast_3342,2025-05-20 06:00:00,18424.690237925264,18675.991442167295,17994.600611397796
forecast_3343,2025-05-20 07:00:00,18476.085716447877,18739.205124886623,17991.173070223074
forecast_3344,2025-05-20 08:00:00,18665.429864003723,19035.50258030335,18328.361866098003
forecast_3345,2025-05-20 09:00:00,17965.601896010365,18475.905360578407,17823.16804791281
forecast_3346,2025-05-20 10:00:00,17002.314636173898,17660.59164425223,16950.999936621134
forecast_3347,2025-05-20 11:00:00,15407.070147382297,15948.75283611858,14887.373245440966
forecast_3348,2025-05-20 12:00:00,13990.34148471822,14643.800728923055,13633.992622525262
forecast_3349,2025-05-20 13:00:00,14597.729791151285,14997.668261854189,13988.832602676335
forecast_3350,2025-05-20 14:00:00,15494.385439154197,15754.074620534437,14778.013462339657
forecast_3351,2025-05-20 15:00:00,15778.869993066704,16206.676745387787,15508.402092735132
forecast_3352,2025-05-20 16:00:00,16354.905638294653,16889.223902733276,16320.789772927339
forecast_3353,2025-05-20 17:00:00,17079.067510833112,17693.064274592514,17282.194118290055
forecast_3354,2025-05-20 18:00:00,16968.74047279222,17494.028132771626,16866.954163420553
forecast_3355,2025-05-20 19:00:00,17929.0585474077,18511.806537760654,18067.825257395125
forecast_3356,2025-05-20 20:00:00,19018.30399969905,19446.283031513703,19212.118181355003
forecast_3357,2025-05-20 21:00:00,19901.359434550042,20021.3518973435,19648.757125130658
forecast_3358,2025-05-20 22:00:00,19545.559066098976,19811.416273215968,19540.615070262502
forecast_3359,2025-05-20 23:00:00,19545.460289542418,19903.208577810525,19760.278166725537
forecast_3360,2025-05-21 00:00:00,19990.734224314823,20195.00346631928,19944.038321663676
forecast_3361,2025-05-21 01:00:00,18585.020146566338,18757.16432914159,17992.481554527436
forecast_3362,2025-05-21 02:00:00,18618.67049129036,18819.78780061489,17962.547475438223
forecast_3363,2025-05-21 03:00:00,18448.81770920736,18747.402264287088,17929.365335090904
forecast_3364,2025-05-21 04:00:00,17471.702958116693,18105.25518314945,17422.391009319137
forecast_3365,2025-05-21 05:00:00,17711.17339134659,18438.39996824068,17889.908828155792
forecast_3366,2025-05-21 06:00:00,13551.92601918298,14867.164317317893,14222.58036265252
forecast_3367,2025-05-21 07:00:00,6212.722211101584,6561.9816260572225,5271.7926136134
forecast_3368,2025-05-21 08:00:00,4881.801721660147,5797.130771958808,4855.0292157911435
forecast_3369,2025-05-21 09:00:00,3425.400252586486,4040.1939839394117,3228.895546434689
forecast_3370,2025-05-21 10:00:00,3372.376736667738,3991.06118209431,3379.905817578023
forecast_3371,2025-05-21 11:00:00,2402.425748024781,3014.224088312582,2662.9431532113545
forecast_3372,2025-05-21 12:00:00,2183.431909095229,3154.2739781659084,2879.4843618799887
forecast_3373,2025-05-21 13:00:00,2959.120511364283,3813.088288719986,3333.0361065401316
forecast_3374,2025-05-21 14:00:00,3065.36070569023,3923.8346234449855,3410.72804121402
forecast_3375,2025-05-21 15:00:00,3060.7113480333537,3508.6141719038524,2991.728407788516
forecast_3376,2025-05-21 16:00:00,1866.1909342263752,2530.7562430564003,2341.700851687352
forecast_3377,2025-05-21 17:00:00,1737.5964229936649,2249.176551007694,2118.472741642382
forecast_3378,2025-05-21 18:00:00,1663.5325377465435,2558.3101289412516,2461.7371217952586
forecast_3379,2025-05-21 19:00:00,1325.9761206468083,2274.514918423985,2176.873112834505
forecast_3380,2025-05-21 20:00:00,1673.1069701360295,2509.2738034736076,2231.026634488889
forecast_3381,2025-05-21 21:00:00,1874.1929718757124,2924.056891518654,2577.7986557995328
forecast_3382,2025-05-21 22:00:00,2611.622314645143,2922.781761853615,2450.866177164399
forecast_3383,2025-05-21 23:00:00,1861.2883258909242,2391.125454457517,2230.6836099722013
forecast_3384,2025-05-22 00:00:00,2079.479988774419,3088.1774231191757,2986.9071533158476
forecast_3385,2025-05-22 01:00:00,3019.212265772164,4163.753264787129,3738.2442968447385
forecast_3386,2025-05-22 02:00:00,2054.2977934899377,3208.246523768297,2953.3791009880465
forecast_3387,2025-05-22 03:00:00,3165.392105216433,4262.118808870204,3609.4373110220376
forecast_3388,2025-05-22 04:00:00,2476.2012503080286,3632.2033250172226,3153.5017682394623
forecast_3389,2025-05-22 05:00:00,2604.6861839845324,3733.777592638869,3268.522819277912
forecast_3390,2025-05-22 06:00:00,2749.1979318195063,3646.400579844202,3184.0251219086585
forecast_3391,2025-05-22 07:00:00,2839.8762725251045,3803.376652403053,3237.5112658503963
forecast_3392,2025-05-22 08:00:00,3127.6323182707247,4111.085361534242,3330.640354728632
forecast_3393,2025-05-22 09:00:00,4307.734429100014,4766.9911251893645,3542.4514109965617
forecast_3394,2025-05-22 10:00:00,4376.329761452751,4810.554527865017,3515.1267879105626
forecast_3395,2025-05-22 11:00:00,3583.9139805505242,3999.357840128336,2898.3496934324644
forecast_3396,2025-05-22 12:00:00,3457.6569759627478,3805.6828583096344,2791.6853770316275
forecast_3397,2025-05-22 13:00:00,2876.9358186050595,3423.809475194227,2576.7988730074408
forecast_3398,2025-05-22 14:00:00,2787.1897622971414,3039.8852999459596,2345.0080847361623
forecast_3399,2025-05-22 15:00:00,2062.016213784726,2446.8787521360164,2021.9981186900468
forecast_3400,2025-05-22 16:00:00,1718.2419742211455,2097.5499587509107,1818.5247668472546
forecast_3401,2025-05-22 17:00:00,1340.7718632554443,1875.4824080461512,1758.6183917933013
forecast_3402,2025-05-22 18:00:00,1200.417752882766,1939.3376633798644,1889.4297930998941
forecast_3403,2025-05-22 19:00:00,1509.103212895856,2188.269341123788,2006.058096892382
forecast_3404,2025-05-22 20:00:00,1799.3671284732204,2687.3699462955574,2260.05168654717
forecast_3405,2025-05-22 21:00:00,2226.3092317174924,3031.24267973788,2406.4288880428912
forecast_3406,2025-05-22 22:00:00,2373.544892352581,3116.9972916486813,2443.0897532262984
forecast_3407,2025-05-22 23:00:00,2510.9063150126967,3299.5675880117924,2575.8812851117505
forecast_3408,2025-05-23 00:00:00,2414.6433796218353,3083.4939017673755,2349.869494744023
forecast_3409,2025-05-23 01:00:00,3348.9764026627995,3906.8053718069013,2897.153910903768
forecast_3410,2025-05-23 02:00:00,2900.2165162314104,3477.580107004139,2591.9656172143445
forecast_3411,2025-05-23 03:00:00,2633.0751304090218,3203.2448558328483,2370.9759635417427
forecast_3412,2025-05-23 04:00:00,3846.373683100196,4345.047443203315,3077.481075768439
forecast_3413,2025-05-23 05:00:00,3279.3147232094016,3765.470010758684,2640.6935882788675
forecast_3414,2025-05-23 06:00:00,2597.022371576876,3000.4444178532626,2110.0427090364446
forecast_3415,2025-05-23 07:00:00,2886.369522578661,3230.5731060594767,2233.108519855749
forecast_3416,2025-05-23 08:00:00,3092.3666058149456,3518.2071634531576,2472.5123243943676
forecast_3417,2025-05-23 09:00:00,2627.997422741968,3168.4117426687694,2331.669755035901
forecast_3418,2025-05-23 10:00:00,2787.842876550354,3068.779197381943,2338.8201011693995
forecast_3419,2025-05-23 11:00:00,3132.887149530964,3324.1310603839966,2584.7715930776685
forecast_3420,2025-05-23 12:00:00,2462.3653180350657,2881.169419649562,2365.7422947556115
forecast_3421,2025-05-23 13:00:00,2296.1815235466784,2729.697161669807,2269.030582257837
forecast_3422,2025-05-23 14:00:00,2020.3335509799656,2526.8245685805978,2190.936161290113
forecast_3423,2025-05-23 15:00:00,1964.745096470875,2467.8962684077187,2142.0064174960025
forecast_3424,2025-05-23 16:00:00,1596.1713809946827,2230.0243827810405,2026.347485795361
forecast_3425,2025-05-23 17:00:00,1792.3766338204684,2613.378807994435,2328.6916585156873
forecast_3426,2025-05-23 18:00:00,3374.371759504374,3962.9553988162816,3172.0540777598944
forecast_3427,2025-05-23 19:00:00,2656.540086433965,3243.097561252324,2719.859864419254
forecast_3428,2025-05-23 20:00:00,3361.0459860321284,4191.766377404101,3253.6662703408433
forecast_3429,2025-05-23 21:00:00,4294.624189132026,5066.270224733988,3842.9881416742446
forecast_3430,2025-05-23 22:00:00,4358.4854639164605,4900.036977186136,3626.1525690579933
forecast_3431,2025-05-23 23:00:00,3364.838338103152,3847.5362036933866,2900.5282271774986
forecast_3432,2025-05-24 00:00:00,2934.0753783950436,3392.2498092742762,2489.6608331412012
forecast_3433,2025-05-24 01:00:00,4461.995092288526,4723.30403301339,3274.2138843234525
forecast_3434,2025-05-24 02:00:00,4234.469202976881,4425.732652407238,3116.2596228543907
forecast_3435,2025-05-24 03:00:00,4371.431534398887,4641.730373792757,3346.0135341036116
forecast_3436,2025-05-24 04:00:00,4965.685743478036,5080.719685467677,3612.4397026210067
forecast_3437,2025-05-24 05:00:00,5020.75444953799,5267.35668213224,3752.7027820297276
forecast_3438,2025-05-24 06:00:00,5149.738548700691,5756.675728564935,4095.1530364642035
forecast_3439,2025-05-24 07:00:00,4724.684917844521,5280.309483837918,3761.4199547190938
forecast_3440,2025-05-24 08:00:00,4916.176075663361,5491.110182700748,3919.755888628022
forecast_3441,2025-05-24 09:00:00,4379.366632889569,4862.881700696088,3516.148155737918
forecast_3442,2025-05-24 10:00:00,4114.984319142337,4653.40425430128,3418.5643071017566
forecast_3443,2025-05-24 11:00:00,3400.872887701956,3916.3591478128874,2988.407996371934
forecast_3444,2025-05-24 12:00:00,3383.312743050137,3983.914401862293,2962.4940687944804
forecast_3445,2025-05-24 13:00:00,3724.313127965259,4386.859521211032,3246.4149484162626
forecast_3446,2025-05-24 14:00:00,3753.502570027294,4254.974506004347,3177.780085121179
forecast_3447,2025-05-24 15:00:00,4511.099886615029,5031.609760496521,3691.53288453573
forecast_3448,2025-05-24 16:00:00,5488.608507589846,6108.860768778251,4556.13996285955
forecast_3449,2025-05-24 17:00:00,6717.035130888929,7412.165429646828,5581.846432818485
forecast_3450,2025-05-24 18:00:00,7263.922391530691,8331.516964817023,6496.192943522011
forecast_3451,2025-05-24 19:00:00,6847.3022573962535,7667.753928444463,6070.742254679797
forecast_3452,2025-05-24 20:00:00,6467.7866218733,6970.131947223281,5422.095748739017
forecast_3453,2025-05-24 21:00:00,6507.89526269045,7069.5238020784955,5343.237458242294
forecast_3454,2025-05-24 22:00:00,6323.501231949952,6858.300022395384,5227.749762053194
forecast_3455,2025-05-24 23:00:00,6427.0411522005725,6783.739368857122,5068.3696754059365
forecast_3456,2025-05-25 00:00:00,5952.233062472759,6009.298302479678,4342.81069003483
forecast_3457,2025-05-25 01:00:00,6519.350282696634,6960.9989365651945,5233.0369660518645
forecast_3458,2025-05-25 02:00:00,4838.155099884327,5408.51166063485,4112.9813490276065
forecast_3459,2025-05-25 03:00:00,3395.3280247315924,3716.080659736788,2848.0856336771394
forecast_3460,2025-05-25 04:00:00,2784.9603208177496,3083.0977879940046,2373.819233863585
forecast_3461,2025-05-25 05:00:00,2888.784584346283,3080.163951952877,2286.0773795748423
forecast_3462,2025-05-25 06:00:00,3619.1885000103593,3937.8698332796566,2894.521082218785
forecast_3463,2025-05-25 07:00:00,3370.1105943915327,3438.664001525582,2434.810107665931
forecast_3464,2025-05-25 08:00:00,2669.1735387619656,2757.557945411461,2007.0586075351914
forecast_3465,2025-05-25 09:00:00,1464.1380145738617,1682.3708159062596,1380.0050655547534
forecast_3466,2025-05-25 10:00:00,1122.8802701537359,1432.1944925343498,1293.1292754649016
forecast_3467,2025-05-25 11:00:00,982.889501370847,1412.3978159460326,1366.7879761754346
forecast_3468,2025-05-25 12:00:00,2084.073969626509,2784.458015994521,2615.33070157328
forecast_3469,2025-05-25 13:00:00,2786.223928726864,3115.326283696886,2586.3610802598896
forecast_3470,2025-05-25 14:00:00,3118.504408625752,3419.101417115943,2984.820037466525
forecast_3471,2025-05-25 15:00:00,2426.0572172258585,2782.681275697722,2415.5730997794126
forecast_3472,2025-05-25 16:00:00,1577.979700857589,2364.268403771438,1895.2784836112282
forecast_3473,2025-05-25 17:00:00,2510.1854355765945,3322.7297026664687,2963.562822771263
forecast_3474,2025-05-25 18:00:00,2403.39612085185,3510.745418662158,2984.8177471240483
forecast_3475,2025-05-25 19:00:00,2718.2252892032875,3092.9819218211546,2388.0586407740993
forecast_3476,2025-05-25 20:00:00,4791.652034361096,4987.1437212742,3672.7424695805803
forecast_3477,2025-05-25 21:00:00,6398.039756231952,7012.4414094571475,5475.869579637393
forecast_3478,2025-05-25 22:00:00,8429.97787999687,9191.847544421393,7146.44230857573
forecast_3479,2025-05-25 23:00:00,8808.989631339296,8828.199207797184,6628.599844802306
forecast_3480,2025-05-26 00:00:00,7612.1723146681625,8075.7866825201345,6076.694497231635
forecast_3481,2025-05-26 01:00:00,8896.279661324821,9172.168552032957,6862.39048751972
forecast_3482,2025-05-26 02:00:00,8120.716954014163,8230.687927231656,6007.506389721259
forecast_3483,2025-05-26 03:00:00,7937.876004768133,7935.027624847754,5630.801970485019
forecast_3484,2025-05-26 04:00:00,7016.264913393192,7153.171811980177,5009.076477254104
forecast_3485,2025-05-26 05:00:00,5463.705387824106,5850.845094858918,4070.13131426554
forecast_3486,2025-05-26 06:00:00,3410.8442915672754,3905.806433205227,2791.024572506766
forecast_3487,2025-05-26 07:00:00,2795.9387091029566,3074.337723820367,2201.0611609077027
forecast_3488,2025-05-26 08:00:00,1806.2253337137188,2370.329310830635,1837.6563963336953
forecast_3489,2025-05-26 09:00:00,1455.053659594223,2001.1501336762135,1678.3123708923854
forecast_3490,2025-05-26 10:00:00,2436.930418811295,4495.950804432407,4844.503954303342
forecast_3491,2025-05-26 11:00:00,973.6746878382651,1797.9206797055808,1898.6621990762649
forecast_3492,2025-05-26 12:00:00,977.4211409171241,1544.0168400920725,1574.0843952467005
forecast_3493,2025-05-26 13:00:00,1260.8620003250358,2858.365970346753,2885.861893362497
forecast_3494,2025-05-26 14:00:00,1880.769373707773,2713.0844081195983,2212.614510138787
forecast_3495,2025-05-26 15:00:00,1942.5747451494203,2733.825584840242,2378.805881493783
forecast_3496,2025-05-26 16:00:00,1380.5763292921902,2246.6458252006,2102.841613406665
forecast_3497,2025-05-26 17:00:00,798.7493048184583,1689.9057228549127,1679.8122109215587
forecast_3498,2025-05-26 18:00:00,677.7789160277579,1451.4566725818174,1393.5526700271862
forecast_3499,2025-05-26 19:00:00,1181.7881553562192,1774.8622509524655,1530.4840718104988
forecast_3500,2025-05-26 20:00:00,1826.5004561465348,2537.1575981357055,2099.2859658229613
forecast_3501,2025-05-26 21:00:00,2710.778992168002,3168.8360201263486,2458.156872036739
forecast_3502,2025-05-26 22:00:00,3585.5301147237697,4061.5640880078417,3105.48843506127
forecast_3503,2025-05-26 23:00:00,4890.80636253897,5265.757034008924,3935.803096170124
forecast_3504,2025-05-27 00:00:00,5789.055189940024,6075.619458227788,4451.468494409021
forecast_3505,2025-05-27 01:00:00,7487.950382819731,8144.091530181182,6059.4605465933855
forecast_3506,2025-05-27 02:00:00,6743.554538441069,7361.471520099243,5424.17115572402
forecast_3507,2025-05-27 03:00:00,6065.898617487028,6483.265860755582,4701.771606710722
forecast_3508,2025-05-27 04:00:00,4795.298326275732,5391.71850691136,3847.841526996437
forecast_3509,2025-05-27 05:00:00,4330.574030970161,4765.944664284976,3363.104460491773
forecast_3510,2025-05-27 06:00:00,3263.188511698123,3715.6077406390723,2691.1507642711877
forecast_3511,2025-05-27 07:00:00,2526.6780782176043,2939.0785349456924,2199.185368178949
forecast_3512,2025-05-27 08:00:00,1524.8020694327433,1989.7753003634814,1612.9659598900935
forecast_3513,2025-05-27 09:00:00,1265.2983377344708,1627.632417961443,1446.6109290298057
forecast_3514,2025-05-27 10:00:00,1560.203473086514,2807.725718532133,2699.294948104344
forecast_3515,2025-05-27 11:00:00,1316.163983994538,2159.6810531140577,2071.7047167959863
forecast_3516,2025-05-27 12:00:00,506.50443799229805,1067.5254606355986,1066.6932352205442
forecast_3517,2025-05-27 13:00:00,788.0873376016918,1567.1706948410942,1468.7415224219644
forecast_3518,2025-05-27 14:00:00,935.1837427219807,1619.932444030806,1607.9214991602134
forecast_3519,2025-05-27 15:00:00,1070.4870143212054,1665.1387961560959,1623.6120515748637
forecast_3520,2025-05-27 16:00:00,982.0749718869405,1925.4480139877166,1975.3645906979907
forecast_3521,2025-05-27 17:00:00,1023.0989315561033,1720.4812603644855,1705.907752093349
forecast_3522,2025-05-27 18:00:00,1168.6874454138176,2042.533147972053,2000.118054063132
forecast_3523,2025-05-27 19:00:00,1325.9755420868,2423.88515484476,2428.9597958132017
forecast_3524,2025-05-27 20:00:00,1055.3272217686888,1923.7275964362082,1686.7445481992665
forecast_3525,2025-05-27 21:00:00,1318.3926976571893,1989.3579671876391,1684.7655181309135
forecast_3526,2025-05-27 22:00:00,2210.843137657171,2821.0062727134577,2253.5792201246763
forecast_3527,2025-05-27 23:00:00,3001.192360722154,3482.5226362207886,2673.6481106425754
forecast_3528,2025-05-28 00:00:00,3753.0828301869396,4074.7316488429124,3030.756268037265
forecast_3529,2025-05-28 01:00:00,5483.212203855448,5990.800808101337,4450.359217082764
forecast_3530,2025-05-28 02:00:00,5669.081538179396,6158.258324299618,4546.935535435382
forecast_3531,2025-05-28 03:00:00,6358.160197003689,6487.027192118908,4616.563306348047
forecast_3532,2025-05-28 04:00:00,6497.8327452662115,6682.278684980835,4772.929108152178
forecast_3533,2025-05-28 05:00:00,6420.9619280157485,6539.826501850961,4606.757837963272
forecast_3534,2025-05-28 06:00:00,3803.8486813909603,4170.338270647945,2988.3488080443467
forecast_3535,2025-05-28 07:00:00,2341.8903996787317,2964.9293136068145,2307.1059716958475
forecast_3536,2025-05-28 08:00:00,1311.4589783508188,1811.1831054915422,1567.2520738888788
forecast_3537,2025-05-28 09:00:00,795.0007727176584,1298.8323936471672,1272.469155519298
forecast_3538,2025-05-28 10:00:00,712.2813399686866,1266.799896290063,1262.3893570339885
forecast_3539,2025-05-28 11:00:00,1013.7791934058582,1464.791349859251,1468.7863378825814
forecast_3540,2025-05-28 12:00:00,841.2159869748534,1845.6488256181235,1836.7501582757566
forecast_3541,2025-05-28 13:00:00,1024.3529046123606,1627.1929595105587,1587.36079838632
forecast_3542,2025-05-28 14:00:00,1324.5340222033751,2138.249529060222,1921.5720854972676
forecast_3543,2025-05-28 15:00:00,1551.1437756545577,2604.910638763059,2241.75858276426
forecast_3544,2025-05-28 16:00:00,2581.2301698465553,3570.92055656535,3234.525415152089
forecast_3545,2025-05-28 17:00:00,1502.0517843593764,2644.2919492380906,2642.573009154142
forecast_3546,2025-05-28 18:00:00,1229.833920150129,2075.4601626854032,1857.2016104975964
forecast_3547,2025-05-28 19:00:00,1551.2420386589165,2483.700820538243,2129.196409018715
forecast_3548,2025-05-28 20:00:00,1917.6608547704782,2576.3746537275006,2141.7077594134976
forecast_3549,2025-05-28 21:00:00,2013.802509694346,2697.935707313597,2155.938444203378
forecast_3550,2025-05-28 22:00:00,3357.225599271756,4072.0131302050186,3140.953349216341
forecast_3551,2025-05-28 23:00:00,3675.616035142055,4306.594632073532,3391.3819429308837
forecast_3552,2025-05-29 00:00:00,2907.3386106159705,3432.7422522521883,2702.394659865479
forecast_3553,2025-05-29 01:00:00,2917.913735800961,3506.6004324221276,2583.5752734011776
forecast_3554,2025-05-29 02:00:00,2926.731842655041,3370.334348573577,2488.9785785516838
forecast_3555,2025-05-29 03:00:00,3031.9873620724834,3566.9103252123696,2615.589345140932
forecast_3556,2025-05-29 04:00:00,2710.2857846573443,3258.162692072227,2426.7562223650575
forecast_3557,2025-05-29 05:00:00,2519.2588638496563,2928.580510212672,2164.829670788839
forecast_3558,2025-05-29 06:00:00,1538.2819282479013,2013.7646572873223,1596.4136732728998
forecast_3559,2025-05-29 07:00:00,1363.4737905910679,1916.3678076900621,1692.1134220613344
forecast_3560,2025-05-29 08:00:00,1129.3419664622952,1704.1093198603717,1615.5857366498258
forecast_3561,2025-05-29 09:00:00,959.3834232283546,1454.7506953645898,1435.9773411116853
forecast_3562,2025-05-29 10:00:00,957.7812596279621,1519.7887728199826,1468.205664124083
forecast_3563,2025-05-29 11:00:00,810.4048783114984,1587.2561654062633,1515.5380814636746
forecast_3564,2025-05-29 12:00:00,829.7036960874098,1432.5184148377004,1360.1028203888015
forecast_3565,2025-05-29 13:00:00,828.0523853655739,1428.473094075145,1378.7312382550244
forecast_3566,2025-05-29 14:00:00,931.1252223495119,1487.168807111958,1469.2710588363611
forecast_3567,2025-05-29 15:00:00,1033.8439886985198,1660.8909492691762,1601.6216521423023
forecast_3568,2025-05-29 16:00:00,1106.6927586091253,1924.0292828651939,1922.8823618269864
forecast_3569,2025-05-29 17:00:00,1220.3685523016165,2165.5734057826076,2175.2872573771565
forecast_3570,2025-05-29 18:00:00,1563.2955279195917,2501.260538677013,2460.984784423726
forecast_3571,2025-05-29 19:00:00,2279.9518307868125,3165.975972719726,2825.71762891215
forecast_3572,2025-05-29 20:00:00,2749.8512959157633,3871.8585410602113,3196.836237859531
forecast_3573,2025-05-29 21:00:00,2409.5177866036806,3367.996283406564,2820.634735863402
forecast_3574,2025-05-29 22:00:00,2483.8323326952814,3507.6417237927194,2893.2054381297285
forecast_3575,2025-05-29 23:00:00,2305.115563464409,3276.3176383128093,2655.5380057712355
forecast_3576,2025-05-30 00:00:00,2442.0747633944084,3507.065852934416,2810.593748149384
forecast_3577,2025-05-30 01:00:00,1934.454907490172,2944.138106520197,2547.956372159684
forecast_3578,2025-05-30 02:00:00,1848.9916583574136,2896.33237646829,2507.514460172178
forecast_3579,2025-05-30 03:00:00,1906.923457833787,2853.7161939105617,2381.85602959528
forecast_3580,2025-05-30 04:00:00,3125.8000954289255,4345.898802444894,3399.846417194585
forecast_3581,2025-05-30 05:00:00,3375.927969045512,4329.448452890161,3283.75618110872
forecast_3582,2025-05-30 06:00:00,3180.597593822669,3768.429546796143,2809.2906894622665
forecast_3583,2025-05-30 07:00:00,2557.249308838398,3135.2276701931446,2399.9849400618637
forecast_3584,2025-05-30 08:00:00,1956.8542322308454,2624.890775943538,2153.479412927133
forecast_3585,2025-05-30 09:00:00,2040.4119353305582,2675.474880963921,2146.0783524160292
forecast_3586,2025-05-30 10:00:00,2009.767460650178,2549.318127317364,2123.8036758207018
forecast_3587,2025-05-30 11:00:00,1444.7529137656097,2024.3859659395548,1816.0266397994221
forecast_3588,2025-05-30 12:00:00,870.5087999710922,1579.1264566529906,1546.3716849090922
forecast_3589,2025-05-30 13:00:00,941.6953069949358,1662.1924177772567,1655.9812727753597
forecast_3590,2025-05-30 14:00:00,1090.879854404504,1673.3699072665556,1655.3730926018302
forecast_3591,2025-05-30 15:00:00,996.6848019059522,1569.2155900843268,1565.4580896823786
forecast_3592,2025-05-30 16:00:00,954.4374381990517,1686.5333699856442,1742.5385853061189
forecast_3593,2025-05-30 17:00:00,1117.609365186835,1938.8828901852526,2031.1446025602604
forecast_3594,2025-05-30 18:00:00,1701.9662599266899,2622.721564143618,2500.653694379259
forecast_3595,2025-05-30 19:00:00,2140.677302993071,3059.9662029439546,2672.291945086216
forecast_3596,2025-05-30 20:00:00,2669.3790077658864,3649.9193351046924,2984.690589954646
forecast_3597,2025-05-30 21:00:00,2853.8341422515596,3868.07934830687,3139.3921272083558
forecast_3598,2025-05-30 22:00:00,2680.271825320876,3571.713056344557,2913.558726227575
forecast_3599,2025-05-30 23:00:00,2281.6920533200982,3215.6652791928536,2766.487777626366
forecast_3600,2025-05-31 00:00:00,2218.447347226451,3227.392091652352,2811.3973199659627
forecast_3601,2025-05-31 01:00:00,1759.406131885678,2814.677243878356,2363.161138654356
forecast_3602,2025-05-31 02:00:00,1983.252433050288,2741.460436739694,2174.3093732526036
forecast_3603,2025-05-31 03:00:00,3156.1603443488602,4084.18829569997,3137.0197593680946
forecast_3604,2025-05-31 04:00:00,2873.961187492878,3246.267202230026,2408.014674729594
forecast_3605,2025-05-31 05:00:00,3118.625690028059,3541.11281655683,2635.2068260833744
forecast_3606,2025-05-31 06:00:00,1901.165606853811,2267.6771466867162,1758.8462562377567
forecast_3607,2025-05-31 07:00:00,1795.918216373504,2298.8621093750735,1881.7839796590329
forecast_3608,2025-05-31 08:00:00,1665.347416105473,2270.6250106780367,1925.9673980849473
forecast_3609,2025-05-31 09:00:00,1168.036324419124,1883.3465575386576,1827.1211668058227
forecast_3610,2025-05-31 10:00:00,1381.646235476365,1935.8217437325657,1887.1833314452106
forecast_3611,2025-05-31 11:00:00,1086.6767489335525,1771.2056356696999,1805.06082189559
forecast_3612,2025-05-31 12:00:00,1145.3494695394375,1953.070478828301,1871.1075374647617
forecast_3613,2025-05-31 13:00:00,1283.248358627843,2009.0961230244689,1956.306646994949
forecast_3614,2025-05-31 14:00:00,1436.5010326063739,2156.0383915761927,2037.5743874486568
forecast_3615,2025-05-31 15:00:00,1382.5153283782943,2196.9172054670144,2179.2710186136455
forecast_3616,2025-05-31 16:00:00,1248.9262059143734,2158.39534961889,2168.111574959148
forecast_3617,2025-05-31 17:00:00,1720.8896014792488,2430.7766827294618,2297.3797340310075
forecast_3618,2025-05-31 18:00:00,1851.84557498406,2523.5920286063456,2386.940011713038
forecast_3619,2025-05-31 19:00:00,2127.3567270444028,2837.9589823378033,2539.2771568101716
forecast_3620,2025-05-31 20:00:00,2460.2547979654537,3117.11256596857,2696.2032227524323
forecast_3621,2025-05-31 21:00:00,2403.8763420627483,3015.018807791988,2576.950575171697
forecast_3622,2025-05-31 22:00:00,2027.9611245295746,2775.508450575668,2482.421733063793
forecast_3623,2025-05-31 23:00:00,2743.6573683583274,3289.5038339016332,2760.690277109778
forecast_3624,2025-06-01 00:00:00,1878.8842550804375,2481.4884179219753,2173.21394000097
forecast_3625,2025-06-01 01:00:00,1979.329007351102,2714.0274921727273,2309.8319069613867
forecast_3626,2025-06-01 02:00:00,2517.2445612841557,3223.8203516564126,2621.14198679155
forecast_3627,2025-06-01 03:00:00,3124.3721032321555,3799.728764676527,2947.953401999449
forecast_3628,2025-06-01 04:00:00,3428.554842536417,4103.995562891567,3107.435740532166
forecast_3629,2025-06-01 05:00:00,3037.077964041106,3576.301144751881,2694.6297168002307
forecast_3630,2025-06-01 06:00:00,2246.5087403458074,2822.9904346790076,2213.98507098434
forecast_3631,2025-06-01 07:00:00,1592.470396791572,2117.391077369406,1788.626447901515
forecast_3632,2025-06-01 08:00:00,909.1144591182226,1572.4062574598179,1472.6170651484906
forecast_3633,2025-06-01 09:00:00,1004.0027436808011,1613.216811952899,1537.5239477444031
forecast_3634,2025-06-01 10:00:00,930.9173975178992,1452.1361248401893,1432.705343604387
forecast_3635,2025-06-01 11:00:00,652.8299364304014,1237.9441989326956,1302.082446607597
forecast_3636,2025-06-01 12:00:00,1029.1849906928671,1480.2825085150446,1449.5652710775198
forecast_3637,2025-06-01 13:00:00,712.2048637463122,1206.691019525685,1288.12971064516
forecast_3638,2025-06-01 14:00:00,681.509514567492,1376.276697165208,1488.525159357461
forecast_3639,2025-06-01 15:00:00,1096.5970101695834,1727.5000762183995,1746.0419659555855
forecast_3640,2025-06-01 16:00:00,894.5967343699981,1695.2128724258268,1802.8625513725074
forecast_3641,2025-06-01 17:00:00,850.0862526055832,1422.0002800087454,1463.7830108482133
forecast_3642,2025-06-01 18:00:00,2186.1786752044063,3173.359644893205,2659.437065457617
forecast_3643,2025-06-01 19:00:00,2249.8050137275613,3366.0627049697105,2936.4518652841307
forecast_3644,2025-06-01 20:00:00,4278.162627489088,5181.765930064447,4328.193387101545
forecast_3645,2025-06-01 21:00:00,5080.68433648003,5802.066781637718,4761.196536116904
forecast_3646,2025-06-01 22:00:00,5926.915875897161,6647.416037426581,5389.302920261198
forecast_3647,2025-06-01 23:00:00,4651.974512130597,5650.465834634389,4723.565286607895
forecast_3648,2025-06-02 00:00:00,5323.923745935428,6061.293280744195,4806.191797131598
forecast_3649,2025-06-02 01:00:00,5604.2727912167975,6077.053974980078,4700.357110046447
forecast_3650,2025-06-02 02:00:00,5060.704517356018,6068.730077271308,4787.849662507995
forecast_3651,2025-06-02 03:00:00,4979.814734940266,5771.332309813326,4430.893638866293
forecast_3652,2025-06-02 04:00:00,4543.928267083342,5157.132721235769,3856.515341543314
forecast_3653,2025-06-02 05:00:00,4135.661730185711,4568.713729831897,3376.1347482385586
forecast_3654,2025-06-02 06:00:00,2453.6066395645985,3195.182546779489,2543.418634674422
forecast_3655,2025-06-02 07:00:00,1961.30720657959,2655.3619810362793,2294.0518705576314
forecast_3656,2025-06-02 08:00:00,1640.0293632094986,2389.501796112568,2171.8526559130623
forecast_3657,2025-06-02 09:00:00,1627.8888980074034,2494.207747413824,2233.2816354407673
forecast_3658,2025-06-02 10:00:00,1395.1228778737018,2341.726210925291,2178.800789004736
forecast_3659,2025-06-02 11:00:00,988.9627193563164,1925.2736340959632,1795.9704218736647
forecast_3660,2025-06-02 12:00:00,1187.6389434374091,1830.1578868087945,1686.6227284964727
forecast_3661,2025-06-02 13:00:00,746.7794784702177,1646.5026560316644,1672.7415223741743
forecast_3662,2025-06-02 14:00:00,573.6657411833155,1492.4593754954947,1580.269258721202
forecast_3663,2025-06-02 15:00:00,2021.3467842424914,2732.9796373100844,2333.851741338417
forecast_3664,2025-06-02 16:00:00,2391.5993621794078,3053.543313899938,2575.324735765358
forecast_3665,2025-06-02 17:00:00,2470.60349320109,3141.7473573633742,2725.4864822931722
forecast_3666,2025-06-02 18:00:00,3331.2519977828665,4074.55193043886,3434.5270181890364
forecast_3667,2025-06-02 19:00:00,3556.628711575575,4204.098067251331,3519.898018684454
forecast_3668,2025-06-02 20:00:00,2970.230862514464,3818.504703140998,3285.352354163725
forecast_3669,2025-06-02 21:00:00,2827.359709810489,3750.9832120932133,3154.176356830632
forecast_3670,2025-06-02 22:00:00,3461.226655931547,4107.534168100679,3366.137291599526
forecast_3671,2025-06-02 23:00:00,2373.012839904298,3136.7103083011884,2664.1997162323264
forecast_3672,2025-06-03 00:00:00,2461.0058031021117,2786.9074797479734,2282.91212975472
forecast_3673,2025-06-03 01:00:00,1806.8453183927797,2175.454321659587,1736.3169828201028
forecast_3674,2025-06-03 02:00:00,2118.566823826999,2685.1379438753156,2257.2369980024387
forecast_3675,2025-06-03 03:00:00,2228.4310382370504,2945.5745800330446,2560.9339507166956
forecast_3676,2025-06-03 04:00:00,2116.428643935479,2706.8093345921943,2301.598592388274
forecast_3677,2025-06-03 05:00:00,2288.358008265498,2973.797389350122,2463.9479077690994
forecast_3678,2025-06-03 06:00:00,2304.9151581448386,2806.7692771622883,2326.267629025923
forecast_3679,2025-06-03 07:00:00,2034.4751922417927,2491.7462593029763,2144.958277101801
forecast_3680,2025-06-03 08:00:00,1525.1320898296642,2315.6327400789155,2088.92808312222
forecast_3681,2025-06-03 09:00:00,1303.1089426263152,1963.2190568418455,1884.278907801996
forecast_3682,2025-06-03 10:00:00,2250.818394399626,2733.1280259428304,2428.526289258124
forecast_3683,2025-06-03 11:00:00,3131.6433978800433,3427.811227756555,2852.0277768403644
forecast_3684,2025-06-03 12:00:00,6123.1512296030605,6615.675773477677,5666.941499209559
forecast_3685,2025-06-03 13:00:00,6947.846869030077,7173.02603469038,6154.229984946444
forecast_3686,2025-06-03 14:00:00,9132.646589243122,9354.224489016515,8204.276918133306
forecast_3687,2025-06-03 15:00:00,10654.502609168743,11191.386545013676,10147.576324161533
forecast_3688,2025-06-03 16:00:00,11594.582278489153,11889.81210428979,10857.167339371435
forecast_3689,2025-06-03 17:00:00,12237.230710599408,13128.595128802563,12432.671069728412
forecast_3690,2025-06-03 18:00:00,13805.597003850671,14657.5408567392,13959.645062880432
forecast_3691,2025-06-03 19:00:00,13515.379021702087,14295.073297457835,13540.365162544014
forecast_3692,2025-06-03 20:00:00,14378.906627371874,15067.70126376395,14193.263381339963
forecast_3693,2025-06-03 21:00:00,17310.060100920404,18016.371969292588,17333.4086124702
forecast_3694,2025-06-03 22:00:00,17248.54143455244,17935.856102145626,17247.51961692327
forecast_3695,2025-06-03 23:00:00,16895.234643796397,17656.265117190396,16901.56403793976
forecast_3696,2025-06-04 00:00:00,16678.028093857298,17397.64917334442,16487.209399315885
forecast_3697,2025-06-04 01:00:00,16041.032707305956,16596.765118033363,15127.750676222267
forecast_3698,2025-06-04 02:00:00,16732.365156762586,17510.148416603315,16448.52442746704
forecast_3699,2025-06-04 03:00:00,17823.89786813596,18227.641221248447,17074.55479387269
forecast_3700,2025-06-04 04:00:00,18246.720616711762,18595.42613205329,17511.11074238345
forecast_3701,2025-06-04 05:00:00,17492.244311220944,17958.315901582246,16804.20340870441
forecast_3702,2025-06-04 06:00:00,18181.23412376402,18699.716842365455,17944.519505451393
forecast_3703,2025-06-04 07:00:00,18266.239035549937,18691.006465822826,17922.462682488316
forecast_3704,2025-06-04 08:00:00,18069.181362686468,18443.506430709567,17573.196435878046
forecast_3705,2025-06-04 09:00:00,17550.29051144286,17948.97096871814,16965.59261719501
forecast_3706,2025-06-04 10:00:00,17494.255022907466,17826.211768681816,16862.153759032983
forecast_3707,2025-06-04 11:00:00,16830.47933616336,17249.65073229302,16400.246458565518
forecast_3708,2025-06-04 12:00:00,16617.1707526592,17098.047022550127,16314.07159114665
forecast_3709,2025-06-04 13:00:00,16131.684034594682,16660.431528838446,15827.15346723091
forecast_3710,2025-06-04 14:00:00,15106.535939678432,15765.19032149317,14977.27176387016
forecast_3711,2025-06-04 15:00:00,13615.04386771445,14500.476582388477,13740.163256575719
forecast_3712,2025-06-04 16:00:00,14059.42796783472,14643.378160838009,13880.174076144112
forecast_3713,2025-06-04 17:00:00,13854.338342791942,14293.544535814543,13245.2802960667
forecast_3714,2025-06-04 18:00:00,11534.866666693737,11758.990338251708,10371.572580118178
forecast_3715,2025-06-04 19:00:00,12350.831795019789,12842.771611357666,11544.987017517104
forecast_3716,2025-06-04 20:00:00,14378.860204705945,15011.035930471116,13928.679241017688
forecast_3717,2025-06-04 21:00:00,15154.277865857895,15829.91461848185,14868.943018886632
forecast_3718,2025-06-04 22:00:00,12366.350685193951,12229.635368998535,10596.987483964645
forecast_3719,2025-06-04 23:00:00,12060.159488488587,12187.940239484364,10089.234243533061
forecast_3720,2025-06-05 00:00:00,14920.752036596614,15419.655578477483,13798.765715949876
forecast_3721,2025-06-05 01:00:00,11267.910606574213,11664.407733981036,9272.707273559907
forecast_3722,2025-06-05 02:00:00,13061.817661090614,13117.43335306408,10283.354093499189
forecast_3723,2025-06-05 03:00:00,15689.02933913935,15993.641402424779,13515.075117206101
forecast_3724,2025-06-05 04:00:00,16595.68913569172,16933.710583376327,14779.626928831041
forecast_3725,2025-06-05 05:00:00,15911.193492531014,16272.829774913444,13959.786677202237
forecast_3726,2025-06-05 06:00:00,13771.371894647025,14178.663087630968,11654.342339750625
forecast_3727,2025-06-05 07:00:00,14086.160861572263,14715.878998133274,12354.128586099716
forecast_3728,2025-06-05 08:00:00,12694.165703314895,13300.904727903624,11222.367492681235
forecast_3729,2025-06-05 09:00:00,10191.727268036206,10624.02890612791,8805.419854661093
forecast_3730,2025-06-05 10:00:00,8231.590155124315,8124.773654429506,6338.069114934232
forecast_3731,2025-06-05 11:00:00,6709.365134795993,6488.202979351467,4978.872468199075
forecast_3732,2025-06-05 12:00:00,6074.39023302729,6112.919833467022,4828.97463768175
forecast_3733,2025-06-05 13:00:00,6403.146919740698,6374.19238351977,5104.204502103787
forecast_3734,2025-06-05 14:00:00,6329.657967113542,6277.013310519433,5091.082739390846
forecast_3735,2025-06-05 15:00:00,7524.098806825306,7793.943617174005,6578.30396001367
forecast_3736,2025-06-05 16:00:00,8276.596903815116,8558.105959795357,7295.911635893729
forecast_3737,2025-06-05 17:00:00,10587.162252160171,11061.927489255653,9875.756219661238
forecast_3738,2025-06-05 18:00:00,12101.239583597267,12947.656916448972,11930.60685862129
forecast_3739,2025-06-05 19:00:00,15556.698006053055,16203.021586110372,15339.896756839846
forecast_3740,2025-06-05 20:00:00,17247.937602413658,17674.452695254316,16978.06623817364
forecast_3741,2025-06-05 21:00:00,17577.527317584223,17906.43137530303,17035.751600029744
forecast_3742,2025-06-05 22:00:00,18693.511222937414,19021.084383813923,18323.54723598047
forecast_3743,2025-06-05 23:00:00,18978.726286326484,19204.832122987027,18468.212464804477
forecast_3744,2025-06-06 00:00:00,19001.603797649557,19305.91936160025,18657.810183511683
forecast_3745,2025-06-06 01:00:00,18669.335309462054,19276.763197898184,18893.806047831986
forecast_3746,2025-06-06 02:00:00,19313.497302253247,19729.034990456494,19234.326359827435
forecast_3747,2025-06-06 03:00:00,19713.80235754305,19928.118115812857,19353.959493622497
forecast_3748,2025-06-06 04:00:00,19788.54976012124,19955.06570534544,19278.85812321616
forecast_3749,2025-06-06 05:00:00,19487.797555953643,19739.928039577077,19041.882962342683
forecast_3750,2025-06-06 06:00:00,19548.609104291565,19751.090851613233,18914.042290641133
forecast_3751,2025-06-06 07:00:00,18394.133237837777,18843.952788870844,17947.535458452363
forecast_3752,2025-06-06 08:00:00,17628.535954519655,18059.4248082121,16988.305896811937
forecast_3753,2025-06-06 09:00:00,15150.106481936105,16006.616137249908,14993.092780594461
forecast_3754,2025-06-06 10:00:00,14894.252153994179,15458.478608850643,14274.19024868575
forecast_3755,2025-06-06 11:00:00,13920.11466037159,14517.272625931197,13330.528722000085
forecast_3756,2025-06-06 12:00:00,14484.284609416114,15095.313078980045,14133.411506305947
forecast_3757,2025-06-06 13:00:00,14281.350115808476,14760.891861751174,13803.378367308305
forecast_3758,2025-06-06 14:00:00,15048.259687884512,15465.887616765027,14512.43307219187
forecast_3759,2025-06-06 15:00:00,15822.774256393172,16071.765729679319,15095.31018236675
forecast_3760,2025-06-06 16:00:00,15228.037989603949,15870.334202846148,15233.142862838085
forecast_3761,2025-06-06 17:00:00,15187.320202001294,15931.986324447113,15311.888794207147
forecast_3762,2025-06-06 18:00:00,15335.082836213667,16224.514860510237,15765.553497710045
forecast_3763,2025-06-06 19:00:00,16826.0338084457,17438.848773354188,16896.87429360259
forecast_3764,2025-06-06 20:00:00,17706.504397217766,18368.42763563143,17908.173217990974
forecast_3765,2025-06-06 21:00:00,18620.249046909892,18914.349311156715,18125.667846050896
forecast_3766,2025-06-06 22:00:00,18935.493803061472,19370.741979586986,18842.805992364832
forecast_3767,2025-06-06 23:00:00,19432.608287642804,19739.073868089472,19162.80625458259
forecast_3768,2025-06-07 00:00:00,19208.29891285419,19600.43653331853,19047.70822252757
forecast_3769,2025-06-07 01:00:00,19337.838864674377,19559.201409461806,18778.910215127733
forecast_3770,2025-06-07 02:00:00,19087.454463683818,19428.64202181298,18723.710505226376
forecast_3771,2025-06-07 03:00:00,19192.455423745887,19483.95524522745,18791.588549552696
forecast_3772,2025-06-07 04:00:00,19098.954915547656,19395.35678524479,18542.6322863424
forecast_3773,2025-06-07 05:00:00,19526.08497448687,19743.333392189903,18973.772590555673
forecast_3774,2025-06-07 06:00:00,18841.767010012503,19112.20194115876,18169.76631493349
forecast_3775,2025-06-07 07:00:00,17555.379742548543,18062.88767916973,17006.71879119043
forecast_3776,2025-06-07 08:00:00,16088.885879710127,16610.968683224637,15243.593336543428
forecast_3777,2025-06-07 09:00:00,13782.35084101279,14200.967557218566,12533.819045085575
forecast_3778,2025-06-07 10:00:00,12625.800352861872,13257.8028359034,11865.985194361458
forecast_3779,2025-06-07 11:00:00,11911.995207581682,11998.874009828598,10423.025239698722
forecast_3780,2025-06-07 12:00:00,8460.183821737295,8748.89047287293,7457.591121447318
forecast_3781,2025-06-07 13:00:00,6766.458871332556,6649.4999648972735,5445.404675285958
forecast_3782,2025-06-07 14:00:00,6029.423707838236,5795.728069496259,4706.785544776278
forecast_3783,2025-06-07 15:00:00,5757.54310808796,5706.0645085967235,4751.793583185513
forecast_3784,2025-06-07 16:00:00,6232.661031579855,6110.799726210939,5104.8037064881755
forecast_3785,2025-06-07 17:00:00,6414.609369401696,6587.637132724819,5580.99086155945
forecast_3786,2025-06-07 18:00:00,7679.673700436652,7775.969605917266,6374.4818064260935
forecast_3787,2025-06-07 19:00:00,8609.41011463552,9021.741792908957,7553.234673881849
forecast_3788,2025-06-07 20:00:00,10550.123225967058,11267.699304318534,9702.202035305587
forecast_3789,2025-06-07 21:00:00,15131.243297368028,15833.252568569325,14246.248179870443
forecast_3790,2025-06-07 22:00:00,16371.49921814179,16914.525156611795,15816.825064797102
forecast_3791,2025-06-07 23:00:00,16030.724540337462,16693.377157263567,15581.354570489331
forecast_3792,2025-06-08 00:00:00,16197.402654506694,16332.535788533525,14558.182132580481
forecast_3793,2025-06-08 01:00:00,13196.036077677985,13446.405124678588,11219.249122974223
forecast_3794,2025-06-08 02:00:00,12677.819484741949,13173.847290353573,11009.167911237555
forecast_3795,2025-06-08 03:00:00,13048.933273393572,13211.638356799296,10801.670671742671
forecast_3796,2025-06-08 04:00:00,13301.272125895977,13372.292974603206,10791.03698511095
forecast_3797,2025-06-08 05:00:00,12267.663425794763,12462.005337064746,9895.805175769743
forecast_3798,2025-06-08 06:00:00,7339.549363269596,7616.846526746578,5721.364076021906
forecast_3799,2025-06-08 07:00:00,4178.559405280766,4561.204213810546,3457.8760546040025
forecast_3800,2025-06-08 08:00:00,2249.4912597065895,2786.2740108809608,2271.921802471493
forecast_3801,2025-06-08 09:00:00,1800.6537714892352,2451.593396272751,1995.855991218736
forecast_3802,2025-06-08 10:00:00,2022.8929842064686,2970.20652024176,2763.0880378817174
forecast_3803,2025-06-08 11:00:00,1225.3301186899712,1934.4559281624104,1869.9276205936612
forecast_3804,2025-06-08 12:00:00,957.7478577779001,1595.0553735003655,1472.3550744889005
forecast_3805,2025-06-08 13:00:00,844.9681552275075,1571.5526535568708,1502.7119441929692
forecast_3806,2025-06-08 14:00:00,939.4797540330114,1688.973366071519,1735.054821112984
forecast_3807,2025-06-08 15:00:00,889.4230536268482,1663.1898835226796,1685.6598318892595
forecast_3808,2025-06-08 16:00:00,814.8006145789258,1663.4926193505105,1756.0026411040374
forecast_3809,2025-06-08 17:00:00,626.71037859386,1534.2509185540564,1689.0809595901317
forecast_3810,2025-06-08 18:00:00,1194.1718343178413,1746.683603787634,1626.382654358914
forecast_3811,2025-06-08 19:00:00,2179.7758682800445,2813.889414535545,2426.605558916158
forecast_3812,2025-06-08 20:00:00,2596.964227003879,3602.403458934927,3037.7042767722896
forecast_3813,2025-06-08 21:00:00,2650.899783017156,3788.2648435022975,3218.114346610934
forecast_3814,2025-06-08 22:00:00,4576.619152513642,5705.013364328612,4674.276424880014
forecast_3815,2025-06-08 23:00:00,7581.6443584029685,8168.894305450383,6534.234491400083
forecast_3816,2025-06-09 00:00:00,9515.7092879095,9805.269364546515,7801.520510151132
forecast_3817,2025-06-09 01:00:00,8756.02240162294,8808.725489380078,6851.2463930444555
forecast_3818,2025-06-09 02:00:00,9318.420847687292,9532.415790175612,7436.497434977015
forecast_3819,2025-06-09 03:00:00,8716.296685276711,8942.153315622601,6916.320139024862
forecast_3820,2025-06-09 04:00:00,7785.788199603846,8225.75851266002,6288.0100965734655
forecast_3821,2025-06-09 05:00:00,7174.694014249309,7432.673015356129,5481.21221625575
forecast_3822,2025-06-09 06:00:00,5619.492519084753,6068.658464903905,4503.642273741127
forecast_3823,2025-06-09 07:00:00,3500.3512199842417,4016.1349600738386,3092.7257636662434
forecast_3824,2025-06-09 08:00:00,2493.992547263314,3293.0621209936335,2700.288420057761
forecast_3825,2025-06-09 09:00:00,1696.8262778143987,2808.19158589484,2548.6478858462515
forecast_3826,2025-06-09 10:00:00,1302.3642518337579,2306.953154030871,2202.547564898953
forecast_3827,2025-06-09 11:00:00,1215.7884899851742,2175.3424087929193,2106.597897027637
forecast_3828,2025-06-09 12:00:00,1025.363868880565,1944.8014889373296,1936.5242027159816
forecast_3829,2025-06-09 13:00:00,1211.1592093266408,2097.1336035357645,2062.2502355308125
forecast_3830,2025-06-09 14:00:00,1668.86766741257,2513.9665504225195,2301.802676713413
forecast_3831,2025-06-09 15:00:00,1592.3644575389962,2433.1675536597795,2304.620789616149
forecast_3832,2025-06-09 16:00:00,2395.311798297825,3574.9557592091955,3332.103396740473
forecast_3833,2025-06-09 17:00:00,3861.492340425182,5461.266170931778,5009.725227895416
forecast_3834,2025-06-09 18:00:00,4829.000836314326,5319.952794792934,4347.122272612198
forecast_3835,2025-06-09 19:00:00,4063.304832839674,4590.884806807603,3725.3048717229144
forecast_3836,2025-06-09 20:00:00,5180.060059814181,6302.667423042758,5279.878585057941
forecast_3837,2025-06-09 21:00:00,8762.963250801706,9597.239474406097,8038.631015865742
forecast_3838,2025-06-09 22:00:00,10103.611666738238,10727.843018163338,9093.124416802026
forecast_3839,2025-06-09 23:00:00,10537.402552767442,11293.599703146296,9609.828649843197
forecast_3840,2025-06-10 00:00:00,11156.286719964915,12024.505551162723,10315.005589886234
forecast_3841,2025-06-10 01:00:00,13938.928730239928,14860.88380325427,13227.902801194825
forecast_3842,2025-06-10 02:00:00,15220.821420292184,16400.582711779716,15431.26999514626
forecast_3843,2025-06-10 03:00:00,17355.672127831676,18037.844826461493,17198.348746437998
forecast_3844,2025-06-10 04:00:00,17950.53825560373,18520.558265492095,17544.466709147175
forecast_3845,2025-06-10 05:00:00,18713.56930715087,19177.878734660473,18402.12440296342
forecast_3846,2025-06-10 06:00:00,18305.866841249073,18579.922898955305,17473.400082402204
forecast_3847,2025-06-10 07:00:00,16060.53176309363,16882.950128210603,15779.244291605322
forecast_3848,2025-06-10 08:00:00,13401.71242657885,14346.583398236151,12944.53319660286
forecast_3849,2025-06-10 09:00:00,9277.043646820997,9741.125584519372,8024.446912911291
forecast_3850,2025-06-10 10:00:00,6891.998204245418,7216.13522444041,5851.51411666461
forecast_3851,2025-06-10 11:00:00,5633.355100511043,5534.006109112485,4433.025539332642
forecast_3852,2025-06-10 12:00:00,4891.968772881385,4851.848813886207,3918.7777504827536
forecast_3853,2025-06-10 13:00:00,5510.286237774408,5602.926684050808,4636.540223264372
forecast_3854,2025-06-10 14:00:00,6512.215833111036,6669.1386962670485,5723.7885217526855
forecast_3855,2025-06-10 15:00:00,7982.515902469255,8042.6249091740765,6997.730996832775
forecast_3856,2025-06-10 16:00:00,7880.188517202555,8162.989899032631,7010.721121738195
forecast_3857,2025-06-10 17:00:00,9815.942676983168,10052.030190914205,8815.292232667804
forecast_3858,2025-06-10 18:00:00,9685.988091914765,9923.07843516285,8571.271763454051
forecast_3859,2025-06-10 19:00:00,10802.742700845409,11001.558000113739,9481.040524006223
forecast_3860,2025-06-10 20:00:00,13139.630980464446,13854.925048217032,12692.942673471536
forecast_3861,2025-06-10 21:00:00,14177.844639278117,14975.820514503532,13997.752017098788
forecast_3862,2025-06-10 22:00:00,15862.683903331916,16845.676682886766,16290.008638032077
forecast_3863,2025-06-10 23:00:00,17337.904633358477,18156.238067119753,17622.73135894496
forecast_3864,2025-06-11 00:00:00,17206.98237225681,17923.59265195907,17187.552464650427
forecast_3865,2025-06-11 01:00:00,15339.214227835913,16395.939630096756,15155.724752582964
forecast_3866,2025-06-11 02:00:00,14602.09488822877,15473.451094601463,13892.488037672585
forecast_3867,2025-06-11 03:00:00,14699.256672260992,15744.518279255517,14164.316743067695
forecast_3868,2025-06-11 04:00:00,15949.694295728896,16719.690158003054,14964.947947685034
forecast_3869,2025-06-11 05:00:00,15758.470218956576,16437.866521348384,14489.307316743987
forecast_3870,2025-06-11 06:00:00,15132.010475641111,15761.167536420659,13618.341656310315
forecast_3871,2025-06-11 07:00:00,14236.04051895406,14623.410009120442,12280.96006261237
forecast_3872,2025-06-11 08:00:00,10502.493432849911,11007.628932882508,9125.654679293095
forecast_3873,2025-06-11 09:00:00,7388.855826628985,7614.7274390054645,6124.628905014864
forecast_3874,2025-06-11 10:00:00,6866.382048902326,7095.989755485147,5761.663487747484
forecast_3875,2025-06-11 11:00:00,6460.42002317284,6617.118569246879,5441.305564925311
forecast_3876,2025-06-11 12:00:00,6457.76883087028,6479.066391470342,5338.671415145825
forecast_3877,2025-06-11 13:00:00,6115.461366210609,6073.158571454658,5025.249273481069
forecast_3878,2025-06-11 14:00:00,5918.867836306863,5916.660998571826,4883.819602615476
forecast_3879,2025-06-11 15:00:00,5957.067876786763,5839.854594293227,4779.276272133323
forecast_3880,2025-06-11 16:00:00,5529.947421619864,5438.199286186678,4425.907317759622
forecast_3881,2025-06-11 17:00:00,6806.400699412618,7078.553786041157,5925.355011159811
forecast_3882,2025-06-11 18:00:00,4241.481950770328,4508.621841970356,3679.201195516935
forecast_3883,2025-06-11 19:00:00,3665.5208826531725,3616.3744887643215,2744.703571812934
forecast_3884,2025-06-11 20:00:00,4262.145267373615,4726.403582912618,3810.246890191671
forecast_3885,2025-06-11 21:00:00,4677.568374787203,5053.915370087341,4032.105976134043
forecast_3886,2025-06-11 22:00:00,6478.472881751622,6614.4062119878745,5101.098757759264
forecast_3887,2025-06-11 23:00:00,5911.89954232352,6293.865351929013,4863.973684759534
forecast_3888,2025-06-12 00:00:00,5974.4773894482805,6307.134757577409,4751.053165805711
forecast_3889,2025-06-12 01:00:00,5234.1009634253205,5460.105914703632,4085.4029884886845
forecast_3890,2025-06-12 02:00:00,4601.9975168941,4776.2290116400745,3490.4307717643633
forecast_3891,2025-06-12 03:00:00,3446.0243695432373,3870.998894586801,2929.1878130476584
forecast_3892,2025-06-12 04:00:00,2996.6735950395832,3502.154960645023,2624.533491600442
forecast_3893,2025-06-12 05:00:00,2957.2559817954943,3288.61824133572,2382.2233985233265
forecast_3894,2025-06-12 06:00:00,1402.612646296034,1946.1062958947925,1739.1150818011195
forecast_3895,2025-06-12 07:00:00,1448.6118436251593,2099.867646464096,1847.6984280822574
forecast_3896,2025-06-12 08:00:00,1022.0862523531325,1753.952613404308,1604.4393553594693
forecast_3897,2025-06-12 09:00:00,835.2030004070376,1586.6925613008957,1497.2297392046069
forecast_3898,2025-06-12 10:00:00,1045.0435145414046,1633.2953555914196,1550.2879358850723
forecast_3899,2025-06-12 11:00:00,774.3060038636431,1456.7200536947441,1468.5094558000217
forecast_3900,2025-06-12 12:00:00,906.0370867546303,1473.5398318382033,1474.138689071423
forecast_3901,2025-06-12 13:00:00,806.9407034538212,1530.2768292303876,1530.9972901322135
forecast_3902,2025-06-12 14:00:00,678.5230164164664,1417.3834482123693,1470.2206226089581
forecast_3903,2025-06-12 15:00:00,827.6401169514351,1532.2713861248453,1571.9881820374287
forecast_3904,2025-06-12 16:00:00,925.0870933961692,1723.5094946329505,1774.037744123562
forecast_3905,2025-06-12 17:00:00,837.7842561889853,1666.6433510562022,1727.6423385307035
forecast_3906,2025-06-12 18:00:00,1246.1778604836313,2015.2828857086392,1911.4937395932634
forecast_3907,2025-06-12 19:00:00,1139.1179925787376,2011.2881503011706,1770.9718017047323
forecast_3908,2025-06-12 20:00:00,1258.9743206254054,2145.772469827923,1931.0278772945082
forecast_3909,2025-06-12 21:00:00,1693.2845605080188,2603.5724025203626,2248.138107898525
forecast_3910,2025-06-12 22:00:00,2099.8706779446743,3035.9337390930677,2566.793900179179
forecast_3911,2025-06-12 23:00:00,3232.643738486853,3914.1565723605945,3144.367875712257
forecast_3912,2025-06-13 00:00:00,2993.9918619945106,3690.8714759699205,2947.906723799613
forecast_3913,2025-06-13 01:00:00,4241.791883618074,4963.387775445168,3737.691729150566
forecast_3914,2025-06-13 02:00:00,5970.483152473351,6364.450007013433,4727.066794136695
forecast_3915,2025-06-13 03:00:00,6900.266593146253,7495.179983446495,5638.919768506668
forecast_3916,2025-06-13 04:00:00,5720.616719736054,5992.309548263346,4337.621717979893
forecast_3917,2025-06-13 05:00:00,4984.110204515706,5536.377259612056,4082.780133942142
forecast_3918,2025-06-13 06:00:00,3144.280466562823,3791.1739744198344,2854.9203223937607
forecast_3919,2025-06-13 07:00:00,2177.631011771511,3105.9170391917905,2662.785034528697
forecast_3920,2025-06-13 08:00:00,1327.6630292384098,2286.080062730444,2026.8929008221785
forecast_3921,2025-06-13 09:00:00,1087.0205185330842,1924.5258193611796,1741.837615383848
forecast_3922,2025-06-13 10:00:00,986.2027406439156,1703.4337355590376,1558.5842843119547
forecast_3923,2025-06-13 11:00:00,1067.4108081310612,1821.978854540554,1769.910280421772
forecast_3924,2025-06-13 12:00:00,1112.4176848998059,1897.4905391739007,1811.0835551184034
forecast_3925,2025-06-13 13:00:00,951.7348788239519,1863.1434119043543,1862.2461790728048
forecast_3926,2025-06-13 14:00:00,1130.455390465002,1959.068105277153,1901.0061060780504
forecast_3927,2025-06-13 15:00:00,1754.0648878773088,2467.2882766998937,2248.4413264823543
forecast_3928,2025-06-13 16:00:00,1153.574526792938,1760.953368389261,1664.1924824056155
forecast_3929,2025-06-13 17:00:00,1367.969378059589,2228.2081991529994,2134.5842761346394
forecast_3930,2025-06-13 18:00:00,2687.2778471096863,3400.636389803488,2908.4335314352284
forecast_3931,2025-06-13 19:00:00,1710.4152084925026,2153.1857944298936,1835.4978698757686
forecast_3932,2025-06-13 20:00:00,2760.8643983490183,3245.6792318852454,2689.453824672617
forecast_3933,2025-06-13 21:00:00,2542.574061696938,3187.740885245421,2643.463208155777
forecast_3934,2025-06-13 22:00:00,2887.306626799139,3595.6796030013393,2952.480706953229
forecast_3935,2025-06-13 23:00:00,3595.94510990461,4146.784453581047,3307.104643416676
forecast_3936,2025-06-14 00:00:00,2884.0423758421803,3307.6685497037934,2608.4042615675353
forecast_3937,2025-06-14 01:00:00,9418.23025644455,9893.872145212432,7808.743528431004
forecast_3938,2025-06-14 02:00:00,7665.166011370339,8331.635176766255,6657.156362648428
forecast_3939,2025-06-14 03:00:00,6115.837006353821,6680.046302175524,4980.40693613839
forecast_3940,2025-06-14 04:00:00,5256.11908510875,5654.464061501567,4211.677474715929
forecast_3941,2025-06-14 05:00:00,3992.9776504610068,4791.5795016783595,3706.434756969438
forecast_3942,2025-06-14 06:00:00,3911.456090607521,4654.325391184726,3593.5722444897906
forecast_3943,2025-06-14 07:00:00,1922.7233590958954,2671.015036403902,2129.0634028867576
forecast_3944,2025-06-14 08:00:00,1196.8827125647376,1876.8674682663138,1486.7283389646152
forecast_3945,2025-06-14 09:00:00,1434.8730831241996,2129.2675637280554,1674.3414425285084
forecast_3946,2025-06-14 10:00:00,2432.1942991782985,3188.192223583433,2489.3070365966505
forecast_3947,2025-06-14 11:00:00,1592.0575148667049,2236.34981702444,1887.3324256234932
forecast_3948,2025-06-14 12:00:00,1383.797154306119,2017.4913013670443,1876.6260364122504
forecast_3949,2025-06-14 13:00:00,1075.6867258222194,1863.4162411813722,1771.462123023267
forecast_3950,2025-06-14 14:00:00,924.545847752744,1655.1117898047805,1657.2964555494934
forecast_3951,2025-06-14 15:00:00,1062.9800276772291,1636.623904734681,1687.8913322076864
forecast_3952,2025-06-14 16:00:00,827.4433105619622,1510.5230706122989,1648.8680019806786
forecast_3953,2025-06-14 17:00:00,790.8376445177356,1829.0715582474354,2052.004897204547
forecast_3954,2025-06-14 18:00:00,1645.65197595821,2593.3492292795268,2652.9562113123156
forecast_3955,2025-06-14 19:00:00,2284.2887688101328,3210.5351530083585,3089.2987934203065
forecast_3956,2025-06-14 20:00:00,2106.119687087133,3025.995153553172,2713.199126354303
forecast_3957,2025-06-14 21:00:00,2522.594850895995,3471.6278118166983,3100.471654422119
forecast_3958,2025-06-14 22:00:00,3233.2496818950904,4150.035691005429,3635.100253435581
forecast_3959,2025-06-14 23:00:00,3273.541109090338,4367.146661400483,3791.5355897160857
forecast_3960,2025-06-15 00:00:00,2973.952495446134,4374.923198825429,3870.9211641395264
forecast_3961,2025-06-15 01:00:00,6897.253072639868,7503.445385850899,6086.915017892354
forecast_3962,2025-06-15 02:00:00,6490.412266709962,7118.908169784056,5673.615014230941
forecast_3963,2025-06-15 03:00:00,5181.432766564612,5952.7692526496185,4718.844626215065
forecast_3964,2025-06-15 04:00:00,6841.487555671592,7726.224919051204,6125.876107496324
forecast_3965,2025-06-15 05:00:00,8511.335124824112,8877.829847164925,6850.927913856088
forecast_3966,2025-06-15 06:00:00,7021.28921817151,7366.222314885044,5564.916419487994
forecast_3967,2025-06-15 07:00:00,4639.947589739157,5184.007023665298,3999.6664699408175
forecast_3968,2025-06-15 08:00:00,3239.4693543902704,3796.0446651203183,2997.8555451091192
forecast_3969,2025-06-15 09:00:00,1753.739333396667,2432.776522860702,2130.073262171131
forecast_3970,2025-06-15 10:00:00,1600.7102314192357,2260.552272610247,1969.8315745000095
forecast_3971,2025-06-15 11:00:00,1907.8938066639732,2891.594245423875,2713.6495649016824
forecast_3972,2025-06-15 12:00:00,2292.908076369069,3229.5135470087685,3041.058919915723
forecast_3973,2025-06-15 13:00:00,2104.091639643219,2910.9061583029616,2744.990270424925
forecast_3974,2025-06-15 14:00:00,2444.164432304225,3189.132651173332,2955.7200223379205
forecast_3975,2025-06-15 15:00:00,3742.0922823383557,4497.072526741159,4022.3151037109205
forecast_3976,2025-06-15 16:00:00,4485.452497668213,5127.92535229946,4487.317569545743
forecast_3977,2025-06-15 17:00:00,4159.434502367581,4782.379236071345,4235.480303235271
forecast_3978,2025-06-15 18:00:00,5603.6020183397995,6172.47754542157,5420.014449373367
forecast_3979,2025-06-15 19:00:00,5650.441356938019,6485.7413740825705,5415.391881130169
forecast_3980,2025-06-15 20:00:00,5631.671249175422,6440.528579533784,5403.356230178129
forecast_3981,2025-06-15 21:00:00,9974.928897547745,10827.56784510077,9321.664227749176
forecast_3982,2025-06-15 22:00:00,11946.5093626567,12751.273643792243,11377.218570278088
forecast_3983,2025-06-15 23:00:00,10184.467989924306,10679.11140552754,9101.514354365916
forecast_3984,2025-06-16 00:00:00,12058.91897066088,12885.930622982889,11431.938788784932
forecast_3985,2025-06-16 01:00:00,11238.937406369063,11694.311357256824,9994.207401040654
forecast_3986,2025-06-16 02:00:00,11809.772298369415,12390.496589472237,10736.955705721637
forecast_3987,2025-06-16 03:00:00,12054.160923403686,12810.004197203256,11017.360021849523
forecast_3988,2025-06-16 04:00:00,8543.599829110211,8853.959525533712,7255.1132807997965
forecast_3989,2025-06-16 05:00:00,6554.609106469461,6903.1703779061645,5633.313020913251
forecast_3990,2025-06-16 06:00:00,4947.986575854153,5607.41885265543,4367.6336378075575
forecast_3991,2025-06-16 07:00:00,6024.331821096775,7011.677067838513,5857.986734322822
forecast_3992,2025-06-16 08:00:00,6615.505917182444,6964.891598173517,5332.156352909392
forecast_3993,2025-06-16 09:00:00,7909.880973811915,8897.193519427563,7560.479972672975
forecast_3994,2025-06-16 10:00:00,7862.067320811999,8511.477609681684,6882.302402371158
forecast_3995,2025-06-16 11:00:00,8916.754409091302,10194.671225445172,8989.80179520048
forecast_3996,2025-06-16 12:00:00,5874.872758273101,7114.0465116388195,6248.3198018810735
forecast_3997,2025-06-16 13:00:00,7626.225747459881,8515.831523149125,7550.867127215391
forecast_3998,2025-06-16 14:00:00,10193.343761221833,10416.59698161294,8737.783659334083
forecast_3999,2025-06-16 15:00:00,11357.593351590647,12206.757985835724,11000.690793945585
forecast_4000,2025-06-16 16:00:00,13371.801000723604,14042.725320222518,12966.990628027283
forecast_4001,2025-06-16 17:00:00,14306.920999033633,15203.998217242268,14621.585381642366
forecast_4002,2025-06-16 18:00:00,14063.365408079602,14878.762067116022,14282.551552884719
forecast_4003,2025-06-16 19:00:00,13134.392847514639,13552.09489939797,12475.794505498927
forecast_4004,2025-06-16 20:00:00,12724.005200165886,12946.62834398197,11541.164375430544
forecast_4005,2025-06-16 21:00:00,13057.937327404914,13649.048690073294,12540.287485545348
forecast_4006,2025-06-16 22:00:00,15502.587010234998,16355.828189508427,15350.795675207974
forecast_4007,2025-06-16 23:00:00,15396.668620397559,16566.155068461667,16046.66552088417
forecast_4008,2025-06-17 00:00:00,16668.35145486702,17693.10661162141,17061.9848063842
forecast_4009,2025-06-17 01:00:00,17826.957950163647,18238.52666869494,17831.14751460167
forecast_4010,2025-06-17 02:00:00,18374.460759923553,18563.0555607695,18023.996857613747
forecast_4011,2025-06-17 03:00:00,18184.67816830286,18739.883852945033,18237.93674762343
forecast_4012,2025-06-17 04:00:00,18165.356658160326,18780.873214908228,18194.295838189293
forecast_4013,2025-06-17 05:00:00,17901.196406134426,18572.977998880204,17883.72192840019
forecast_4014,2025-06-17 06:00:00,16848.573549768196,17631.010985176887,16820.033721136297
forecast_4015,2025-06-17 07:00:00,15648.709554396715,16446.097186475698,15432.48324742401
forecast_4016,2025-06-17 08:00:00,14968.195373864954,15777.330206580933,14997.037429075772
forecast_4017,2025-06-17 09:00:00,14887.708001883042,15616.319483738012,14779.685389880317
forecast_4018,2025-06-17 10:00:00,14124.993948731078,14874.83551338809,13711.04238258483
forecast_4019,2025-06-17 11:00:00,13103.989196389983,13860.138212563343,12735.449274541466
forecast_4020,2025-06-17 12:00:00,12870.593460509783,13148.676854511843,11861.278823093598
forecast_4021,2025-06-17 13:00:00,12732.83943076589,13109.45334157145,12039.088455095029
forecast_4022,2025-06-17 14:00:00,10536.571229795107,10597.49582836435,9351.376022714641
forecast_4023,2025-06-17 15:00:00,9101.08611547971,9224.362988749548,7916.102697482148
forecast_4024,2025-06-17 16:00:00,9885.688633545244,10234.399137036198,9010.923271489673
forecast_4025,2025-06-17 17:00:00,9561.750141277162,9666.760024114912,8319.64410253578
forecast_4026,2025-06-17 18:00:00,9135.199109192346,9493.227348367162,8169.82704102493
forecast_4027,2025-06-17 19:00:00,6994.266042309043,7263.785863487234,6089.245591717262
forecast_4028,2025-06-17 20:00:00,5958.585493035941,6026.436663865686,4938.606963320104
forecast_4029,2025-06-17 21:00:00,6821.59022687199,6731.404154039186,5291.141217206351
forecast_4030,2025-06-17 22:00:00,5474.179005768366,5824.408174991115,4667.287212368942
forecast_4031,2025-06-17 23:00:00,5913.836239424525,6334.0801767978755,5044.066007530528
forecast_4032,2025-06-18 00:00:00,7446.638515660584,7666.625672816313,6083.518765153858
forecast_4033,2025-06-18 01:00:00,7295.495885063762,7988.491029400164,6214.97392470981
forecast_4034,2025-06-18 02:00:00,6501.486831744507,7291.418349349375,5655.4208804971295
forecast_4035,2025-06-18 03:00:00,6693.355447227717,7376.687654292655,5679.6349665332
forecast_4036,2025-06-18 04:00:00,7405.225616497812,7753.966409461098,5900.322858720601
forecast_4037,2025-06-18 05:00:00,7746.490124977208,8490.778100869356,6585.126399241237
forecast_4038,2025-06-18 06:00:00,9813.808891011271,9806.655469360121,7321.635167498436
forecast_4039,2025-06-18 07:00:00,8497.010829448085,8907.07245781186,7052.335222676673
forecast_4040,2025-06-18 08:00:00,7759.9177911439065,7977.68643754099,6275.008052711207
forecast_4041,2025-06-18 09:00:00,5079.12956364251,5250.494631358949,4180.879142335699
forecast_4042,2025-06-18 10:00:00,4281.909740888801,4396.586597068028,3516.895317952039
forecast_4043,2025-06-18 11:00:00,4002.675876361911,4086.576377258375,3327.6466396154697
forecast_4044,2025-06-18 12:00:00,4072.909957574175,4040.535983044775,3316.240846913833
forecast_4045,2025-06-18 13:00:00,3737.5503427922617,3806.3965966065575,3185.5975240364205
forecast_4046,2025-06-18 14:00:00,3721.294753497266,3772.174138992619,3154.9948291702513
forecast_4047,2025-06-18 15:00:00,4042.706169925379,4065.2933136102292,3366.5937986220342
forecast_4048,2025-06-18 16:00:00,4611.0039682377865,4712.721773346324,3907.1995699319245
forecast_4049,2025-06-18 17:00:00,4709.337496820208,4697.70531185583,3931.344775108425
forecast_4050,2025-06-18 18:00:00,4199.867145865777,4333.220535247841,3671.9070127466966
forecast_4051,2025-06-18 19:00:00,5750.934036659764,5955.873649488271,5061.021342482301
forecast_4052,2025-06-18 20:00:00,7809.60526936142,7922.800417973685,6379.780544310017
forecast_4053,2025-06-18 21:00:00,9394.267445318113,9684.256993159697,7926.654352988706
forecast_4054,2025-06-18 22:00:00,10253.238925049725,10721.891499249736,8865.302024982635
forecast_4055,2025-06-18 23:00:00,10840.576111302395,11407.706562807645,9533.30828726344
forecast_4056,2025-06-19 00:00:00,12187.775052152541,12754.645911395794,10835.400119447497
forecast_4057,2025-06-19 01:00:00,13375.710639660776,13544.535459602263,11311.947749698475
forecast_4058,2025-06-19 02:00:00,13388.481900462022,14071.6583784432,12202.665566765627
forecast_4059,2025-06-19 03:00:00,14054.121986472903,14034.062574824417,11595.806190014371
forecast_4060,2025-06-19 04:00:00,12828.93772565211,13126.543598067334,10799.53890540678
forecast_4061,2025-06-19 05:00:00,12363.344539799178,12744.247997682327,10389.706322294744
forecast_4062,2025-06-19 06:00:00,10781.715607863787,11042.967191754777,8567.020684751726
forecast_4063,2025-06-19 07:00:00,6129.01530551468,6548.993456190341,4931.2472441403115
forecast_4064,2025-06-19 08:00:00,4033.422181940036,4669.467116221196,3661.1792407813123
forecast_4065,2025-06-19 09:00:00,2680.6305985790477,3254.120152858146,2671.88361120449
forecast_4066,2025-06-19 10:00:00,1829.980294065761,2326.777268945814,2014.547848774336
forecast_4067,2025-06-19 11:00:00,1049.6122555419443,1464.9522562460265,1387.0773250832453
forecast_4068,2025-06-19 12:00:00,1299.5211033556052,1687.8872805077306,1548.7431288540292
forecast_4069,2025-06-19 13:00:00,1554.7881409477527,3029.46569004287,3221.8053425445714
forecast_4070,2025-06-19 14:00:00,1325.9847120237378,2255.242903949037,2296.801327419509
forecast_4071,2025-06-19 15:00:00,910.5002310370387,1641.9956646212795,1662.1868763503367
forecast_4072,2025-06-19 16:00:00,1051.5548351360364,1920.8108179056856,2044.1764755545937
forecast_4073,2025-06-19 17:00:00,1800.6533479121258,3041.374442048764,2950.4176322572584
forecast_4074,2025-06-19 18:00:00,3434.4846273969283,4168.589315296975,3690.5943917974955
forecast_4075,2025-06-19 19:00:00,4569.358595413016,6071.666897362088,5188.222056913925
forecast_4076,2025-06-19 20:00:00,5373.178970333982,6367.118577917279,5317.8373443054215
forecast_4077,2025-06-19 21:00:00,6578.919998107867,7648.369767650804,6418.425867061394
forecast_4078,2025-06-19 22:00:00,7657.063237761527,8440.141206420849,6928.183588538589
forecast_4079,2025-06-19 23:00:00,7144.578339619147,7998.3896753753725,6488.956961849449
forecast_4080,2025-06-20 00:00:00,7024.920143104611,7609.133141090171,6113.936433512375
forecast_4081,2025-06-20 01:00:00,9442.151674423432,10031.128142850288,8016.6765404916
forecast_4082,2025-06-20 02:00:00,9795.84725709587,10578.420435891268,8558.749507613005
forecast_4083,2025-06-20 03:00:00,12321.967367019646,13515.716327495462,11662.414236907825
forecast_4084,2025-06-20 04:00:00,13636.643960926165,14712.522731752928,12992.568636410091
forecast_4085,2025-06-20 05:00:00,13634.173517374476,14618.499812411386,12878.196159044493
forecast_4086,2025-06-20 06:00:00,13198.67977730142,14264.032549923077,12417.201486463437
forecast_4087,2025-06-20 07:00:00,11796.190706211824,12701.387526333325,10672.036774854294
forecast_4088,2025-06-20 08:00:00,9257.016998526178,10096.92474210383,8138.843043772515
forecast_4089,2025-06-20 09:00:00,10919.376794669894,12134.378242912513,10439.806461280503
forecast_4090,2025-06-20 10:00:00,11970.331642641364,13048.932000625093,11589.530592204133
forecast_4091,2025-06-20 11:00:00,12854.256442146712,14264.319402550744,13396.88584379337
forecast_4092,2025-06-20 12:00:00,15421.111528903246,16385.0009578567,15631.94030746321
forecast_4093,2025-06-20 13:00:00,16162.524742815689,17155.25426062101,16560.139416156195
forecast_4094,2025-06-20 14:00:00,16608.075319789452,17531.906476322074,17124.65019339613
forecast_4095,2025-06-20 15:00:00,16275.232673148497,17213.92288518252,16710.29771967418
forecast_4096,2025-06-20 16:00:00,17286.943124281523,18117.975993438493,17669.926247797564
forecast_4097,2025-06-20 17:00:00,17530.869650558066,18362.93634867963,17990.308728784832
forecast_4098,2025-06-20 18:00:00,17879.054068663845,18743.925041881055,18469.930622611908
forecast_4099,2025-06-20 19:00:00,18360.23826422899,19226.787324825636,18996.230094144357
forecast_4100,2025-06-20 20:00:00,18019.295890569236,19000.123130308915,18687.434526097655
forecast_4101,2025-06-20 21:00:00,17907.555793086267,18884.13216494555,18640.933903011715
forecast_4102,2025-06-20 22:00:00,18235.776594946085,18888.840691142785,18390.473170635007
forecast_4103,2025-06-20 23:00:00,18232.241762009333,18895.62638067262,18455.729588214937
forecast_4104,2025-06-21 00:00:00,18859.29466175638,19388.406565753718,18805.80853574208
forecast_4105,2025-06-21 01:00:00,18278.31024805781,18798.33584699859,18280.451138996577
forecast_4106,2025-06-21 02:00:00,18272.674123264143,18804.048798009357,18248.63389500047
forecast_4107,2025-06-21 03:00:00,17704.232615686968,18174.65116939199,17674.013561690466
forecast_4108,2025-06-21 04:00:00,17398.38960742153,17982.283019537295,17324.331692152697
forecast_4109,2025-06-21 05:00:00,16140.937977231459,16889.29069430141,16289.657452427818
forecast_4110,2025-06-21 06:00:00,16374.455118191527,16919.179610753014,16201.160357518784
forecast_4111,2025-06-21 07:00:00,16500.88084773638,17237.353995696056,16487.456460098732
forecast_4112,2025-06-21 08:00:00,16541.810476458326,17335.527129581882,16632.69328439852
forecast_4113,2025-06-21 09:00:00,15990.341142122661,16823.099806023336,15787.89474519055
forecast_4114,2025-06-21 10:00:00,12756.082056507134,14005.498920056441,13094.756807487225
forecast_4115,2025-06-21 11:00:00,9931.307934803632,11223.41679890288,10143.963004245217
forecast_4116,2025-06-21 12:00:00,8337.54144637403,9225.732757976146,8023.400189822122
forecast_4117,2025-06-21 13:00:00,6481.2093206789605,7787.843971309985,6635.0839910431005
forecast_4118,2025-06-21 14:00:00,8116.2427243184575,9021.765106292374,7732.916267728436
forecast_4119,2025-06-21 15:00:00,11442.593985284919,11950.16455627479,10415.421944221613
forecast_4120,2025-06-21 16:00:00,11744.870501704909,11981.126985992594,10387.010674981691
forecast_4121,2025-06-21 17:00:00,9750.178634030119,10919.384245159794,9866.101925717188
forecast_4122,2025-06-21 18:00:00,8736.99832499693,9770.681010387236,8556.063654174375
forecast_4123,2025-06-21 19:00:00,10919.45201527728,11753.60807890218,10320.272285078836
forecast_4124,2025-06-21 20:00:00,13023.661512819648,14043.741375084632,12873.73968164259
forecast_4125,2025-06-21 21:00:00,12015.198111203277,13322.52289858247,11942.390449352059
forecast_4126,2025-06-21 22:00:00,13724.297860603734,14778.838334634323,13462.466237698553
forecast_4127,2025-06-21 23:00:00,14675.823079665011,15760.057055520414,14882.822097430144
forecast_4128,2025-06-22 00:00:00,16815.728503332575,17538.66712339307,16870.231703366473
forecast_4129,2025-06-22 01:00:00,17152.229513999144,17703.303244047256,16762.826160894037
forecast_4130,2025-06-22 02:00:00,16520.111869199154,16863.233994393857,15380.554689924116
forecast_4131,2025-06-22 03:00:00,15097.789381755914,15401.376956295782,13576.514302501855
forecast_4132,2025-06-22 04:00:00,13865.192709402223,14284.59700889945,12220.75503948498
forecast_4133,2025-06-22 05:00:00,12418.058765864647,12617.433377733581,10180.074976288568
forecast_4134,2025-06-22 06:00:00,10752.021308227802,10812.444091639782,8291.43004707706
forecast_4135,2025-06-22 07:00:00,9522.816490234221,9722.286315457079,7317.116293855193
forecast_4136,2025-06-22 08:00:00,7226.497871111996,7521.22457304406,5661.8579636096865
forecast_4137,2025-06-22 09:00:00,5053.604604993849,5621.233889193822,4520.660939181493
forecast_4138,2025-06-22 10:00:00,4866.547167227234,5036.972047011795,4040.4251757401676
forecast_4139,2025-06-22 11:00:00,5179.084447718994,5514.299875892971,4513.6704652221015
forecast_4140,2025-06-22 12:00:00,7219.563859649448,7199.194217395345,5867.603534223939
forecast_4141,2025-06-22 13:00:00,6911.719243179523,6632.7771506180925,5286.682910333823
forecast_4142,2025-06-22 14:00:00,5837.1600411201725,5365.953423684715,4185.734265472305
forecast_4143,2025-06-22 15:00:00,3654.536608096115,3654.550938333896,3003.632812416236
forecast_4144,2025-06-22 16:00:00,3705.20217770669,3755.7164386067325,3098.7227486717334
forecast_4145,2025-06-22 17:00:00,3252.685788803863,3399.5557897636754,2874.1389530963456
forecast_4146,2025-06-22 18:00:00,4469.360339427747,4485.486232591019,3727.793232318087
forecast_4147,2025-06-22 19:00:00,5426.203037866194,5787.929277425332,4940.3217777895525
forecast_4148,2025-06-22 20:00:00,6321.501658889509,6940.348939581715,5932.03506965942
forecast_4149,2025-06-22 21:00:00,6933.356789000329,7082.327014225488,5710.082057799296
forecast_4150,2025-06-22 22:00:00,6220.872817174943,6437.132818014426,5120.606277240474
forecast_4151,2025-06-22 23:00:00,6057.51011578158,6483.900304208113,5122.033725603769
forecast_4152,2025-06-23 00:00:00,5590.159809354291,6307.747359115132,5020.746782975542
forecast_4153,2025-06-23 01:00:00,4131.45636241552,4809.039659575766,3787.8363991952847
forecast_4154,2025-06-23 02:00:00,3633.3677503388253,4450.146272327518,3563.280212194029
forecast_4155,2025-06-23 03:00:00,3641.9875862269423,4385.445776163151,3449.9723595803566
forecast_4156,2025-06-23 04:00:00,3620.007248121784,4325.666752991923,3310.1366710210305
forecast_4157,2025-06-23 05:00:00,3352.291537296158,3873.3281351410815,2908.7190983467367
forecast_4158,2025-06-23 06:00:00,2137.481107733809,2732.2069796090045,2203.5860861565957
forecast_4159,2025-06-23 07:00:00,1690.1470337641454,2238.4366943540826,1968.395801339998
forecast_4160,2025-06-23 08:00:00,862.8114292176688,1477.4149468307098,1469.284252022518
forecast_4161,2025-06-23 09:00:00,686.7621157776584,1273.2787778754039,1247.7654019142617
forecast_4162,2025-06-23 10:00:00,807.6898183517046,1363.2996760689423,1337.337645035656
forecast_4163,2025-06-23 11:00:00,720.1958671315444,1389.3385515374075,1366.5751951000639
forecast_4164,2025-06-23 12:00:00,662.210661019095,1461.9907391620277,1499.9940990488249
forecast_4165,2025-06-23 13:00:00,847.6473836766963,1583.7191411577255,1616.37500273533
forecast_4166,2025-06-23 14:00:00,1034.3962671018367,1707.004757997761,1729.7029366842917
forecast_4167,2025-06-23 15:00:00,874.0347911688682,1638.6964822134528,1712.4733600309812
forecast_4168,2025-06-23 16:00:00,761.8280148604744,1527.6095866252406,1694.8990054033172
forecast_4169,2025-06-23 17:00:00,702.6675410115565,1486.4083384430742,1633.0781427823767
forecast_4170,2025-06-23 18:00:00,917.3925876118382,1687.028821835453,1768.483304925388
forecast_4171,2025-06-23 19:00:00,887.2069347861014,1906.036143795076,1974.2776085613375
forecast_4172,2025-06-23 20:00:00,889.9077852274671,1775.3632090593337,1752.756638616972
forecast_4173,2025-06-23 21:00:00,564.4511924251534,1495.4484984831868,1485.362780695755
forecast_4174,2025-06-23 22:00:00,461.26270671992245,1322.4134339656039,1282.8327441603399
forecast_4175,2025-06-23 23:00:00,931.1063007860344,2064.5044137165396,2060.227368931105
forecast_4176,2025-06-24 00:00:00,1007.4377304023076,2566.0515595816337,2414.865423154155
forecast_4177,2025-06-24 01:00:00,1313.4821078240147,2136.511450768376,1769.5701740650638
forecast_4178,2025-06-24 02:00:00,1403.4973053195843,2446.752763501994,2231.8535785413756
forecast_4179,2025-06-24 03:00:00,690.844747538287,1695.7427038091128,1500.9525467252245
forecast_4180,2025-06-24 04:00:00,1257.5559521517207,2132.5639797839376,1792.2637628694902
forecast_4181,2025-06-24 05:00:00,1450.9929324933478,2525.2472555585164,2082.6027660866353
forecast_4182,2025-06-24 06:00:00,1638.2980810388817,2518.9375006386044,1957.6017155327488
forecast_4183,2025-06-24 07:00:00,1787.3550203620857,2433.890333356255,1851.7267198310442
forecast_4184,2025-06-24 08:00:00,2404.773699774745,3120.040447262087,2452.554729114387
forecast_4185,2025-06-24 09:00:00,2543.466816597468,3266.6736921704723,2603.05631923549
forecast_4186,2025-06-24 10:00:00,2872.02384593202,3707.345176240532,2882.524252709618
forecast_4187,2025-06-24 11:00:00,2343.2239732352937,3130.168671819479,2599.687342163599
forecast_4188,2025-06-24 12:00:00,2621.9557978719877,3382.760356096229,2787.0540385622458
forecast_4189,2025-06-24 13:00:00,2573.372416950123,3425.1767212163513,2828.9858507858908
forecast_4190,2025-06-24 14:00:00,2668.03255333341,3316.0236270590594,2692.594435071557
forecast_4191,2025-06-24 15:00:00,3017.244345313666,3606.472327084488,2905.25223847816
forecast_4192,2025-06-24 16:00:00,2579.8355671359245,3457.530555780064,2940.003392066113
forecast_4193,2025-06-24 17:00:00,3725.7147211722686,4288.2532496753665,3345.1935533593455
forecast_4194,2025-06-24 18:00:00,2549.7068271675635,3146.7127387789524,2552.472996498854
forecast_4195,2025-06-24 19:00:00,3386.0544941689,4033.1791257389286,3115.753113021927
forecast_4196,2025-06-24 20:00:00,5109.690024432907,5682.51706240424,4279.661562654174
forecast_4197,2025-06-24 21:00:00,5658.866949725179,6222.111880075658,4884.650592925344
forecast_4198,2025-06-24 22:00:00,5970.40907494435,6734.3067417231505,5171.624985124335
forecast_4199,2025-06-24 23:00:00,5972.178335688483,6659.008222339158,5152.4296806371285
forecast_4200,2025-06-25 00:00:00,6724.0857173597215,7366.682114369121,5463.71506399534
forecast_4201,2025-06-25 01:00:00,4911.679606471079,5648.334137245299,4142.055710699171
forecast_4202,2025-06-25 02:00:00,4659.487929813857,5445.870922825594,4031.3761004149087
forecast_4203,2025-06-25 03:00:00,3362.5727431263595,4047.956969292507,2991.8750730080515
forecast_4204,2025-06-25 04:00:00,2554.217321834778,3291.1413620411818,2472.5279035513076
forecast_4205,2025-06-25 05:00:00,2786.9072336485838,3542.1496110553776,2658.190981587571
forecast_4206,2025-06-25 06:00:00,3053.2581992325986,3796.224001192842,2890.6498029017826
forecast_4207,2025-06-25 07:00:00,2368.4465944802264,3091.599289176976,2416.519603846427
forecast_4208,2025-06-25 08:00:00,2410.232225830514,3145.1500783428437,2456.52884383176
forecast_4209,2025-06-25 09:00:00,2656.358820853495,3327.3495972050705,2579.3764364511226
forecast_4210,2025-06-25 10:00:00,2098.3251082494808,2823.7601457572173,2252.483130413813
forecast_4211,2025-06-25 11:00:00,1628.663007200246,2375.5848311731124,1926.7377985510764
forecast_4212,2025-06-25 12:00:00,1600.5157280835813,2307.9920110279845,1944.7000393126134
forecast_4213,2025-06-25 13:00:00,1612.7323485335469,2376.9551261923634,2026.1136860085696
forecast_4214,2025-06-25 14:00:00,1394.548649509494,2205.0226467922744,1902.5319621153753
forecast_4215,2025-06-25 15:00:00,1101.9287691756163,1839.329414944634,1622.6607726932953
forecast_4216,2025-06-25 16:00:00,979.7753176409117,1644.1882843702497,1512.874018232301
forecast_4217,2025-06-25 17:00:00,1530.31197909603,2218.050763055088,1827.3573986416125
forecast_4218,2025-06-25 18:00:00,1483.7037236004044,2224.6974287598237,1945.032634516583
forecast_4219,2025-06-25 19:00:00,1405.1303788431405,2066.149880243732,1874.0004286213398
forecast_4220,2025-06-25 20:00:00,1906.7912780597094,2598.973958016173,2376.1343714291165
forecast_4221,2025-06-25 21:00:00,2449.759202646393,3335.7902555392534,2813.2672078159417
forecast_4222,2025-06-25 22:00:00,3243.520396432422,4025.6357048658692,3294.1866161847647
forecast_4223,2025-06-25 23:00:00,4509.735193094872,5395.445583470119,4276.22292855372
forecast_4224,2025-06-26 00:00:00,5710.290808227985,6152.273334019967,4768.023730287053
forecast_4225,2025-06-26 01:00:00,9034.974662330365,9278.867595661708,7356.166728966501
forecast_4226,2025-06-26 02:00:00,11512.216909498216,12339.431470481351,10600.142774603744
forecast_4227,2025-06-26 03:00:00,14203.85688479926,14821.017647265846,13251.8541532517
forecast_4228,2025-06-26 04:00:00,13546.157543134068,14183.337313353288,12603.04734656269
forecast_4229,2025-06-26 05:00:00,13664.633704643395,14250.724569437207,12558.260534265017
forecast_4230,2025-06-26 06:00:00,14335.575153487323,14712.408250480537,12732.55502974623
forecast_4231,2025-06-26 07:00:00,12896.150239852452,13534.966616745638,11617.381268230303
forecast_4232,2025-06-26 08:00:00,12467.109509111518,12895.30773958995,10652.637703938395
forecast_4233,2025-06-26 09:00:00,11909.593833203222,12230.36453802554,9933.95292814723
forecast_4234,2025-06-26 10:00:00,9499.474574568452,9799.94402652184,7785.621691370837
forecast_4235,2025-06-26 11:00:00,6785.163680492391,6997.9920240579195,5411.907433597051
forecast_4236,2025-06-26 12:00:00,6459.91319480368,6409.487297504202,4898.847371986683
forecast_4237,2025-06-26 13:00:00,6057.566582411294,5877.674796285342,4495.166620353921
forecast_4238,2025-06-26 14:00:00,5160.302418904332,5069.279041424295,3954.51672280447
forecast_4239,2025-06-26 15:00:00,6426.49757886015,6283.406741474853,4838.724015384228
forecast_4240,2025-06-26 16:00:00,5990.447582741964,5908.702981014569,4712.329033781078
forecast_4241,2025-06-26 17:00:00,5267.891553973259,5516.935008666386,4498.858999591257
forecast_4242,2025-06-26 18:00:00,5461.154790572238,5628.239449360501,4618.391957452545
forecast_4243,2025-06-26 19:00:00,5984.853963527781,6053.5253798566955,4886.35190793147
forecast_4244,2025-06-26 20:00:00,6558.387013066048,6904.762266829101,5682.906732026391
forecast_4245,2025-06-26 21:00:00,6056.236546567353,6458.765932225104,5291.7206732691075
forecast_4246,2025-06-26 22:00:00,5517.781266007781,6196.070025571442,5148.76610477337
forecast_4247,2025-06-26 23:00:00,4934.052243232595,5819.391967543056,4881.767194231732
forecast_4248,2025-06-27 00:00:00,5060.557692656765,5828.758930448171,4715.906088611901
forecast_4249,2025-06-27 01:00:00,5417.010803263587,6065.730457117493,4750.525878034676
forecast_4250,2025-06-27 02:00:00,4793.93844589865,5352.436193022999,4121.681635471664
forecast_4251,2025-06-27 03:00:00,4896.200598195834,5429.639097875799,4098.10301864068
forecast_4252,2025-06-27 04:00:00,5672.728097537167,6021.106657729134,4445.7882834776765
forecast_4253,2025-06-27 05:00:00,4975.293265737059,5557.942072220023,4142.736945602006
forecast_4254,2025-06-27 06:00:00,3684.8859332550765,4331.863848853479,3230.833840596464
forecast_4255,2025-06-27 07:00:00,3251.456734285789,3991.8553150513385,3032.880318992212
forecast_4256,2025-06-27 08:00:00,2941.8829718705674,3391.0895520288454,2604.2513680403217
forecast_4257,2025-06-27 09:00:00,1738.8392142363887,2307.2860034435466,1961.0155637425505
forecast_4258,2025-06-27 10:00:00,1551.3612928468506,2021.1984675904525,1752.088121348705
forecast_4259,2025-06-27 11:00:00,775.6030349940281,1150.0369066234473,1107.874116443721
forecast_4260,2025-06-27 12:00:00,777.7452503136591,1192.1360216641942,1218.4690131188493
forecast_4261,2025-06-27 13:00:00,1114.6676164157002,1598.964656359092,1492.6377605693924
forecast_4262,2025-06-27 14:00:00,1540.6300681880477,2107.6605362260657,1974.9705142770704
forecast_4263,2025-06-27 15:00:00,1907.8834279492587,2449.675244539364,2189.1536950875843
forecast_4264,2025-06-27 16:00:00,1471.5077856958742,2362.672987987854,2244.7481349464433
forecast_4265,2025-06-27 17:00:00,1110.6005945443515,1978.3667593940163,1982.335061901505
forecast_4266,2025-06-27 18:00:00,1598.9921373105174,2243.9378356874226,2082.500362922673
forecast_4267,2025-06-27 19:00:00,1349.3703037433863,2127.9946058354035,2037.3419278568342
forecast_4268,2025-06-27 20:00:00,1455.5308480374354,2268.0023821170435,2223.618726108308
forecast_4269,2025-06-27 21:00:00,2816.006718813942,3806.056695119073,3313.7530238541162
forecast_4270,2025-06-27 22:00:00,5133.659875980458,5978.192556749113,4856.501934382883
forecast_4271,2025-06-27 23:00:00,5798.344618420579,6662.37926671004,5440.312700985531
forecast_4272,2025-06-28 00:00:00,6311.617382595063,6975.434403105486,5671.985769290156
forecast_4273,2025-06-28 01:00:00,8223.497028623377,9105.66047428059,7647.2474745092395
forecast_4274,2025-06-28 02:00:00,9300.601540805503,9672.51516300339,7792.666766037752
forecast_4275,2025-06-28 03:00:00,10987.563497439156,11501.150447338463,9452.728347271497
forecast_4276,2025-06-28 04:00:00,12293.684519384024,12765.038028096951,10686.797362113548
forecast_4277,2025-06-28 05:00:00,12655.962837057685,13075.79881820294,11003.369373034971
forecast_4278,2025-06-28 06:00:00,10290.556469411837,10900.685923475648,9054.828265035816
forecast_4279,2025-06-28 07:00:00,9737.800511539132,10070.226846143541,7873.515668925029
forecast_4280,2025-06-28 08:00:00,5332.6181014523145,6437.4698000920125,5136.639725959658
forecast_4281,2025-06-28 09:00:00,3925.1437390767196,4715.8261975501,3618.247012982552
forecast_4282,2025-06-28 10:00:00,3614.5800722665954,4428.091873478182,3459.9574175168277
forecast_4283,2025-06-28 11:00:00,2266.9566519067453,2949.0256630277336,2494.4374680487253
forecast_4284,2025-06-28 12:00:00,1343.9219489758912,1950.1693331393387,1789.5101966860864
forecast_4285,2025-06-28 13:00:00,1172.916665389289,1558.9860044361055,1469.547628900419
forecast_4286,2025-06-28 14:00:00,1539.5120542982772,2433.613455823236,2221.657482676888
forecast_4287,2025-06-28 15:00:00,2354.450536049599,3768.2541915604234,3856.7216444538262
forecast_4288,2025-06-28 16:00:00,1811.5345992841276,2743.2275154756167,2457.1072616296815
forecast_4289,2025-06-28 17:00:00,2236.349031290389,2898.6447669806494,2548.1511551686854
forecast_4290,2025-06-28 18:00:00,3918.4379507046765,4660.829707118986,3855.899547455813
forecast_4291,2025-06-28 19:00:00,4927.613085677749,5595.260890320659,4623.606207604165
forecast_4292,2025-06-28 20:00:00,6458.154651492801,6787.448278505027,5555.152737764602
forecast_4293,2025-06-28 21:00:00,8305.356328532122,8864.148427178705,7408.148497773976
forecast_4294,2025-06-28 22:00:00,6622.221347936583,7276.022839947414,6067.55713385652
forecast_4295,2025-06-28 23:00:00,6490.482812251763,6921.893644940188,5623.876478108045
forecast_4296,2025-06-29 00:00:00,6409.3115141262915,7141.135085019489,5838.012288887566
forecast_4297,2025-06-29 01:00:00,9391.645896389435,10286.933820853223,8538.867124420227
forecast_4298,2025-06-29 02:00:00,9252.07152314718,10052.728878625823,8322.777866178727
forecast_4299,2025-06-29 03:00:00,11458.813609290151,12290.196781263488,10397.79341585079
forecast_4300,2025-06-29 04:00:00,12572.848983665092,13691.12207896249,12155.937870422858
forecast_4301,2025-06-29 05:00:00,13729.386406414778,14814.06921069547,13605.833406241152
forecast_4302,2025-06-29 06:00:00,14215.874690281362,14806.368610924092,13252.08840669218
forecast_4303,2025-06-29 07:00:00,12442.13170768255,13033.61686494777,11408.312797563034
forecast_4304,2025-06-29 08:00:00,12101.550425273657,12506.090828729863,10673.74784736328
forecast_4305,2025-06-29 09:00:00,9052.742942537061,9255.130152046277,7517.011976425194
forecast_4306,2025-06-29 10:00:00,6019.210057201369,6221.550556765089,5002.367277057784
forecast_4307,2025-06-29 11:00:00,3860.8661583193552,4333.864487855001,3636.2098538557107
forecast_4308,2025-06-29 12:00:00,3613.109624404947,4141.477765433816,3619.520338946396
forecast_4309,2025-06-29 13:00:00,3165.919186933473,3401.9036189767394,2867.2751966782716
forecast_4310,2025-06-29 14:00:00,3404.6073226784424,3576.462509865277,2988.9991815599387
forecast_4311,2025-06-29 15:00:00,3504.666361151103,3720.150803885933,3133.75287281872
forecast_4312,2025-06-29 16:00:00,4208.0728541061835,4279.157862179505,3536.7274342589435
forecast_4313,2025-06-29 17:00:00,4302.941325055632,4418.8482951789165,3745.2772598533356
forecast_4314,2025-06-29 18:00:00,4261.779431670246,4421.9554729756,3698.5124590646437
forecast_4315,2025-06-29 19:00:00,5146.490265290845,5339.538241146029,4377.392937069928
forecast_4316,2025-06-29 20:00:00,6268.479732453379,6709.636656852243,5642.822074301456
forecast_4317,2025-06-29 21:00:00,8321.072056989533,8898.400350881242,7428.972275076552
forecast_4318,2025-06-29 22:00:00,10056.817770419724,10570.330850308668,9011.406519137672
forecast_4319,2025-06-29 23:00:00,12248.568070202637,13098.972515784204,11588.753422250804
forecast_4320,2025-06-30 00:00:00,12349.991111545982,12931.570703882931,11308.851406645002
forecast_4321,2025-06-30 01:00:00,7771.086215795395,8173.1588225190435,6496.8918108674225
forecast_4322,2025-06-30 02:00:00,7115.668266060731,7504.754074683118,5913.031188583186
forecast_4323,2025-06-30 03:00:00,6691.8750021549195,7249.106788369465,5696.239335114442
forecast_4324,2025-06-30 04:00:00,7845.810185109393,8783.230641313408,7067.610782875123
forecast_4325,2025-06-30 05:00:00,8858.04330413922,9829.665249639002,7994.469642771948
forecast_4326,2025-06-30 06:00:00,10214.477775674497,10885.081305752372,8798.463187333238
forecast_4327,2025-06-30 07:00:00,7634.977306589368,8442.820574937869,6725.481797847866
forecast_4328,2025-06-30 08:00:00,7040.332633808998,7591.89140315127,6020.884685411599
forecast_4329,2025-06-30 09:00:00,5035.534888698809,5593.304376601733,4567.2096125112885
forecast_4330,2025-06-30 10:00:00,3831.8394306624346,4194.1059496797825,3474.74745800716
forecast_4331,2025-06-30 11:00:00,2581.6349141737633,2969.40004349672,2617.195331520912
forecast_4332,2025-06-30 12:00:00,2506.987754789212,2974.8913272231366,2577.1946268613756
forecast_4333,2025-06-30 13:00:00,4097.324257756061,4563.851560315063,3914.6308680262587
forecast_4334,2025-06-30 14:00:00,5077.143831743419,6015.890995625134,5387.309506601623
forecast_4335,2025-06-30 15:00:00,5806.569490853106,6562.813283417992,5823.563899535884
forecast_4336,2025-06-30 16:00:00,7349.554853813295,7813.994351307832,6778.196810958078
forecast_4337,2025-06-30 17:00:00,7511.02665934842,7768.591769433242,6621.658078434357
forecast_4338,2025-06-30 18:00:00,8876.943911704646,8797.556193833352,7142.436837596069
forecast_4339,2025-06-30 19:00:00,9797.335325769269,10463.53265304832,9072.051050940156
forecast_4340,2025-06-30 20:00:00,11972.826501672285,12595.38215082786,11313.626171528946
forecast_4341,2025-06-30 21:00:00,12806.847580402118,13212.530426368532,11850.844030308348
forecast_4342,2025-06-30 22:00:00,13957.41235780023,14733.2360445269,13526.328976024013
forecast_4343,2025-06-30 23:00:00,14465.601211352094,15389.987820398153,14335.571274749369
forecast_4344,2025-07-01 00:00:00,13852.806303438878,14198.792250792525,12474.000101619917
forecast_4345,2025-07-01 01:00:00,10839.194557922347,11337.31495059239,9353.694681352925
forecast_4346,2025-07-01 02:00:00,10466.117546204243,10705.803758536864,8552.074378090863
forecast_4347,2025-07-01 03:00:00,10808.48741420426,11145.364779074069,8918.808616517379
forecast_4348,2025-07-01 04:00:00,11257.878472623685,11605.398814988814,9370.76581942866
forecast_4349,2025-07-01 05:00:00,12839.931399235466,13349.750484709792,11230.905333253213
forecast_4350,2025-07-01 06:00:00,12489.2515193611,12819.794356982562,10612.217458464023
forecast_4351,2025-07-01 07:00:00,9643.79638525927,10067.766551734985,8064.971691092335
forecast_4352,2025-07-01 08:00:00,8878.247701144812,9461.243089019026,7663.435094150036
forecast_4353,2025-07-01 09:00:00,7935.467416697372,8059.604699349199,6346.227204391345
forecast_4354,2025-07-01 10:00:00,7957.290957112699,7934.8407657884145,6292.656002088708
forecast_4355,2025-07-01 11:00:00,7894.0033413683095,7974.516677715816,6442.353446171388
forecast_4356,2025-07-01 12:00:00,8434.183492328488,8571.649103313424,7136.482070018223
forecast_4357,2025-07-01 13:00:00,8388.198528555515,8290.959598849768,6848.359671006877
forecast_4358,2025-07-01 14:00:00,7532.278150998981,7363.703705750735,6127.1636515315295
forecast_4359,2025-07-01 15:00:00,6753.549839407792,6560.6709180397565,5454.7436643047595
forecast_4360,2025-07-01 16:00:00,5685.229184356851,5788.9816536010685,4949.481675073835
forecast_4361,2025-07-01 17:00:00,5859.954406137067,5784.545067701267,4853.669963994305
forecast_4362,2025-07-01 18:00:00,6049.880711132936,6072.271940155224,4979.978662965302
forecast_4363,2025-07-01 19:00:00,7931.970570433834,7793.342149602944,6255.174355468313
forecast_4364,2025-07-01 20:00:00,9434.243364311998,9386.830369920357,7701.802321119087
forecast_4365,2025-07-01 21:00:00,10977.383025072031,11320.645473975277,9578.803167402459
forecast_4366,2025-07-01 22:00:00,10776.826804239357,11015.795320616022,9349.102949776112
forecast_4367,2025-07-01 23:00:00,13065.193864819554,13557.854972064142,11729.899318980884
forecast_4368,2025-07-02 00:00:00,15025.73013307982,15823.63818825653,14614.472060701275
forecast_4369,2025-07-02 01:00:00,16045.144341131574,16390.926974720842,14734.49431270395
forecast_4370,2025-07-02 02:00:00,16740.74724206361,17131.913845861993,15666.562895863663
forecast_4371,2025-07-02 03:00:00,17047.277495336028,17448.32075514007,16115.320414054106
forecast_4372,2025-07-02 04:00:00,16480.504530157166,16937.598014459454,15397.728089338685
forecast_4373,2025-07-02 05:00:00,16131.963493157098,16495.766316712085,14655.874674887316
forecast_4374,2025-07-02 06:00:00,15735.055544795823,16279.006844437023,14568.669327958962
forecast_4375,2025-07-02 07:00:00,15490.732351600824,15919.100657341329,14067.695904787193
forecast_4376,2025-07-02 08:00:00,14782.45464184434,15379.890010497382,13889.769040458508
forecast_4377,2025-07-02 09:00:00,11972.005478815578,12119.420452667287,10208.096254843247
forecast_4378,2025-07-02 10:00:00,9575.311347884031,9502.17440950478,7715.637995812263
forecast_4379,2025-07-02 11:00:00,7524.13010107228,7370.2496210936515,5833.84472297396
forecast_4380,2025-07-02 12:00:00,6761.56663393549,6839.659576758599,5525.102148710848
forecast_4381,2025-07-02 13:00:00,6313.047314109852,6415.907872667371,5344.81253907003
forecast_4382,2025-07-02 14:00:00,5869.693511861354,5763.025280140626,4720.100399172839
forecast_4383,2025-07-02 15:00:00,5963.907375954736,6140.603706704549,5168.624893541854
forecast_4384,2025-07-02 16:00:00,4769.225135587325,4747.254572504439,3943.870753957188
forecast_4385,2025-07-02 17:00:00,4314.220937106495,4595.475221594266,3949.8730139312893
forecast_4386,2025-07-02 18:00:00,4087.585255470256,4091.254197402834,3286.763626215008
forecast_4387,2025-07-02 19:00:00,4124.2724845986195,4203.899264721348,3435.956209935589
forecast_4388,2025-07-02 20:00:00,5083.90158624484,5322.26665323293,4293.370805788357
forecast_4389,2025-07-02 21:00:00,7190.503994537573,7317.408917354882,5841.2706397710945
forecast_4390,2025-07-02 22:00:00,8344.306317046126,8890.94779787732,7288.152638046282
forecast_4391,2025-07-02 23:00:00,9802.303162307875,10202.585687463501,8421.039764092297
forecast_4392,2025-07-03 00:00:00,10670.62509935887,11130.824269238175,9301.734075670498
forecast_4393,2025-07-03 01:00:00,11877.289430131226,12127.662062487927,10039.258174529801
forecast_4394,2025-07-03 02:00:00,13279.83001922565,13480.654031817649,11295.118599266054
forecast_4395,2025-07-03 03:00:00,14333.87336838631,14517.86595562003,12384.501488756874
forecast_4396,2025-07-03 04:00:00,14708.890362662278,14642.932070041079,12389.990752423253
forecast_4397,2025-07-03 05:00:00,15280.306937721614,15205.443913420877,12935.10824547723
forecast_4398,2025-07-03 06:00:00,15193.46205616253,15283.042526629371,13081.068909054795
forecast_4399,2025-07-03 07:00:00,13609.509862469791,14009.28669575195,12008.381352951501
forecast_4400,2025-07-03 08:00:00,13431.868900439715,13968.748262954723,12238.57765954203
forecast_4401,2025-07-03 09:00:00,14339.75102717162,14690.159514049796,13023.17923270733
forecast_4402,2025-07-03 10:00:00,11813.862470673601,12202.412261073316,10597.157478716523
forecast_4403,2025-07-03 11:00:00,10051.698913955484,9928.689235703965,8214.402225344413
forecast_4404,2025-07-03 12:00:00,8664.133238296756,8773.002798135047,7241.557982398184
forecast_4405,2025-07-03 13:00:00,8703.910456952537,8655.988689056347,7134.69267498265
forecast_4406,2025-07-03 14:00:00,9596.380968982608,9661.562497909537,8258.678992252715
forecast_4407,2025-07-03 15:00:00,9976.800349137022,10120.816807234482,8819.766043629543
forecast_4408,2025-07-03 16:00:00,10362.762514924128,10539.419367554958,9361.635114436885
forecast_4409,2025-07-03 17:00:00,9660.74563848784,9899.444087468226,8702.60073711201
forecast_4410,2025-07-03 18:00:00,9460.945769314882,9761.213872548788,8460.458425386272
forecast_4411,2025-07-03 19:00:00,12053.057882709672,12109.859768168582,10663.798293052849
forecast_4412,2025-07-03 20:00:00,14496.659940582045,14770.844999659552,13510.74761536968
forecast_4413,2025-07-03 21:00:00,14623.34751733895,15332.352463524174,14474.8515378917
forecast_4414,2025-07-03 22:00:00,14970.221638809793,15165.450487616796,13747.95808105896
forecast_4415,2025-07-03 23:00:00,15975.92142698695,16151.414876320183,14697.36007173108
forecast_4416,2025-07-04 00:00:00,16908.625601139924,17120.135989110684,15867.010539569143
forecast_4417,2025-07-04 01:00:00,16599.35533690702,16812.42431552582,15394.700542385737
forecast_4418,2025-07-04 02:00:00,17200.81759730712,17493.615069980227,16278.05869300223
forecast_4419,2025-07-04 03:00:00,18174.794519119496,18459.601409723917,17731.96176384603
forecast_4420,2025-07-04 04:00:00,18658.39828090174,18920.026965342797,18450.202037119645
forecast_4421,2025-07-04 05:00:00,19277.230459046903,19437.41280703272,18989.19795486021
forecast_4422,2025-07-04 06:00:00,18827.523568091074,19108.03048719441,18656.29414725508
forecast_4423,2025-07-04 07:00:00,18864.405916528354,19090.098138070647,18609.103773086852
forecast_4424,2025-07-04 08:00:00,18650.085541369663,18929.643222759078,18528.98787135664
forecast_4425,2025-07-04 09:00:00,18016.843833271792,18377.734739700023,17960.373138798306
forecast_4426,2025-07-04 10:00:00,17688.713818464144,18003.69734638856,17550.558811134302
forecast_4427,2025-07-04 11:00:00,17664.505910325883,17882.872329365906,17358.219944327804
forecast_4428,2025-07-04 12:00:00,16826.782947335974,17269.285043172917,16673.717028733714
forecast_4429,2025-07-04 13:00:00,16839.489536378474,17316.519042964133,16810.864902215377
forecast_4430,2025-07-04 14:00:00,16408.52856619525,16798.7311880012,16112.72859125791
forecast_4431,2025-07-04 15:00:00,16645.518349719794,16939.471374329478,16239.262728280326
forecast_4432,2025-07-04 16:00:00,15745.81007529758,16247.289395642816,15563.37268730616
forecast_4433,2025-07-04 17:00:00,17060.127387734385,17514.998398644173,17042.38182170413
forecast_4434,2025-07-04 18:00:00,16729.563604086892,17089.694001375105,16660.81685786276
forecast_4435,2025-07-04 19:00:00,17679.247202192426,17992.18414643226,17526.3768440419
forecast_4436,2025-07-04 20:00:00,18445.786704598715,18736.541773560864,18360.724107842485
forecast_4437,2025-07-04 21:00:00,18105.313796677183,18679.136781653793,18452.194376167983
forecast_4438,2025-07-04 22:00:00,19087.453193720317,19352.150033394315,18995.959791621968
forecast_4439,2025-07-04 23:00:00,19185.97629130535,19467.33521486906,19131.438752161826
forecast_4440,2025-07-05 00:00:00,18705.831166877462,19098.543151242775,18856.50648865547
forecast_4441,2025-07-05 01:00:00,17427.230245834624,17941.67155450408,17331.008337337746
forecast_4442,2025-07-05 02:00:00,17125.381279382193,17813.959957033094,17318.620064900926
forecast_4443,2025-07-05 03:00:00,17358.062512860895,17815.68988328981,17126.102885994656
forecast_4444,2025-07-05 04:00:00,17303.74542276238,17658.256757164665,16790.41838942774
forecast_4445,2025-07-05 05:00:00,17643.955039147746,17979.57223419536,17048.96592930596
forecast_4446,2025-07-05 06:00:00,17024.220298417444,17354.719367732356,16149.215372632838
forecast_4447,2025-07-05 07:00:00,16418.6604443412,17048.793052150013,15835.694404867438
forecast_4448,2025-07-05 08:00:00,15626.581149953252,16105.697024246583,14673.93419158356
forecast_4449,2025-07-05 09:00:00,13509.242324297726,13974.736317312858,12364.323289399537
forecast_4450,2025-07-05 10:00:00,12683.936192545983,13176.955404494049,11647.909801714723
forecast_4451,2025-07-05 11:00:00,10378.747901919287,10967.99186526654,9725.63223638763
forecast_4452,2025-07-05 12:00:00,9148.405814397785,9838.643650685823,8771.033440763935
forecast_4453,2025-07-05 13:00:00,10646.941935511588,10909.842801099954,9427.897713165003
forecast_4454,2025-07-05 14:00:00,10872.1932165076,11297.204985118911,10075.622026310512
forecast_4455,2025-07-05 15:00:00,11395.4723106195,11734.842546661297,10510.521272318429
forecast_4456,2025-07-05 16:00:00,11453.959768355524,12074.314818163457,11116.862889075946
forecast_4457,2025-07-05 17:00:00,11459.93365910617,12020.799184365449,11042.696663290137
forecast_4458,2025-07-05 18:00:00,10953.007319013115,11566.494975563557,10523.379926341153
forecast_4459,2025-07-05 19:00:00,13145.896887771645,13270.171080664004,11915.240790375503
forecast_4460,2025-07-05 20:00:00,15618.801896838131,15900.945226510772,14804.149104740623
forecast_4461,2025-07-05 21:00:00,16789.735142844394,17259.991613621114,16407.000793515894
forecast_4462,2025-07-05 22:00:00,17410.470263067167,17934.205535048346,17379.58373213977
forecast_4463,2025-07-05 23:00:00,18047.339864095105,18395.466022044304,17925.4794234186
forecast_4464,2025-07-06 00:00:00,18360.80737926391,18554.541717389635,17934.520568811295
forecast_4465,2025-07-06 01:00:00,19174.757227150803,19174.73666224362,18325.943466677727
forecast_4466,2025-07-06 02:00:00,19357.21474161646,19295.36355743024,18349.254332252298
forecast_4467,2025-07-06 03:00:00,19228.318704647678,19212.776853756175,18286.402108225997
forecast_4468,2025-07-06 04:00:00,19292.330439330846,19329.246432418287,18472.211441769254
forecast_4469,2025-07-06 05:00:00,19183.399593359238,19192.197735618505,18299.52292054148
forecast_4470,2025-07-06 06:00:00,19041.592569335626,19155.466467421735,18464.79008996469
forecast_4471,2025-07-06 07:00:00,17999.77880364922,18320.73990850831,17467.805022224766
forecast_4472,2025-07-06 08:00:00,16727.245745413584,17220.484890010866,16192.994921240375
forecast_4473,2025-07-06 09:00:00,14523.35176269159,15171.435923323315,13924.983212120162
forecast_4474,2025-07-06 10:00:00,11959.447924001768,12448.298723619759,10910.030113734821
forecast_4475,2025-07-06 11:00:00,9226.88818016861,9750.259859011636,8309.85244980556
forecast_4476,2025-07-06 12:00:00,7902.395473634583,8019.9126664946725,6604.195287496779
forecast_4477,2025-07-06 13:00:00,6077.612577535202,6191.153929316864,5050.115767157472
forecast_4478,2025-07-06 14:00:00,5069.870903747456,5461.908503354571,4608.030851509251
forecast_4479,2025-07-06 15:00:00,4609.983378467569,5079.717796861357,4421.583804308275
forecast_4480,2025-07-06 16:00:00,4116.283292641454,4418.286579325944,3723.822749982061
forecast_4481,2025-07-06 17:00:00,3949.7935624188744,4199.111376166916,3591.8067067112906
forecast_4482,2025-07-06 18:00:00,4724.611332164128,4917.305862752462,4134.25440849639
forecast_4483,2025-07-06 19:00:00,6927.674460713965,6905.682677286924,5677.481292375635
forecast_4484,2025-07-06 20:00:00,8974.16452458943,9041.9601188459,7533.533141353277
forecast_4485,2025-07-06 21:00:00,10670.583385935155,10801.008050323257,9064.562340554465
forecast_4486,2025-07-06 22:00:00,10928.156843302015,11006.092897946479,9220.805645917862
forecast_4487,2025-07-06 23:00:00,11838.100660992517,12319.56120064942,10620.492274007665
forecast_4488,2025-07-07 00:00:00,11478.022944539176,12096.259608416727,10536.899842712546
forecast_4489,2025-07-07 01:00:00,10849.494171960316,11225.756995463364,9419.82896792389
forecast_4490,2025-07-07 02:00:00,11320.674063799279,11855.203710263819,9987.003110394628
forecast_4491,2025-07-07 03:00:00,11416.690031573326,11784.887127244714,9736.592315777378
forecast_4492,2025-07-07 04:00:00,9200.666910935357,9559.750234584562,7587.720094222879
forecast_4493,2025-07-07 05:00:00,4394.609423840603,5302.274176567299,4362.382648835794
forecast_4494,2025-07-07 06:00:00,2869.8111201141523,3496.5215244587566,2829.9541286022195
forecast_4495,2025-07-07 07:00:00,2296.408403895449,2865.375003087028,2363.4336713743
forecast_4496,2025-07-07 08:00:00,1268.6232386024944,1954.0583664945732,1798.2492272222357
forecast_4497,2025-07-07 09:00:00,645.9257327329891,1228.6137915096067,1318.8949348214362
forecast_4498,2025-07-07 10:00:00,696.0436757745383,1348.2375647787205,1346.5456140532092
forecast_4499,2025-07-07 11:00:00,728.1558999029954,1307.6808151653295,1331.7656880893605
forecast_4500,2025-07-07 12:00:00,690.8403177570721,1420.4740376191178,1501.438370017537
forecast_4501,2025-07-07 13:00:00,799.573039244275,1713.2119019643626,1741.4884400738003
forecast_4502,2025-07-07 14:00:00,1021.8023717569916,1771.2872021148648,1757.1809494310644
forecast_4503,2025-07-07 15:00:00,1156.5423592129277,1897.4269912347143,1869.7931117656424
forecast_4504,2025-07-07 16:00:00,1051.8605177712452,1894.4767840518307,1851.6313130110957
forecast_4505,2025-07-07 17:00:00,1285.2053413435683,2105.4415464146796,2034.7848281858714
forecast_4506,2025-07-07 18:00:00,1460.4651141245724,2241.504279318635,2151.0075504770325
forecast_4507,2025-07-07 19:00:00,1482.3580532649125,2296.1172448985694,2217.1529350986475
forecast_4508,2025-07-07 20:00:00,1415.3299503185804,2369.4534788892192,2249.641231076226
forecast_4509,2025-07-07 21:00:00,1395.7717293569945,2176.6494918251738,1922.4307828000426
forecast_4510,2025-07-07 22:00:00,1373.2183340199408,2108.439424977865,1866.207268448192
forecast_4511,2025-07-07 23:00:00,1498.3153571035396,2313.5690171514143,2026.464224546657
forecast_4512,2025-07-08 00:00:00,1386.5655108419473,2168.5444905813574,1885.0623968905184
forecast_4513,2025-07-08 01:00:00,1358.3390463283708,1984.2718469513482,1649.7511965322044
forecast_4514,2025-07-08 02:00:00,809.1158587305002,1481.0006787868417,1299.204937092603
forecast_4515,2025-07-08 03:00:00,999.7433304863298,1776.445974596954,1537.2184466758686
forecast_4516,2025-07-08 04:00:00,916.2757184831937,1600.785480185777,1396.377673738523
forecast_4517,2025-07-08 05:00:00,870.4283689979148,1645.704573228967,1446.647108044686
forecast_4518,2025-07-08 06:00:00,901.7756650056801,1586.4019146632731,1401.725496966349
forecast_4519,2025-07-08 07:00:00,900.10914986697,1671.0015224291583,1536.030520417488
forecast_4520,2025-07-08 08:00:00,957.2697706088984,1787.1580289635149,1699.9696047311852
forecast_4521,2025-07-08 09:00:00,852.7338269042358,1776.845209346521,1796.1842129707643
forecast_4522,2025-07-08 10:00:00,840.790666426707,1620.9355043804173,1665.693924091696
forecast_4523,2025-07-08 11:00:00,768.5899891487825,1601.240733486935,1648.3194933230798
forecast_4524,2025-07-08 12:00:00,938.1874464652744,1697.1271355861863,1702.7146750083073
forecast_4525,2025-07-08 13:00:00,1549.827119031756,2362.3096773731077,2154.940369205159
forecast_4526,2025-07-08 14:00:00,1109.441316200276,1732.9006136396006,1685.4755459579799
forecast_4527,2025-07-08 15:00:00,1208.5322002381567,1927.1904400964197,1854.702969241424
forecast_4528,2025-07-08 16:00:00,1208.2381201562112,1850.8565686299821,1805.6406746940925
forecast_4529,2025-07-08 17:00:00,811.6361246611913,1607.6619584014704,1697.0120105292588
forecast_4530,2025-07-08 18:00:00,1234.8781049363517,2144.4839434044,2152.6018019354483
forecast_4531,2025-07-08 19:00:00,1244.5671564709362,2141.8317639679303,2155.7986043891547
forecast_4532,2025-07-08 20:00:00,1256.7732093206419,2199.912648070875,2178.2444915285137
forecast_4533,2025-07-08 21:00:00,1468.574798196157,2358.296663918446,2192.2467466560324
forecast_4534,2025-07-08 22:00:00,1595.8209135835577,2417.3404171327975,2131.293030610885
forecast_4535,2025-07-08 23:00:00,1877.236714237799,2698.645025345156,2312.2323161004215
forecast_4536,2025-07-09 00:00:00,1858.4236321615876,2650.8116749452956,2245.144786352334
forecast_4537,2025-07-09 01:00:00,1590.2032298259355,2488.381470480829,2105.111668797351
forecast_4538,2025-07-09 02:00:00,1672.8538780203041,2557.710182139125,2100.0375368248547
forecast_4539,2025-07-09 03:00:00,1648.3893061326935,2460.9232473239153,1969.201357423259
forecast_4540,2025-07-09 04:00:00,1721.406686420341,2473.4353953873488,1945.6569342755079
forecast_4541,2025-07-09 05:00:00,1909.284029666549,2680.2226753729037,2085.0940920236826
forecast_4542,2025-07-09 06:00:00,1667.034140640036,2380.6533844717615,1872.5327079293288
forecast_4543,2025-07-09 07:00:00,1740.1942087404768,2447.537095734845,2025.660128434702
forecast_4544,2025-07-09 08:00:00,1686.3022278931867,2423.7466356211403,2093.660177667946
forecast_4545,2025-07-09 09:00:00,1602.6611132094436,2349.1210065789064,2084.329197144161
forecast_4546,2025-07-09 10:00:00,1500.8098650491202,2186.9644437371135,1990.8964170568615
forecast_4547,2025-07-09 11:00:00,1261.2980156100107,1988.2689301957826,1881.2397639429503
forecast_4548,2025-07-09 12:00:00,915.4666062881579,1816.3908156224397,1854.2350922552696
forecast_4549,2025-07-09 13:00:00,1046.4361041259738,1971.6119324976341,2003.5509070284518
forecast_4550,2025-07-09 14:00:00,1263.8358618582472,2240.4000753663395,2224.5490480214717
forecast_4551,2025-07-09 15:00:00,1304.7960570313157,2168.2459314795924,2182.9632760865597
forecast_4552,2025-07-09 16:00:00,1331.7871479068435,2181.121598324605,2149.058444816737
forecast_4553,2025-07-09 17:00:00,1361.8402208329383,2220.7094835467665,2174.0787519205546
forecast_4554,2025-07-09 18:00:00,1765.3688050881124,2650.5775777296744,2495.7829106508125
forecast_4555,2025-07-09 19:00:00,1772.2570317151037,2657.8491085705627,2488.893835025136
forecast_4556,2025-07-09 20:00:00,2222.2651458679566,3133.7432320610897,2699.2965484030738
forecast_4557,2025-07-09 21:00:00,3033.559050880711,3756.3716024386877,2991.4035584636836
forecast_4558,2025-07-09 22:00:00,3312.2275372434874,4014.146505624888,3168.5236475147194
forecast_4559,2025-07-09 23:00:00,3668.0497687366237,4341.87927953945,3361.0509588767336
forecast_4560,2025-07-10 00:00:00,3679.015261756459,4312.176630182483,3304.2695589346813
forecast_4561,2025-07-10 01:00:00,3693.0251177691325,4298.035210869679,3169.6439666513697
forecast_4562,2025-07-10 02:00:00,3465.8697616618497,4050.216334327758,3003.5847433197773
forecast_4563,2025-07-10 03:00:00,3293.9757642099694,3996.454356510188,2970.2309900834894
forecast_4564,2025-07-10 04:00:00,3266.221433913905,3994.8002922941378,2926.0817309729123
forecast_4565,2025-07-10 05:00:00,4374.380039663629,4968.6645310772865,3577.2803480418306
forecast_4566,2025-07-10 06:00:00,4621.684600553124,5218.815439928974,3793.726220156491
forecast_4567,2025-07-10 07:00:00,4799.200636656121,5588.757694762202,4181.963318784673
forecast_4568,2025-07-10 08:00:00,5897.560120192131,6704.127257127417,4943.798385436319
forecast_4569,2025-07-10 09:00:00,6110.368946347657,7114.885486532663,5393.6194952313635
forecast_4570,2025-07-10 10:00:00,5721.1849890716885,6403.610302600391,4895.853754569882
forecast_4571,2025-07-10 11:00:00,5272.12603961836,5829.002675934051,4516.334598457798
forecast_4572,2025-07-10 12:00:00,4921.040898161582,5427.554369205751,4223.793358591094
forecast_4573,2025-07-10 13:00:00,4325.965137640842,4720.443302756368,3733.044350747602
forecast_4574,2025-07-10 14:00:00,4159.386287690093,4702.463547926293,3810.255458394601
forecast_4575,2025-07-10 15:00:00,3778.0826631737805,4315.850407390748,3501.0804291275563
forecast_4576,2025-07-10 16:00:00,3712.3908570093004,4393.399502091494,3601.6636426934365
forecast_4577,2025-07-10 17:00:00,3272.9586471202742,4047.5692598821033,3358.441588475874
forecast_4578,2025-07-10 18:00:00,4648.356199413445,5421.614707707653,4328.706566518351
forecast_4579,2025-07-10 19:00:00,5116.471395982158,5955.12572688489,4685.1989368804025
forecast_4580,2025-07-10 20:00:00,6155.370705878146,6821.975855975712,5397.299500868488
forecast_4581,2025-07-10 21:00:00,7276.235596600872,7721.453155615154,5945.5312805437
forecast_4582,2025-07-10 22:00:00,8030.496823198994,8796.407472051706,6940.254307058085
forecast_4583,2025-07-10 23:00:00,7316.528176228932,8180.472594640273,6540.95057755195
forecast_4584,2025-07-11 00:00:00,8135.525394870191,9076.56379565047,7216.214773088226
forecast_4585,2025-07-11 01:00:00,7497.070868995267,8140.480659506892,6225.385930869086
forecast_4586,2025-07-11 02:00:00,7509.9431778643375,8304.999178310207,6341.965890027607
forecast_4587,2025-07-11 03:00:00,7201.827243066116,7861.701234858518,5882.755499908635
forecast_4588,2025-07-11 04:00:00,7096.251355541003,7999.450668242248,6062.711906164734
forecast_4589,2025-07-11 05:00:00,7471.14790842326,8381.450551092197,6428.301391697355
forecast_4590,2025-07-11 06:00:00,7226.33942775498,8036.625981222936,6075.282298877689
forecast_4591,2025-07-11 07:00:00,7279.956518339839,8216.05641604419,6264.40690227717
forecast_4592,2025-07-11 08:00:00,8410.093723788206,9447.052636181044,7210.171132333454
forecast_4593,2025-07-11 09:00:00,8553.864159740024,9400.609310443084,7179.339967239266
forecast_4594,2025-07-11 10:00:00,5995.968420556096,6688.4960959573,4988.069381037769
forecast_4595,2025-07-11 11:00:00,5827.562071294652,6624.359495560626,5137.242765356221
forecast_4596,2025-07-11 12:00:00,6336.449212928322,6870.798833284325,5293.606227931312
forecast_4597,2025-07-11 13:00:00,5814.333529993704,6360.848071527687,4973.21743630168
forecast_4598,2025-07-11 14:00:00,4805.321762108913,5257.397930857316,4076.9219640898805
forecast_4599,2025-07-11 15:00:00,3917.3132995840024,4403.97868281531,3525.0529253971195
forecast_4600,2025-07-11 16:00:00,3450.3085251033704,4137.855632361412,3411.012555391113
forecast_4601,2025-07-11 17:00:00,4024.3706195191244,4768.263602811836,3850.3405236484027
forecast_4602,2025-07-11 18:00:00,5376.176562001696,6082.005081472926,4806.278904392569
forecast_4603,2025-07-11 19:00:00,5873.08316152719,6622.725317763083,5119.664411991678
forecast_4604,2025-07-11 20:00:00,7038.3440010867735,7751.518730255108,5938.068532190319
forecast_4605,2025-07-11 21:00:00,7209.917324102969,7938.482193816617,6175.596255505179
forecast_4606,2025-07-11 22:00:00,6377.811194015594,7068.157074106872,5502.263924793249
forecast_4607,2025-07-11 23:00:00,6805.458538311078,7595.173469507867,5914.074043421037
forecast_4608,2025-07-12 00:00:00,6792.268143877507,7660.851672418075,5960.676499312672
forecast_4609,2025-07-12 01:00:00,5999.283658937601,6477.009079324348,4791.999508897047
forecast_4610,2025-07-12 02:00:00,5054.240308595232,5681.106321655933,4118.962871769322
forecast_4611,2025-07-12 03:00:00,5411.869993483764,6127.225442735204,4449.5023081810905
forecast_4612,2025-07-12 04:00:00,5088.670440516122,5871.049914867584,4224.319432359305
forecast_4613,2025-07-12 05:00:00,4952.724231360991,5468.313178370112,3834.4200463146076
forecast_4614,2025-07-12 06:00:00,3899.438051528565,4590.4360168624635,3415.6609368531226
forecast_4615,2025-07-12 07:00:00,3352.479436612804,3866.805863474243,2819.1910417482486
forecast_4616,2025-07-12 08:00:00,2708.368867071792,3266.7373160183142,2468.701867250839
forecast_4617,2025-07-12 09:00:00,2165.910121190888,2726.940026056093,2159.7161162659663
forecast_4618,2025-07-12 10:00:00,1474.612708136485,2077.4978096301347,1818.011821606652
forecast_4619,2025-07-12 11:00:00,1260.5764121818956,1952.0559682482362,1795.0814574855983
forecast_4620,2025-07-12 12:00:00,1040.6292753502753,1644.444031134379,1558.5693316150114
forecast_4621,2025-07-12 13:00:00,884.3255256492728,1515.8526473787388,1513.6687296687635
forecast_4622,2025-07-12 14:00:00,772.4415435682354,1454.4147349840248,1500.5012747183318
forecast_4623,2025-07-12 15:00:00,877.9564629525773,1613.3821710074606,1686.2741433105873
forecast_4624,2025-07-12 16:00:00,814.9117650647136,1568.2468345796674,1671.6040126016803
forecast_4625,2025-07-12 17:00:00,626.8788561819944,1406.5143304612066,1548.6848386867503
forecast_4626,2025-07-12 18:00:00,968.6041604832564,1736.3913314895508,1777.1760574844147
forecast_4627,2025-07-12 19:00:00,1102.3099726996759,1942.2147821140122,1848.4654561240873
forecast_4628,2025-07-12 20:00:00,1090.7645812886722,2313.71791738523,2177.635203601575
forecast_4629,2025-07-12 21:00:00,2360.0470321450503,3575.3242324559715,3169.1685243180336
forecast_4630,2025-07-12 22:00:00,2910.22830682323,4187.39174587254,3683.03586494877
forecast_4631,2025-07-12 23:00:00,4115.6425037139425,5053.61337221586,4223.781252114609
forecast_4632,2025-07-13 00:00:00,4994.845350006348,5779.476718182563,4705.689126603141
forecast_4633,2025-07-13 01:00:00,5456.350417151366,6213.031748301586,4975.581833680823
forecast_4634,2025-07-13 02:00:00,6229.152641701059,6557.576729179726,5033.407911486462
forecast_4635,2025-07-13 03:00:00,5351.6688666688915,5987.745554159892,4640.909355539357
forecast_4636,2025-07-13 04:00:00,3218.113143987421,3982.4766925008134,3179.4295005915246
forecast_4637,2025-07-13 05:00:00,2741.252898227841,3596.292991535596,2866.340263948027
forecast_4638,2025-07-13 06:00:00,2148.351686147078,2838.180399244924,2307.841245323475
forecast_4639,2025-07-13 07:00:00,1859.8131494176537,2564.1297376820876,2211.792503391628
forecast_4640,2025-07-13 08:00:00,1597.797257257256,2403.863333007943,2145.0765762545393
forecast_4641,2025-07-13 09:00:00,1542.3699912285315,2396.607700671536,2147.3630097251826
forecast_4642,2025-07-13 10:00:00,1364.4454609851257,2101.0835692949763,1932.5264675855915
forecast_4643,2025-07-13 11:00:00,1312.1461907932185,2044.4683614442645,1975.070475559135
forecast_4644,2025-07-13 12:00:00,1432.843409517504,2042.5977475577442,1954.442785341074
forecast_4645,2025-07-13 13:00:00,1175.2081689075171,1743.8214646807278,1704.485130741876
forecast_4646,2025-07-13 14:00:00,902.1276049190641,1420.3762760008415,1458.096785062338
forecast_4647,2025-07-13 15:00:00,813.2266926009834,1279.9132128798901,1329.6705894984816
forecast_4648,2025-07-13 16:00:00,790.2978870275861,1368.9038103129149,1469.9513401285317
forecast_4649,2025-07-13 17:00:00,2996.194164718201,3612.8573228135247,3276.9249574445694
forecast_4650,2025-07-13 18:00:00,3098.43375641069,3622.2688447299215,3219.3183016656494
forecast_4651,2025-07-13 19:00:00,3835.6229836959255,4465.265738144405,3833.4556545686924
forecast_4652,2025-07-13 20:00:00,3226.6780401990336,4261.421840106851,3860.771244863442
forecast_4653,2025-07-13 21:00:00,3791.487037123281,4639.908289532817,3986.1268941807493
forecast_4654,2025-07-13 22:00:00,5034.136680715905,5558.94746788814,4703.643692899429
forecast_4655,2025-07-13 23:00:00,4884.7998727801205,5350.0587878021715,4438.3670599309535
forecast_4656,2025-07-14 00:00:00,5037.624166278807,5878.134255697853,4919.446264734888
forecast_4657,2025-07-14 01:00:00,5183.269751943945,5404.625234125597,4524.409246018088
forecast_4658,2025-07-14 02:00:00,3728.8168136317836,4863.120781568191,4248.913438896752
forecast_4659,2025-07-14 03:00:00,5731.745416912978,5965.303937299022,4723.163667659424
forecast_4660,2025-07-14 04:00:00,4201.15932705565,4553.13687948479,3477.1648567500324
forecast_4661,2025-07-14 05:00:00,4727.437586251864,5246.309656127245,3901.0133188472682
forecast_4662,2025-07-14 06:00:00,6314.9001489044695,6520.262357573092,4776.402677641438
forecast_4663,2025-07-14 07:00:00,6332.205155449692,6793.020192245198,5108.510948407311
forecast_4664,2025-07-14 08:00:00,5289.001085162564,5748.033900801491,4208.767473414557
forecast_4665,2025-07-14 09:00:00,6117.998036978232,6631.586179262886,5047.1168817852995
forecast_4666,2025-07-14 10:00:00,5726.743789981547,6211.1627274808925,4752.368322421114
forecast_4667,2025-07-14 11:00:00,6172.509489190254,6433.542397949121,4743.140946683109
forecast_4668,2025-07-14 12:00:00,4868.1679244362895,5181.227165397429,3903.7847889099385
forecast_4669,2025-07-14 13:00:00,5071.931717764874,5168.3884256765705,3790.033454496366
forecast_4670,2025-07-14 14:00:00,4672.2179316318,4642.3493300505,3435.0627524679408
forecast_4671,2025-07-14 15:00:00,5482.83633095852,5472.990447380595,4125.654035654192
forecast_4672,2025-07-14 16:00:00,7449.979233536324,7406.855952270147,5851.232556863631
forecast_4673,2025-07-14 17:00:00,6683.779576804376,6579.744207874408,5069.581388785276
forecast_4674,2025-07-14 18:00:00,6274.995456088396,6402.500221428256,5041.2076216427895
forecast_4675,2025-07-14 19:00:00,5890.624544915148,5497.9842564066275,4026.35605411564
forecast_4676,2025-07-14 20:00:00,4694.9064057313,4468.8483978066315,3324.8341505939306
forecast_4677,2025-07-14 21:00:00,4000.13003817411,3973.7373192203872,3066.9135168725534
forecast_4678,2025-07-14 22:00:00,4146.638185810092,4197.135645713615,3204.725912591563
forecast_4679,2025-07-14 23:00:00,5418.264920907275,5813.518863477637,4565.166561669611
forecast_4680,2025-07-15 00:00:00,6006.437915082691,5807.688026395177,4369.725655232525
forecast_4681,2025-07-15 01:00:00,10683.975370340773,11045.097197325907,9530.9106481336
forecast_4682,2025-07-15 02:00:00,11577.755195854894,12473.94206781544,11342.9754912229
forecast_4683,2025-07-15 03:00:00,11342.215037992532,11922.061977590034,10585.995624287727
forecast_4684,2025-07-15 04:00:00,10709.141107287573,10809.711123715175,8922.918271345561
forecast_4685,2025-07-15 05:00:00,11157.861829873958,11346.380247763249,9203.307771825452
forecast_4686,2025-07-15 06:00:00,9548.172383020064,9667.259412091922,7583.6857481811
forecast_4687,2025-07-15 07:00:00,6937.756986327695,7567.95431350822,5937.6574101855595
forecast_4688,2025-07-15 08:00:00,6258.620997147884,6956.130070237705,5498.274836430299
forecast_4689,2025-07-15 09:00:00,7708.965059338388,8917.463870796844,7496.954500442783
forecast_4690,2025-07-15 10:00:00,5095.311341927166,5584.165024611899,4572.831091589147
forecast_4691,2025-07-15 11:00:00,3488.8060466626976,4127.619465991424,3437.70870419403
forecast_4692,2025-07-15 12:00:00,3110.493875922829,3523.267371857829,2917.7634868562923
forecast_4693,2025-07-15 13:00:00,3043.5354115992295,3759.4476207762755,3230.3291419130637
forecast_4694,2025-07-15 14:00:00,3134.8879704322726,3584.944850343987,3025.8382584599235
forecast_4695,2025-07-15 15:00:00,3943.4189599341166,4315.987215174381,3553.6691562963038
forecast_4696,2025-07-15 16:00:00,3738.3980499511736,4090.837484556404,3413.1392886689514
forecast_4697,2025-07-15 17:00:00,3161.8556690989803,3913.4983251310714,3412.043561032732
forecast_4698,2025-07-15 18:00:00,3670.050082842149,3962.8071734258547,3310.958862438888
forecast_4699,2025-07-15 19:00:00,2763.052350544892,3055.7040074029737,2544.4810370574464
forecast_4700,2025-07-15 20:00:00,3317.928900792191,3947.110203012252,3347.7509248453516
forecast_4701,2025-07-15 21:00:00,4921.898253190197,5412.112347341179,4338.042980801355
forecast_4702,2025-07-15 22:00:00,4960.403078183164,5369.568442321089,4304.804347545347
forecast_4703,2025-07-15 23:00:00,4878.8185282699205,5447.928944744348,4332.819564373895
forecast_4704,2025-07-16 00:00:00,7091.47047338252,7678.16491754983,6031.29519315721
forecast_4705,2025-07-16 01:00:00,11528.136946147688,11877.456725369684,9797.861603561818
forecast_4706,2025-07-16 02:00:00,14312.993833680563,15163.597702400779,14033.329800245196
forecast_4707,2025-07-16 03:00:00,15283.081971562362,15932.799110796826,15073.405727798296
forecast_4708,2025-07-16 04:00:00,15357.91834583649,15609.47945759726,14300.008320484292
forecast_4709,2025-07-16 05:00:00,15890.951878722897,16426.97418161299,15426.513531166474
forecast_4710,2025-07-16 06:00:00,15356.191121029242,15811.948212547493,14665.785295319038
forecast_4711,2025-07-16 07:00:00,12120.866197541927,12359.699439187614,10803.095248721867
forecast_4712,2025-07-16 08:00:00,10828.627160470514,11511.884303408475,10009.115455741405
forecast_4713,2025-07-16 09:00:00,6955.742279686555,7673.454999776546,6783.9757783012365
forecast_4714,2025-07-16 10:00:00,6900.8685151519385,7375.64646913348,6112.852479379962
forecast_4715,2025-07-16 11:00:00,6348.397226979564,6982.407597516236,5979.750664190172
forecast_4716,2025-07-16 12:00:00,5125.100416859101,5858.92176674702,5030.584998895339
forecast_4717,2025-07-16 13:00:00,8330.196900457788,9255.05258119326,7957.576643929222
forecast_4718,2025-07-16 14:00:00,6026.089296002734,6438.830815845036,5408.352882271782
forecast_4719,2025-07-16 15:00:00,3993.471641228077,4393.508329913533,3490.191733527192
forecast_4720,2025-07-16 16:00:00,4815.702833255296,5214.180220660655,4083.151247963089
forecast_4721,2025-07-16 17:00:00,4630.50375917993,5466.925618385646,4455.949410288575
forecast_4722,2025-07-16 18:00:00,5225.541438094423,6379.509668290442,5423.027071137357
forecast_4723,2025-07-16 19:00:00,5055.464875962752,5417.205946950321,4157.111752742189
forecast_4724,2025-07-16 20:00:00,4639.6214095752985,5257.6060997295235,4111.442709739612
forecast_4725,2025-07-16 21:00:00,6370.683772423219,7056.7358017621345,5543.481844418514
forecast_4726,2025-07-16 22:00:00,7803.7052445195495,8552.771775131865,7000.331210897345
forecast_4727,2025-07-16 23:00:00,12052.369276259462,13090.266895797045,11645.312060427801
forecast_4728,2025-07-17 00:00:00,13254.261183188974,14550.377838727403,13871.973011276628
forecast_4729,2025-07-17 01:00:00,15232.904156455415,16048.630109652877,15459.674608820558
forecast_4730,2025-07-17 02:00:00,15561.920522561924,16383.64359524073,15867.703581913484
forecast_4731,2025-07-17 03:00:00,14997.306367921256,15623.87593299853,14691.504679768816
forecast_4732,2025-07-17 04:00:00,14677.876111684966,15470.077541175171,14317.940047846354
forecast_4733,2025-07-17 05:00:00,14043.343778897983,14951.506845156644,13570.478944986782
forecast_4734,2025-07-17 06:00:00,14814.878166744855,15691.147489893712,14360.761591436647
forecast_4735,2025-07-17 07:00:00,15756.32185181329,17019.39181214408,16585.472104805078
forecast_4736,2025-07-17 08:00:00,15831.06960209749,16946.669418612353,16382.092835548328
forecast_4737,2025-07-17 09:00:00,16248.56565320569,17198.33055204138,16581.009250982333
forecast_4738,2025-07-17 10:00:00,16069.524325265951,16902.64081179839,16236.920460945425
forecast_4739,2025-07-17 11:00:00,14475.678986272937,15554.31916136233,14734.521836027234
forecast_4740,2025-07-17 12:00:00,12777.442652050762,14174.941212053032,13453.977542910114
forecast_4741,2025-07-17 13:00:00,13381.329705303018,14656.420167004362,14006.19062789269
forecast_4742,2025-07-17 14:00:00,14367.190455276657,15510.134131515975,14839.210756830866
forecast_4743,2025-07-17 15:00:00,12754.520736412669,13671.848845201264,12681.349700385977
forecast_4744,2025-07-17 16:00:00,9957.349627604312,11297.414628882187,10624.050525399674
forecast_4745,2025-07-17 17:00:00,8830.85967173284,9913.051197930512,8952.782674627413
forecast_4746,2025-07-17 18:00:00,8262.352084121188,9353.317698823954,8274.111983747916
forecast_4747,2025-07-17 19:00:00,8400.351579882714,9125.83045882905,7949.134112355854
forecast_4748,2025-07-17 20:00:00,8799.89898332828,9574.957400163164,8402.014839225307
forecast_4749,2025-07-17 21:00:00,10563.217508099395,11381.058991215305,9682.041436124577
forecast_4750,2025-07-17 22:00:00,8873.683920253834,9641.438046290974,8109.5116985547265
forecast_4751,2025-07-17 23:00:00,11187.442021799787,12174.437402992771,10610.474316003163
forecast_4752,2025-07-18 00:00:00,12570.466442594725,13721.763706614965,12367.81203424354
forecast_4753,2025-07-18 01:00:00,15003.450378433648,15528.553568571942,14233.290904786758
forecast_4754,2025-07-18 02:00:00,13931.341750422405,15064.877677538403,14027.744039918118
forecast_4755,2025-07-18 03:00:00,14715.697248192117,16001.362958032752,15134.918806833253
forecast_4756,2025-07-18 04:00:00,12967.748405575285,14210.811586714259,13226.243715900946
forecast_4757,2025-07-18 05:00:00,13078.740989303156,14403.605763198371,13072.24482896783
forecast_4758,2025-07-18 06:00:00,12848.11669718543,14012.583316053915,12616.683213822467
forecast_4759,2025-07-18 07:00:00,13925.236705391642,14899.418772412759,13479.076385847213
forecast_4760,2025-07-18 08:00:00,13012.16772217861,13896.824899257008,12223.52100010287
forecast_4761,2025-07-18 09:00:00,13101.723582990337,14237.623152277367,13064.375267711896
forecast_4762,2025-07-18 10:00:00,11301.881798940442,12214.76615644813,10826.494675536862
forecast_4763,2025-07-18 11:00:00,6880.952784016598,8018.178495892294,6932.632434420572
forecast_4764,2025-07-18 12:00:00,3575.5476801467207,5029.258374163419,4573.015856808033
forecast_4765,2025-07-18 13:00:00,2654.3490741977294,3361.358150899069,2905.7053625613935
forecast_4766,2025-07-18 14:00:00,3739.611423341787,4698.010337711261,3919.529644879705
forecast_4767,2025-07-18 15:00:00,3822.834931268902,4956.207961677519,4318.887706233867
forecast_4768,2025-07-18 16:00:00,3684.4743819095656,5103.356868421943,4321.818502140212
forecast_4769,2025-07-18 17:00:00,8470.855426491715,9345.85635739092,7862.9791322194305
forecast_4770,2025-07-18 18:00:00,7920.1195024938725,8157.6106192171255,6750.364077495578
forecast_4771,2025-07-18 19:00:00,6642.407326302032,7237.057667875196,6028.972755737597
forecast_4772,2025-07-18 20:00:00,9126.515750434352,10255.66645850246,8666.719278192222
forecast_4773,2025-07-18 21:00:00,8815.681276079971,9929.265030919492,8929.018618882868
forecast_4774,2025-07-18 22:00:00,11876.021965909873,12488.40395666803,10638.016053658352
forecast_4775,2025-07-18 23:00:00,11379.0806742061,11721.737087604663,9812.011343713497
forecast_4776,2025-07-19 00:00:00,11974.243340517638,12627.77427071915,10791.15886129402
forecast_4777,2025-07-19 01:00:00,9503.179113413724,10616.982140200684,8950.143707642019
forecast_4778,2025-07-19 02:00:00,7451.37328118514,8464.281145233446,6894.16653568885
forecast_4779,2025-07-19 03:00:00,6475.704407595539,7639.462122888245,6145.992754757215
forecast_4780,2025-07-19 04:00:00,7250.6525481870785,8449.42289799557,6835.808096768082
forecast_4781,2025-07-19 05:00:00,7257.390469812923,8219.70488110994,6697.234323160919
forecast_4782,2025-07-19 06:00:00,5937.387449684356,6979.501282166671,5421.697472271475
forecast_4783,2025-07-19 07:00:00,8079.892176805002,9264.30941037597,7663.896680752756
forecast_4784,2025-07-19 08:00:00,7148.767266639429,8058.9007553799,6469.007327782775
forecast_4785,2025-07-19 09:00:00,6704.32713509283,7553.432734668111,6159.317428743382
forecast_4786,2025-07-19 10:00:00,7162.88478144994,8036.635261878564,6466.269288341091
forecast_4787,2025-07-19 11:00:00,11689.082106927113,12780.161876910672,11315.718800892657
forecast_4788,2025-07-19 12:00:00,12576.859688477725,13976.065784795803,13035.25765839351
forecast_4789,2025-07-19 13:00:00,11012.311518371225,12358.9066259203,11302.256918936964
forecast_4790,2025-07-19 14:00:00,12966.387879324628,14016.030761116617,12955.298008594682
forecast_4791,2025-07-19 15:00:00,13610.995219497068,14649.32881657734,13703.742904113178
forecast_4792,2025-07-19 16:00:00,13741.123740867546,14720.133735508416,13839.669561874382
forecast_4793,2025-07-19 17:00:00,12470.383393504191,13310.502869260647,12374.78136470588
forecast_4794,2025-07-19 18:00:00,11425.294864663667,11716.082013956006,10236.30530503534
forecast_4795,2025-07-19 19:00:00,11023.384088386218,11509.55469445293,9991.250271999046
forecast_4796,2025-07-19 20:00:00,11745.948409563209,12398.559675777331,11041.074959135172
forecast_4797,2025-07-19 21:00:00,12065.947274307735,12866.995908031467,11533.680737444214
forecast_4798,2025-07-19 22:00:00,13946.326922993856,15003.19154485422,14120.773357906923
forecast_4799,2025-07-19 23:00:00,10256.68219084807,10909.171257386035,9414.551798360226
forecast_4800,2025-07-20 00:00:00,10642.254098964931,11214.689881433427,9327.420861487364
forecast_4801,2025-07-20 01:00:00,13464.432401419948,14171.426589888091,12831.685597144984
forecast_4802,2025-07-20 02:00:00,14249.673315866614,14952.798513106107,13872.00009956078
forecast_4803,2025-07-20 03:00:00,14534.979151835123,14924.7925344097,13488.122221069454
forecast_4804,2025-07-20 04:00:00,14213.02763618441,14798.183589196018,13277.626475835117
forecast_4805,2025-07-20 05:00:00,13242.684168696283,13531.819492238334,12086.554041921729
forecast_4806,2025-07-20 06:00:00,12895.921797826635,13567.514123237055,11828.421174082061
forecast_4807,2025-07-20 07:00:00,12879.01607478055,13462.71683044072,11482.849167405595
forecast_4808,2025-07-20 08:00:00,11203.7318697675,12178.342758572933,10343.289950088556
forecast_4809,2025-07-20 09:00:00,9252.334245270406,10198.783306718098,8611.441531851122
forecast_4810,2025-07-20 10:00:00,9109.032583702981,9856.119802770685,8314.465504659325
forecast_4811,2025-07-20 11:00:00,9084.700433548143,9360.782029493552,7732.337255111566
forecast_4812,2025-07-20 12:00:00,7257.691234893977,7641.253304023192,6384.442409457382
forecast_4813,2025-07-20 13:00:00,5576.578081922143,5989.333499972381,5076.957590815225
forecast_4814,2025-07-20 14:00:00,4401.007984724357,4644.544961752423,3942.3212077318885
forecast_4815,2025-07-20 15:00:00,4301.698524635534,4803.686066215991,4124.144244755344
forecast_4816,2025-07-20 16:00:00,3947.0940447532466,4273.86279555942,3660.827232952982
forecast_4817,2025-07-20 17:00:00,4581.561760220664,5513.465990322025,4844.589549761172
forecast_4818,2025-07-20 18:00:00,4835.182348183929,5186.2335383819,4235.374206259096
forecast_4819,2025-07-20 19:00:00,5979.044546590084,6451.417190148163,5179.421738748089
forecast_4820,2025-07-20 20:00:00,7086.735341186997,7099.302903415439,5635.784953051367
forecast_4821,2025-07-20 21:00:00,9243.06516523915,9738.08338802912,8053.742605065981
forecast_4822,2025-07-20 22:00:00,11459.488288948245,12354.000483589196,10836.971395759443
forecast_4823,2025-07-20 23:00:00,11858.426197945562,12260.88042497092,10441.42833763468
forecast_4824,2025-07-21 00:00:00,12796.088104714412,13655.630348108276,12079.791252390723
forecast_4825,2025-07-21 01:00:00,12269.615370199437,12436.137885322147,10106.912902371101
forecast_4826,2025-07-21 02:00:00,12915.54811429751,13246.747662919435,10957.148501764328
forecast_4827,2025-07-21 03:00:00,12517.790431531865,12810.400244705903,10459.119856072772
forecast_4828,2025-07-21 04:00:00,10968.729122717192,11589.87622498821,9314.81147346276
forecast_4829,2025-07-21 05:00:00,10292.957996149515,11169.146547489443,8950.11113284875
forecast_4830,2025-07-21 06:00:00,10535.813247865648,11193.597289833979,8919.240790777108
forecast_4831,2025-07-21 07:00:00,10202.21822351367,10670.620694432459,8534.813478709324
forecast_4832,2025-07-21 08:00:00,8758.230012889126,9727.391957770686,8216.426984928334
forecast_4833,2025-07-21 09:00:00,9459.467120249421,9723.897447271955,7987.41859264923
forecast_4834,2025-07-21 10:00:00,9216.81182614523,9534.482082838273,8042.198620679292
forecast_4835,2025-07-21 11:00:00,8858.645867758547,8951.913818433026,7470.000495548334
forecast_4836,2025-07-21 12:00:00,6899.436724696881,6823.896322496972,5632.026819509513
forecast_4837,2025-07-21 13:00:00,7330.980311153677,7199.502307365454,5899.869356496902
forecast_4838,2025-07-21 14:00:00,7414.975327965454,7321.200093997807,6069.008272265186
forecast_4839,2025-07-21 15:00:00,5556.7498942609145,5480.756852764767,4531.809524919185
forecast_4840,2025-07-21 16:00:00,5795.572125794804,5969.997752102081,5028.470055144686
forecast_4841,2025-07-21 17:00:00,5337.525296552614,6110.345633389774,5427.609207837268
forecast_4842,2025-07-21 18:00:00,6146.7100616159205,6927.925960387047,5696.870539130284
forecast_4843,2025-07-21 19:00:00,8897.361713202625,8944.202125281092,7181.36075580187
forecast_4844,2025-07-21 20:00:00,10179.550524983792,10117.758078030201,8313.678090154126
forecast_4845,2025-07-21 21:00:00,12490.347247857953,12858.977560028366,10912.031793039332
forecast_4846,2025-07-21 22:00:00,14040.767481283045,14081.935434311166,12149.09775344688
forecast_4847,2025-07-21 23:00:00,14213.41531703113,14194.102976136102,12123.605637703153
forecast_4848,2025-07-22 00:00:00,13658.085542472783,13667.41478763548,11556.105703402642
forecast_4849,2025-07-22 01:00:00,13361.806818547104,13893.035990076289,11991.63965712575
forecast_4850,2025-07-22 02:00:00,14934.69378481657,15497.549213297247,13842.457723273175
forecast_4851,2025-07-22 03:00:00,14611.233576780955,15013.069367142843,13257.8592685346
forecast_4852,2025-07-22 04:00:00,14387.344042675953,14746.077074349505,12891.408443688242
forecast_4853,2025-07-22 05:00:00,14515.498146527585,14905.49015594972,13070.31315770811
forecast_4854,2025-07-22 06:00:00,14599.634367401362,14994.050252307392,13043.600653351321
forecast_4855,2025-07-22 07:00:00,12547.102401011087,12774.056464513691,10593.51503818727
forecast_4856,2025-07-22 08:00:00,11438.803070004713,11445.943506843205,9125.944380208839
forecast_4857,2025-07-22 09:00:00,8666.678949407853,8592.511062431835,6659.143964467184
forecast_4858,2025-07-22 10:00:00,5542.726024041789,5558.36062197042,4316.994417101085
forecast_4859,2025-07-22 11:00:00,4115.637166036675,4135.335177542852,3285.8257358579895
forecast_4860,2025-07-22 12:00:00,2170.5814715960796,2709.3910680987647,2414.108846685842
forecast_4861,2025-07-22 13:00:00,2355.0162651162955,2725.249953066977,2378.2995734358633
forecast_4862,2025-07-22 14:00:00,3026.0536883354475,3118.4019393399612,2590.6307497864
forecast_4863,2025-07-22 15:00:00,2957.4172111028383,3571.2722151210855,3158.9406035498787
forecast_4864,2025-07-22 16:00:00,2804.1125388246264,3046.857959049723,2596.5398272706934
forecast_4865,2025-07-22 17:00:00,2342.3152917081034,2566.76900344524,2270.0832808688647
forecast_4866,2025-07-22 18:00:00,1706.7479695376337,2066.9018568714205,1918.4763919272389
forecast_4867,2025-07-22 19:00:00,2263.026661809843,2609.7790274616377,2274.3031572674045
forecast_4868,2025-07-22 20:00:00,4591.225145385147,4990.30473931899,4097.040756801308
forecast_4869,2025-07-22 21:00:00,4614.312576473405,5122.231929799548,4222.944428322004
forecast_4870,2025-07-22 22:00:00,5280.606260760855,6061.37078296432,4998.509996662417
forecast_4871,2025-07-22 23:00:00,5346.787369279461,6124.764637838588,4986.13399285006
forecast_4872,2025-07-23 00:00:00,5901.297618192419,6612.383337303608,5310.9670735346035
forecast_4873,2025-07-23 01:00:00,6176.499406298414,6770.9138220982295,5322.2364822830805
forecast_4874,2025-07-23 02:00:00,8096.429902067941,8478.706032574297,6588.239890897775
forecast_4875,2025-07-23 03:00:00,9339.234371091195,9477.915278432869,7254.720606044365
forecast_4876,2025-07-23 04:00:00,9939.864401421757,10204.037910044764,7916.011351374001
forecast_4877,2025-07-23 05:00:00,7919.445129460643,8185.803666079361,6151.904927180405
forecast_4878,2025-07-23 06:00:00,5466.131190477847,5905.312077828683,4473.771282212934
forecast_4879,2025-07-23 07:00:00,4692.137726908809,5251.908997713162,4036.0411580519904
forecast_4880,2025-07-23 08:00:00,3850.408780435291,4347.99977191634,3427.7209431619376
forecast_4881,2025-07-23 09:00:00,2343.4964681408023,2856.3722481594086,2421.312853785352
forecast_4882,2025-07-23 10:00:00,1360.7216996893949,1694.5880503859075,1491.9142775279026
forecast_4883,2025-07-23 11:00:00,627.8704608911222,1122.161076048382,1133.2253547609762
forecast_4884,2025-07-23 12:00:00,896.7459887622483,1420.6447633425214,1398.7841092823178
forecast_4885,2025-07-23 13:00:00,719.5743854810137,1458.9870036065229,1535.357264975462
forecast_4886,2025-07-23 14:00:00,1018.7320700086648,1616.7767934583314,1625.7319043439009
forecast_4887,2025-07-23 15:00:00,1961.5234631056974,2777.184664012399,2578.512948169009
forecast_4888,2025-07-23 16:00:00,1590.53359247627,2219.992976677944,2210.829554487257
forecast_4889,2025-07-23 17:00:00,1029.2357471896898,1663.0896565605715,1730.823908351704
forecast_4890,2025-07-23 18:00:00,1061.8696264531475,2014.0446744994977,2020.3410013400915
forecast_4891,2025-07-23 19:00:00,1941.3363933614296,2976.087177681834,2692.191884992504
forecast_4892,2025-07-23 20:00:00,2082.09235688878,2784.148574537986,2401.137226450939
forecast_4893,2025-07-23 21:00:00,3664.7556908859888,4770.330877536596,4061.9706053255886
forecast_4894,2025-07-23 22:00:00,5016.69454650425,5768.949666768557,4774.857959853176
forecast_4895,2025-07-23 23:00:00,5010.273246309476,5600.604157204296,4607.676629666434
forecast_4896,2025-07-24 00:00:00,5745.87806599208,6604.571670200406,5379.2517745369905
forecast_4897,2025-07-24 01:00:00,5610.612968306323,6438.797560132942,5153.845625470111
forecast_4898,2025-07-24 02:00:00,6808.225690079178,7270.124448418092,5633.924703153538
forecast_4899,2025-07-24 03:00:00,7442.701383659705,7938.547167329483,6144.531350564894
forecast_4900,2025-07-24 04:00:00,8108.1394706585115,8547.416916653037,6581.519779605426
forecast_4901,2025-07-24 05:00:00,7691.509847864659,7920.4323988616625,5937.815581184096
forecast_4902,2025-07-24 06:00:00,6000.090226641391,6320.983973410067,4762.585346658975
forecast_4903,2025-07-24 07:00:00,3990.7998428333026,4583.602955621683,3589.6490759537787
forecast_4904,2025-07-24 08:00:00,2476.5831780142353,3194.151027732225,2669.422283797112
forecast_4905,2025-07-24 09:00:00,1442.8016095422759,2019.9475363858269,1816.8076874289247
forecast_4906,2025-07-24 10:00:00,1607.4715900199167,2355.0787475595444,2212.4558756331576
forecast_4907,2025-07-24 11:00:00,935.9731606470723,1772.4477799204992,1807.5875219794605
forecast_4908,2025-07-24 12:00:00,907.3557160325026,1648.7420032638072,1615.2319793123563
forecast_4909,2025-07-24 13:00:00,779.0143603794791,1393.5362308879628,1311.4604837112367
forecast_4910,2025-07-24 14:00:00,873.0690505304691,1606.652265397435,1506.168615401356
forecast_4911,2025-07-24 15:00:00,993.7506939360758,1773.978520180393,1739.8922935497576
forecast_4912,2025-07-24 16:00:00,1044.1488571803009,2073.2088934607295,2097.847629170333
forecast_4913,2025-07-24 17:00:00,1194.640672137055,2284.9824938314446,2252.3665260939156
forecast_4914,2025-07-24 18:00:00,952.9587364222944,1641.184854368301,1585.0328273729067
forecast_4915,2025-07-24 19:00:00,1276.0532367345008,2148.789263699714,1965.218599430621
forecast_4916,2025-07-24 20:00:00,1832.4264379545457,3141.4452583452444,2932.3140923599467
forecast_4917,2025-07-24 21:00:00,2274.9725619961864,3501.7942267281396,3138.010160272847
forecast_4918,2025-07-24 22:00:00,3474.0741505848746,4612.405415314069,3968.0067988798496
forecast_4919,2025-07-24 23:00:00,3666.7663199488925,4670.123075843864,3899.5275890433336
forecast_4920,2025-07-25 00:00:00,3528.263720066975,4424.496550968829,3636.2864404034344
forecast_4921,2025-07-25 01:00:00,3371.400170605998,4221.145872902669,3426.890810841915
forecast_4922,2025-07-25 02:00:00,4569.17978637444,5490.4414783722705,4365.326192255406
forecast_4923,2025-07-25 03:00:00,4738.1921085602025,5592.455621505375,4401.42300981049
forecast_4924,2025-07-25 04:00:00,4569.505010236987,5405.132253604635,4208.10156583909
forecast_4925,2025-07-25 05:00:00,4422.079514834115,5278.409017447824,4081.1020044498378
forecast_4926,2025-07-25 06:00:00,3399.358935002948,4336.32018370123,3392.524335701873
forecast_4927,2025-07-25 07:00:00,2867.3955459040826,3686.7529496133675,2905.3700132610493
forecast_4928,2025-07-25 08:00:00,2408.7199870614313,3299.336215252153,2741.243561479738
forecast_4929,2025-07-25 09:00:00,1459.888072499202,2253.0610608420943,2108.286642639315
forecast_4930,2025-07-25 10:00:00,1127.7523214409375,1601.8781748249285,1548.1977864406047
forecast_4931,2025-07-25 11:00:00,962.5451752716684,1650.764316314714,1612.0369226813862
forecast_4932,2025-07-25 12:00:00,920.1578560052192,2008.9675280944102,2061.315437438817
forecast_4933,2025-07-25 13:00:00,510.74422805551785,1377.7199096635277,1481.6841069286122
forecast_4934,2025-07-25 14:00:00,682.210553516317,1576.5891994083975,1697.1839657023966
forecast_4935,2025-07-25 15:00:00,917.4784919300654,1836.33626100878,1912.8715718145572
forecast_4936,2025-07-25 16:00:00,1216.2689412409538,2109.179986712197,2153.4761419015967
forecast_4937,2025-07-25 17:00:00,880.5057005254286,1794.039747099675,1815.296033640476
forecast_4938,2025-07-25 18:00:00,1288.5861340033307,2147.28401114557,2086.0682465018895
forecast_4939,2025-07-25 19:00:00,2411.425757975978,3336.8352382990483,2996.067506701139
forecast_4940,2025-07-25 20:00:00,3235.9131405955727,4125.476882382052,3550.22389238815
forecast_4941,2025-07-25 21:00:00,3915.2001877668345,4709.948683542192,3988.9310538861882
forecast_4942,2025-07-25 22:00:00,4606.027461129793,5209.399176424184,4284.71944089926
forecast_4943,2025-07-25 23:00:00,4575.780987115018,5316.196242953376,4362.2970797036505
forecast_4944,2025-07-26 00:00:00,4786.277623115196,5534.969699611571,4490.234045539365
forecast_4945,2025-07-26 01:00:00,8150.31802343972,8924.51234882652,7305.281547833769
forecast_4946,2025-07-26 02:00:00,7086.322717970821,7745.731616448349,6192.185731566095
forecast_4947,2025-07-26 03:00:00,7334.985960328649,8159.301892632356,6526.540219761628
forecast_4948,2025-07-26 04:00:00,6885.555533972444,7714.714695875238,6080.447987926342
forecast_4949,2025-07-26 05:00:00,5773.171111398864,6363.144636683506,4910.279737339613
forecast_4950,2025-07-26 06:00:00,4438.23935860482,5109.516206446397,3917.9722021534144
forecast_4951,2025-07-26 07:00:00,3863.144695346911,4619.804183696433,3720.210007345774
forecast_4952,2025-07-26 08:00:00,2185.746520465068,2970.1320432449147,2459.662954563238
forecast_4953,2025-07-26 09:00:00,1665.5396075557228,2405.826695484853,2162.31858368263
forecast_4954,2025-07-26 10:00:00,1437.4382087490524,2349.8030185501084,2231.927946776665
forecast_4955,2025-07-26 11:00:00,1125.9314015621987,1829.400877315498,1784.125810099005
forecast_4956,2025-07-26 12:00:00,1348.394287905892,2238.1458067271515,2258.996478056952
forecast_4957,2025-07-26 13:00:00,1141.0646945694675,2061.5186799749313,2093.6093946175747
forecast_4958,2025-07-26 14:00:00,875.363864541841,1732.7629753267465,1817.7672290934302
forecast_4959,2025-07-26 15:00:00,828.2901803098953,1748.490965130726,1840.0512440592765
forecast_4960,2025-07-26 16:00:00,748.8131051297107,1509.0981998188845,1640.774871752561
forecast_4961,2025-07-26 17:00:00,783.9885528877473,1468.3742571577695,1557.696549915673
forecast_4962,2025-07-26 18:00:00,1054.051408149031,2096.8829744284767,2039.1271452717856
forecast_4963,2025-07-26 19:00:00,1480.2436447869354,2307.2994389389,2125.875147771517
forecast_4964,2025-07-26 20:00:00,2217.253250315238,3049.4574837178216,2702.5110326123213
forecast_4965,2025-07-26 21:00:00,3036.665307580406,3865.243128837221,3319.4174374991794
forecast_4966,2025-07-26 22:00:00,3586.5644429365266,4354.417895694491,3607.82758361829
forecast_4967,2025-07-26 23:00:00,5359.0308879805725,6157.693851772724,5027.495746053271
forecast_4968,2025-07-27 00:00:00,6106.413458201938,6663.186417878185,5307.276565257089
forecast_4969,2025-07-27 01:00:00,9693.540054637733,10254.18278915485,8269.842527611612
forecast_4970,2025-07-27 02:00:00,8942.286445384625,9588.52595007177,7705.137482208469
forecast_4971,2025-07-27 03:00:00,8295.653059173612,9237.79109765229,7441.961043307106
forecast_4972,2025-07-27 04:00:00,7602.740586219324,8579.559254663465,6874.464185302984
forecast_4973,2025-07-27 05:00:00,7070.824866102926,7938.219344361682,6242.310905608818
forecast_4974,2025-07-27 06:00:00,6443.347055685595,7094.479216799256,5476.388076444172
forecast_4975,2025-07-27 07:00:00,4587.193476054249,5367.516160065323,4189.933954428875
forecast_4976,2025-07-27 08:00:00,3607.202650379948,4385.419183002662,3527.430438919227
forecast_4977,2025-07-27 09:00:00,1966.2494534219638,2838.783438270195,2513.2678506176044
forecast_4978,2025-07-27 10:00:00,1615.0113814865986,2373.710195856741,2216.4394963505983
forecast_4979,2025-07-27 11:00:00,1459.6332953588394,2099.6168358936557,2022.443579296439
forecast_4980,2025-07-27 12:00:00,1227.4693907045562,1904.7640003637202,1905.1842674647335
forecast_4981,2025-07-27 13:00:00,992.0151621266991,1743.2247574680428,1812.0254804818542
forecast_4982,2025-07-27 14:00:00,961.9307867783327,1691.411761899448,1767.565123907468
forecast_4983,2025-07-27 15:00:00,1219.0174980945894,1844.4566584383817,1817.2858046856034
forecast_4984,2025-07-27 16:00:00,2173.4660812891043,2839.900316951842,2663.219374994278
forecast_4985,2025-07-27 17:00:00,1976.3029681436144,2506.6840765545094,2385.199292644304
forecast_4986,2025-07-27 18:00:00,2148.787193061303,3066.9771783529663,2846.973781544603
forecast_4987,2025-07-27 19:00:00,3721.8767933258187,4629.58035819834,4016.390840923993
forecast_4988,2025-07-27 20:00:00,4769.616400474624,5642.637232218549,4838.325877739703
forecast_4989,2025-07-27 21:00:00,5439.105877124334,6187.9684412095485,5206.35694007841
forecast_4990,2025-07-27 22:00:00,6512.320675449446,7301.2896966882,6081.34063976771
forecast_4991,2025-07-27 23:00:00,6698.597176519473,7382.268968144854,6079.251313389002
forecast_4992,2025-07-28 00:00:00,7843.818276697642,8573.77490055611,7082.14775502778
forecast_4993,2025-07-28 01:00:00,9084.201173252211,9898.66711602181,8131.485530958855
forecast_4994,2025-07-28 02:00:00,9680.644275860028,10222.195611660409,8326.118370320579
forecast_4995,2025-07-28 03:00:00,9655.588484158321,10201.383473631615,8241.271661415145
forecast_4996,2025-07-28 04:00:00,9374.585800626552,9557.328654035437,7453.181541207297
forecast_4997,2025-07-28 05:00:00,8877.192907355293,9241.865104823317,7215.035132948569
forecast_4998,2025-07-28 06:00:00,7129.11425168067,7633.0901845442,5893.911994714406
forecast_4999,2025-07-28 07:00:00,5407.370617041175,5761.085687443303,4359.866696074567
forecast_5000,2025-07-28 08:00:00,3738.99192033139,4349.160659624123,3436.009380027342
forecast_5001,2025-07-28 09:00:00,1879.4751760479012,2504.7808991468987,2196.181769482777
forecast_5002,2025-07-28 10:00:00,1083.613865953621,1470.9807419342153,1349.5234647017387
forecast_5003,2025-07-28 11:00:00,740.5859928493641,1078.6794691509097,1054.9397384542578
forecast_5004,2025-07-28 12:00:00,642.8897964083452,1199.3281863451714,1263.2411545360717
forecast_5005,2025-07-28 13:00:00,1170.330512694485,2028.8686789331437,2071.659916630318
forecast_5006,2025-07-28 14:00:00,1277.0227425960256,1899.5424142364377,1878.5032422972852
forecast_5007,2025-07-28 15:00:00,961.6436424849148,1953.7110069465652,1916.5991595001324
forecast_5008,2025-07-28 16:00:00,772.1390910067817,1784.245142380142,1886.7972941860835
forecast_5009,2025-07-28 17:00:00,1191.7545921032465,2055.8516998686323,1918.9102146155342
forecast_5010,2025-07-28 18:00:00,1350.9828619211153,2125.9968822787127,1962.1003020205258
forecast_5011,2025-07-28 19:00:00,1643.1973822411132,2523.277473720397,2396.4479163846077
forecast_5012,2025-07-28 20:00:00,2521.878403925541,3633.622413421099,3243.662166652678
forecast_5013,2025-07-28 21:00:00,2273.288748061431,3478.2047687227337,3159.2994836405214
forecast_5014,2025-07-28 22:00:00,2636.2513143020833,3492.287186931975,3011.295641587685
forecast_5015,2025-07-28 23:00:00,2953.197609951594,3955.4029651828105,3408.7396792317186
forecast_5016,2025-07-29 00:00:00,2789.5460350377366,3951.180458092482,3405.065179662204
forecast_5017,2025-07-29 01:00:00,4048.53722176337,4942.193262262342,4046.6018385933585
forecast_5018,2025-07-29 02:00:00,3947.003100967572,4794.215785227008,3903.5799334803805
forecast_5019,2025-07-29 03:00:00,3848.8524648157245,4751.804218277824,3828.2886416298734
forecast_5020,2025-07-29 04:00:00,4266.83264512713,4942.635854576989,3840.767460905498
forecast_5021,2025-07-29 05:00:00,3522.46183404868,4082.945122189629,3110.1925656792696
forecast_5022,2025-07-29 06:00:00,2312.746193801054,2942.363374822655,2345.673935048609
forecast_5023,2025-07-29 07:00:00,1759.8228729554871,2558.10734193501,2232.3682945190326
forecast_5024,2025-07-29 08:00:00,1347.5820876022983,2161.0702205243897,2024.1021200572436
forecast_5025,2025-07-29 09:00:00,833.2020945117549,1511.4244927019354,1501.9610121859707
forecast_5026,2025-07-29 10:00:00,853.5342337821123,1645.271973901098,1601.969479111913
forecast_5027,2025-07-29 11:00:00,711.3653297623307,1389.2107647523915,1385.7793451648438
forecast_5028,2025-07-29 12:00:00,723.4461320073699,1548.8647763671631,1555.0333841397355
forecast_5029,2025-07-29 13:00:00,1115.922458480408,1835.1928744134102,1744.9788157676956
forecast_5030,2025-07-29 14:00:00,850.3528994622995,1622.7060914886954,1689.8097537750243
forecast_5031,2025-07-29 15:00:00,991.2959981162119,1916.7236635017136,1930.2730942197063
forecast_5032,2025-07-29 16:00:00,741.6746244941295,1589.0200835293404,1672.5273990078033
forecast_5033,2025-07-29 17:00:00,940.3513496559149,1930.5605075092592,1980.8873848939663
forecast_5034,2025-07-29 18:00:00,857.0470392836139,1738.345620953641,1750.1005972967705
forecast_5035,2025-07-29 19:00:00,927.4707419087653,1819.7961976490642,1745.4447447511707
forecast_5036,2025-07-29 20:00:00,1361.1390177584394,2329.5489884411954,2168.390106305975
forecast_5037,2025-07-29 21:00:00,2165.8378328247527,3070.3947552925183,2664.402024947642
forecast_5038,2025-07-29 22:00:00,3064.5465189592737,4020.0226003105995,3433.947849658232
forecast_5039,2025-07-29 23:00:00,3594.2394249741965,4724.655748069136,4042.769566233885
forecast_5040,2025-07-30 00:00:00,4715.3597467358195,5520.429722058798,4547.8633714294665
forecast_5041,2025-07-30 01:00:00,3708.75211289458,4390.559767536755,3515.744589218528
forecast_5042,2025-07-30 02:00:00,4027.617378276401,4700.349654160396,3732.4174302424617
forecast_5043,2025-07-30 03:00:00,4694.323856396259,5183.507177272212,3999.4492082662337
forecast_5044,2025-07-30 04:00:00,3560.3890674315007,4159.102933607321,3232.183476938675
forecast_5045,2025-07-30 05:00:00,2764.9762083601295,3607.494313820398,2859.4144479695797
forecast_5046,2025-07-30 06:00:00,2493.815900136833,3195.717014469091,2579.392089187849
forecast_5047,2025-07-30 07:00:00,1667.8275884094128,2266.1973118310825,1972.9521087517599
forecast_5048,2025-07-30 08:00:00,881.7314105686108,1617.3389109497089,1634.2527269253635
forecast_5049,2025-07-30 09:00:00,854.1877353088839,1621.9504208227797,1576.3773940565666
forecast_5050,2025-07-30 10:00:00,776.4198966501654,1446.7314165759044,1488.9549877304419
forecast_5051,2025-07-30 11:00:00,866.6042034598238,1584.934656858025,1635.2872546793087
forecast_5052,2025-07-30 12:00:00,980.8679924915095,1650.530047677575,1698.6707589164084
forecast_5053,2025-07-30 13:00:00,931.3153648430869,1650.286308476174,1709.3576163273613
forecast_5054,2025-07-30 14:00:00,964.3410968892251,1608.8942091082893,1661.9114321379816
forecast_5055,2025-07-30 15:00:00,1247.7920669032937,1869.1248881411311,1859.8850813888434
forecast_5056,2025-07-30 16:00:00,987.6638148128959,1778.2619834905195,1851.98861821167
forecast_5057,2025-07-30 17:00:00,657.5627340619222,1480.6069170234757,1641.5244645206328
forecast_5058,2025-07-30 18:00:00,864.6205886288607,1888.1458596479551,2015.593639285205
forecast_5059,2025-07-30 19:00:00,1072.7596038268337,1982.8084693614128,1957.5634929645662
forecast_5060,2025-07-30 20:00:00,1116.1317818589384,2026.6582073310922,1921.0235340171346
forecast_5061,2025-07-30 21:00:00,2269.944387619311,3160.5952905033623,2743.320385533212
forecast_5062,2025-07-30 22:00:00,2529.412154727218,3165.5617430227394,2593.732833991585
forecast_5063,2025-07-30 23:00:00,2546.404175534606,3230.978806272562,2638.421105323545
forecast_5064,2025-07-31 00:00:00,2108.9352820798426,2896.6481944712305,2385.5559651202743
forecast_5065,2025-07-31 01:00:00,4561.257058137022,4919.072629338606,3735.2095601055375
forecast_5066,2025-07-31 02:00:00,4445.028234461141,4862.038837888159,3654.849594602888
forecast_5067,2025-07-31 03:00:00,5906.3779124329885,6455.9886057854765,4848.1577073390135
forecast_5068,2025-07-31 04:00:00,5572.293973615627,6201.289300049275,4606.04391655266
forecast_5069,2025-07-31 05:00:00,4218.986338375913,5076.876321753874,3940.7783100649604
forecast_5070,2025-07-31 06:00:00,3291.0326557028784,4532.701667191075,3525.957515658185
forecast_5071,2025-07-31 07:00:00,2477.3077592851987,3431.325607208732,2693.2941608588144
forecast_5072,2025-07-31 08:00:00,2643.7601495375975,3531.458874859742,3138.8155390518914
forecast_5073,2025-07-31 09:00:00,1334.4411054458074,2447.8157845284254,2286.398078675622
forecast_5074,2025-07-31 10:00:00,2098.532090854391,3531.715768061361,3306.786771432214
forecast_5075,2025-07-31 11:00:00,1560.618028126707,2529.090636784583,2403.462004910278
forecast_5076,2025-07-31 12:00:00,1717.5767326185185,2822.9709939944164,2757.607626714505
forecast_5077,2025-07-31 13:00:00,1362.1314710163513,2384.2397078290214,2433.59601705634
forecast_5078,2025-07-31 14:00:00,1283.425510569583,2261.957093774794,2313.4362145653945
forecast_5079,2025-07-31 15:00:00,1004.9217541077219,1870.639925910778,1900.3469512161996
forecast_5080,2025-07-31 16:00:00,754.9116837297258,1625.7730350055788,1704.2873409178264
forecast_5081,2025-07-31 17:00:00,969.3755175642156,1839.9575065758575,1832.543442715476
forecast_5082,2025-07-31 18:00:00,945.69214121389,1871.373374280441,1881.1891919597476
forecast_5083,2025-07-31 19:00:00,1002.0751300634084,1823.4534363576754,1789.7552233057877
forecast_5084,2025-07-31 20:00:00,897.3109118841459,1727.9611098059625,1638.693429041541
forecast_5085,2025-07-31 21:00:00,977.7355050889958,1804.0246699520799,1667.1865414329736
forecast_5086,2025-07-31 22:00:00,1411.4655893833424,2175.446360140367,1918.2743750000207
forecast_5087,2025-07-31 23:00:00,1545.1570642646404,2308.92146213727,1997.6887974366778
forecast_5088,2025-08-01 00:00:00,1788.4574825919635,2545.7377768929346,2112.914647554038
forecast_5089,2025-08-01 01:00:00,2770.0307426360246,4096.4163804622,3433.7332413917857
forecast_5090,2025-08-01 02:00:00,2846.484827816542,3925.6730307000194,3206.4933151109776
forecast_5091,2025-08-01 03:00:00,2902.455182948426,3856.6515660899936,3097.0622025681296
forecast_5092,2025-08-01 04:00:00,2840.195307838433,3713.6795099445517,2918.033845040786
forecast_5093,2025-08-01 05:00:00,2879.597181056759,3651.1492067465692,2848.015474801231
forecast_5094,2025-08-01 06:00:00,1843.0589147039573,2426.7173154232305,1974.701235072589
forecast_5095,2025-08-01 07:00:00,1008.5813333517101,1466.4890805179637,1334.9255124558704
forecast_5096,2025-08-01 08:00:00,847.0593526776818,1511.144106693877,1464.5721005278986
forecast_5097,2025-08-01 09:00:00,654.8820909821084,1250.5245813121921,1289.4676671904658
forecast_5098,2025-08-01 10:00:00,600.9574779049074,1213.3984923736673,1274.0306772048234
forecast_5099,2025-08-01 11:00:00,711.985601761416,1365.51205133527,1372.6959623693324
forecast_5100,2025-08-01 12:00:00,641.3201131097853,1425.455904844485,1460.9482913186164
forecast_5101,2025-08-01 13:00:00,971.8341684272821,1839.9505677135,1774.9320149972723
forecast_5102,2025-08-01 14:00:00,1021.9755152904906,1718.466475070679,1742.743737766696
forecast_5103,2025-08-01 15:00:00,722.5456850464626,1571.470867536225,1671.0590100417578
forecast_5104,2025-08-01 16:00:00,766.0128899849935,1553.9980605321234,1682.5023781106324
forecast_5105,2025-08-01 17:00:00,950.1255796261169,1866.7682606871872,1964.120392240203
forecast_5106,2025-08-01 18:00:00,1248.2280154879322,2198.0583453046966,2218.0553272927077
forecast_5107,2025-08-01 19:00:00,1169.893396231638,2120.3814731615157,2066.5652283892186
forecast_5108,2025-08-01 20:00:00,1079.7219789240812,2013.789730278798,1933.0403380011785
forecast_5109,2025-08-01 21:00:00,1231.5960945403579,2235.9329885102816,2039.368899076869
forecast_5110,2025-08-01 22:00:00,1247.8635863171266,2047.0119440932542,1799.0437505982054
forecast_5111,2025-08-01 23:00:00,1266.868027544916,2228.872657902315,2011.6840699841953
forecast_5112,2025-08-02 00:00:00,1246.2120653275138,2403.3456487565545,2105.8621382303163
forecast_5113,2025-08-02 01:00:00,4230.260636335435,5048.111926359183,4036.7660669020092
forecast_5114,2025-08-02 02:00:00,5739.684266801567,6280.552991597567,4888.1239855716385
forecast_5115,2025-08-02 03:00:00,6721.951590316813,7070.066173049124,5336.159534744059
forecast_5116,2025-08-02 04:00:00,6859.381978073425,7229.693963218711,5447.878998706186
forecast_5117,2025-08-02 05:00:00,7460.7989133853325,7926.607493429168,5979.156662765548
forecast_5118,2025-08-02 06:00:00,8467.769686072683,8651.641340351222,6471.520435508299
forecast_5119,2025-08-02 07:00:00,7033.421368961478,7389.197597078872,5588.644506477931
forecast_5120,2025-08-02 08:00:00,5303.288552989215,6018.314355825865,4655.121251522265
forecast_5121,2025-08-02 09:00:00,3817.101954238864,4743.376854649705,3904.432504421788
forecast_5122,2025-08-02 10:00:00,2429.5641995567794,3082.27453843522,2683.014589538489
forecast_5123,2025-08-02 11:00:00,2184.846276610772,2533.124606656052,2217.323845154847
forecast_5124,2025-08-02 12:00:00,1755.43698834602,2082.50551971738,1884.972221058915
forecast_5125,2025-08-02 13:00:00,1863.1448109978178,2273.2589765815956,2065.9723736441683
forecast_5126,2025-08-02 14:00:00,1624.4899083053124,1923.3626017763647,1693.7981579529473
forecast_5127,2025-08-02 15:00:00,1651.9183252843968,2132.303015887878,1999.4090006618717
forecast_5128,2025-08-02 16:00:00,1392.9569099955174,2274.930855251517,2181.120982240184
forecast_5129,2025-08-02 17:00:00,518.007163086243,1171.896350998978,1339.1012772679328
forecast_5130,2025-08-02 18:00:00,956.7040900396123,1464.300757695649,1465.681866968269
forecast_5131,2025-08-02 19:00:00,2199.8986025072836,2788.6988053712375,2422.503850720875
forecast_5132,2025-08-02 20:00:00,2711.150384611027,3473.484514234111,3009.2659250754036
forecast_5133,2025-08-02 21:00:00,2920.476674464879,3820.1171729457787,3297.4123664075546
forecast_5134,2025-08-02 22:00:00,3404.935050261411,4276.128803993684,3666.9024801414403
forecast_5135,2025-08-02 23:00:00,3412.2796540853005,4123.644832468052,3385.7970174548736
forecast_5136,2025-08-03 00:00:00,3527.6679064838518,4247.87707386863,3431.5877240961418
forecast_5137,2025-08-03 01:00:00,4050.371887879416,4701.173706616082,3729.1602048738314
forecast_5138,2025-08-03 02:00:00,5148.275068225737,5736.201793993092,4490.876791908981
forecast_5139,2025-08-03 03:00:00,5470.960726458952,5965.235653368543,4580.040578066991
forecast_5140,2025-08-03 04:00:00,4936.905266527649,5520.053129691286,4185.612370730127
forecast_5141,2025-08-03 05:00:00,4424.85664792111,5236.225525976086,3992.73703535735
forecast_5142,2025-08-03 06:00:00,3132.3267871705784,3750.5283309387105,2902.1892666653853
forecast_5143,2025-08-03 07:00:00,2189.048055608197,2745.114509233532,2142.341305972974
forecast_5144,2025-08-03 08:00:00,1756.9957499912114,2889.788603737783,2421.0778703923966
forecast_5145,2025-08-03 09:00:00,1915.9231672714288,3012.7243519723243,2684.015262815644
forecast_5146,2025-08-03 10:00:00,1554.7871734319922,2481.0610599891565,2353.5661212306495
forecast_5147,2025-08-03 11:00:00,1213.1009523530947,1898.3791177392143,1898.5542901414685
forecast_5148,2025-08-03 12:00:00,945.6457873568319,1613.6992970645647,1630.9445703190836
forecast_5149,2025-08-03 13:00:00,894.0945407033969,1652.6064067318603,1736.7866551917086
forecast_5150,2025-08-03 14:00:00,1066.4874317026806,1920.2806780058038,1883.535331425832
forecast_5151,2025-08-03 15:00:00,1980.9111316270512,3317.981655290111,3139.5331186784338
forecast_5152,2025-08-03 16:00:00,1236.8807480852083,1936.4696843838342,1894.770615943241
forecast_5153,2025-08-03 17:00:00,2266.1899204949805,3060.6367193006845,2635.1825986086224
forecast_5154,2025-08-03 18:00:00,2923.91484615568,3585.0999340238586,2931.9534926921365
forecast_5155,2025-08-03 19:00:00,4783.575999408351,5668.689763203065,4635.050426099116
forecast_5156,2025-08-03 20:00:00,6635.60837291556,7662.016111672136,6392.269023199395
forecast_5157,2025-08-03 21:00:00,5694.235604025767,6653.818278052718,5424.993367591418
forecast_5158,2025-08-03 22:00:00,4633.82488361167,5626.759619991171,4513.13434855578
forecast_5159,2025-08-03 23:00:00,7290.495581585408,8203.628639115357,6597.322162135568
forecast_5160,2025-08-04 00:00:00,8620.355639773014,9386.894914459332,7605.033679125414
forecast_5161,2025-08-04 01:00:00,4674.832144922559,5118.918644792582,4082.698395690586
forecast_5162,2025-08-04 02:00:00,4515.006581337992,5071.812104315513,4021.760784384002
forecast_5163,2025-08-04 03:00:00,4956.783838933403,6018.936371199005,4759.307232059945
forecast_5164,2025-08-04 04:00:00,6288.640040478148,6574.083322547255,5318.063064516326
forecast_5165,2025-08-04 05:00:00,7029.187893353277,7404.339809587909,5764.997924002355
forecast_5166,2025-08-04 06:00:00,6877.7999126041705,7325.058637646604,5739.061128138637
forecast_5167,2025-08-04 07:00:00,5482.990989567781,5743.221633052459,4316.389380886574
forecast_5168,2025-08-04 08:00:00,7573.9363513621165,8911.019641510573,7368.542151367173
forecast_5169,2025-08-04 09:00:00,6127.812513883004,7005.678007326198,5854.956829145047
forecast_5170,2025-08-04 10:00:00,6541.9632466399435,7763.453581745094,6352.959503125692
forecast_5171,2025-08-04 11:00:00,8571.02335298876,9988.545127680836,8725.2148658557
forecast_5172,2025-08-04 12:00:00,7784.155981184637,9171.61419870588,8074.951816767537
forecast_5173,2025-08-04 13:00:00,5550.039576147372,6249.425654128841,5175.366779400362
forecast_5174,2025-08-04 14:00:00,3368.99181376487,3862.3870170840164,3168.9114885785248
forecast_5175,2025-08-04 15:00:00,2048.6324079796163,3144.2785827168955,2904.298726458377
forecast_5176,2025-08-04 16:00:00,3551.21998048508,4438.464578547372,3773.533360750313
forecast_5177,2025-08-04 17:00:00,3594.389122105489,4232.561439682973,3420.8981985339865
forecast_5178,2025-08-04 18:00:00,3939.7934782830225,5080.255276444665,4371.385431301633
forecast_5179,2025-08-04 19:00:00,5049.438257795944,5988.705220777962,5043.312856207579
forecast_5180,2025-08-04 20:00:00,5116.010183020916,5917.328651165417,4996.241953101397
forecast_5181,2025-08-04 21:00:00,6467.988412618455,8150.267491558778,7494.808142741622
forecast_5182,2025-08-04 22:00:00,7846.111590639499,9256.345243472904,8617.703457048157
forecast_5183,2025-08-04 23:00:00,8585.413251966213,10080.839119699776,9506.443291752874
forecast_5184,2025-08-05 00:00:00,8131.8534472880365,9286.857749727425,8517.417360800206
forecast_5185,2025-08-05 01:00:00,5849.644563763617,6285.2738302127445,4926.674790474859
forecast_5186,2025-08-05 02:00:00,5054.108752013692,5009.277402337788,3718.6297595674614
forecast_5187,2025-08-05 03:00:00,4686.809356032003,4762.880602463542,3653.614638721836
forecast_5188,2025-08-05 04:00:00,3869.4244800565916,4161.722110148973,3124.20629431814
forecast_5189,2025-08-05 05:00:00,3053.4589508702607,3228.0658754494525,2437.423707738582
forecast_5190,2025-08-05 06:00:00,2597.028730011645,2848.5142395900803,2163.5015400791194
forecast_5191,2025-08-05 07:00:00,3154.090491316724,3618.810329498279,2736.1844462583517
forecast_5192,2025-08-05 08:00:00,2984.5408998110634,3391.390206871756,2570.3595312527686
forecast_5193,2025-08-05 09:00:00,1874.5252815249435,2663.221069562319,2261.9453680671636
forecast_5194,2025-08-05 10:00:00,2241.4504240998795,2875.199622415436,2420.836671078138
forecast_5195,2025-08-05 11:00:00,2556.998496736135,3413.6425735670628,2970.545092521059
forecast_5196,2025-08-05 12:00:00,3505.7759020342364,3997.049495611799,3389.0619231336045
forecast_5197,2025-08-05 13:00:00,4663.164827586662,5074.825830416459,4239.848063721029
forecast_5198,2025-08-05 14:00:00,6128.6575432118625,6329.352111295842,5224.864399011555
forecast_5199,2025-08-05 15:00:00,9298.244917528289,10188.601927064916,9219.44137434118
forecast_5200,2025-08-05 16:00:00,10416.074360129413,11216.349007302048,10200.32163820855
forecast_5201,2025-08-05 17:00:00,9689.114285454812,10189.495188794703,8954.751813446119
forecast_5202,2025-08-05 18:00:00,7887.598589788212,8428.474634429014,7347.5466712736625
forecast_5203,2025-08-05 19:00:00,7357.143952318926,6891.34218771614,5296.29768947223
forecast_5204,2025-08-05 20:00:00,8919.675567230475,8434.34132499255,6503.772347325905
forecast_5205,2025-08-05 21:00:00,8492.542263399777,8210.376680661147,6378.914813848635
forecast_5206,2025-08-05 22:00:00,8944.251033814924,8732.64760719765,6787.245122715619
forecast_5207,2025-08-05 23:00:00,7684.9587753625365,7767.297742071311,5993.076675368971
forecast_5208,2025-08-06 00:00:00,7979.108543969585,8306.442590065004,6788.799398866478
forecast_5209,2025-08-06 01:00:00,13646.468736022414,14235.734599535244,13115.452838352543
forecast_5210,2025-08-06 02:00:00,15180.068511061863,15558.104057904598,14392.357731256254
forecast_5211,2025-08-06 03:00:00,13603.941620769448,14047.489289554569,12881.135079554133
forecast_5212,2025-08-06 04:00:00,13153.059309826187,13735.969113545234,12663.634799540127
forecast_5213,2025-08-06 05:00:00,14542.464995537117,15129.474550603856,14096.07168052583
forecast_5214,2025-08-06 06:00:00,14958.52693563639,15557.132368759823,14614.690487459104
forecast_5215,2025-08-06 07:00:00,14532.34039923573,15115.218699731162,14147.329893183845
forecast_5216,2025-08-06 08:00:00,13321.330901895855,14600.765241956504,14202.00093735957
forecast_5217,2025-08-06 09:00:00,13196.93256674339,14496.64654337811,13939.284955044415
forecast_5218,2025-08-06 10:00:00,13694.883346205139,14327.628391290538,13314.130947186248
forecast_5219,2025-08-06 11:00:00,14202.210815514502,14754.088069029847,13746.317579604527
forecast_5220,2025-08-06 12:00:00,15188.58809472551,15356.721971893146,14101.627926462836
forecast_5221,2025-08-06 13:00:00,14461.713991976367,14932.405706506182,13870.689687440034
forecast_5222,2025-08-06 14:00:00,14544.07969359141,15366.281965590424,14537.059187407342
forecast_5223,2025-08-06 15:00:00,16772.268291202126,17107.89317264429,16235.460034320875
forecast_5224,2025-08-06 16:00:00,14971.52309494607,15394.27715311078,14425.526603808103
forecast_5225,2025-08-06 17:00:00,16255.765560397529,17105.33506315733,16615.7602147365
forecast_5226,2025-08-06 18:00:00,17180.81724548647,17911.514502264756,17411.25529869464
forecast_5227,2025-08-06 19:00:00,17178.668467204454,17768.663543402323,17092.132387523314
forecast_5228,2025-08-06 20:00:00,15005.284382610476,15948.290400222855,15465.614341125001
forecast_5229,2025-08-06 21:00:00,16150.790566988715,16801.3471706112,16075.872850579015
forecast_5230,2025-08-06 22:00:00,17442.42563269975,17904.93323464597,17204.504769632753
forecast_5231,2025-08-06 23:00:00,17211.212478660316,17810.377292686368,17275.767805554595
forecast_5232,2025-08-07 00:00:00,17525.413925730485,18117.98871855761,17540.67310614676
forecast_5233,2025-08-07 01:00:00,15009.852929928156,15978.569109081698,15150.8448222863
forecast_5234,2025-08-07 02:00:00,16426.537862834743,16972.61841069877,16099.877025909576
forecast_5235,2025-08-07 03:00:00,16042.159298970018,16743.86998580731,15899.4471104139
forecast_5236,2025-08-07 04:00:00,15788.030888264055,16618.12393446468,15771.165224080969
forecast_5237,2025-08-07 05:00:00,15947.71944436797,17031.13370585014,16461.891175797107
forecast_5238,2025-08-07 06:00:00,15893.1438856238,16868.172914275212,16029.839780687127
forecast_5239,2025-08-07 07:00:00,15745.878070481042,16619.12725955766,15758.269930167025
forecast_5240,2025-08-07 08:00:00,12752.319256077031,13596.948626818059,12276.853020725273
forecast_5241,2025-08-07 09:00:00,9346.833933314483,9518.50368554944,7750.299019620268
forecast_5242,2025-08-07 10:00:00,6637.629011348511,6614.85984690483,5140.565188227998
forecast_5243,2025-08-07 11:00:00,4255.058350105666,4186.773467941556,3256.295698232665
forecast_5244,2025-08-07 12:00:00,3083.917344175528,3164.841082030389,2534.060588312134
forecast_5245,2025-08-07 13:00:00,1341.490003721835,1773.1801096105683,1644.327818804667
forecast_5246,2025-08-07 14:00:00,1254.3224173689578,1829.91828907373,1791.1915823335441
forecast_5247,2025-08-07 15:00:00,1109.921677951121,1920.875372019937,1862.37845904903
forecast_5248,2025-08-07 16:00:00,1236.9101979199886,1783.1200688551237,1771.4762949030032
forecast_5249,2025-08-07 17:00:00,1597.8677805107027,2370.4156484686855,2261.253678013561
forecast_5250,2025-08-07 18:00:00,2358.350934640283,2950.8669810717493,2591.8521575244295
forecast_5251,2025-08-07 19:00:00,2134.8286802409675,2738.861181390398,2374.662026518729
forecast_5252,2025-08-07 20:00:00,2401.7687997444536,3303.879693966195,2860.280019427125
forecast_5253,2025-08-07 21:00:00,3087.840183511499,4404.657270798476,3844.611713774781
forecast_5254,2025-08-07 22:00:00,3938.195207419657,4957.265933001118,4173.365399580773
forecast_5255,2025-08-07 23:00:00,5355.3336694334475,6042.38833702356,4905.412845483163
forecast_5256,2025-08-08 00:00:00,7273.747175278581,7691.382829118671,6010.013984157927
forecast_5257,2025-08-08 01:00:00,6182.216257517974,6820.728569610474,5447.302886418799
forecast_5258,2025-08-08 02:00:00,6307.460650011112,6894.864284262323,5286.988225106955
forecast_5259,2025-08-08 03:00:00,6054.491701733672,6526.48912778713,4867.295534826062
forecast_5260,2025-08-08 04:00:00,4799.59012470722,5481.966349716958,4119.549940265868
forecast_5261,2025-08-08 05:00:00,4023.3743095198042,4842.552094912294,3678.809029290349
forecast_5262,2025-08-08 06:00:00,3110.4168717679777,3867.3639980417647,2981.8462181765854
forecast_5263,2025-08-08 07:00:00,2093.504359608378,2831.2920756998856,2372.623979792358
forecast_5264,2025-08-08 08:00:00,1329.633052968879,1963.7412573561437,1795.2839806772452
forecast_5265,2025-08-08 09:00:00,1198.6301803855329,1956.6623455755825,1850.4966365107728
forecast_5266,2025-08-08 10:00:00,980.5629225737932,1823.1612290631701,1719.7463769284818
forecast_5267,2025-08-08 11:00:00,647.9774149417404,1399.4732032020424,1411.4287041185225
forecast_5268,2025-08-08 12:00:00,652.0638972144305,1413.2125676084981,1421.632981904672
forecast_5269,2025-08-08 13:00:00,892.4964183925941,1667.9471810722089,1676.395242614745
forecast_5270,2025-08-08 14:00:00,1218.037136879606,2002.1552270440534,1896.5620275440651
forecast_5271,2025-08-08 15:00:00,870.2468362729905,1714.4205491814773,1686.9553273498782
forecast_5272,2025-08-08 16:00:00,1232.7899481070149,2014.8551037562283,1912.1131254593092
forecast_5273,2025-08-08 17:00:00,1246.088540580984,2295.277933425574,2150.020858511538
forecast_5274,2025-08-08 18:00:00,1144.346272374491,1970.9500173481317,1914.735940892043
forecast_5275,2025-08-08 19:00:00,1339.2869289342843,2493.091319676036,2534.722827079161
forecast_5276,2025-08-08 20:00:00,1044.4445076452453,1884.4430508467635,1725.8969897164461
forecast_5277,2025-08-08 21:00:00,849.582774874179,1792.3025898373796,1670.385588035356
forecast_5278,2025-08-08 22:00:00,1616.348844469871,2521.5958658850536,2181.693318932603
forecast_5279,2025-08-08 23:00:00,2778.1846829107635,3665.7683271533288,3041.2278997231338
forecast_5280,2025-08-09 00:00:00,3564.7913888659723,4345.235432553687,3495.6826543098896
forecast_5281,2025-08-09 01:00:00,2789.252013486881,3523.1250753412864,2763.119642197463
forecast_5282,2025-08-09 02:00:00,3041.489462047687,3978.422146476212,3149.3511477386437
forecast_5283,2025-08-09 03:00:00,3577.2194023149123,4490.586180287423,3477.541912423033
forecast_5284,2025-08-09 04:00:00,3707.482650115008,4504.324287010983,3438.1782441761097
forecast_5285,2025-08-09 05:00:00,3905.330066697143,4675.482506430451,3612.13746711639
forecast_5286,2025-08-09 06:00:00,3304.0816487418415,4179.023068656872,3251.662211692171
forecast_5287,2025-08-09 07:00:00,3545.3259241613932,4961.849505623863,3920.968256619662
forecast_5288,2025-08-09 08:00:00,3325.5562312302795,4327.551152334975,3417.237682682269
forecast_5289,2025-08-09 09:00:00,2809.7891726580697,3860.7070365548725,3131.144535690049
forecast_5290,2025-08-09 10:00:00,2690.3251589250553,3907.846353569796,3256.639969035001
forecast_5291,2025-08-09 11:00:00,2534.7369563810726,3297.074947956034,2730.335757557628
forecast_5292,2025-08-09 12:00:00,2141.4200309493235,2785.599639286484,2393.059932829369
forecast_5293,2025-08-09 13:00:00,1958.255083400958,2841.3473792030522,2469.297527883947
forecast_5294,2025-08-09 14:00:00,1892.664823567949,2795.086893724496,2495.729072423091
forecast_5295,2025-08-09 15:00:00,1479.274001417979,2334.6233896749422,2092.2606356312986
forecast_5296,2025-08-09 16:00:00,1273.0137554058235,1982.58421252353,1843.35089402398
forecast_5297,2025-08-09 17:00:00,1688.409307257815,2948.8757000297783,2760.017115494173
forecast_5298,2025-08-09 18:00:00,1529.1243700337177,2411.5527021291305,2268.426109193109
forecast_5299,2025-08-09 19:00:00,2798.8062586430538,3872.194382175363,3279.0463942254864
forecast_5300,2025-08-09 20:00:00,3547.582349678729,3991.7799305587455,3058.49176155635
forecast_5301,2025-08-09 21:00:00,3546.4214180920744,4167.340708241541,3190.9403313610974
forecast_5302,2025-08-09 22:00:00,2332.571294103689,3298.755729850744,2814.004380268983
forecast_5303,2025-08-09 23:00:00,1540.4694705793404,2231.7486231955027,1894.1260392212716
forecast_5304,2025-08-10 00:00:00,1805.5778490734206,2487.448797691013,2056.075905208672
forecast_5305,2025-08-10 01:00:00,2002.4183261819671,2729.1134723412515,2363.321704445433
forecast_5306,2025-08-10 02:00:00,1461.0569295411312,2170.057383293603,1980.6879513816777
forecast_5307,2025-08-10 03:00:00,1279.2845900675186,2079.664514932458,1933.6364295029157
forecast_5308,2025-08-10 04:00:00,1357.0101538980298,2171.5490571880296,1890.3608895347957
forecast_5309,2025-08-10 05:00:00,1514.0331723730542,2420.2363091038624,1973.6565824652355
forecast_5310,2025-08-10 06:00:00,2078.88228328251,2794.0192622686423,2172.177875013573
forecast_5311,2025-08-10 07:00:00,1733.5692397568514,2448.6612164750054,1916.1629204164012
forecast_5312,2025-08-10 08:00:00,1338.1502691080307,2041.1152384043335,1674.4030485202754
forecast_5313,2025-08-10 09:00:00,1127.759557969953,1866.191469676502,1583.0289100184436
forecast_5314,2025-08-10 10:00:00,1023.5555890758803,1694.8243316506166,1530.7485451696841
forecast_5315,2025-08-10 11:00:00,1013.7689350216822,1661.2423009596243,1488.5916058767295
forecast_5316,2025-08-10 12:00:00,817.4645880155568,1382.4281140907904,1304.5712156570858
forecast_5317,2025-08-10 13:00:00,827.826466608015,1456.9799579358958,1437.9582739054565
forecast_5318,2025-08-10 14:00:00,1004.7407522793291,1757.0862493078466,1706.5086936150067
forecast_5319,2025-08-10 15:00:00,951.3252863081289,1622.9221518638058,1599.3796285231847
forecast_5320,2025-08-10 16:00:00,956.6296047806997,1636.4296851909262,1609.594994945717
forecast_5321,2025-08-10 17:00:00,755.02690810285,1463.5735149188765,1523.7299168623815
forecast_5322,2025-08-10 18:00:00,718.6857702866948,1424.3228436425811,1509.7809095333894
forecast_5323,2025-08-10 19:00:00,1084.9624591865127,1880.0427498688705,1865.1066514428908
forecast_5324,2025-08-10 20:00:00,904.7490920233474,1724.6558180511274,1691.5874332503372
forecast_5325,2025-08-10 21:00:00,1346.008154831098,2225.6913988685255,2058.649605832928
forecast_5326,2025-08-10 22:00:00,989.7280125234208,1792.5175821988903,1623.9759345724617
forecast_5327,2025-08-10 23:00:00,1354.748553931157,2167.642019156472,1828.9333005317078
forecast_5328,2025-08-11 00:00:00,1357.5869045631707,2561.59545102995,2272.8338465547167
forecast_5329,2025-08-11 01:00:00,1035.0872291037301,1874.5296036566997,1761.5872215439035
forecast_5330,2025-08-11 02:00:00,1323.6263216289203,2362.8760747154765,2170.3167810119508
forecast_5331,2025-08-11 03:00:00,1496.8124308357876,2814.344455070185,2486.7124911466144
forecast_5332,2025-08-11 04:00:00,1171.0803644915609,2161.6695294342226,1898.3277031807513
forecast_5333,2025-08-11 05:00:00,1303.3830445337676,2248.403512716707,1993.0233590653238
forecast_5334,2025-08-11 06:00:00,1320.138391098729,2186.4504385077653,1849.0294904282944
forecast_5335,2025-08-11 07:00:00,976.4090382102431,1649.6860728412987,1469.5786564605341
forecast_5336,2025-08-11 08:00:00,964.2515206934829,1784.4382082971197,1617.4160557376742
forecast_5337,2025-08-11 09:00:00,1008.9622930856567,1886.4296701078713,1747.1096774654975
forecast_5338,2025-08-11 10:00:00,812.3228516003269,1643.073018149655,1609.134398776231
forecast_5339,2025-08-11 11:00:00,648.3032353421366,1416.2984632168905,1444.610708121009
forecast_5340,2025-08-11 12:00:00,764.6545022592886,1598.2117158112253,1583.4006582390243
forecast_5341,2025-08-11 13:00:00,635.426258985105,1593.005517511761,1626.4807689112606
forecast_5342,2025-08-11 14:00:00,513.0867796765231,1400.0798086026573,1482.6746079462673
forecast_5343,2025-08-11 15:00:00,679.132540738988,1576.044625708162,1608.5753123869806
forecast_5344,2025-08-11 16:00:00,1116.2602674085497,2414.418725266341,2444.5137854721947
forecast_5345,2025-08-11 17:00:00,1219.2269469993778,2017.3384814588585,1917.0630666592585
forecast_5346,2025-08-11 18:00:00,956.3002280507706,1872.0768709144518,1897.36435367968
forecast_5347,2025-08-11 19:00:00,1018.8916735040095,2069.055560254342,1975.9861903483527
forecast_5348,2025-08-11 20:00:00,739.5570765186125,1564.242018770246,1520.4856676840016
forecast_5349,2025-08-11 21:00:00,866.8232092969143,1676.9948027396351,1544.5342799407772
forecast_5350,2025-08-11 22:00:00,1156.7004206347394,2145.7180112064625,2102.9977489448934
forecast_5351,2025-08-11 23:00:00,1495.8245631211564,2191.0326740603928,2004.671649379918
forecast_5352,2025-08-12 00:00:00,1532.6249560448468,2111.753249495552,1892.498452712387
forecast_5353,2025-08-12 01:00:00,1796.8894620541212,2894.8101382142477,2561.7687724490006
forecast_5354,2025-08-12 02:00:00,2437.208746116634,3414.5370656245595,2871.5867228711636
forecast_5355,2025-08-12 03:00:00,2828.7530810928465,3524.652625646087,2816.2151656503743
forecast_5356,2025-08-12 04:00:00,2429.8917418039355,3044.6889490162143,2493.9430611977823
forecast_5357,2025-08-12 05:00:00,2344.669115858466,3058.612917444435,2536.24213578566
forecast_5358,2025-08-12 06:00:00,1929.0846099023593,2719.1975548314986,2245.666119158212
forecast_5359,2025-08-12 07:00:00,1644.334120848364,2273.258360522863,1884.7130969971256
forecast_5360,2025-08-12 08:00:00,842.0799320425502,1621.4299552659324,1450.9784860618734
forecast_5361,2025-08-12 09:00:00,865.1179310094637,1598.5750307762828,1445.1178319793073
forecast_5362,2025-08-12 10:00:00,1020.2551308147338,1680.6247242552704,1532.7981088301144
forecast_5363,2025-08-12 11:00:00,1029.816852880378,1782.3063809096059,1675.6856427224193
forecast_5364,2025-08-12 12:00:00,672.8457475704116,1457.784848718752,1459.2046332371076
forecast_5365,2025-08-12 13:00:00,769.9317227556851,1642.646859444538,1619.6798643370232
forecast_5366,2025-08-12 14:00:00,983.0894314886494,1845.395441465452,1745.4562310565464
forecast_5367,2025-08-12 15:00:00,843.2932307571257,1719.9472983988878,1746.9110922657662
forecast_5368,2025-08-12 16:00:00,1108.5423696507912,2171.3423625379337,2252.2095087085286
forecast_5369,2025-08-12 17:00:00,1421.9991117819297,2324.6309962855657,2167.254284712382
forecast_5370,2025-08-12 18:00:00,2068.4438744377962,3186.5767531216184,2818.6315233798505
forecast_5371,2025-08-12 19:00:00,2414.0862963549675,3166.065546747678,2704.315309212003
forecast_5372,2025-08-12 20:00:00,2483.5520923695776,3328.4463922003456,2817.5814817802247
forecast_5373,2025-08-12 21:00:00,1643.9808629388822,2554.4891447045466,2255.407499825769
forecast_5374,2025-08-12 22:00:00,2518.505930056296,3306.934097956909,2707.719765462126
forecast_5375,2025-08-12 23:00:00,3042.9384353204114,3633.0696630983366,2879.511663910047
forecast_5376,2025-08-13 00:00:00,3061.1965104857745,3743.5894234618054,2915.144085756233
forecast_5377,2025-08-13 01:00:00,3614.9583317057873,4318.469529656978,3325.3450849703477
forecast_5378,2025-08-13 02:00:00,3703.1091528672073,4615.513899073365,3555.22887252494
forecast_5379,2025-08-13 03:00:00,3322.2047906262587,4089.6779121153063,3139.98560008107
forecast_5380,2025-08-13 04:00:00,2834.959097471113,3594.6985618431027,2752.3857120424436
forecast_5381,2025-08-13 05:00:00,2742.6578850461588,3614.9555822837883,2814.357683342826
forecast_5382,2025-08-13 06:00:00,4741.943471809,5671.150696844062,4492.2218876744355
forecast_5383,2025-08-13 07:00:00,4418.671760562722,5145.218042501117,4069.143831127665
forecast_5384,2025-08-13 08:00:00,5178.605935314479,6455.67751359882,5137.295389487556
forecast_5385,2025-08-13 09:00:00,7062.087695335049,7975.9733699616045,6079.24321805347
forecast_5386,2025-08-13 10:00:00,7663.76707003543,8587.92411423426,6719.778680344026
forecast_5387,2025-08-13 11:00:00,5825.488257300674,6403.163478849532,4845.590774305593
forecast_5388,2025-08-13 12:00:00,5292.117469770791,6485.465949979049,5130.293974334347
forecast_5389,2025-08-13 13:00:00,4785.455672163622,5575.000497042829,4475.245418036206
forecast_5390,2025-08-13 14:00:00,6216.773221140915,7314.620072778289,6125.164139061154
forecast_5391,2025-08-13 15:00:00,7710.37881301611,8784.743407021453,7603.343619773224
forecast_5392,2025-08-13 16:00:00,8763.92811448501,9632.415434270059,8302.575530527596
forecast_5393,2025-08-13 17:00:00,8808.963736124848,9661.621220253059,8341.685270086191
forecast_5394,2025-08-13 18:00:00,9588.441869198941,10373.9993569324,8986.645565702236
forecast_5395,2025-08-13 19:00:00,12033.445247359072,12793.313770651988,11325.186596709484
forecast_5396,2025-08-13 20:00:00,15971.510824830517,16810.756651950313,15897.576257784196
forecast_5397,2025-08-13 21:00:00,17314.5507756698,17993.254226389734,17262.82854410058
forecast_5398,2025-08-13 22:00:00,18158.25652789412,18826.511152609437,18334.102211901878
forecast_5399,2025-08-13 23:00:00,18589.601363827438,19060.65459830447,18575.120528698015
forecast_5400,2025-08-14 00:00:00,17819.689313564522,18399.03642112678,17799.75030069542
forecast_5401,2025-08-14 01:00:00,17940.073517856697,18541.738393274594,18033.58363542484
forecast_5402,2025-08-14 02:00:00,18161.645004365884,18704.12793857868,18177.871797934968
forecast_5403,2025-08-14 03:00:00,17870.881577002845,18417.642469590715,17903.32939664326
forecast_5404,2025-08-14 04:00:00,17283.161215456646,17849.506825624387,17004.137311982944
forecast_5405,2025-08-14 05:00:00,15998.87715835014,16472.44920183238,15356.739618217998
forecast_5406,2025-08-14 06:00:00,14822.059932071836,15492.17020577407,14447.871627283776
forecast_5407,2025-08-14 07:00:00,14055.162419041353,14852.477126987385,13606.252614140494
forecast_5408,2025-08-14 08:00:00,15398.428027119697,15978.707609733025,14930.193119712825
forecast_5409,2025-08-14 09:00:00,15724.908450322811,16214.358663165476,15093.316263930343
forecast_5410,2025-08-14 10:00:00,14504.168627519302,14978.87655382847,13757.772676229912
forecast_5411,2025-08-14 11:00:00,13864.568018925032,14371.566252385397,13097.00031495272
forecast_5412,2025-08-14 12:00:00,12583.65761938716,13010.775773719324,11542.55643079724
forecast_5413,2025-08-14 13:00:00,8322.009895930538,9019.54174638482,8022.004411423312
forecast_5414,2025-08-14 14:00:00,10626.985511208528,11211.2943466287,9416.073300267217
forecast_5415,2025-08-14 15:00:00,11150.355639911802,11652.943767939407,9797.681492755972
forecast_5416,2025-08-14 16:00:00,11586.182877310586,11973.60998601066,10299.54041955548
forecast_5417,2025-08-14 17:00:00,12441.412008509802,13157.6684561939,11727.543357930743
forecast_5418,2025-08-14 18:00:00,12504.352108109457,12693.865575862732,10971.249174974706
forecast_5419,2025-08-14 19:00:00,11080.080312668893,11449.05231378302,10062.493853367356
forecast_5420,2025-08-14 20:00:00,12815.151546350615,13213.425811512436,11422.396696787473
forecast_5421,2025-08-14 21:00:00,14249.278870585264,14917.127804573329,13342.748030657891
forecast_5422,2025-08-14 22:00:00,15122.286834557824,15402.554278991433,13665.319671690693
forecast_5423,2025-08-14 23:00:00,14426.20768931271,14862.916398516933,12900.074148035035
forecast_5424,2025-08-15 00:00:00,13547.28615803364,13765.433319777883,11559.159512451724
forecast_5425,2025-08-15 01:00:00,14564.807058888196,14948.478789045628,12934.898458033207
forecast_5426,2025-08-15 02:00:00,13658.08717002543,13982.32982269922,11783.831590347665
forecast_5427,2025-08-15 03:00:00,13079.96364499502,13685.499934325624,11640.430379375664
forecast_5428,2025-08-15 04:00:00,12765.059005758767,13440.93567069887,11288.490222555745
forecast_5429,2025-08-15 05:00:00,11168.86135072096,11626.935593023223,9331.455066349026
forecast_5430,2025-08-15 06:00:00,9687.032628607716,10376.369637539323,8130.365201778454
forecast_5431,2025-08-15 07:00:00,7738.237844165489,8182.847250403586,6165.514549888458
forecast_5432,2025-08-15 08:00:00,4853.364091531074,5331.49001267488,3981.8187012286453
forecast_5433,2025-08-15 09:00:00,1865.562013392434,2339.9283795766687,1948.0663596832924
forecast_5434,2025-08-15 10:00:00,1494.4142451938442,1866.7075527473883,1582.2383508949301
forecast_5435,2025-08-15 11:00:00,914.9236235363356,1425.5150780351141,1336.1086765389323
forecast_5436,2025-08-15 12:00:00,843.3262106184872,1336.322442576365,1295.4586650695367
forecast_5437,2025-08-15 13:00:00,1284.46569630254,1882.5268435837413,1749.6353409151984
forecast_5438,2025-08-15 14:00:00,1040.8029036760047,1628.3229637893928,1486.7214367901902
forecast_5439,2025-08-15 15:00:00,1315.1883814985963,1833.413763242216,1600.2275864138562
forecast_5440,2025-08-15 16:00:00,1107.3294490473254,1553.6925369111518,1403.2221657253617
forecast_5441,2025-08-15 17:00:00,1219.7345313497249,1723.5934545626687,1547.5602218833646
forecast_5442,2025-08-15 18:00:00,1800.663998437385,2229.3015696899006,1919.242486421849
forecast_5443,2025-08-15 19:00:00,2058.7019590958935,2746.9021177715326,2323.147403663399
forecast_5444,2025-08-15 20:00:00,3142.4987169286005,4290.448256873344,3647.9409842433824
forecast_5445,2025-08-15 21:00:00,4180.565457974113,4988.273372326275,4126.503324167927
forecast_5446,2025-08-15 22:00:00,4646.11395041596,5160.595912973488,4122.822563117756
forecast_5447,2025-08-15 23:00:00,5587.630924972935,6046.501163799207,4751.360016910938
forecast_5448,2025-08-16 00:00:00,7623.496730469359,7825.763626946535,6016.574016150112
forecast_5449,2025-08-16 01:00:00,9588.423062067686,9822.743588302765,7622.622777118481
forecast_5450,2025-08-16 02:00:00,10921.132651369324,11254.106032669783,8875.308149834156
forecast_5451,2025-08-16 03:00:00,12105.298720043626,12264.263238045058,9643.639935693749
forecast_5452,2025-08-16 04:00:00,11616.336181641866,11809.353680232854,9175.827452648668
forecast_5453,2025-08-16 05:00:00,10571.632509598414,10735.401980284583,8228.37446123394
forecast_5454,2025-08-16 06:00:00,9363.916954817843,9659.774320490378,7286.74879307511
forecast_5455,2025-08-16 07:00:00,8441.244497769396,8715.010451617685,6453.512884544238
forecast_5456,2025-08-16 08:00:00,6416.185500845578,7073.90241005891,5401.0633392462705
forecast_5457,2025-08-16 09:00:00,6330.373688409277,6756.367650556258,5140.68325040033
forecast_5458,2025-08-16 10:00:00,5444.625569671203,5910.431689770245,4637.6041072934795
forecast_5459,2025-08-16 11:00:00,5985.129395004048,6401.527717190793,5098.995088462428
forecast_5460,2025-08-16 12:00:00,6304.459100252941,6516.781588948916,5162.268693938527
forecast_5461,2025-08-16 13:00:00,6838.459818627798,7074.747077111414,5695.931305325352
forecast_5462,2025-08-16 14:00:00,8620.178699270178,8720.731491648701,7243.785658117371
forecast_5463,2025-08-16 15:00:00,8822.437728340938,8980.869659602678,7614.46606451513
forecast_5464,2025-08-16 16:00:00,8651.974301868217,8723.322409930095,7351.402393431115
forecast_5465,2025-08-16 17:00:00,10300.095354190074,10845.63796646168,9599.32633447026
forecast_5466,2025-08-16 18:00:00,11461.44280633859,12210.078551692575,10834.503931210165
forecast_5467,2025-08-16 19:00:00,12858.138936851172,12926.504680229622,11187.407558100895
forecast_5468,2025-08-16 20:00:00,13562.624111804684,13394.840213647276,11395.229291962396
forecast_5469,2025-08-16 21:00:00,15338.286831133759,16033.668225282885,14752.631473093694
forecast_5470,2025-08-16 22:00:00,17457.703994537653,17921.475275794437,16939.37229161036
forecast_5471,2025-08-16 23:00:00,18385.29537955158,18512.689594506795,17425.107301512333
forecast_5472,2025-08-17 00:00:00,18590.489637664687,18736.14955368294,17674.04637598
forecast_5473,2025-08-17 01:00:00,18403.707587899386,18604.831490429056,17431.35035278136
forecast_5474,2025-08-17 02:00:00,18408.082303754047,18683.915422439663,17520.606019933275
forecast_5475,2025-08-17 03:00:00,18593.316647766907,18797.3008861921,17511.31775798962
forecast_5476,2025-08-17 04:00:00,19301.49767667874,19416.953903794958,18223.83597670692
forecast_5477,2025-08-17 05:00:00,19664.361480547603,19635.577325368016,18193.449377545625
forecast_5478,2025-08-17 06:00:00,18660.57508176918,18789.178389490655,17218.6822601588
forecast_5479,2025-08-17 07:00:00,17361.611668887137,17634.29892165813,15821.934905916256
forecast_5480,2025-08-17 08:00:00,15772.400726562075,16364.315697760716,14485.186760571703
forecast_5481,2025-08-17 09:00:00,14176.116499051443,14750.003110454396,12751.195327304953
forecast_5482,2025-08-17 10:00:00,9626.262898063977,10384.672773567303,8683.414068372093
forecast_5483,2025-08-17 11:00:00,5865.972826738556,5973.389161734346,4589.965451875147
forecast_5484,2025-08-17 12:00:00,4317.64344548352,4346.082471714113,3361.1705236001544
forecast_5485,2025-08-17 13:00:00,3978.55543516794,4268.848903239194,3461.645174794825
forecast_5486,2025-08-17 14:00:00,4167.005381338037,4484.046326678532,3610.2321291742496
forecast_5487,2025-08-17 15:00:00,4063.069500147443,4400.614129549579,3596.3660208586016
forecast_5488,2025-08-17 16:00:00,4509.68848244324,4907.117036385745,4118.62868193784
forecast_5489,2025-08-17 17:00:00,3263.3869200131417,3841.133409155993,3280.655969567778
forecast_5490,2025-08-17 18:00:00,4672.121136370983,5015.652601031938,4129.78577006547
forecast_5491,2025-08-17 19:00:00,5461.363035851333,5562.984099944339,4386.281985098235
forecast_5492,2025-08-17 20:00:00,4789.60966953559,5581.941035308723,4644.036939231435
forecast_5493,2025-08-17 21:00:00,6039.526061741688,6751.950176637423,5493.234727461702
forecast_5494,2025-08-17 22:00:00,6042.4997745747605,6550.50083049995,5217.51446492641
forecast_5495,2025-08-17 23:00:00,6841.99845118711,7034.356257332356,5421.048302352856
forecast_5496,2025-08-18 00:00:00,6774.292568287538,7238.319762080231,5645.805739439114
forecast_5497,2025-08-18 01:00:00,10358.514011103853,10268.949818328952,7911.439807004401
forecast_5498,2025-08-18 02:00:00,8334.984302288365,8473.666179094245,6381.742683145546
forecast_5499,2025-08-18 03:00:00,8191.208313401169,8475.528981577067,6383.516424074727
forecast_5500,2025-08-18 04:00:00,6525.346035044826,6812.6188510599495,5022.031271394435
forecast_5501,2025-08-18 05:00:00,8217.296818642211,8419.42455289078,6142.5349985824305
forecast_5502,2025-08-18 06:00:00,9203.63386463953,9646.309253369378,7282.700699212182
forecast_5503,2025-08-18 07:00:00,9717.72528275407,9743.45836795586,7181.443053801959
forecast_5504,2025-08-18 08:00:00,9003.00717069113,9332.374875746704,7030.539220673039
forecast_5505,2025-08-18 09:00:00,8790.731159974377,9319.957822696024,7143.613855045544
forecast_5506,2025-08-18 10:00:00,9122.134457102105,10341.629357950484,8755.090964825848
forecast_5507,2025-08-18 11:00:00,8562.76963550083,9265.109899780651,7589.79576534299
forecast_5508,2025-08-18 12:00:00,6231.529098963115,6520.518293360656,5175.3384517660115
forecast_5509,2025-08-18 13:00:00,4633.3466315959995,5001.908524872926,3949.5759427315693
forecast_5510,2025-08-18 14:00:00,5726.508386652311,6127.232852615351,4831.296247698595
forecast_5511,2025-08-18 15:00:00,6934.7677064295085,7082.813110304336,5679.077214087588
forecast_5512,2025-08-18 16:00:00,8296.16452013014,7877.211170618573,6108.2620668101445
forecast_5513,2025-08-18 17:00:00,7507.896657102131,8111.709501629042,6787.93004000105
forecast_5514,2025-08-18 18:00:00,7642.136619049933,8314.830240555719,7075.315087575556
forecast_5515,2025-08-18 19:00:00,10694.718098100038,11375.441933349262,9957.54190486934
forecast_5516,2025-08-18 20:00:00,13296.44460496593,14235.716111246202,13089.690120503055
forecast_5517,2025-08-18 21:00:00,11863.515561587055,12012.094225594625,10115.975062165298
forecast_5518,2025-08-18 22:00:00,14230.318227316684,15182.067611332233,13676.414803541224
forecast_5519,2025-08-18 23:00:00,15082.315637704696,15615.111027842155,14031.084919060126
forecast_5520,2025-08-19 00:00:00,16350.149962894457,17055.7388479309,15949.393601077603
forecast_5521,2025-08-19 01:00:00,15990.507270730503,16583.90491324246,15174.962643171986
forecast_5522,2025-08-19 02:00:00,15886.365896252279,16723.56956162613,15707.020662862837
forecast_5523,2025-08-19 03:00:00,15713.840526097021,16288.205923792282,15098.375151597824
forecast_5524,2025-08-19 04:00:00,15625.49361655566,16347.582871293353,15282.945691342746
forecast_5525,2025-08-19 05:00:00,16529.94362920025,16988.23720067228,15662.315416720885
forecast_5526,2025-08-19 06:00:00,15661.380958832115,16186.62035748153,14644.420763637107
forecast_5527,2025-08-19 07:00:00,14562.965253185475,15164.923815677186,13527.601572040254
forecast_5528,2025-08-19 08:00:00,14351.110485224583,15111.081813524266,13684.514400537104
forecast_5529,2025-08-19 09:00:00,14779.005167844023,15625.50251867108,14429.377782133419
forecast_5530,2025-08-19 10:00:00,13699.900269819158,14094.216731825112,12538.196021277727
forecast_5531,2025-08-19 11:00:00,12126.775811879603,12522.181394318986,10874.631688551059
forecast_5532,2025-08-19 12:00:00,11625.462375394654,12209.229109920923,10646.853982183799
forecast_5533,2025-08-19 13:00:00,9538.51024608139,10133.428192572299,8753.288731118444
forecast_5534,2025-08-19 14:00:00,9060.562374836585,8826.116853321799,7131.5730845901135
forecast_5535,2025-08-19 15:00:00,10623.286736406668,10852.064800762095,9365.750943537345
forecast_5536,2025-08-19 16:00:00,10006.229872711574,10160.67763245993,8705.31588218197
forecast_5537,2025-08-19 17:00:00,10735.902027391447,11284.828374539258,9951.414082745721
forecast_5538,2025-08-19 18:00:00,11069.573383213188,11338.718725266215,9697.811601902466
forecast_5539,2025-08-19 19:00:00,12029.935833509708,12027.549310072956,10149.70690417023
forecast_5540,2025-08-19 20:00:00,13807.314123141883,14609.497612696294,13380.841424275908
forecast_5541,2025-08-19 21:00:00,15273.383584387168,16127.071142965138,15131.764323268471
forecast_5542,2025-08-19 22:00:00,16283.25920167011,17244.832647478797,16533.41316296408
forecast_5543,2025-08-19 23:00:00,15388.098415911816,16523.600563245698,15763.395045832756
forecast_5544,2025-08-20 00:00:00,17811.970432946844,18714.440058447315,18221.84029959675
forecast_5545,2025-08-20 01:00:00,16901.087751112365,17520.50619080486,16665.75154603328
forecast_5546,2025-08-20 02:00:00,17066.734828494667,17645.217834494008,16757.989370416522
forecast_5547,2025-08-20 03:00:00,16736.91740052054,17279.311960570136,16291.166766222837
forecast_5548,2025-08-20 04:00:00,17046.271581317444,17750.640366203836,17027.596364487654
forecast_5549,2025-08-20 05:00:00,17172.61246225407,17710.453012118036,16779.625150278167
forecast_5550,2025-08-20 06:00:00,16504.41143879889,17101.56886114181,16024.012580152492
forecast_5551,2025-08-20 07:00:00,15087.16627842326,15709.875531002665,14473.028896109161
forecast_5552,2025-08-20 08:00:00,13627.010184277515,14380.724684170358,12897.211815109291
forecast_5553,2025-08-20 09:00:00,11864.943724578678,12181.963619799368,10356.697257074014
forecast_5554,2025-08-20 10:00:00,9227.300288434213,9608.441430039016,7960.057092378849
forecast_5555,2025-08-20 11:00:00,8185.762415650373,8350.354525220178,6699.630069329027
forecast_5556,2025-08-20 12:00:00,7270.779722937937,7437.562356970582,6044.631822532856
forecast_5557,2025-08-20 13:00:00,5443.64103528586,5375.453034791506,4209.493354922192
forecast_5558,2025-08-20 14:00:00,5841.527720564636,5384.737809441347,4093.6742811274953
forecast_5559,2025-08-20 15:00:00,6136.7187738527455,6623.856305217032,5615.886825348094
forecast_5560,2025-08-20 16:00:00,6271.685728534702,6302.464545858042,5062.171812108609
forecast_5561,2025-08-20 17:00:00,7221.475666656207,7162.174065428174,5729.067734150822
forecast_5562,2025-08-20 18:00:00,4168.942796895692,4428.099622380034,3578.199330625215
forecast_5563,2025-08-20 19:00:00,4395.915375061151,4465.744596253724,3492.482532709931
forecast_5564,2025-08-20 20:00:00,5752.880061317754,5711.211193811992,4413.366633149832
forecast_5565,2025-08-20 21:00:00,4958.623994674997,5263.264892206169,4286.715933402673
forecast_5566,2025-08-20 22:00:00,6011.905379561516,6289.661655825187,5017.042280827848
forecast_5567,2025-08-20 23:00:00,9323.928994385395,9878.180579129654,7932.298892200746
forecast_5568,2025-08-21 00:00:00,11710.235350195782,12032.72464193352,9842.217554920566
forecast_5569,2025-08-21 01:00:00,10853.204814312641,10710.52010283729,8204.152067951016
forecast_5570,2025-08-21 02:00:00,12108.169103638003,12028.096652699298,9448.325271503596
forecast_5571,2025-08-21 03:00:00,13225.273340288868,13298.834019640262,10735.599498663263
forecast_5572,2025-08-21 04:00:00,14676.943747421396,15338.729045268476,13379.625064612983
forecast_5573,2025-08-21 05:00:00,14352.502991212785,14534.796592208375,12027.731390087363
forecast_5574,2025-08-21 06:00:00,10369.684502050957,10428.5691910438,7994.051273668787
forecast_5575,2025-08-21 07:00:00,8451.714409195527,9244.047224551518,7319.612248692892
forecast_5576,2025-08-21 08:00:00,5001.89670472135,5416.901307756015,4097.280358888897
forecast_5577,2025-08-21 09:00:00,2504.3213124557155,2909.7318018094825,2307.055114650053
forecast_5578,2025-08-21 10:00:00,1895.192175335081,2211.1899042542454,1788.311744449829
forecast_5579,2025-08-21 11:00:00,1574.1438634566882,1950.0762479981406,1678.8799131919282
forecast_5580,2025-08-21 12:00:00,994.5387503332227,1403.4087810717176,1329.0311328316689
forecast_5581,2025-08-21 13:00:00,738.9160325699899,1239.659734546082,1249.7722259319112
forecast_5582,2025-08-21 14:00:00,546.5150059849431,1141.787639474887,1249.5802346463045
forecast_5583,2025-08-21 15:00:00,600.3815190705672,1262.2033196304635,1397.2171126309
forecast_5584,2025-08-21 16:00:00,728.2843421113773,1388.7660328714553,1469.838483365636
forecast_5585,2025-08-21 17:00:00,1164.4484506359051,1841.1345565753838,1759.0685494754262
forecast_5586,2025-08-21 18:00:00,1652.0678010187157,2365.5687528504022,2137.0722230233005
forecast_5587,2025-08-21 19:00:00,1349.5450232593992,2211.265691563398,1933.8718881556852
forecast_5588,2025-08-21 20:00:00,1662.6631420333292,3034.1477168456095,2832.887400582395
forecast_5589,2025-08-21 21:00:00,2548.4403298227753,3816.9116398024626,3332.432940943015
forecast_5590,2025-08-21 22:00:00,3757.434000470314,4874.629384993166,4078.7679797948704
forecast_5591,2025-08-21 23:00:00,3841.4720752643534,4626.279763643075,3748.3169514105116
forecast_5592,2025-08-22 00:00:00,4415.27203883071,5378.580814917114,4330.718781411932
forecast_5593,2025-08-22 01:00:00,3645.1690471536303,4477.2442366047635,3573.8392029187926
forecast_5594,2025-08-22 02:00:00,3772.932066292507,4562.154285728562,3582.915984235271
forecast_5595,2025-08-22 03:00:00,4156.596385462507,5055.929941625097,4000.201463242378
forecast_5596,2025-08-22 04:00:00,5525.809502308353,6258.668110633726,4785.259702129026
forecast_5597,2025-08-22 05:00:00,7330.172221472338,7744.1912227125995,5805.553250031769
forecast_5598,2025-08-22 06:00:00,8615.217529884132,8753.672905366568,6482.617150015547
forecast_5599,2025-08-22 07:00:00,8804.115126331319,8883.292887489168,6563.237226990057
forecast_5600,2025-08-22 08:00:00,7858.624542980226,8026.241095261621,6015.890796950239
forecast_5601,2025-08-22 09:00:00,5721.551100412911,6171.414050078103,4767.587641255518
forecast_5602,2025-08-22 10:00:00,3733.7635741226704,4208.805684661819,3430.0762558282586
forecast_5603,2025-08-22 11:00:00,2585.2902828100423,3085.709574879456,2596.5156855430473
forecast_5604,2025-08-22 12:00:00,2001.7606192428857,2479.171303163033,2138.890631803867
forecast_5605,2025-08-22 13:00:00,2204.0058323961516,2448.452004951806,2066.672106018979
forecast_5606,2025-08-22 14:00:00,2449.018214697667,2701.143264758166,2266.696808769552
forecast_5607,2025-08-22 15:00:00,3648.021764789319,3686.4058387151363,2964.976820815939
forecast_5608,2025-08-22 16:00:00,4236.334234355525,4381.265353197532,3573.7281597002766
forecast_5609,2025-08-22 17:00:00,5421.478172480323,5755.189116560163,4758.630994033321
forecast_5610,2025-08-22 18:00:00,5623.934015267092,5742.1018405978975,4557.858690524515
forecast_5611,2025-08-22 19:00:00,6149.481930510061,6699.692527717711,5508.824199771747
forecast_5612,2025-08-22 20:00:00,8125.5466528632205,8209.027227313902,6530.282580730565
forecast_5613,2025-08-22 21:00:00,9714.911540221336,10059.356021573585,8170.368669245961
forecast_5614,2025-08-22 22:00:00,11684.104603718517,11972.863301161906,9908.707428046262
forecast_5615,2025-08-22 23:00:00,12922.237974271782,13356.31365378706,11282.726014692573
forecast_5616,2025-08-23 00:00:00,14697.770678986206,14990.410318152703,12909.21385595558
forecast_5617,2025-08-23 01:00:00,14228.639158926728,14234.674242678153,11835.793749416443
forecast_5618,2025-08-23 02:00:00,14008.698540795805,13899.261669226024,11354.751376628352
forecast_5619,2025-08-23 03:00:00,13286.017780686452,13429.128318047577,10995.631803502269
forecast_5620,2025-08-23 04:00:00,12536.721614091453,12698.702669899405,10220.941129987219
forecast_5621,2025-08-23 05:00:00,10566.667540144308,10771.502949349477,8330.878244275165
forecast_5622,2025-08-23 06:00:00,8604.673487699747,8920.929301087726,6718.284986254616
forecast_5623,2025-08-23 07:00:00,6094.223069398928,6492.146271634298,4846.326888057863
forecast_5624,2025-08-23 08:00:00,3725.3995421346976,4398.244588138963,3408.2833100842186
forecast_5625,2025-08-23 09:00:00,2523.3186085208217,3299.0742694772225,2708.4952825708774
forecast_5626,2025-08-23 10:00:00,1441.2872000865736,2122.417857059448,1930.42479653944
forecast_5627,2025-08-23 11:00:00,1080.751219630362,1694.678457382578,1643.1607638751511
forecast_5628,2025-08-23 12:00:00,553.1636890865403,1139.4965034185745,1242.3655830054436
forecast_5629,2025-08-23 13:00:00,600.645786758626,1109.8688753239555,1199.4067906762139
forecast_5630,2025-08-23 14:00:00,580.0029634427651,1105.1617141604745,1178.5892296456477
forecast_5631,2025-08-23 15:00:00,568.1639322756274,1117.0448311391867,1193.594054194735
forecast_5632,2025-08-23 16:00:00,900.1521502083621,1617.4291176132015,1630.347432586777
forecast_5633,2025-08-23 17:00:00,863.669284600393,2060.017870998811,2081.6871122022967
forecast_5634,2025-08-23 18:00:00,1171.8555515475161,2249.43627430075,2212.5141006853983
forecast_5635,2025-08-23 19:00:00,1169.8987171431975,2238.7246913517997,2033.4659115055945
forecast_5636,2025-08-23 20:00:00,2399.052162272632,3649.2386805861975,3258.0319033177207
forecast_5637,2025-08-23 21:00:00,3006.0422407919486,4150.845816866596,3628.0407835152632
forecast_5638,2025-08-23 22:00:00,3773.4934998913463,4455.763528824728,3688.8679175929055
forecast_5639,2025-08-23 23:00:00,3921.9289452487087,4665.194744058688,3857.875943714062
forecast_5640,2025-08-24 00:00:00,4453.83037518327,5046.139616114792,3975.537158184832
forecast_5641,2025-08-24 01:00:00,3051.861670880558,4023.760501920775,3278.3424424952873
forecast_5642,2025-08-24 02:00:00,3353.738494119094,3990.5975761972004,3130.43434617777
forecast_5643,2025-08-24 03:00:00,2876.946791098486,3632.897706741924,2858.1039489411887
forecast_5644,2025-08-24 04:00:00,3214.503920199646,3816.346729113773,2893.8424617053843
forecast_5645,2025-08-24 05:00:00,2481.524994477113,3256.385334066264,2552.706714118235
forecast_5646,2025-08-24 06:00:00,2112.5699414771325,3006.2128303068803,2433.0053439587527
forecast_5647,2025-08-24 07:00:00,2222.0554183347413,3113.9543909547237,2528.7690030713293
forecast_5648,2025-08-24 08:00:00,2153.685230589085,2745.75427199138,2245.8625877612412
forecast_5649,2025-08-24 09:00:00,1386.0541747307166,2249.0342596841565,2033.856102556093
forecast_5650,2025-08-24 10:00:00,1370.0980620444323,2252.341760021307,2111.5728756081107
forecast_5651,2025-08-24 11:00:00,1264.1667938378564,2278.807030922194,2200.0036579078783
forecast_5652,2025-08-24 12:00:00,1312.8878152527877,2031.9060073958117,1906.4083049275075
forecast_5653,2025-08-24 13:00:00,963.7340024763448,1543.3129490579129,1420.5526423245342
forecast_5654,2025-08-24 14:00:00,1157.3328775362957,1807.2644666264518,1800.711100531623
forecast_5655,2025-08-24 15:00:00,1400.8855006044946,1958.2129897286154,1814.0732602907026
forecast_5656,2025-08-24 16:00:00,1662.5981002718497,2560.416792957901,2304.5090149295556
forecast_5657,2025-08-24 17:00:00,2784.886923529114,3545.7403168524156,3055.366922620608
forecast_5658,2025-08-24 18:00:00,3059.5730967174286,3352.4336343228033,2746.1128939086348
forecast_5659,2025-08-24 19:00:00,2742.973484625838,3475.498029033762,3029.0894863849476
forecast_5660,2025-08-24 20:00:00,2927.525207031874,3784.1958158254033,3310.639608824047
forecast_5661,2025-08-24 21:00:00,2799.7576060670826,3511.068483092131,3027.4165076025292
forecast_5662,2025-08-24 22:00:00,3046.6979616432704,3808.1596773202887,3178.3754632933096
forecast_5663,2025-08-24 23:00:00,3352.6366571636704,3902.463012626662,3116.6055227772604
forecast_5664,2025-08-25 00:00:00,3275.7865250784384,3997.777725914616,3192.3281031621486
forecast_5665,2025-08-25 01:00:00,2816.8072708728805,3893.9566750582903,3183.8671471902485
forecast_5666,2025-08-25 02:00:00,3643.4476279196415,4454.877567597359,3501.417224057872
forecast_5667,2025-08-25 03:00:00,4154.9766131976085,4887.302276143121,3768.3381504130557
forecast_5668,2025-08-25 04:00:00,4018.815475015295,4779.3273350963755,3662.2697540272643
forecast_5669,2025-08-25 05:00:00,4049.5171639458486,4765.629662553838,3660.3643171243366
forecast_5670,2025-08-25 06:00:00,3961.8098091648617,4672.121093791218,3546.2670666758104
forecast_5671,2025-08-25 07:00:00,3985.2794493856427,4727.270417489883,3647.159335335497
forecast_5672,2025-08-25 08:00:00,3322.765862074157,3959.3992646394645,3087.7098489936197
forecast_5673,2025-08-25 09:00:00,1920.723514479755,2579.136019156416,2216.155589656949
forecast_5674,2025-08-25 10:00:00,2049.4760743033817,2729.0093407237664,2352.056914822416
forecast_5675,2025-08-25 11:00:00,1681.9063196861857,2352.467905294359,2177.8969763060672
forecast_5676,2025-08-25 12:00:00,1917.2293828623033,2776.3010213552807,2586.2728170161085
forecast_5677,2025-08-25 13:00:00,1484.6487000195448,1982.4658248658588,1829.4110210319811
forecast_5678,2025-08-25 14:00:00,1427.643666179197,2185.583272220675,2080.9628946432526
forecast_5679,2025-08-25 15:00:00,2691.6619570217363,3942.5628563585224,3556.86309184178
forecast_5680,2025-08-25 16:00:00,2532.072036089753,3661.154936855293,3292.6041556508753
forecast_5681,2025-08-25 17:00:00,2991.08694105242,3579.8818687487537,3087.849290203162
forecast_5682,2025-08-25 18:00:00,4747.993148224383,5538.551588789836,4518.81653066542
forecast_5683,2025-08-25 19:00:00,5272.730713892596,5625.546814960177,4551.89949787768
forecast_5684,2025-08-25 20:00:00,9504.958816414717,10001.139225868383,8148.976254115921
forecast_5685,2025-08-25 21:00:00,10328.499521006926,10472.073631982717,8546.861345181962
forecast_5686,2025-08-25 22:00:00,12904.320434732212,13537.637071280453,11913.208910168389
forecast_5687,2025-08-25 23:00:00,14205.588734363304,15035.91444726603,13878.897418283206
forecast_5688,2025-08-26 00:00:00,15271.017868838313,16080.122091283407,15143.37408537946
forecast_5689,2025-08-26 01:00:00,14177.838150885504,14708.771743813762,13145.340975423851
forecast_5690,2025-08-26 02:00:00,14545.969136468573,15295.309856164627,14056.241161908107
forecast_5691,2025-08-26 03:00:00,15091.723573531957,15747.263178963225,14512.309322198416
forecast_5692,2025-08-26 04:00:00,15298.813480768968,15922.371842131566,14640.569214814761
forecast_5693,2025-08-26 05:00:00,15407.42885853526,16036.626883599918,14681.072196146424
forecast_5694,2025-08-26 06:00:00,15479.866636651575,16366.094049367392,15226.365890001602
forecast_5695,2025-08-26 07:00:00,15127.970456627529,15787.456278658123,14738.483017916167
forecast_5696,2025-08-26 08:00:00,14137.051050470724,14935.127552178352,13691.458920065917
forecast_5697,2025-08-26 09:00:00,15917.63302453313,16792.160841342957,15988.60593298413
forecast_5698,2025-08-26 10:00:00,14785.54507695281,15774.992417902205,14944.940446355533
forecast_5699,2025-08-26 11:00:00,13833.997312962652,14854.71094889249,13962.54792474047
forecast_5700,2025-08-26 12:00:00,12879.202929962812,13839.94605888519,12552.464247960279
forecast_5701,2025-08-26 13:00:00,14169.871447940779,15033.115088935412,14068.697131033681
forecast_5702,2025-08-26 14:00:00,14711.01586446687,15631.42630938457,14830.83267404225
forecast_5703,2025-08-26 15:00:00,13773.024851221862,14338.620577980459,12961.7872142722
forecast_5704,2025-08-26 16:00:00,12181.417002731943,12555.64117160296,11058.939141870587
forecast_5705,2025-08-26 17:00:00,11630.514499295232,11932.739222115186,10198.854467499472
forecast_5706,2025-08-26 18:00:00,11531.440410549401,11455.72279906612,9527.59230868459
forecast_5707,2025-08-26 19:00:00,10686.313879524556,10999.328737323835,9250.062013538089
forecast_5708,2025-08-26 20:00:00,9617.921117245622,9767.14054711426,8043.767203365861
forecast_5709,2025-08-26 21:00:00,9545.770059596123,9217.356411588282,7289.058750058767
forecast_5710,2025-08-26 22:00:00,10380.994842564533,10437.017730427808,8376.798899691254
forecast_5711,2025-08-26 23:00:00,10310.654954830004,10220.09034266951,8054.085244476553
forecast_5712,2025-08-27 00:00:00,9727.931262516062,10006.941544483496,7841.559105494918
forecast_5713,2025-08-27 01:00:00,9820.697614869652,10246.505111993547,8055.899117328488
forecast_5714,2025-08-27 02:00:00,7418.055700402101,7805.349072961039,5943.667087467336
forecast_5715,2025-08-27 03:00:00,5069.174869998127,5609.728282596254,4271.600137280602
forecast_5716,2025-08-27 04:00:00,3567.1515148099957,4242.8170896013435,3285.292119604364
forecast_5717,2025-08-27 05:00:00,2128.4787912069664,2779.06104985672,2304.1839019228287
forecast_5718,2025-08-27 06:00:00,1509.7352423937766,2325.663756596978,1990.6780548660333
forecast_5719,2025-08-27 07:00:00,1093.2170317073537,1817.2074773045833,1620.443293189952
forecast_5720,2025-08-27 08:00:00,1026.5700650961473,1726.4417219524375,1576.7658799186243
forecast_5721,2025-08-27 09:00:00,761.7687663012583,1366.8734770511542,1382.1295132606829
forecast_5722,2025-08-27 10:00:00,677.5901622763897,1325.4763696428663,1363.464041570193
forecast_5723,2025-08-27 11:00:00,729.2094842807386,1449.8998500993255,1402.6629006743283
forecast_5724,2025-08-27 12:00:00,628.393059403809,1326.4201178132366,1268.2320402299038
forecast_5725,2025-08-27 13:00:00,981.6232601119798,1607.6694766267822,1479.1621031783748
forecast_5726,2025-08-27 14:00:00,1206.7116592631296,1880.852872681903,1732.1117339275131
forecast_5727,2025-08-27 15:00:00,1396.8215554598205,2008.565743803684,1833.6286403064112
forecast_5728,2025-08-27 16:00:00,1789.0305124082201,2561.6864342434023,2169.131882045987
forecast_5729,2025-08-27 17:00:00,1231.931548118326,1997.1879732746154,1772.6381252363658
forecast_5730,2025-08-27 18:00:00,1363.0949819190712,2069.541681655582,1794.3742618815927
forecast_5731,2025-08-27 19:00:00,1452.568726883509,2104.292644927814,1778.571988607731
forecast_5732,2025-08-27 20:00:00,2214.6347672555903,2978.7478082879534,2474.6293227206297
forecast_5733,2025-08-27 21:00:00,2049.250779341103,2666.4711709619114,2174.2940829079375
forecast_5734,2025-08-27 22:00:00,1847.079192227273,2578.0246989460115,2123.090421723675
forecast_5735,2025-08-27 23:00:00,1625.1028147841648,2526.806046162702,2180.7929136537896
forecast_5736,2025-08-28 00:00:00,1590.0817460164872,2611.4869138071745,2223.9712125554083
forecast_5737,2025-08-28 01:00:00,2225.216320231437,2934.9310500457236,2275.759738468129
forecast_5738,2025-08-28 02:00:00,3200.2844884788265,4095.087848211707,3185.194309257572
forecast_5739,2025-08-28 03:00:00,3297.640724172072,4416.12194223657,3375.1719259099946
forecast_5740,2025-08-28 04:00:00,4359.366357244498,5409.365875428972,4070.459667946647
forecast_5741,2025-08-28 05:00:00,5571.98090577173,6641.516803552979,4925.3729441611285
forecast_5742,2025-08-28 06:00:00,4618.426699277008,5768.3683490422045,4262.271863728458
forecast_5743,2025-08-28 07:00:00,2833.010768752417,3904.643253614668,3109.1598453311235
forecast_5744,2025-08-28 08:00:00,2349.14673778185,3214.1340734253977,2526.8079565645953
forecast_5745,2025-08-28 09:00:00,2301.5882338560777,3070.9039739540403,2622.0367097173325
forecast_5746,2025-08-28 10:00:00,2107.112704420212,2726.2521633284405,2472.137963335943
forecast_5747,2025-08-28 11:00:00,1957.4493644123736,2522.7333118009915,2316.1986506185585
forecast_5748,2025-08-28 12:00:00,2280.095382974242,2692.469436522191,2332.5123935601987
forecast_5749,2025-08-28 13:00:00,2823.0704456960357,3111.225816679809,2671.452089554798
forecast_5750,2025-08-28 14:00:00,2955.746050642069,3540.3323808937666,3094.181751153596
forecast_5751,2025-08-28 15:00:00,3323.829949962353,3710.8422883552157,3102.30277778284
forecast_5752,2025-08-28 16:00:00,3469.8233310987594,3978.0551198653375,3380.511315089939
forecast_5753,2025-08-28 17:00:00,4337.903446448513,4969.164053314552,4196.1491422437375
forecast_5754,2025-08-28 18:00:00,4559.061414345937,5011.993891435438,3975.703421859003
forecast_5755,2025-08-28 19:00:00,5058.077143238903,5309.653423876346,4090.8390552842548
forecast_5756,2025-08-28 20:00:00,8226.573163196297,8776.009977847454,6975.79179551624
forecast_5757,2025-08-28 21:00:00,8014.489459893996,8206.659084284262,6416.184649600906
forecast_5758,2025-08-28 22:00:00,11796.180800768278,12539.599887143107,10801.610530294838
forecast_5759,2025-08-28 23:00:00,14049.533917148297,14783.064327929658,13220.746288498472
forecast_5760,2025-08-29 00:00:00,15183.205630379833,15989.59779102428,14810.587873120292
forecast_5761,2025-08-29 01:00:00,16874.689368900734,17526.71478836845,16737.93630162085
forecast_5762,2025-08-29 02:00:00,16862.435073596185,17477.89350953673,16639.343218475326
forecast_5763,2025-08-29 03:00:00,17173.568728605296,17799.170042994236,16985.667405669305
forecast_5764,2025-08-29 04:00:00,17176.194975969323,17721.174258454084,16771.16539007188
forecast_5765,2025-08-29 05:00:00,17570.286551765326,18110.315544322893,17213.814656659953
forecast_5766,2025-08-29 06:00:00,17598.167443750288,18090.28864493129,17064.454093283686
forecast_5767,2025-08-29 07:00:00,17724.357101717862,18195.93961202765,17274.69837038252
forecast_5768,2025-08-29 08:00:00,17359.479926697342,17801.91860238783,16802.354808548644
forecast_5769,2025-08-29 09:00:00,15530.819581047415,16242.951394536321,15135.932749448635
forecast_5770,2025-08-29 10:00:00,14246.307120698702,14646.581978804485,13043.749040567176
forecast_5771,2025-08-29 11:00:00,13315.450662937004,13773.718801632775,12247.202496288983
forecast_5772,2025-08-29 12:00:00,11935.283720991134,12308.894251976715,10707.502636477178
forecast_5773,2025-08-29 13:00:00,10923.007965462306,11190.247187553097,9548.402567652272
forecast_5774,2025-08-29 14:00:00,10929.721699198632,11043.916902105451,9467.968698928535
forecast_5775,2025-08-29 15:00:00,11605.209245062075,11723.381692821687,10103.646110337248
forecast_5776,2025-08-29 16:00:00,10581.28772179527,10894.311452666425,9392.319611559778
forecast_5777,2025-08-29 17:00:00,10693.62211231831,11068.401823284792,9516.268881539752
forecast_5778,2025-08-29 18:00:00,9540.741710734575,9377.330976439738,7607.162592984338
forecast_5779,2025-08-29 19:00:00,11479.253506979172,11078.252757354254,8898.739798479413
forecast_5780,2025-08-29 20:00:00,11767.699791323585,11873.435137533139,9883.264409405196
forecast_5781,2025-08-29 21:00:00,13159.378890695876,13095.802878399169,10890.274904355481
forecast_5782,2025-08-29 22:00:00,13739.543540922652,14115.611383275325,12106.79970170166
forecast_5783,2025-08-29 23:00:00,13360.867075322338,13483.26095463035,11256.117817749675
forecast_5784,2025-08-30 00:00:00,12899.799026957846,13187.203127693754,10895.290494750145
forecast_5785,2025-08-30 01:00:00,14113.160987913881,14501.336264237481,12468.00908614881
forecast_5786,2025-08-30 02:00:00,14699.94171027359,14706.845867144373,12366.041927892473
forecast_5787,2025-08-30 03:00:00,13198.941741688926,13109.554185694917,10502.536723765237
forecast_5788,2025-08-30 04:00:00,10921.342494016957,11011.289565054798,8495.191446407865
forecast_5789,2025-08-30 05:00:00,10361.647360564659,10493.351473038283,7935.982829049755
forecast_5790,2025-08-30 06:00:00,10316.528369708754,10195.865621225767,7602.530498912962
forecast_5791,2025-08-30 07:00:00,8823.49252582845,8988.181466707008,6740.452548421072
forecast_5792,2025-08-30 08:00:00,7589.94248579934,7721.634302791294,5791.654498945424
forecast_5793,2025-08-30 09:00:00,4941.576663268288,5361.0469392906225,4140.980792428625
forecast_5794,2025-08-30 10:00:00,3283.8143058395826,3595.3297371585936,2832.877099095779
forecast_5795,2025-08-30 11:00:00,1739.1825593302822,2124.9870829505276,1866.7524992325796
forecast_5796,2025-08-30 12:00:00,1554.071160004452,2039.0953847374549,1846.7594192630338
forecast_5797,2025-08-30 13:00:00,1575.0789394265385,2063.000361634489,1877.056249975629
forecast_5798,2025-08-30 14:00:00,2013.9305710538395,2417.2162813447303,2144.2719435117697
forecast_5799,2025-08-30 15:00:00,2737.1842105688834,3191.3040425872346,2758.43420300228
forecast_5800,2025-08-30 16:00:00,2652.3552198056805,3149.924379217025,2617.69725824641
forecast_5801,2025-08-30 17:00:00,1816.477779252105,2184.5453862297813,1942.5000421827951
forecast_5802,2025-08-30 18:00:00,2761.881740130585,3412.138022643029,3022.3089192166863
forecast_5803,2025-08-30 19:00:00,2943.863438711648,3506.163785660325,3000.2992686867524
forecast_5804,2025-08-30 20:00:00,3757.849154584141,4331.89378903793,3630.6521280778593
forecast_5805,2025-08-30 21:00:00,4372.896761330692,4978.2943852729495,4055.3986326291183
forecast_5806,2025-08-30 22:00:00,5977.525863504547,6481.688029276042,5166.201365488808
forecast_5807,2025-08-30 23:00:00,5022.475696072743,5586.123970546155,4467.105053349297
forecast_5808,2025-08-31 00:00:00,4439.1155595381615,5303.779545271964,4261.04724122129
forecast_5809,2025-08-31 01:00:00,6632.150312826126,7398.537343943576,5638.168411132716
forecast_5810,2025-08-31 02:00:00,6078.021407878692,6803.705297660483,5107.309022853732
forecast_5811,2025-08-31 03:00:00,5543.858379404753,6161.792875398214,4549.511928544056
forecast_5812,2025-08-31 04:00:00,5508.152786510314,6198.165500488447,4532.335608310619
forecast_5813,2025-08-31 05:00:00,4443.873076617794,5321.885295108357,3941.7424431893655
forecast_5814,2025-08-31 06:00:00,3233.8717729953983,4299.704780809592,3305.008307633142
forecast_5815,2025-08-31 07:00:00,2295.732833267657,3231.300725583287,2541.446783861011
forecast_5816,2025-08-31 08:00:00,2122.2760602510243,3019.2960103886376,2525.946420162164
forecast_5817,2025-08-31 09:00:00,1715.8736885022197,2638.285153831282,2333.291514972078
forecast_5818,2025-08-31 10:00:00,1362.8915418662666,2484.2085097286326,2337.713968455471
forecast_5819,2025-08-31 11:00:00,1414.971743998984,2571.626194204134,2487.741981706047
forecast_5820,2025-08-31 12:00:00,1581.4233673258036,2743.6589889554352,2717.7820089689753
forecast_5821,2025-08-31 13:00:00,1926.8467173277227,3029.5836133727453,2956.8978086643406
forecast_5822,2025-08-31 14:00:00,2563.4772078172587,3614.345097942374,3355.6557895218925
forecast_5823,2025-08-31 15:00:00,3442.921346559365,4260.439565551982,3793.5927475402777
forecast_5824,2025-08-31 16:00:00,3650.13848426248,4257.61839275125,3705.1814974046956
forecast_5825,2025-08-31 17:00:00,4872.413228304715,5850.156699028813,4939.500911612468
forecast_5826,2025-08-31 18:00:00,6028.7963319335095,6062.09822663554,4597.816868510949
forecast_5827,2025-08-31 19:00:00,8783.505497058197,9148.365515575237,7299.970603287744
forecast_5828,2025-08-31 20:00:00,8342.986521401846,8560.259152750205,6675.866982244666
forecast_5829,2025-08-31 21:00:00,9409.128411560083,9564.669952889943,7670.5625251413785
forecast_5830,2025-08-31 22:00:00,9506.41799120804,9810.03717380918,7821.062409564414
forecast_5831,2025-08-31 23:00:00,9846.832256073325,10088.988381537158,8056.347982288111
forecast_5832,2025-09-01 00:00:00,10183.7469825028,10131.569682479323,7880.528394376049
forecast_5833,2025-09-01 01:00:00,12382.219157344776,12684.147418058496,10242.822343363277
forecast_5834,2025-09-01 02:00:00,10684.858221363294,11025.768551975778,8830.267877653481
forecast_5835,2025-09-01 03:00:00,12187.03337734692,12954.942454914046,11003.094996219485
forecast_5836,2025-09-01 04:00:00,13583.538633412085,14406.74976943143,12731.562203309719
forecast_5837,2025-09-01 05:00:00,14440.983330768735,14999.40779271154,13113.786569102449
forecast_5838,2025-09-01 06:00:00,13087.20938654223,13753.887259948211,11821.69073285318
forecast_5839,2025-09-01 07:00:00,12735.562110695491,13548.038987173484,11746.38786852557
forecast_5840,2025-09-01 08:00:00,11183.353024516873,11721.946114576407,9811.056701978592
forecast_5841,2025-09-01 09:00:00,10149.28319216812,10954.470800285808,9245.092781943069
forecast_5842,2025-09-01 10:00:00,8969.16860389542,9755.39198386148,8165.184254292333
forecast_5843,2025-09-01 11:00:00,6919.942003661866,7567.901251560356,6386.012155199722
forecast_5844,2025-09-01 12:00:00,6882.98471604801,7347.662968300337,5982.568140971517
forecast_5845,2025-09-01 13:00:00,7344.232938621664,7883.382001311984,6512.413244379523
forecast_5846,2025-09-01 14:00:00,7746.392245169976,8013.582999578648,6469.182153917106
forecast_5847,2025-09-01 15:00:00,9325.813464673527,10263.626942723069,9232.795882361677
forecast_5848,2025-09-01 16:00:00,9853.481398338674,10293.871391344994,8898.74367083503
forecast_5849,2025-09-01 17:00:00,8820.76843169154,9508.195612194615,8152.539337885224
forecast_5850,2025-09-01 18:00:00,9268.43608172755,9962.637916306663,8614.110408690587
forecast_5851,2025-09-01 19:00:00,8440.08840425666,8321.593616265094,6713.863810012839
forecast_5852,2025-09-01 20:00:00,7722.843988022151,7590.006879470017,5867.971119168611
forecast_5853,2025-09-01 21:00:00,5790.793772883507,5945.749715368773,4598.108596394857
forecast_5854,2025-09-01 22:00:00,6376.951504256262,6875.2547228309395,5344.86272667105
forecast_5855,2025-09-01 23:00:00,9172.29372598611,9714.65846670855,7740.28630552647
forecast_5856,2025-09-02 00:00:00,9985.246692134613,10899.410993219517,9556.097419910275
forecast_5857,2025-09-02 01:00:00,12983.134974494484,13400.345176255105,11466.20808099012
forecast_5858,2025-09-02 02:00:00,11965.924967964424,11746.431592793666,9567.187648976342
forecast_5859,2025-09-02 03:00:00,11892.729146545651,12304.605031559939,10107.921286967741
forecast_5860,2025-09-02 04:00:00,10747.020830509367,10904.851054662184,8577.076120037056
forecast_5861,2025-09-02 05:00:00,8191.60528424765,8050.501756774321,6304.2954520514795
forecast_5862,2025-09-02 06:00:00,7360.7384993402175,7462.238571974151,5467.30716419285
forecast_5863,2025-09-02 07:00:00,7097.875064776082,7395.783011438003,5490.6297940716
forecast_5864,2025-09-02 08:00:00,6124.955737784442,6507.631478802897,4756.155182163511
forecast_5865,2025-09-02 09:00:00,4678.604767618073,5263.9372534636805,3906.069576421748
forecast_5866,2025-09-02 10:00:00,3625.7830729305024,4234.150250230523,3219.0269285186946
forecast_5867,2025-09-02 11:00:00,2872.5888960348843,3394.388591384653,2870.0019661545593
forecast_5868,2025-09-02 12:00:00,1820.4155672703225,2421.2635879497775,2193.32287855703
forecast_5869,2025-09-02 13:00:00,2191.3149607148325,2619.2915183245086,2300.4856734663686
forecast_5870,2025-09-02 14:00:00,1028.7005455149933,1669.692454673015,1496.6055462010775
forecast_5871,2025-09-02 15:00:00,908.1532369498376,1558.1985094890367,1401.9045592182717
forecast_5872,2025-09-02 16:00:00,701.5393506124029,1415.913343803844,1379.5723418956993
forecast_5873,2025-09-02 17:00:00,709.8692489967119,1428.1181408912303,1433.335470616433
forecast_5874,2025-09-02 18:00:00,755.5000782689126,1410.1424896922413,1337.1484984135736
forecast_5875,2025-09-02 19:00:00,974.3578929719814,1650.6913635017945,1492.5824197655802
forecast_5876,2025-09-02 20:00:00,1009.6679210434493,1835.634828218406,1691.5062205636339
forecast_5877,2025-09-02 21:00:00,1161.6217491338848,2072.8247186673616,1894.8868048680954
forecast_5878,2025-09-02 22:00:00,1389.872492429001,2281.9025222005685,2059.767925590336
forecast_5879,2025-09-02 23:00:00,1614.6409863822132,2455.9471303524037,2158.536355342014
forecast_5880,2025-09-03 00:00:00,1035.2229057731727,1896.774255391952,1686.77467782865
forecast_5881,2025-09-03 01:00:00,813.0511038315971,1907.683437571874,1654.1409155796105
forecast_5882,2025-09-03 02:00:00,1107.7237905331162,2035.1211472966324,1657.5053642093974
forecast_5883,2025-09-03 03:00:00,1493.2654333524097,2546.8411296968943,2008.257416597595
forecast_5884,2025-09-03 04:00:00,2247.2908663317844,3559.82006130823,2759.412068056553
forecast_5885,2025-09-03 05:00:00,1743.8475284148312,2887.735106472207,2330.456782379072
forecast_5886,2025-09-03 06:00:00,1606.984223841819,3092.8478948069514,2856.2473006885016
forecast_5887,2025-09-03 07:00:00,1088.1422369763866,2184.358930698572,1926.2766261996783
forecast_5888,2025-09-03 08:00:00,1157.2476681280978,1941.8383673476078,1674.1411964796328
forecast_5889,2025-09-03 09:00:00,808.1761980744614,1608.1459889720384,1502.7034048153187
forecast_5890,2025-09-03 10:00:00,743.6081008817432,1520.060390459172,1440.087181167555
forecast_5891,2025-09-03 11:00:00,762.7420136853635,1475.0098556835997,1443.3051875392812
forecast_5892,2025-09-03 12:00:00,1111.1533074191352,1923.6418027164175,1741.0477663155405
forecast_5893,2025-09-03 13:00:00,1123.0413787461846,1895.2893741964003,1789.249229744764
forecast_5894,2025-09-03 14:00:00,1167.1219624520475,1982.5587344853584,1887.006981531922
forecast_5895,2025-09-03 15:00:00,1327.5707028146849,2088.968001358656,1912.7537429919203
forecast_5896,2025-09-03 16:00:00,1183.3010368222765,1987.4280603532902,1858.0483154216993
forecast_5897,2025-09-03 17:00:00,1131.8801601914727,1875.1746477988079,1731.032189602765
forecast_5898,2025-09-03 18:00:00,1182.3703071244045,1956.581441007204,1760.7618122549402
forecast_5899,2025-09-03 19:00:00,924.1593122524503,1700.5328338389118,1561.3361979666636
forecast_5900,2025-09-03 20:00:00,1197.5688927739386,2097.699831683114,1882.1751045210817
forecast_5901,2025-09-03 21:00:00,1269.4636200463501,2092.7447448918056,1835.2845097581526
forecast_5902,2025-09-03 22:00:00,1463.149922673587,2324.8178617929616,1967.7502634372386
forecast_5903,2025-09-03 23:00:00,1319.23757063212,2149.910421837285,1797.3632477066596
forecast_5904,2025-09-04 00:00:00,1685.4770975201918,2498.8334219637677,2044.922661115509
forecast_5905,2025-09-04 01:00:00,1581.043150952702,2309.023350794096,1787.4800359623043
forecast_5906,2025-09-04 02:00:00,1611.906441703658,2320.409648037007,1793.1867931104348
forecast_5907,2025-09-04 03:00:00,1371.7969797184533,2105.3396768243047,1688.5258014124693
forecast_5908,2025-09-04 04:00:00,1343.2686114901103,2162.193881924488,1676.8815180896122
forecast_5909,2025-09-04 05:00:00,1449.5130025790197,2182.134543207876,1656.5783311989378
forecast_5910,2025-09-04 06:00:00,1789.5608924058838,2434.6026012066222,1787.1294096137526
forecast_5911,2025-09-04 07:00:00,2003.025955227565,2496.269438433458,1800.4729292358222
forecast_5912,2025-09-04 08:00:00,1841.6642245762307,2397.6471030984294,1807.187517061259
forecast_5913,2025-09-04 09:00:00,1444.5130951285396,2086.8728408725415,1663.2106861696464
forecast_5914,2025-09-04 10:00:00,1462.6948479662665,2081.2364791675163,1673.697829698757
forecast_5915,2025-09-04 11:00:00,1445.353798034056,2033.188351334331,1703.5834180463808
forecast_5916,2025-09-04 12:00:00,1345.0349605841452,2031.747207550476,1714.083268865421
forecast_5917,2025-09-04 13:00:00,1979.8844556498411,2505.3903746879473,1970.698654628548
forecast_5918,2025-09-04 14:00:00,1492.5850192609673,2066.053060932378,1711.3188712805272
forecast_5919,2025-09-04 15:00:00,1582.2619633387694,2154.9865149425286,1787.3207412179624
forecast_5920,2025-09-04 16:00:00,1798.4130754102287,2481.459915937,1985.7119317502536
forecast_5921,2025-09-04 17:00:00,1713.996890664409,2300.8654406987243,1823.805738609826
forecast_5922,2025-09-04 18:00:00,1852.5379290373537,2420.0729917555414,1895.7609960641478
forecast_5923,2025-09-04 19:00:00,2290.7425996697384,2848.10766200081,2276.567099362147
forecast_5924,2025-09-04 20:00:00,2606.717340108917,3105.7892242331363,2447.6848007386907
forecast_5925,2025-09-04 21:00:00,2561.001081283165,2967.1398148456674,2248.666802763366
forecast_5926,2025-09-04 22:00:00,2521.8199166551426,3050.144518940445,2362.4210790387037
forecast_5927,2025-09-04 23:00:00,2356.228668157737,2806.04624624769,2124.276341787044
forecast_5928,2025-09-05 00:00:00,2304.7930714890426,2737.6191518145556,2063.648607208223
forecast_5929,2025-09-05 01:00:00,1984.0872728675208,2555.0370149476494,1881.542469190678
forecast_5930,2025-09-05 02:00:00,2045.329120594719,2663.76166896052,1987.6276348094048
forecast_5931,2025-09-05 03:00:00,2209.977480171666,2778.450853654882,2029.6917186226447
forecast_5932,2025-09-05 04:00:00,2470.8300190055597,2977.11444269011,2107.1311170429794
forecast_5933,2025-09-05 05:00:00,2685.928077156035,3212.740049668766,2366.0515366979753
forecast_5934,2025-09-05 06:00:00,2251.379534818459,2790.5649237416965,2078.9604516748745
forecast_5935,2025-09-05 07:00:00,1973.9253634612028,2515.3749475854765,1875.8968769946239
forecast_5936,2025-09-05 08:00:00,2173.1792057815333,2685.0195220039695,1964.9159960102359
forecast_5937,2025-09-05 09:00:00,1814.5288539231854,2273.0765394557498,1708.5508692569185
forecast_5938,2025-09-05 10:00:00,1255.6894999201459,1752.217447929831,1447.3214462653552
forecast_5939,2025-09-05 11:00:00,735.8582157933957,1262.9812663928951,1162.8654069272982
forecast_5940,2025-09-05 12:00:00,781.8653035434545,1299.310441335702,1235.8908616616259
forecast_5941,2025-09-05 13:00:00,719.8131159516356,1254.346233031603,1273.5704670772097
forecast_5942,2025-09-05 14:00:00,729.552473737099,1520.83227098656,1494.2161482305091
forecast_5943,2025-09-05 15:00:00,744.1715469396311,1484.3160118004785,1501.4735987615745
forecast_5944,2025-09-05 16:00:00,871.1002232930061,1666.5564090755067,1675.787732821937
forecast_5945,2025-09-05 17:00:00,851.0544783486349,1665.3539350323745,1670.7423350950173
forecast_5946,2025-09-05 18:00:00,1337.5740523106206,2308.849264814898,2184.288624141459
forecast_5947,2025-09-05 19:00:00,1347.0257554333436,2208.7628137973875,2009.287906957153
forecast_5948,2025-09-05 20:00:00,984.815579914112,1842.6066988566458,1644.3854866714669
forecast_5949,2025-09-05 21:00:00,1365.5053650409966,2295.534289148921,1980.9797911278383
forecast_5950,2025-09-05 22:00:00,1611.2095986290076,2588.331079388433,2167.940522921099
forecast_5951,2025-09-05 23:00:00,3503.342237723225,4475.870047093946,3456.637680676059
forecast_5952,2025-09-06 00:00:00,3837.3564240213527,4689.783015703769,3562.086520124537
forecast_5953,2025-09-06 01:00:00,7972.1392131984185,8291.076872105463,6098.238099978138
forecast_5954,2025-09-06 02:00:00,10473.27870098508,10869.899316597137,8302.841891228816
forecast_5955,2025-09-06 03:00:00,12538.597652266888,12987.031348009854,10401.833982757344
forecast_5956,2025-09-06 04:00:00,13783.655268651737,14213.224323239105,11866.09031333634
forecast_5957,2025-09-06 05:00:00,14648.317629850744,15096.363282564515,12981.572397974956
forecast_5958,2025-09-06 06:00:00,14309.314229397816,15113.700552662132,13322.147006943043
forecast_5959,2025-09-06 07:00:00,15189.495928775326,15778.607009732992,14048.464820271085
forecast_5960,2025-09-06 08:00:00,12463.136977951875,13201.62437152669,11474.358630764447
forecast_5961,2025-09-06 09:00:00,11911.809153366858,12757.971835632408,11199.00757022078
forecast_5962,2025-09-06 10:00:00,12504.182287829375,13363.768161745695,12128.63348572682
forecast_5963,2025-09-06 11:00:00,13558.524527621008,14400.370252975328,13355.498482598052
forecast_5964,2025-09-06 12:00:00,14180.228972750465,14887.869361825295,13969.735936084635
forecast_5965,2025-09-06 13:00:00,13780.162953643043,14487.16252622386,13552.658227559117
forecast_5966,2025-09-06 14:00:00,12590.686809749808,13492.585332531056,12579.493588528534
forecast_5967,2025-09-06 15:00:00,14129.48112431977,14842.390222657727,13824.598376936727
forecast_5968,2025-09-06 16:00:00,14835.913228649975,15324.765593153363,14159.312838943048
forecast_5969,2025-09-06 17:00:00,13401.881268010104,13815.29882490562,12576.441849650508
forecast_5970,2025-09-06 18:00:00,13103.817067059394,13734.272011207318,12485.236711693564
forecast_5971,2025-09-06 19:00:00,15031.908850024854,15832.257198670815,14837.957896762342
forecast_5972,2025-09-06 20:00:00,14706.043842792911,15204.890109638076,14083.50851021985
forecast_5973,2025-09-06 21:00:00,15992.081601853992,16646.17264808969,15731.374667241516
forecast_5974,2025-09-06 22:00:00,16562.34193315883,17144.254193077017,16440.442025996697
forecast_5975,2025-09-06 23:00:00,16536.239022109352,17137.16269138532,16334.94163325872
forecast_5976,2025-09-07 00:00:00,17188.17121554158,17831.374612442345,17191.333256298076
forecast_5977,2025-09-07 01:00:00,17398.21522783619,18180.932014521568,17762.390576829628
forecast_5978,2025-09-07 02:00:00,17668.57783784334,18334.97277124455,17725.673733865682
forecast_5979,2025-09-07 03:00:00,16862.376425407452,17288.98942744859,16594.76151394233
forecast_5980,2025-09-07 04:00:00,15783.624525533874,16068.420536723352,15139.909309878596
forecast_5981,2025-09-07 05:00:00,15382.435438158069,15868.604514467199,14977.06109765933
forecast_5982,2025-09-07 06:00:00,14061.391316922845,14580.89012980775,13407.341102686794
forecast_5983,2025-09-07 07:00:00,13779.373436454975,14324.325968282355,12878.102542141785
forecast_5984,2025-09-07 08:00:00,14422.654603345074,14802.707332737882,13257.60679406909
forecast_5985,2025-09-07 09:00:00,12470.554205210414,13089.236040659625,11550.896875066943
forecast_5986,2025-09-07 10:00:00,10460.592207427522,11140.126338123177,9535.573833892271
forecast_5987,2025-09-07 11:00:00,9003.656236411065,9353.07237028925,7501.598690780622
forecast_5988,2025-09-07 12:00:00,5325.813086763379,5821.0849714846645,4738.977391924938
forecast_5989,2025-09-07 13:00:00,4250.315334024778,4471.961538891988,3498.2264496652583
forecast_5990,2025-09-07 14:00:00,5001.485821696886,5035.552639877542,3840.8750953691747
forecast_5991,2025-09-07 15:00:00,5212.501294095716,5091.027217562165,3801.335527243414
forecast_5992,2025-09-07 16:00:00,4625.496436754134,4943.191265765595,3864.899493402594
forecast_5993,2025-09-07 17:00:00,5131.218307306659,5241.935417745266,3985.4084648196695
forecast_5994,2025-09-07 18:00:00,6327.659633378991,6551.462233596019,5051.152416608639
forecast_5995,2025-09-07 19:00:00,8607.61552020035,8877.52254613219,7045.26778330489
forecast_5996,2025-09-07 20:00:00,10418.855819028142,10623.736187706792,8486.05458215019
forecast_5997,2025-09-07 21:00:00,10295.659722653123,10410.605065987584,8182.0142851987885
forecast_5998,2025-09-07 22:00:00,10614.116566478451,11034.457649393778,8775.435335605687
forecast_5999,2025-09-07 23:00:00,11490.781621425374,11890.033528201053,9532.030017855552
forecast_6000,2025-09-08 00:00:00,13325.63269054025,13314.259357250132,10585.992899292763
forecast_6001,2025-09-08 01:00:00,9366.89593996017,9829.757920489068,7484.510251340045
forecast_6002,2025-09-08 02:00:00,10013.063356236618,10414.549905608084,7906.866614231772
forecast_6003,2025-09-08 03:00:00,9566.93051650767,9955.593283710987,7442.967187741058
forecast_6004,2025-09-08 04:00:00,7503.275295055444,8359.976338475646,6209.693275563864
forecast_6005,2025-09-08 05:00:00,6805.825873240536,7280.37876426796,5257.157999921912
forecast_6006,2025-09-08 06:00:00,4813.939165617558,5433.885575270797,3962.831344483161
forecast_6007,2025-09-08 07:00:00,2614.877849976195,3766.547722246155,3068.6436177976307
forecast_6008,2025-09-08 08:00:00,1839.9237783789931,2784.1065997061996,2425.856420853657
forecast_6009,2025-09-08 09:00:00,1231.4944556067426,2146.044562905667,1923.4458400474518
forecast_6010,2025-09-08 10:00:00,918.6621700244413,1812.5724219496929,1693.1150567847706
forecast_6011,2025-09-08 11:00:00,747.114876675098,1735.4954567490474,1686.910620045711
forecast_6012,2025-09-08 12:00:00,897.4956388679082,1852.1185695866973,1789.5338840836241
forecast_6013,2025-09-08 13:00:00,1556.3256092169413,2917.3043071632446,2791.2356907727194
forecast_6014,2025-09-08 14:00:00,1944.7554181304522,3044.9861054503403,2837.673595627587
forecast_6015,2025-09-08 15:00:00,1060.7703389953144,1780.7537617923724,1741.3948056326913
forecast_6016,2025-09-08 16:00:00,1928.4943468581178,2841.7918696294396,2571.6488503751543
forecast_6017,2025-09-08 17:00:00,2983.290774848828,3851.0554547118068,3285.3199581550825
forecast_6018,2025-09-08 18:00:00,3058.782439259772,3571.0586071830257,2980.799236848775
forecast_6019,2025-09-08 19:00:00,3383.6077100785965,4144.457283943221,3572.234023197796
forecast_6020,2025-09-08 20:00:00,4597.594372296129,5073.709283169115,4149.237696299316
forecast_6021,2025-09-08 21:00:00,5548.432303514144,5811.901019565252,4590.433683683228
forecast_6022,2025-09-08 22:00:00,3463.178677241804,3760.8698305490702,2950.4209898412546
forecast_6023,2025-09-08 23:00:00,3652.0886905126154,4253.804077064899,3577.1518683612876
forecast_6024,2025-09-09 00:00:00,1965.4553164219612,2410.9384092983873,2112.928130672395
forecast_6025,2025-09-09 01:00:00,4827.02041190489,5018.453476599191,3865.2105522720694
forecast_6026,2025-09-09 02:00:00,5306.988692911371,5754.45431197281,4509.604603040442
forecast_6027,2025-09-09 03:00:00,3066.5091407807054,3338.606124474712,2728.256387758893
forecast_6028,2025-09-09 04:00:00,3070.7372133291,3747.084366425574,3197.9275512259737
forecast_6029,2025-09-09 05:00:00,2046.559509120275,2679.992345026711,2395.469761688145
forecast_6030,2025-09-09 06:00:00,2592.4420381102163,3260.1669711858813,2660.919017435946
forecast_6031,2025-09-09 07:00:00,2220.970234059366,2909.28885616691,2297.8885170452454
forecast_6032,2025-09-09 08:00:00,1909.062642299441,2523.650667424314,2053.344198986547
forecast_6033,2025-09-09 09:00:00,1953.089138124421,2861.5308095018786,2272.6912679651405
forecast_6034,2025-09-09 10:00:00,2448.055220714795,3181.3608865152073,2378.1953239298355
forecast_6035,2025-09-09 11:00:00,1755.1851939363405,2353.8270596424572,1841.0075627369793
forecast_6036,2025-09-09 12:00:00,2019.0394841634788,2424.9801050970373,1706.2132116597386
forecast_6037,2025-09-09 13:00:00,1523.5069954477124,2139.8913412186603,1739.7435728224525
forecast_6038,2025-09-09 14:00:00,1072.1670149801746,1834.0404483428165,1638.9515142127036
forecast_6039,2025-09-09 15:00:00,1329.56804864118,2026.251116498775,1772.095878794908
forecast_6040,2025-09-09 16:00:00,1025.580169594276,1906.2735446866623,1811.8548119544841
forecast_6041,2025-09-09 17:00:00,1041.127248013068,1945.742135328762,1901.0158670437982
forecast_6042,2025-09-09 18:00:00,1267.7705623779789,2046.6791472178145,1877.6744407275085
forecast_6043,2025-09-09 19:00:00,1564.5284521332796,2544.174365174288,2187.8574739610744
forecast_6044,2025-09-09 20:00:00,1487.2559366551382,2131.2586671055406,1871.2656124695225
forecast_6045,2025-09-09 21:00:00,2209.4966800534307,3168.0191088772453,2904.8890942263974
forecast_6046,2025-09-09 22:00:00,1985.0174210439295,3136.1907880273643,2700.2855189573506
forecast_6047,2025-09-09 23:00:00,1360.0674260042613,2213.2897216852953,1825.9201857552011
forecast_6048,2025-09-10 00:00:00,1399.0648797533663,2148.105726363665,1713.2385720018135
forecast_6049,2025-09-10 01:00:00,1987.8226700567488,2991.836085328485,2360.805153156285
forecast_6050,2025-09-10 02:00:00,2230.3988049785976,3254.499659812793,2730.621960534724
forecast_6051,2025-09-10 03:00:00,2268.9870710563077,3098.8509232813176,2538.0220889962457
forecast_6052,2025-09-10 04:00:00,2599.082979132784,3340.8049381455276,2643.5655252780753
forecast_6053,2025-09-10 05:00:00,2802.9306918069433,3815.5207827652657,2809.305940501609
forecast_6054,2025-09-10 06:00:00,2709.893630678197,3471.2875822623305,2420.014567028804
forecast_6055,2025-09-10 07:00:00,2622.5433195480873,3150.3414904670817,2224.681371671533
forecast_6056,2025-09-10 08:00:00,2236.451063290501,2917.9589673931855,2231.947471635101
forecast_6057,2025-09-10 09:00:00,1975.20494904306,2696.285286786417,2201.4241459413633
forecast_6058,2025-09-10 10:00:00,1418.186461004744,2184.4260759738363,1988.1462965518117
forecast_6059,2025-09-10 11:00:00,1452.0868127694578,2272.994346204019,2142.8095935535725
forecast_6060,2025-09-10 12:00:00,1325.2104837001998,2131.351250561736,2090.029764741201
forecast_6061,2025-09-10 13:00:00,1225.4251472011588,2169.352135618229,2104.2894850034413
forecast_6062,2025-09-10 14:00:00,1139.0557764411615,1885.248134213381,1851.360554189473
forecast_6063,2025-09-10 15:00:00,1060.0809494541288,1829.755159415198,1846.6593266945151
forecast_6064,2025-09-10 16:00:00,1026.3276870021448,1881.281595058433,1989.2700413801253
forecast_6065,2025-09-10 17:00:00,1155.5076957585177,2154.315547166929,2206.6419706627917
forecast_6066,2025-09-10 18:00:00,1634.2641367958306,2599.8199278422885,2522.1207081966586
forecast_6067,2025-09-10 19:00:00,1854.1123646722326,2728.4768110109553,2355.2336865083316
forecast_6068,2025-09-10 20:00:00,2520.1260190188586,3155.2401827022168,2510.3420627333758
forecast_6069,2025-09-10 21:00:00,2703.1764984674683,3371.55351667827,2626.107133114212
forecast_6070,2025-09-10 22:00:00,3044.070986864478,3754.2887485110314,2903.002311597772
forecast_6071,2025-09-10 23:00:00,2924.5691414954345,3556.7861650251143,2763.976691804887
forecast_6072,2025-09-11 00:00:00,2890.4383003134935,3574.238169600407,2723.9056948992647
forecast_6073,2025-09-11 01:00:00,2471.175788975541,3372.274406966723,2492.005295091748
forecast_6074,2025-09-11 02:00:00,2401.559154512024,3301.4329883791797,2357.571228622625
forecast_6075,2025-09-11 03:00:00,2520.8151602678045,3431.6431441613922,2437.4512648723344
forecast_6076,2025-09-11 04:00:00,2807.658256491949,3437.668015858831,2414.381195979574
forecast_6077,2025-09-11 05:00:00,3492.9545800671003,4001.660800472626,2672.707041946231
forecast_6078,2025-09-11 06:00:00,4068.1396632848127,4547.411698447708,3061.836618028638
forecast_6079,2025-09-11 07:00:00,4564.692929927565,4999.942030912845,3336.840722652811
forecast_6080,2025-09-11 08:00:00,4210.279751272121,4893.18378982283,3369.503844890162
forecast_6081,2025-09-11 09:00:00,3450.632738115341,4106.247440506461,2918.9703026480447
forecast_6082,2025-09-11 10:00:00,2897.1065171455443,3536.862363820792,2661.1856624497527
forecast_6083,2025-09-11 11:00:00,3457.2236454892704,4100.019825367095,3070.2208367048925
forecast_6084,2025-09-11 12:00:00,3838.8138569861662,4498.343615722773,3414.224224400202
forecast_6085,2025-09-11 13:00:00,3851.084837518647,4399.280993863586,3350.1126846538573
forecast_6086,2025-09-11 14:00:00,3672.338679680994,4204.368504415383,3261.899252717861
forecast_6087,2025-09-11 15:00:00,3222.375002974539,3838.714276586825,3057.195471708077
forecast_6088,2025-09-11 16:00:00,2585.246097820669,3344.0465776009773,2772.4105801707265
forecast_6089,2025-09-11 17:00:00,3070.1835891297433,4135.418178510099,3341.896366991399
forecast_6090,2025-09-11 18:00:00,3523.3871479962277,4234.346454581326,3237.0205728475635
forecast_6091,2025-09-11 19:00:00,4436.815182730375,5047.305461636419,3644.1016059920694
forecast_6092,2025-09-11 20:00:00,5007.776479718611,5270.124866375694,3721.6997638525045
forecast_6093,2025-09-11 21:00:00,5588.708644887814,6135.308230434615,4416.93322509232
forecast_6094,2025-09-11 22:00:00,5419.649314998689,6026.556285629649,4383.467053503154
forecast_6095,2025-09-11 23:00:00,6044.574158953136,6549.492990079911,4700.229123335148
forecast_6096,2025-09-12 00:00:00,5128.353761698498,5433.01506108498,3813.562725634548
forecast_6097,2025-09-12 01:00:00,5184.051977160683,5621.810574755835,3925.563306631854
forecast_6098,2025-09-12 02:00:00,4934.803402458965,5295.333424017683,3639.544572458018
forecast_6099,2025-09-12 03:00:00,3977.5124299109993,4354.692554865851,3045.946930829028
forecast_6100,2025-09-12 04:00:00,3821.141515444143,4302.008682577685,2989.428560542008
forecast_6101,2025-09-12 05:00:00,3683.86835847556,4224.042457059869,2995.602150384003
forecast_6102,2025-09-12 06:00:00,2758.3351739951922,3352.4354674037977,2457.6571678515397
forecast_6103,2025-09-12 07:00:00,3470.5135389009924,4032.4165459667647,2806.5354489255515
forecast_6104,2025-09-12 08:00:00,3116.2561811554147,3686.368818141573,2578.532537930878
forecast_6105,2025-09-12 09:00:00,3262.8190833317667,4006.4380692031245,2886.1270694656396
forecast_6106,2025-09-12 10:00:00,2491.004388474707,3187.30434030083,2539.8611215544543
forecast_6107,2025-09-12 11:00:00,3617.7436742705295,4410.634707149229,3319.3729208905916
forecast_6108,2025-09-12 12:00:00,3124.335246107009,3735.357980675026,2893.070292780799
forecast_6109,2025-09-12 13:00:00,2580.9523941385696,3267.4199500079,2564.3669017364514
forecast_6110,2025-09-12 14:00:00,2076.740123032031,2769.052311551099,2210.801731193246
forecast_6111,2025-09-12 15:00:00,2314.9616771242554,2807.524325774108,2102.526757687046
forecast_6112,2025-09-12 16:00:00,2243.9671901612573,2689.029909003996,1969.8422595861343
forecast_6113,2025-09-12 17:00:00,3333.245586196524,3852.639124104031,2752.7931848889916
forecast_6114,2025-09-12 18:00:00,2889.8377353887095,3654.913521649562,2794.040915074857
forecast_6115,2025-09-12 19:00:00,2572.2226023159556,3424.7225206997214,2697.4884397848123
forecast_6116,2025-09-12 20:00:00,3716.784215412222,4398.458946941633,3173.8805809081678
forecast_6117,2025-09-12 21:00:00,5209.507560804309,6487.789969793528,4982.490657162904
forecast_6118,2025-09-12 22:00:00,4699.865767530866,5913.080487940857,4817.999118608102
forecast_6119,2025-09-12 23:00:00,5093.723057043689,6147.751659745225,4981.850164143021
forecast_6120,2025-09-13 00:00:00,5105.883751837794,6133.320701228022,4745.496116705002
forecast_6121,2025-09-13 01:00:00,4607.944234870033,5268.536611157341,4006.4049570424913
forecast_6122,2025-09-13 02:00:00,4512.408464121666,5333.542063694133,4017.334796467222
forecast_6123,2025-09-13 03:00:00,6534.199593893747,7761.814828157045,5929.257402090541
forecast_6124,2025-09-13 04:00:00,7730.970045815142,9332.670896564327,8642.680908599988
forecast_6125,2025-09-13 05:00:00,10527.107700760644,12328.306033492237,11141.162300241256
forecast_6126,2025-09-13 06:00:00,13202.833081821436,14807.646726512547,13904.57992475833
forecast_6127,2025-09-13 07:00:00,13527.359874044687,15009.428762752932,14405.56409783274
forecast_6128,2025-09-13 08:00:00,15169.28964093565,16147.98514053777,15195.491019395784
forecast_6129,2025-09-13 09:00:00,14947.68892206464,15971.939889596222,14835.705412305137
forecast_6130,2025-09-13 10:00:00,16786.103020638053,17558.864019040266,16682.78185494985
forecast_6131,2025-09-13 11:00:00,10779.404793072768,11099.031343314422,9396.681811864464
forecast_6132,2025-09-13 12:00:00,6717.762740078049,7732.469092757399,6706.290607350009
forecast_6133,2025-09-13 13:00:00,4315.9776496407985,5084.166859904604,3910.882549084664
forecast_6134,2025-09-13 14:00:00,2530.150171764251,2814.605793191325,2115.0298413926266
forecast_6135,2025-09-13 15:00:00,2192.7051256407876,2911.780628110654,2343.4444235954898
forecast_6136,2025-09-13 16:00:00,2929.3285357578434,3807.5376510437127,3214.1022397861925
forecast_6137,2025-09-13 17:00:00,4066.228468124707,4884.422980054193,3908.0810927994216
forecast_6138,2025-09-13 18:00:00,4311.682722557873,5253.201713394601,4324.318461801786
forecast_6139,2025-09-13 19:00:00,2649.9015333857797,3382.3048933949813,2845.396142848469
forecast_6140,2025-09-13 20:00:00,1657.301355965984,2501.480900805268,2283.8370976739493
forecast_6141,2025-09-13 21:00:00,1671.8760446749448,2464.8114721376496,2157.632618805623
forecast_6142,2025-09-13 22:00:00,1618.0316016590282,2397.125541796493,2119.9958027397456
forecast_6143,2025-09-13 23:00:00,1892.9480901665684,2767.2171680785723,2276.1233673853058
forecast_6144,2025-09-14 00:00:00,1706.005328997484,2528.123528048811,2214.0011321479683
forecast_6145,2025-09-14 01:00:00,1760.2787852353717,2741.0676002352243,2239.741198768357
forecast_6146,2025-09-14 02:00:00,1416.3687570410755,2337.9187544928163,1997.5854654412988
forecast_6147,2025-09-14 03:00:00,1552.301782083027,2315.6665782643568,1938.046275801761
forecast_6148,2025-09-14 04:00:00,1741.8460892369385,2534.224606536684,2105.387168667725
forecast_6149,2025-09-14 05:00:00,1841.0716692267692,2626.1706609530984,2116.333637684881
forecast_6150,2025-09-14 06:00:00,1684.0845095843356,2502.13884983699,1987.7150305199334
forecast_6151,2025-09-14 07:00:00,2436.408163388841,3392.4729629162075,2608.421312993577
forecast_6152,2025-09-14 08:00:00,2067.553246006667,2846.612319234962,2239.444613635276
forecast_6153,2025-09-14 09:00:00,1934.9058779507143,2919.176299947194,2455.916958893772
forecast_6154,2025-09-14 10:00:00,2352.323492565467,3115.314054297062,2579.3265503378816
forecast_6155,2025-09-14 11:00:00,1789.4653225214274,2446.6205039361707,2053.5547078820473
forecast_6156,2025-09-14 12:00:00,2008.0762590164882,2679.004191753382,2264.8645787194814
forecast_6157,2025-09-14 13:00:00,2101.798018033172,2373.409459783503,1930.8867588381283
forecast_6158,2025-09-14 14:00:00,2163.920212115534,2403.3934129324966,1896.8621539399753
forecast_6159,2025-09-14 15:00:00,2585.3535074020774,2896.1211623721842,2264.648095173138
forecast_6160,2025-09-14 16:00:00,3225.9440427238314,3442.6389950825633,2757.789157801566
forecast_6161,2025-09-14 17:00:00,3666.284505388032,3903.5714137924324,3077.4340601327012
forecast_6162,2025-09-14 18:00:00,6091.766170786389,6328.063309373927,4797.381209641082
forecast_6163,2025-09-14 19:00:00,8482.784815881358,8448.03669434246,6464.010181352511
forecast_6164,2025-09-14 20:00:00,11622.96025539493,11955.32971223907,9754.508026594556
forecast_6165,2025-09-14 21:00:00,13096.315860640354,13456.615358591158,11229.337086422958
forecast_6166,2025-09-14 22:00:00,15170.336097447494,15745.61818403583,13894.860684400897
forecast_6167,2025-09-14 23:00:00,16421.108268817465,17104.500594030374,15781.069298920918
forecast_6168,2025-09-15 00:00:00,17592.182644599015,17905.024438081582,16448.537702374146
forecast_6169,2025-09-15 01:00:00,16891.27628002477,17095.332580732498,14932.058655448827
forecast_6170,2025-09-15 02:00:00,16160.464823963659,16437.962991603727,14093.093115990574
forecast_6171,2025-09-15 03:00:00,13743.095238358668,14448.738272120903,12034.780974118228
forecast_6172,2025-09-15 04:00:00,13970.36070510478,14180.06969783475,11451.57678434678
forecast_6173,2025-09-15 05:00:00,11143.1228467527,11208.949081241815,8413.284515925772
forecast_6174,2025-09-15 06:00:00,8894.583610101517,9047.522005950028,6528.134238297687
forecast_6175,2025-09-15 07:00:00,6368.189668281264,7091.797247935984,5162.847494211781
forecast_6176,2025-09-15 08:00:00,3575.022447372343,4672.851342574526,3710.355632562343
forecast_6177,2025-09-15 09:00:00,2301.33567885888,3067.508899938237,2475.1721991660697
forecast_6178,2025-09-15 10:00:00,1923.363954908595,2768.3982268879768,2345.2967371279087
forecast_6179,2025-09-15 11:00:00,1524.0018450807545,2395.322254406352,2098.701620175916
forecast_6180,2025-09-15 12:00:00,1487.5254329823044,2441.9751731813944,2290.26101681795
forecast_6181,2025-09-15 13:00:00,1349.8029034878946,2569.975196956281,2570.0047775279113
forecast_6182,2025-09-15 14:00:00,1233.6383014304854,2034.9461544080077,1893.9514187458383
forecast_6183,2025-09-15 15:00:00,1382.9273049571011,2375.14253707043,2221.0601174700473
forecast_6184,2025-09-15 16:00:00,1650.723156115893,2340.9897881353954,2141.248651616639
forecast_6185,2025-09-15 17:00:00,2596.9302337671534,3201.253945924243,2601.8094762448336
forecast_6186,2025-09-15 18:00:00,4245.818021943339,4417.687347218896,3370.5746680368943
forecast_6187,2025-09-15 19:00:00,5986.501345150131,6125.47358389182,4672.954023744229
forecast_6188,2025-09-15 20:00:00,5834.4614408422185,6256.01366004413,4877.50514138549
forecast_6189,2025-09-15 21:00:00,6100.228277961025,6493.922427740639,4979.831573299671
forecast_6190,2025-09-15 22:00:00,5670.131598991993,6059.561341898486,4639.948935576694
forecast_6191,2025-09-15 23:00:00,4927.9792427685925,5618.421649899633,4293.462658057701
forecast_6192,2025-09-16 00:00:00,6093.177441692033,6914.649864033057,5318.178820659211
forecast_6193,2025-09-16 01:00:00,8247.05876378155,9186.970874327562,7222.563131638925
forecast_6194,2025-09-16 02:00:00,8666.042958954102,9542.97699248583,7406.301010549088
forecast_6195,2025-09-16 03:00:00,7651.777916455957,8597.986748763567,6575.537490502258
forecast_6196,2025-09-16 04:00:00,9077.884161721728,9643.782514531715,7225.893081454598
forecast_6197,2025-09-16 05:00:00,10122.333501589408,10717.655486670827,8195.707099456386
forecast_6198,2025-09-16 06:00:00,11847.712568211495,11998.46752857069,9086.342056580383
forecast_6199,2025-09-16 07:00:00,11033.583197173926,10959.389226200557,8020.84729800718
forecast_6200,2025-09-16 08:00:00,8568.660756296063,8566.876858509222,6207.656487767171
forecast_6201,2025-09-16 09:00:00,6613.576578746107,7150.556886867038,5406.414045369883
forecast_6202,2025-09-16 10:00:00,5749.309925966389,6142.274544818268,4692.485542765167
forecast_6203,2025-09-16 11:00:00,6790.15834927937,7026.437121192161,5410.417442823896
forecast_6204,2025-09-16 12:00:00,6953.902702314495,7300.897490676416,5885.803654094264
forecast_6205,2025-09-16 13:00:00,7363.419935766563,7748.341116102678,6399.389275590566
forecast_6206,2025-09-16 14:00:00,8964.973211868113,9187.512023873172,7679.847199541992
forecast_6207,2025-09-16 15:00:00,9912.970364849849,10226.96643605506,8601.898137945482
forecast_6208,2025-09-16 16:00:00,9790.280099472084,9977.988780402808,8288.193863883736
forecast_6209,2025-09-16 17:00:00,7405.1192099577265,7428.7613753025635,5970.494288541616
forecast_6210,2025-09-16 18:00:00,7590.405636953729,7649.303379873023,6000.297248090572
forecast_6211,2025-09-16 19:00:00,11092.411986209527,11762.95489645471,9764.682746541557
forecast_6212,2025-09-16 20:00:00,11134.622064547937,12120.580097551785,10471.562143569747
forecast_6213,2025-09-16 21:00:00,10438.002471213515,11433.218990203643,9793.604765477727
forecast_6214,2025-09-16 22:00:00,9436.933340714371,10288.204369761632,8857.769262708653
forecast_6215,2025-09-16 23:00:00,10010.592019501,10381.36916774973,8652.742071261779
forecast_6216,2025-09-17 00:00:00,12053.604791801345,12931.837092086062,11268.752397178732
forecast_6217,2025-09-17 01:00:00,15743.290793815353,16660.613372238015,15750.035209917836
forecast_6218,2025-09-17 02:00:00,16936.152059357955,17517.68870959193,16676.019120204186
forecast_6219,2025-09-17 03:00:00,17454.158997590137,18046.36051336378,17392.484165025886
forecast_6220,2025-09-17 04:00:00,17808.151577932396,18458.173824529847,17935.78311453997
forecast_6221,2025-09-17 05:00:00,18017.246004271772,18463.07045080063,17732.79825708012
forecast_6222,2025-09-17 06:00:00,17536.29689765648,18008.210067831857,17203.089783621548
forecast_6223,2025-09-17 07:00:00,15793.260016481823,16440.969852751954,15347.819795956999
forecast_6224,2025-09-17 08:00:00,10874.615036429044,12102.236247387616,11071.925310960967
forecast_6225,2025-09-17 09:00:00,8247.079013804905,8618.59890077932,6781.14337390997
forecast_6226,2025-09-17 10:00:00,4777.873442396362,5657.056469494899,4538.691830956211
forecast_6227,2025-09-17 11:00:00,3312.4027727307903,4887.329848901005,4243.88651600843
forecast_6228,2025-09-17 12:00:00,2334.1358597655744,3683.2820317944384,3131.119297158756
forecast_6229,2025-09-17 13:00:00,1435.3485753934567,1897.903075216269,1535.7742909900035
forecast_6230,2025-09-17 14:00:00,4224.5553595348265,4701.362579111657,3503.7230008331826
forecast_6231,2025-09-17 15:00:00,6484.077030192096,7492.989378716769,5868.603222063595
forecast_6232,2025-09-17 16:00:00,4052.1409284575648,4544.439868460867,3521.971893385336
forecast_6233,2025-09-17 17:00:00,2301.8626828695733,3008.291485777092,2440.1050057821385
forecast_6234,2025-09-17 18:00:00,2225.0315664634845,2764.464042642374,2246.0202177563415
forecast_6235,2025-09-17 19:00:00,1423.5879142535878,2046.848433343553,1843.764684162715
forecast_6236,2025-09-17 20:00:00,1756.7840884098114,2658.0535033963556,2382.249509532852
forecast_6237,2025-09-17 21:00:00,2282.186590249653,3074.3718185833704,2581.227635173396
forecast_6238,2025-09-17 22:00:00,2163.590556136892,2744.7213447408317,2241.722815756303
forecast_6239,2025-09-17 23:00:00,1876.4503678157978,2472.220139287271,1906.4150088541176
forecast_6240,2025-09-18 00:00:00,2454.445933213138,2866.6146074197427,2211.8155230002526
forecast_6241,2025-09-18 01:00:00,2073.0131842483906,2641.6500976855414,1971.137698739657
forecast_6242,2025-09-18 02:00:00,1623.458040179852,2028.9095027946591,1562.416460991686
forecast_6243,2025-09-18 03:00:00,1550.5546201701766,1991.2445680646142,1605.3231767169793
forecast_6244,2025-09-18 04:00:00,1467.52448937417,2022.1220852522936,1618.531078085162
forecast_6245,2025-09-18 05:00:00,2179.3857384111047,2697.1283892402503,1929.2310161621044
forecast_6246,2025-09-18 06:00:00,2598.085366504803,3067.339492696561,2146.5251904436955
forecast_6247,2025-09-18 07:00:00,4394.7877022057055,5045.130610941677,3537.6700006575306
forecast_6248,2025-09-18 08:00:00,4027.0052691165324,4629.786896837748,3421.9948991277274
forecast_6249,2025-09-18 09:00:00,4325.2720609986445,5063.379246655384,3647.4732041501247
forecast_6250,2025-09-18 10:00:00,3873.884854048125,4560.001006609824,3298.2099014967557
forecast_6251,2025-09-18 11:00:00,3785.6124845029485,4619.452623512463,3269.695169682009
forecast_6252,2025-09-18 12:00:00,2873.4998952254355,3409.6359600907285,2433.091548446039
forecast_6253,2025-09-18 13:00:00,2621.759484954243,3217.674713218577,2305.772577463351
forecast_6254,2025-09-18 14:00:00,2689.4793448068667,3212.15727083811,2376.3646235670494
forecast_6255,2025-09-18 15:00:00,2264.275268745623,2925.3918221996105,2280.8420395087596
forecast_6256,2025-09-18 16:00:00,2004.3036326184117,2596.0735223470906,2078.30468639021
forecast_6257,2025-09-18 17:00:00,2354.9401674513,3033.907330757319,2367.8950951040006
forecast_6258,2025-09-18 18:00:00,2387.388416950141,3125.0410511586706,2497.2295835729865
forecast_6259,2025-09-18 19:00:00,2436.8465382624686,3080.9983044783817,2495.7044553855844
forecast_6260,2025-09-18 20:00:00,2708.379452352415,3286.0687307329463,2559.00412594108
forecast_6261,2025-09-18 21:00:00,2708.0756981085938,3282.335220451383,2660.0398420274087
forecast_6262,2025-09-18 22:00:00,3027.0504369375058,3715.9738655637366,2844.350589188008
forecast_6263,2025-09-18 23:00:00,2680.4757465348066,3256.7325827173954,2494.6405555723372
forecast_6264,2025-09-19 00:00:00,2734.8116606204544,3309.303230610087,2513.901242806358
forecast_6265,2025-09-19 01:00:00,3173.3183089758463,3641.4641362022066,2681.247595470622
forecast_6266,2025-09-19 02:00:00,2400.272929073881,2992.5154349054915,2320.2080698030977
forecast_6267,2025-09-19 03:00:00,2949.7245550458356,3467.5872385202565,2586.3453096387766
forecast_6268,2025-09-19 04:00:00,2640.267026777121,3161.802344614106,2299.4330755343003
forecast_6269,2025-09-19 05:00:00,2315.097604853948,2915.054891794987,2111.6967854778404
forecast_6270,2025-09-19 06:00:00,1816.22886852069,2463.4334109146166,1817.1409172459173
forecast_6271,2025-09-19 07:00:00,2136.887088411323,2721.079655375023,1956.496166141222
forecast_6272,2025-09-19 08:00:00,1956.0477694485453,2599.3787044384326,1905.9912598660605
forecast_6273,2025-09-19 09:00:00,1566.1959770427381,2131.4651240131534,1688.3719777222836
forecast_6274,2025-09-19 10:00:00,1331.788519015387,1909.9823309499366,1553.00652945523
forecast_6275,2025-09-19 11:00:00,1216.280309043469,1780.656202380726,1453.7902422453926
forecast_6276,2025-09-19 12:00:00,1228.2026910012478,1750.9560811259928,1421.4701290817936
forecast_6277,2025-09-19 13:00:00,1147.7607445009603,1763.4188034861272,1436.7662372451464
forecast_6278,2025-09-19 14:00:00,1099.1906383040077,1716.371173784524,1427.49856158582
forecast_6279,2025-09-19 15:00:00,1039.0986843080218,1611.336157558662,1328.2703097201897
forecast_6280,2025-09-19 16:00:00,833.7254336715041,1426.8500822889637,1206.7101566444599
forecast_6281,2025-09-19 17:00:00,1102.355600155002,1792.0596842772873,1548.0300619367883
forecast_6282,2025-09-19 18:00:00,1178.6311305496517,1887.2367722265176,1589.9522112479299
forecast_6283,2025-09-19 19:00:00,1994.697875908715,2895.1983319694787,2422.46069124735
forecast_6284,2025-09-19 20:00:00,2032.275368664251,2867.858701765712,2384.921791986168
forecast_6285,2025-09-19 21:00:00,1967.6577495037682,2655.4066027425597,2078.345848588921
forecast_6286,2025-09-19 22:00:00,2510.3617826301725,3137.748590890951,2425.3772853782925
forecast_6287,2025-09-19 23:00:00,3101.06405159487,3729.336346716068,2776.898620383034
forecast_6288,2025-09-20 00:00:00,4153.942158792289,4724.816002543088,3337.647283425583
forecast_6289,2025-09-20 01:00:00,6077.282270079275,6443.065905126763,4510.5650879403065
forecast_6290,2025-09-20 02:00:00,6027.275265726963,6361.948041122303,4367.285935931265
forecast_6291,2025-09-20 03:00:00,3772.8443194398496,4529.5907209669995,3250.78736058614
forecast_6292,2025-09-20 04:00:00,3963.909958589526,4530.577689944428,3354.2205106791153
forecast_6293,2025-09-20 05:00:00,5852.26517494821,6546.343946915955,4904.948894356191
forecast_6294,2025-09-20 06:00:00,8661.680453096229,9366.87337858917,7269.967817237032
forecast_6295,2025-09-20 07:00:00,7083.189187347751,7259.359771378096,5410.683188212375
forecast_6296,2025-09-20 08:00:00,4089.8219723702073,4470.658309166092,3409.641061632641
forecast_6297,2025-09-20 09:00:00,2371.6396803691678,2945.59726409803,2604.445024433242
forecast_6298,2025-09-20 10:00:00,1291.6176090053132,1686.1607903900708,1464.6049676216103
forecast_6299,2025-09-20 11:00:00,1837.697538382046,2402.3228292331432,1851.5352341251244
forecast_6300,2025-09-20 12:00:00,2021.9689812975269,2101.3465566899768,1489.2636875550052
forecast_6301,2025-09-20 13:00:00,2218.0526455874697,2308.497477779477,1617.972061116033
forecast_6302,2025-09-20 14:00:00,2134.2418256537817,2196.347539454451,1541.9058403149218
forecast_6303,2025-09-20 15:00:00,1694.1514106774093,1968.589803109861,1546.3456236663703
forecast_6304,2025-09-20 16:00:00,1477.5456677731372,1871.6685368010144,1605.2619852719104
forecast_6305,2025-09-20 17:00:00,1202.8229882842786,1726.4294657024889,1612.0769601790475
forecast_6306,2025-09-20 18:00:00,1109.7431924237007,1590.4610524438035,1515.1451653917788
forecast_6307,2025-09-20 19:00:00,1504.7585183434571,1883.1336021753334,1548.1224385058506
forecast_6308,2025-09-20 20:00:00,1996.9808701247057,2194.852586770983,1634.238442526699
forecast_6309,2025-09-20 21:00:00,2743.543930771665,2902.972887282288,2059.168728546737
forecast_6310,2025-09-20 22:00:00,3590.984674974955,3951.3772201501815,2827.1137587141775
forecast_6311,2025-09-20 23:00:00,3863.5120473073375,4380.288393556941,3384.9599223174746
forecast_6312,2025-09-21 00:00:00,3631.963074542435,3819.4568364587494,2850.2657441291485
forecast_6313,2025-09-21 01:00:00,5789.666560077763,6473.429269549171,4810.255865825598
forecast_6314,2025-09-21 02:00:00,5068.187885215682,5607.33939695336,4202.2244378942605
forecast_6315,2025-09-21 03:00:00,4923.267564654016,5446.391331153298,4134.739672952697
forecast_6316,2025-09-21 04:00:00,3851.1485957967884,4240.553797785993,3047.892134290609
forecast_6317,2025-09-21 05:00:00,3814.422150983344,4201.855837501816,2983.723969021192
forecast_6318,2025-09-21 06:00:00,3847.48810806941,4425.634171445236,3143.8970720983425
forecast_6319,2025-09-21 07:00:00,4304.336034518536,4823.756962487008,3781.187000128574
forecast_6320,2025-09-21 08:00:00,3808.2709008881993,4129.987154034489,2807.6475475700045
forecast_6321,2025-09-21 09:00:00,2685.6362624281114,3299.647390014139,2540.7538985333126
forecast_6322,2025-09-21 10:00:00,2623.447478890226,3198.009616823827,2494.762760705476
forecast_6323,2025-09-21 11:00:00,1908.4575241562075,2547.4755480136555,2246.305441492979
forecast_6324,2025-09-21 12:00:00,1973.460916037993,2743.7092529676606,2316.5975886134192
forecast_6325,2025-09-21 13:00:00,2344.2632423047307,3015.4509432941954,2464.816090444177
forecast_6326,2025-09-21 14:00:00,2441.6992777190617,3049.5609113546157,2467.581359833919
forecast_6327,2025-09-21 15:00:00,2373.20332265885,3011.2354966119797,2497.8292680692575
forecast_6328,2025-09-21 16:00:00,2346.5034165504426,2916.690372273403,2405.697953669507
forecast_6329,2025-09-21 17:00:00,2407.8588243805716,3114.5392890323706,2433.5019783601683
forecast_6330,2025-09-21 18:00:00,2594.1775566736774,3122.283372804672,2427.7409078445394
forecast_6331,2025-09-21 19:00:00,3757.071018638613,4401.157852954876,3450.8837050955576
forecast_6332,2025-09-21 20:00:00,3466.3916330039765,4005.0600048872925,3102.1695461618365
forecast_6333,2025-09-21 21:00:00,3302.5661244389553,3695.7439496853412,2707.5277484595354
forecast_6334,2025-09-21 22:00:00,3577.5458254842206,3986.3045657191287,2851.7376587476456
forecast_6335,2025-09-21 23:00:00,4865.2374010666845,5323.462867984701,3712.163450489639
forecast_6336,2025-09-22 00:00:00,5406.2510995736775,6017.668578607458,4210.493087358043
forecast_6337,2025-09-22 01:00:00,4644.9512208667675,5248.014511681736,3635.194539385593
forecast_6338,2025-09-22 02:00:00,4844.678880399779,5423.593837290729,3650.9407865742296
forecast_6339,2025-09-22 03:00:00,5586.401658936736,6162.970598313392,4181.181317486783
forecast_6340,2025-09-22 04:00:00,5628.325963719066,6712.885811383181,5163.521101154923
forecast_6341,2025-09-22 05:00:00,4910.334113862169,5393.531558115985,3512.9048385840333
forecast_6342,2025-09-22 06:00:00,4438.132702435423,4861.104320442693,3168.307571441304
forecast_6343,2025-09-22 07:00:00,4772.531194755537,5090.638944445056,3272.2952546297274
forecast_6344,2025-09-22 08:00:00,5040.619081710703,5650.814520573886,3823.485803518114
forecast_6345,2025-09-22 09:00:00,4507.881133674837,5507.294535523563,3888.5529980809765
forecast_6346,2025-09-22 10:00:00,5927.870490624066,7082.170779865161,5098.323650125345
forecast_6347,2025-09-22 11:00:00,5143.97948171691,5857.248958212182,4173.309692796969
forecast_6348,2025-09-22 12:00:00,4816.146002475472,5184.014467481891,3624.037340460449
forecast_6349,2025-09-22 13:00:00,4680.095324221516,5292.420294631598,3872.233229887608
forecast_6350,2025-09-22 14:00:00,4361.347460913445,5000.116370535879,3885.1730387029584
forecast_6351,2025-09-22 15:00:00,4444.51639422297,5322.143929546119,4229.528232413127
forecast_6352,2025-09-22 16:00:00,3695.7945562349673,4548.636882226406,3782.262752903236
forecast_6353,2025-09-22 17:00:00,2817.926075038833,3675.9467298749696,3005.4197865083356
forecast_6354,2025-09-22 18:00:00,2559.6443233428145,3246.427183854242,2479.450317057137
forecast_6355,2025-09-22 19:00:00,3190.3845021363813,3757.7980717488335,2792.7375522206635
forecast_6356,2025-09-22 20:00:00,3430.584053139212,3779.572176159225,2734.0088707110617
forecast_6357,2025-09-22 21:00:00,3552.092666985877,3883.747804692989,2771.687844870841
forecast_6358,2025-09-22 22:00:00,3066.9217263195815,3414.878868655451,2492.8314368260117
forecast_6359,2025-09-22 23:00:00,2973.5479545888543,3459.041803410595,2542.089686307243
forecast_6360,2025-09-23 00:00:00,2969.784413521985,3493.68206693654,2583.339256713671
forecast_6361,2025-09-23 01:00:00,1668.1475522943176,2392.1824857084803,1831.5229703122295
forecast_6362,2025-09-23 02:00:00,1772.9380221430547,2565.242837555274,1959.3009771801392
forecast_6363,2025-09-23 03:00:00,1658.2145283206914,2365.872467667811,1864.6786133561482
forecast_6364,2025-09-23 04:00:00,1922.696546088962,2620.959740339219,1921.900831183858
forecast_6365,2025-09-23 05:00:00,1948.1016983326765,2635.9962398635294,1905.2354048409404
forecast_6366,2025-09-23 06:00:00,2156.3841059835436,2871.8558355997875,2052.174582588086
forecast_6367,2025-09-23 07:00:00,2531.1204016333504,3134.8433492801582,2189.192689790846
forecast_6368,2025-09-23 08:00:00,2816.520228318588,3237.3682037970134,2237.639122590098
forecast_6369,2025-09-23 09:00:00,2410.909313243721,3065.8936035768147,2241.089394301077
forecast_6370,2025-09-23 10:00:00,1778.1467653776526,2374.286468824752,1910.2773207322662
forecast_6371,2025-09-23 11:00:00,1797.3285470389794,2361.303711812224,1918.3286672278705
forecast_6372,2025-09-23 12:00:00,1702.2720326741146,2348.6938694838736,1931.1656092929104
forecast_6373,2025-09-23 13:00:00,1629.9463553455053,2247.314173672954,1859.4452868169974
forecast_6374,2025-09-23 14:00:00,1443.565702743077,2020.621598127429,1729.8558570916448
forecast_6375,2025-09-23 15:00:00,1520.2345749903056,2152.8363190100927,1838.9470597939128
forecast_6376,2025-09-23 16:00:00,1784.7466589542305,2390.3171847221342,2004.2296545426511
forecast_6377,2025-09-23 17:00:00,1953.3495293944084,2763.249958763236,2269.9364668778444
forecast_6378,2025-09-23 18:00:00,2435.0045244707762,3101.583034954587,2419.7440179057944
forecast_6379,2025-09-23 19:00:00,2412.8554447181273,2961.802390078706,2237.976223701863
forecast_6380,2025-09-23 20:00:00,2189.7501675644544,2907.528605498282,2247.1081666946434
forecast_6381,2025-09-23 21:00:00,2309.278621862006,2995.077576940027,2293.03825101145
forecast_6382,2025-09-23 22:00:00,2212.3273671063016,2969.1252798976457,2285.6301087997767
forecast_6383,2025-09-23 23:00:00,2106.8224987050426,2852.138157831301,2179.376203438821
forecast_6384,2025-09-24 00:00:00,2615.458391313838,3340.649757794279,2394.947899555229
forecast_6385,2025-09-24 01:00:00,2878.161775178237,3599.007489497327,2615.2048579871275
forecast_6386,2025-09-24 02:00:00,3499.78145200722,4043.771744149562,2823.6936901419044
forecast_6387,2025-09-24 03:00:00,4373.211499400205,4763.240795205701,3273.704446274989
forecast_6388,2025-09-24 04:00:00,5316.717722642425,5621.696705878938,3850.233839603501
forecast_6389,2025-09-24 05:00:00,6729.765879354388,7194.430099612513,5130.704562376469
forecast_6390,2025-09-24 06:00:00,7762.948106470417,8197.326028480953,5963.605357130664
forecast_6391,2025-09-24 07:00:00,6522.740876315529,7093.824088122357,5164.10332524777
forecast_6392,2025-09-24 08:00:00,5669.697757824613,6394.529158550045,4731.502368926497
forecast_6393,2025-09-24 09:00:00,5571.33745595531,6214.150368804589,4603.892400537729
forecast_6394,2025-09-24 10:00:00,5779.452101824125,6568.284671045168,5063.741236005668
forecast_6395,2025-09-24 11:00:00,8016.050980905713,9131.138341059275,7676.728251025623
forecast_6396,2025-09-24 12:00:00,9090.443561895143,10070.022549743864,8691.268595262696
forecast_6397,2025-09-24 13:00:00,10256.532397768598,11297.284137799059,10060.445688638287
forecast_6398,2025-09-24 14:00:00,10922.155256374655,11677.950665269764,10156.493289154301
forecast_6399,2025-09-24 15:00:00,11026.219209737632,11669.473551742656,9953.828410698135
forecast_6400,2025-09-24 16:00:00,9283.13213397911,9708.752209318714,7912.470427467399
forecast_6401,2025-09-24 17:00:00,7755.046826824835,7958.472261447134,6152.68880330394
forecast_6402,2025-09-24 18:00:00,8525.684391771518,9377.57210691102,7612.385676006381
forecast_6403,2025-09-24 19:00:00,9574.307507446005,10217.168478740685,8217.55865691855
forecast_6404,2025-09-24 20:00:00,11888.724703537733,12207.409085520147,10352.667985815353
forecast_6405,2025-09-24 21:00:00,13923.278553284104,15182.639505991823,14189.799441405667
forecast_6406,2025-09-24 22:00:00,15744.367996160778,16530.6117703374,15390.897389700649
forecast_6407,2025-09-24 23:00:00,16571.909872435743,17559.829493311867,16759.240786376762
forecast_6408,2025-09-25 00:00:00,16923.20721670198,17696.096406518947,16744.754918812014
forecast_6409,2025-09-25 01:00:00,16776.61823180282,17390.904674065045,16035.337401562207
forecast_6410,2025-09-25 02:00:00,17304.027831676212,17762.81939356648,16381.60914272464
forecast_6411,2025-09-25 03:00:00,16689.12650403737,17380.59287136693,16326.69773991252
forecast_6412,2025-09-25 04:00:00,16817.334407723232,17690.82746934623,17043.375849151354
forecast_6413,2025-09-25 05:00:00,16780.096650938816,17257.704487617455,15860.159791535889
forecast_6414,2025-09-25 06:00:00,18287.583610438916,18747.08988558671,17904.05945877634
forecast_6415,2025-09-25 07:00:00,16453.08020878129,16701.10383022388,14866.504963080983
forecast_6416,2025-09-25 08:00:00,14152.508214718553,14789.36815411854,13034.712050879562
forecast_6417,2025-09-25 09:00:00,15509.383414060798,16015.109146349743,14270.101381160868
forecast_6418,2025-09-25 10:00:00,15655.273133969064,16285.68099527034,14893.017028670005
forecast_6419,2025-09-25 11:00:00,14611.014453305848,15319.035271942148,13863.314932295754
forecast_6420,2025-09-25 12:00:00,15259.863975879183,16078.556909702464,14562.391991759454
forecast_6421,2025-09-25 13:00:00,14481.350299280924,15564.31507110349,14170.493835100564
forecast_6422,2025-09-25 14:00:00,13699.707854092203,14743.85376351767,13518.05086025754
forecast_6423,2025-09-25 15:00:00,11280.186429703866,11723.298638460383,9979.761948430627
forecast_6424,2025-09-25 16:00:00,12681.386141080711,13359.54485346939,11509.592244637419
forecast_6425,2025-09-25 17:00:00,11633.263517473815,12230.273419697534,10226.44114106966
forecast_6426,2025-09-25 18:00:00,14038.075547894969,14563.695685467956,12565.444275089205
forecast_6427,2025-09-25 19:00:00,15412.990495587004,16152.735107713961,14589.031448460035
forecast_6428,2025-09-25 20:00:00,16434.85462305269,16789.708671997396,15107.78464031321
forecast_6429,2025-09-25 21:00:00,16861.313084982565,16895.778327937736,14772.541351054906
forecast_6430,2025-09-25 22:00:00,16329.647845431937,15956.580539840088,13175.066361640174
forecast_6431,2025-09-25 23:00:00,15156.374256687583,15211.049126696773,12350.238644821678
forecast_6432,2025-09-26 00:00:00,16130.501363758474,15851.170941951099,12824.448810007072
forecast_6433,2025-09-26 01:00:00,12862.205544016952,13095.999022284963,10196.496455731227
forecast_6434,2025-09-26 02:00:00,12114.908457741225,12397.972607288855,9475.070397008602
forecast_6435,2025-09-26 03:00:00,10247.752044684023,10773.276759614675,8045.710268768359
forecast_6436,2025-09-26 04:00:00,8451.108216239805,8715.505601964083,6202.03707564694
forecast_6437,2025-09-26 05:00:00,5145.901548006228,5529.633272501596,3879.3878755754617
forecast_6438,2025-09-26 06:00:00,2811.4244886357246,3307.5271009423623,2404.5850809071235
forecast_6439,2025-09-26 07:00:00,1786.5893091677533,2485.46435289694,1948.619168161443
forecast_6440,2025-09-26 08:00:00,1197.8152349646848,1850.6213071767208,1621.1974807719798
forecast_6441,2025-09-26 09:00:00,913.0989968418312,1671.5500901789426,1506.5191736225077
forecast_6442,2025-09-26 10:00:00,868.4876788137983,1534.3666075457636,1397.5297703497336
forecast_6443,2025-09-26 11:00:00,617.3666024257755,1280.7899808457794,1295.038151113662
forecast_6444,2025-09-26 12:00:00,668.9032939805418,1327.6391097636892,1345.9243497464831
forecast_6445,2025-09-26 13:00:00,640.3315516318538,1312.818244557255,1349.3988220234558
forecast_6446,2025-09-26 14:00:00,763.1517245697332,1441.1083022765013,1471.7197267192842
forecast_6447,2025-09-26 15:00:00,707.0745486877156,1520.8473595323233,1606.4467178452655
forecast_6448,2025-09-26 16:00:00,885.638091554454,1797.1022535434643,1842.0685433856386
forecast_6449,2025-09-26 17:00:00,1207.9175460750814,2250.67180281708,2207.0653588528353
forecast_6450,2025-09-26 18:00:00,1378.7438723421606,2376.692811273171,2217.1322705583293
forecast_6451,2025-09-26 19:00:00,1236.334777295967,2187.8862669009936,2049.2575860038355
forecast_6452,2025-09-26 20:00:00,1443.4763722278992,2237.9836272589905,1965.7574272046093
forecast_6453,2025-09-26 21:00:00,1484.2544601987152,2101.8444536481143,1769.4298933235104
forecast_6454,2025-09-26 22:00:00,1417.3797857211152,2007.4879950897168,1665.7995760450099
forecast_6455,2025-09-26 23:00:00,1426.137219805806,2282.7958794357996,1936.011785283173
forecast_6456,2025-09-27 00:00:00,1461.09074867586,2290.832085608304,1916.3037778153264
forecast_6457,2025-09-27 01:00:00,1622.0817644880215,2419.9559288859336,1900.664049637931
forecast_6458,2025-09-27 02:00:00,1201.841829899578,2063.044792709963,1646.358594451163
forecast_6459,2025-09-27 03:00:00,1411.1861271441703,2162.009557163628,1654.9424732989776
forecast_6460,2025-09-27 04:00:00,1606.679565817375,2351.0841996179815,1706.2303038558805
forecast_6461,2025-09-27 05:00:00,1802.2408848630505,2520.7034059838315,1818.8561311506942
forecast_6462,2025-09-27 06:00:00,2103.879398595587,2632.1151148229,1848.7221958146285
forecast_6463,2025-09-27 07:00:00,2212.339654242871,2745.205475178906,1909.1138502536917
forecast_6464,2025-09-27 08:00:00,2285.43962977947,2755.180718402525,1933.339364981568
forecast_6465,2025-09-27 09:00:00,1584.5370509881127,2234.3734015710443,1710.1476017637206
forecast_6466,2025-09-27 10:00:00,1063.2688069128035,1891.973285331959,1615.7886616554172
forecast_6467,2025-09-27 11:00:00,1073.196574871618,1858.886166871669,1735.0190637250885
forecast_6468,2025-09-27 12:00:00,930.145971180046,1838.6982145307982,1764.9487059471774
forecast_6469,2025-09-27 13:00:00,784.3486185789617,1560.7278079615787,1532.337748013282
forecast_6470,2025-09-27 14:00:00,707.9399706472225,1466.7346305727988,1435.096108045408
forecast_6471,2025-09-27 15:00:00,1176.6572431079057,2010.905080961392,1814.7326092168983
forecast_6472,2025-09-27 16:00:00,872.4612326080822,1763.7405417364992,1643.7427846611367
forecast_6473,2025-09-27 17:00:00,1119.3390728306074,2042.881067655817,1806.2026919414993
forecast_6474,2025-09-27 18:00:00,1679.3658849545727,2373.785058072375,1868.3266745867268
forecast_6475,2025-09-27 19:00:00,1940.4512159022697,2890.682914472232,2392.2137834203095
forecast_6476,2025-09-27 20:00:00,2980.795897303201,4051.5510597040957,3230.68696908144
forecast_6477,2025-09-27 21:00:00,3111.151090176714,4126.397292969759,3260.541155710094
forecast_6478,2025-09-27 22:00:00,3564.8190588001617,4410.754959549602,3411.2821456479373
forecast_6479,2025-09-27 23:00:00,3766.1732095437956,4513.496777552661,3415.2356779959355
forecast_6480,2025-09-28 00:00:00,3855.928319004261,4614.642709917751,3465.9864823048856
forecast_6481,2025-09-28 01:00:00,5854.620131981739,6261.828877849306,4483.241615069073
forecast_6482,2025-09-28 02:00:00,5800.995815468148,6381.479501559896,4602.08647219656
forecast_6483,2025-09-28 03:00:00,6744.812450152168,7593.040874268454,5522.000262399119
forecast_6484,2025-09-28 04:00:00,7676.10901960289,8562.911995679786,6267.290583425933
forecast_6485,2025-09-28 05:00:00,7368.597321869934,8004.977364014374,5777.879875902629
forecast_6486,2025-09-28 06:00:00,5684.526052444509,6497.0566169261765,4714.662260636025
forecast_6487,2025-09-28 07:00:00,6062.919184405139,6854.765877456246,4915.133721309752
forecast_6488,2025-09-28 08:00:00,5168.517215085587,6535.312267761121,5079.848470299708
forecast_6489,2025-09-28 09:00:00,4727.620790091851,5658.420002696483,4248.900864238134
forecast_6490,2025-09-28 10:00:00,6543.453044585577,7444.940075461496,5530.1443606275025
forecast_6491,2025-09-28 11:00:00,4288.768526562069,5101.052991320003,3880.72408146435
forecast_6492,2025-09-28 12:00:00,3367.4197177555598,4453.3288396006865,3406.958816040368
forecast_6493,2025-09-28 13:00:00,2239.553998561999,3251.879252832248,2575.3146641257576
forecast_6494,2025-09-28 14:00:00,2310.944789909445,3209.6511954970156,2568.3714742065918
forecast_6495,2025-09-28 15:00:00,3435.437518558712,4122.236735024714,3143.7408558568077
forecast_6496,2025-09-28 16:00:00,3507.8858267733935,4135.412012210823,3187.6501706913855
forecast_6497,2025-09-28 17:00:00,3559.852949338965,4315.366004902703,3353.106071314698
forecast_6498,2025-09-28 18:00:00,3419.3552839074664,4120.230903580229,3402.751648029585
forecast_6499,2025-09-28 19:00:00,3859.892760069005,4509.676627798235,3559.2875817318795
forecast_6500,2025-09-28 20:00:00,4130.395834926276,4947.963627010001,3929.4601496671794
forecast_6501,2025-09-28 21:00:00,5018.634791730488,5535.566134341396,4159.560643509264
forecast_6502,2025-09-28 22:00:00,3794.3522374023537,3974.2038441723953,2858.3540252050434
forecast_6503,2025-09-28 23:00:00,3477.2290767721674,3576.435011915647,2619.4123933588608
forecast_6504,2025-09-29 00:00:00,3561.9577547781637,3651.595225622928,2677.061441449671
forecast_6505,2025-09-29 01:00:00,3504.2100147822835,3792.569489012308,2779.768986569611
forecast_6506,2025-09-29 02:00:00,2991.517746004536,3319.4248507620223,2453.7394261457803
forecast_6507,2025-09-29 03:00:00,2561.608870841229,2873.814728263257,2197.44247381863
forecast_6508,2025-09-29 04:00:00,3305.675207043106,3609.2745327399534,2695.8666469244595
forecast_6509,2025-09-29 05:00:00,2355.130637720277,2606.524964394842,1966.5916112193358
forecast_6510,2025-09-29 06:00:00,1831.4229382143144,2156.7221379165985,1674.955741505574
forecast_6511,2025-09-29 07:00:00,1958.9997773044738,2321.5494304127737,1735.4598662590768
forecast_6512,2025-09-29 08:00:00,1507.1130788118758,1903.9357973274728,1549.7093571062342
forecast_6513,2025-09-29 09:00:00,1159.1162866963919,1755.3573190162078,1630.4155285793297
forecast_6514,2025-09-29 10:00:00,845.8849731222706,1546.6211838858692,1607.4275999939098
forecast_6515,2025-09-29 11:00:00,837.8119037345596,1555.3324462084406,1588.8996015265338
forecast_6516,2025-09-29 12:00:00,1071.0535339216797,2002.9223024041205,1734.8213390545052
forecast_6517,2025-09-29 13:00:00,770.0864039337301,1554.5867241097417,1425.3096161855701
forecast_6518,2025-09-29 14:00:00,1119.3604265330678,1804.9295260639176,1454.2270023600631
forecast_6519,2025-09-29 15:00:00,1143.5124446242119,1689.3400732018667,1357.551027431263
forecast_6520,2025-09-29 16:00:00,1231.684817051274,1670.7261649341074,1295.643773585598
forecast_6521,2025-09-29 17:00:00,1114.838708918439,1682.3671180233152,1441.0563540519995
forecast_6522,2025-09-29 18:00:00,1186.5639549637801,1899.7024731098466,1686.9699758894433
forecast_6523,2025-09-29 19:00:00,1302.6344525334393,2176.7243945335736,1906.062120493415
forecast_6524,2025-09-29 20:00:00,1162.3182941142393,2114.8623185920783,1906.843264996529
forecast_6525,2025-09-29 21:00:00,1383.752168169349,2389.809722045014,2154.198065403021
forecast_6526,2025-09-29 22:00:00,2142.3243761990993,3087.5288033461347,2711.1946647390982
forecast_6527,2025-09-29 23:00:00,1614.5500285107437,2359.869409501994,2019.9586242831704
forecast_6528,2025-09-30 00:00:00,2144.280754919955,2804.135585195849,2235.14611946324
forecast_6529,2025-09-30 01:00:00,3109.6707770332782,4039.9588313828517,3022.0129832473426
forecast_6530,2025-09-30 02:00:00,3394.885842442625,4276.948490277284,3141.98986204949
forecast_6531,2025-09-30 03:00:00,2729.1592394813842,3359.6306719038535,2480.474224210176
forecast_6532,2025-09-30 04:00:00,3485.130800056817,4360.342498748311,3092.137995107654
forecast_6533,2025-09-30 05:00:00,3025.681497039871,3554.2592828113675,2498.9169707250285
forecast_6534,2025-09-30 06:00:00,2876.1208195099375,3778.4645331406114,2733.605434738186
forecast_6535,2025-09-30 07:00:00,2709.1643696656292,3574.922369820384,2695.923777251673
forecast_6536,2025-09-30 08:00:00,2607.546646998372,3326.576224926015,2568.4954515742475
forecast_6537,2025-09-30 09:00:00,1646.6504976666342,2517.099783288719,2143.923098429843
forecast_6538,2025-09-30 10:00:00,1534.8013450654398,2080.524577929493,1846.9891197747172
forecast_6539,2025-09-30 11:00:00,1285.5085226735087,2030.731510085565,1895.895630479738
forecast_6540,2025-09-30 12:00:00,1282.711938594833,1808.061264506932,1695.5043475576508
forecast_6541,2025-09-30 13:00:00,1197.6051785747431,1615.9670853508303,1559.039121714713
forecast_6542,2025-09-30 14:00:00,1049.0172879677855,1437.2685441264637,1360.6828305650977
forecast_6543,2025-09-30 15:00:00,1495.563328312676,1962.132861484007,1742.7524329930804
forecast_6544,2025-09-30 16:00:00,1542.120528795582,1932.41988911378,1731.131366126413
forecast_6545,2025-09-30 17:00:00,1829.2065545127145,2228.001975529864,1863.5383240200294
forecast_6546,2025-09-30 18:00:00,3159.0559566171078,3622.706128385689,2866.9548903829295
forecast_6547,2025-09-30 19:00:00,3407.3325323166255,4007.7617285378033,3188.264084065459
forecast_6548,2025-09-30 20:00:00,3954.3979562964387,4556.679342466012,3602.9202908181087
forecast_6549,2025-09-30 21:00:00,4474.277219302732,5268.069975905826,4129.976420651494
forecast_6550,2025-09-30 22:00:00,4802.19283898904,5350.905553174244,4109.810066130891
forecast_6551,2025-09-30 23:00:00,4442.518897381008,5146.109636090812,3885.095473247753
forecast_6552,2025-10-01 00:00:00,6553.507400613676,6996.155795802297,5100.967236642405
forecast_6553,2025-10-01 01:00:00,7505.742159587495,7596.295488263157,5340.292792988351
forecast_6554,2025-10-01 02:00:00,7919.80270834772,8094.850712939115,5650.946622575549
forecast_6555,2025-10-01 03:00:00,7912.271316712204,8014.818084390507,5550.711858244417
forecast_6556,2025-10-01 04:00:00,8019.560897024099,8250.259957974857,5697.227040722078
forecast_6557,2025-10-01 05:00:00,8085.058151668209,8172.372095975288,5581.788683514318
forecast_6558,2025-10-01 06:00:00,6807.476324823199,7122.880718593665,4910.420216313247
forecast_6559,2025-10-01 07:00:00,6298.902980439966,6645.060269694593,4627.27906979168
forecast_6560,2025-10-01 08:00:00,3731.079069758812,4316.4735094910675,3272.0910555794044
forecast_6561,2025-10-01 09:00:00,2297.041629833185,3135.1072190286577,2549.157083184451
forecast_6562,2025-10-01 10:00:00,1740.35813014502,2668.3710533816047,2396.676066392579
forecast_6563,2025-10-01 11:00:00,1371.7156556086475,1953.109359916525,1832.128331728202
forecast_6564,2025-10-01 12:00:00,1221.0236338647637,1718.8292788225267,1653.9669527917672
forecast_6565,2025-10-01 13:00:00,1843.3249322923693,2312.339173014977,2040.3517401638715
forecast_6566,2025-10-01 14:00:00,2018.5027785704237,2325.2884776054498,2057.290318063977
forecast_6567,2025-10-01 15:00:00,2710.964433737949,2848.436767639173,2374.13124338588
forecast_6568,2025-10-01 16:00:00,2239.1516141999637,2399.2029954818995,1965.6901166384955
forecast_6569,2025-10-01 17:00:00,2071.7415224777815,2383.859906133098,1983.2894560874458
forecast_6570,2025-10-01 18:00:00,3572.0012746295206,3731.861776551781,2706.1792479711303
forecast_6571,2025-10-01 19:00:00,5170.53260413884,5196.128698374534,3816.3878791051925
forecast_6572,2025-10-01 20:00:00,6205.201464969168,6180.8723226865895,4511.480102465882
forecast_6573,2025-10-01 21:00:00,4670.774240237975,5511.070006731555,4307.341824764388
forecast_6574,2025-10-01 22:00:00,4559.639067970283,5101.249448033696,3862.682190422206
forecast_6575,2025-10-01 23:00:00,4563.305449722653,5051.715606766215,3738.3570510004247
forecast_6576,2025-10-02 00:00:00,5554.26967734595,6160.709649403165,4593.29722858306
forecast_6577,2025-10-02 01:00:00,6827.780824551928,7390.641834675384,5313.941855249811
forecast_6578,2025-10-02 02:00:00,6144.6711068899995,6673.0479228656095,4713.62488997249
forecast_6579,2025-10-02 03:00:00,5951.700633875493,6366.404781141376,4429.198294408989
forecast_6580,2025-10-02 04:00:00,4364.685601516079,5003.13067765031,3600.629005492511
forecast_6581,2025-10-02 05:00:00,3772.0433699071223,4441.058202535183,3169.9715525145575
forecast_6582,2025-10-02 06:00:00,2639.10036456018,3392.8352469869615,2526.778870554193
forecast_6583,2025-10-02 07:00:00,2304.9134315731244,3048.769434389073,2357.6775650944687
forecast_6584,2025-10-02 08:00:00,2255.135144859795,3022.058691917866,2449.3908634729223
forecast_6585,2025-10-02 09:00:00,1007.9051592435138,1669.7717254596898,1624.4524173685281
forecast_6586,2025-10-02 10:00:00,721.3736859395746,1392.1290220865158,1458.5346175371815
forecast_6587,2025-10-02 11:00:00,692.3086831258508,1347.1495509559918,1434.9597066930007
forecast_6588,2025-10-02 12:00:00,805.662503189907,1548.6043657042535,1522.3128497120786
forecast_6589,2025-10-02 13:00:00,743.094740303462,1589.026574956347,1506.779335608144
forecast_6590,2025-10-02 14:00:00,848.8091918309118,1499.8218599821078,1438.084994111974
forecast_6591,2025-10-02 15:00:00,834.3630035037426,1524.4974686009289,1474.0456941069185
forecast_6592,2025-10-02 16:00:00,1173.639153136522,1937.532639867617,1816.3986730316049
forecast_6593,2025-10-02 17:00:00,1235.876444550875,2005.3298702524678,1829.0324066482017
forecast_6594,2025-10-02 18:00:00,1029.4430151165748,1713.2808802763097,1541.0738964798034
forecast_6595,2025-10-02 19:00:00,819.4203453245818,1506.854811058252,1360.7594197683334
forecast_6596,2025-10-02 20:00:00,885.0553665156659,1654.9482938839008,1467.770564292384
forecast_6597,2025-10-02 21:00:00,1277.497401124556,1970.8808081466846,1680.3274490636502
forecast_6598,2025-10-02 22:00:00,1061.4576249603115,1777.5082682985235,1529.9489683610127
forecast_6599,2025-10-02 23:00:00,1070.0825871451661,1814.3510041490845,1527.5946392260146
forecast_6600,2025-10-03 00:00:00,1306.3618242649598,2032.2309253745764,1631.8332897260548
forecast_6601,2025-10-03 01:00:00,2114.4384811886375,3002.2052879583853,2392.357497868902
forecast_6602,2025-10-03 02:00:00,1653.146549209484,2632.359181153827,2190.3761983770023
forecast_6603,2025-10-03 03:00:00,1946.5657402700701,2752.8788549326373,2125.187115435868
forecast_6604,2025-10-03 04:00:00,2164.4490033311095,3138.456047968966,2508.396135797674
forecast_6605,2025-10-03 05:00:00,2355.2816550485286,3067.6774315071443,2205.352647147276
forecast_6606,2025-10-03 06:00:00,2759.350778999353,3425.1560638267474,2403.817301399756
forecast_6607,2025-10-03 07:00:00,2701.1183729498352,3394.1335889399506,2483.583735615327
forecast_6608,2025-10-03 08:00:00,2971.4239134686727,3809.6872583525737,2799.1405063587717
forecast_6609,2025-10-03 09:00:00,3048.8003709153254,4037.573381708785,2957.759679812408
forecast_6610,2025-10-03 10:00:00,4049.9442053269477,4955.808444728116,3540.0603713445175
forecast_6611,2025-10-03 11:00:00,4023.436983143416,4730.84107341052,3484.994593633163
forecast_6612,2025-10-03 12:00:00,4585.52412590452,5352.7796962753,4008.0373707560693
forecast_6613,2025-10-03 13:00:00,3949.5761303638433,4839.51329063731,3917.7672985201557
forecast_6614,2025-10-03 14:00:00,4111.316966932389,5199.722465781848,4039.854607816417
forecast_6615,2025-10-03 15:00:00,3387.2530690407207,4158.526293108491,3211.760241142881
forecast_6616,2025-10-03 16:00:00,3443.8322759647144,4416.663307594182,3554.1102455499367
forecast_6617,2025-10-03 17:00:00,4196.89182020244,5184.784121883559,4073.0858947851793
forecast_6618,2025-10-03 18:00:00,3974.5034680287404,4262.418475072403,3019.7112654346975
forecast_6619,2025-10-03 19:00:00,7275.71351082223,8397.811775471859,6565.15991183856
forecast_6620,2025-10-03 20:00:00,5758.1486413333605,6148.434665689562,4358.313622347467
forecast_6621,2025-10-03 21:00:00,5633.692211102769,5846.303075871614,3978.503184156072
forecast_6622,2025-10-03 22:00:00,4396.10554748743,4948.932787344005,3453.533466289404
forecast_6623,2025-10-03 23:00:00,4249.271154043097,4497.563566512446,3082.3911589648533
forecast_6624,2025-10-04 00:00:00,3537.074847616655,4077.3727408873156,2964.8374597601883
forecast_6625,2025-10-04 01:00:00,2594.7867219769714,3230.536645598927,2364.3683572841974
forecast_6626,2025-10-04 02:00:00,2268.045257511843,2913.5030679736356,2164.2746548010405
forecast_6627,2025-10-04 03:00:00,2242.286539010969,2794.6511342424765,2018.9096497024957
forecast_6628,2025-10-04 04:00:00,2526.70689035056,3093.7471596672112,2180.161142156671
forecast_6629,2025-10-04 05:00:00,2328.8804030348692,2881.506745040389,2047.7878984110127
forecast_6630,2025-10-04 06:00:00,2237.1291673046926,2828.729196065604,2017.2202801807707
forecast_6631,2025-10-04 07:00:00,2599.4801392252957,3086.8935619363556,2151.0293530630793
forecast_6632,2025-10-04 08:00:00,2534.205036459043,3004.7701985925614,2103.7886402935424
forecast_6633,2025-10-04 09:00:00,2253.167444347855,2735.009685030464,1935.3257746640045
forecast_6634,2025-10-04 10:00:00,1812.3934853440055,2336.9148757357843,1718.7019962692218
forecast_6635,2025-10-04 11:00:00,1435.0300181740843,2090.1411823278104,1615.503281970079
forecast_6636,2025-10-04 12:00:00,1180.4248690816753,1792.1824945187432,1468.1439493021112
forecast_6637,2025-10-04 13:00:00,1158.1383432465454,1729.0590145585675,1427.6122735880374
forecast_6638,2025-10-04 14:00:00,1190.1301376059332,1674.9202749793337,1404.2077633527658
forecast_6639,2025-10-04 15:00:00,1030.579332021261,1568.9283963761002,1356.5268962032126
forecast_6640,2025-10-04 16:00:00,1164.4565334850822,1678.1270727015788,1436.122520054107
forecast_6641,2025-10-04 17:00:00,1335.4983326509903,1896.197675969191,1626.326257337692
forecast_6642,2025-10-04 18:00:00,1243.863678807671,1742.82950016103,1501.4848844030676
forecast_6643,2025-10-04 19:00:00,1484.3031297923467,1930.3219480172284,1587.3102752788252
forecast_6644,2025-10-04 20:00:00,1661.0077577509414,2038.903031974263,1546.921826836936
forecast_6645,2025-10-04 21:00:00,1934.9689331639127,2320.911422917926,1732.6569079966398
forecast_6646,2025-10-04 22:00:00,2123.7589810093205,2717.742605782672,2139.531662800826
forecast_6647,2025-10-04 23:00:00,1424.9282013733632,1890.0891305380549,1477.7644246086036
forecast_6648,2025-10-05 00:00:00,1416.0023303581127,2162.642762138846,1797.1271447201586
forecast_6649,2025-10-05 01:00:00,1727.7121286765416,2178.542940016293,1727.9581493366884
forecast_6650,2025-10-05 02:00:00,1264.175673160587,1925.0510498638237,1676.136833374614
forecast_6651,2025-10-05 03:00:00,1514.0267700898307,2350.2620323133488,1946.9722422646346
forecast_6652,2025-10-05 04:00:00,1065.8190214597857,1798.0582504299111,1532.2514219127315
forecast_6653,2025-10-05 05:00:00,1412.856102899611,2143.801562543858,1690.016579523958
forecast_6654,2025-10-05 06:00:00,1034.0706658268014,1690.4803002305182,1347.5114777605004
forecast_6655,2025-10-05 07:00:00,1038.4272405760119,1655.8647902142436,1348.7408578628956
forecast_6656,2025-10-05 08:00:00,1190.9671856370583,1898.0074042223475,1581.6910467640125
forecast_6657,2025-10-05 09:00:00,1034.1876508657056,1797.5686833341358,1459.786191727825
forecast_6658,2025-10-05 10:00:00,889.890879240957,1591.6285158453873,1404.717059434118
forecast_6659,2025-10-05 11:00:00,1146.0202924995845,1913.1602136168776,1677.308696877951
forecast_6660,2025-10-05 12:00:00,787.6613195935884,1523.6143359923472,1389.096886517338
forecast_6661,2025-10-05 13:00:00,708.2492210358207,1646.8796018022351,1563.0588478614725
forecast_6662,2025-10-05 14:00:00,846.2890860463979,1552.446451644186,1481.1472702386911
forecast_6663,2025-10-05 15:00:00,977.7221013610653,1931.1182201289437,1805.0034369957475
forecast_6664,2025-10-05 16:00:00,992.6446743129978,1929.7642642446012,1891.1338134764942
forecast_6665,2025-10-05 17:00:00,981.5408827218602,1881.2845794725902,1864.5458296797308
forecast_6666,2025-10-05 18:00:00,1161.8021784657901,2123.305517281466,2033.3238891516949
forecast_6667,2025-10-05 19:00:00,1503.4406717290271,2297.7782013415276,2079.1102353895612
forecast_6668,2025-10-05 20:00:00,1572.9687534042055,2397.631798686705,2152.6719411047934
forecast_6669,2025-10-05 21:00:00,1690.7460992830215,2429.5906724935967,2042.0410699263657
forecast_6670,2025-10-05 22:00:00,1609.7823903968838,2328.361295217258,1923.3570532034207
forecast_6671,2025-10-05 23:00:00,1658.5649905584032,2470.025543940453,2091.2494594991863
forecast_6672,2025-10-06 00:00:00,1797.5798999086928,2495.195704877798,2076.3613748893504
forecast_6673,2025-10-06 01:00:00,1433.9361107511888,2168.876390044775,1803.8517103231165
forecast_6674,2025-10-06 02:00:00,1643.9548871337624,2347.0243264434544,1870.2390938823737
forecast_6675,2025-10-06 03:00:00,2604.106692362101,3241.802169646179,2304.4537425299445
forecast_6676,2025-10-06 04:00:00,2511.6252284695965,2918.9102796381644,1973.7439323835667
forecast_6677,2025-10-06 05:00:00,2565.8882000118447,3286.3083805183023,2296.250898773934
forecast_6678,2025-10-06 06:00:00,4750.426992075504,5561.7655574441505,4084.6971193286895
forecast_6679,2025-10-06 07:00:00,8332.28922158886,8883.886058810109,6606.481630803322
forecast_6680,2025-10-06 08:00:00,10415.27580083091,11353.76511994819,8878.361667666111
forecast_6681,2025-10-06 09:00:00,9451.05129482736,10776.18370440923,8641.842575094568
forecast_6682,2025-10-06 10:00:00,9218.040058209153,10788.875233316074,8528.475577929843
forecast_6683,2025-10-06 11:00:00,7302.878357800779,8073.266594844501,5689.253875441414
forecast_6684,2025-10-06 12:00:00,6112.283397997008,6511.941284299761,4423.0219707507395
forecast_6685,2025-10-06 13:00:00,4328.986904365893,4722.9514080416475,3249.214956707203
forecast_6686,2025-10-06 14:00:00,2819.6354812131117,3073.736661964992,2172.9741601219157
forecast_6687,2025-10-06 15:00:00,2331.2683584255064,2592.393426725123,1878.1546540358786
forecast_6688,2025-10-06 16:00:00,2543.5350845541043,2958.202811350574,2176.2148536829004
forecast_6689,2025-10-06 17:00:00,4109.229409891152,4717.055357087449,3420.2723480882223
forecast_6690,2025-10-06 18:00:00,5496.959424906267,6519.147760792473,4990.7574063100765
forecast_6691,2025-10-06 19:00:00,7253.082142863172,8972.307464218942,7461.142887639983
forecast_6692,2025-10-06 20:00:00,9075.6534516444,10798.247478596944,9123.473946887148
forecast_6693,2025-10-06 21:00:00,12303.342870551576,14039.050681334167,12038.610240217678
forecast_6694,2025-10-06 22:00:00,12246.468459718439,14184.428174621895,12562.529080360137
forecast_6695,2025-10-06 23:00:00,12215.88675723888,14214.148665262692,12574.599080251068
forecast_6696,2025-10-07 00:00:00,14256.470456693514,15588.452472040182,13514.775928837178
forecast_6697,2025-10-07 01:00:00,11794.005230429531,13366.466875110866,11221.560707181547
forecast_6698,2025-10-07 02:00:00,8926.502516033703,10095.088718463983,8033.47736715238
forecast_6699,2025-10-07 03:00:00,8473.751382428552,9606.310572636266,7147.111222721179
forecast_6700,2025-10-07 04:00:00,8756.640521750658,9857.628234541286,7416.828625300117
forecast_6701,2025-10-07 05:00:00,8830.224582232446,10070.34449663357,7567.602956175009
forecast_6702,2025-10-07 06:00:00,8681.053164491852,10059.644768145976,7820.205071290312
forecast_6703,2025-10-07 07:00:00,6770.795376536763,7607.473514997124,5559.077314780304
forecast_6704,2025-10-07 08:00:00,6160.950315657717,6721.175781540126,4663.071481062389
forecast_6705,2025-10-07 09:00:00,5901.066256099013,6616.973263110887,4668.08671382956
forecast_6706,2025-10-07 10:00:00,4409.156166586216,4851.218304992915,3333.172589121853
forecast_6707,2025-10-07 11:00:00,4004.586313595399,4592.458541592164,3184.0353278342377
forecast_6708,2025-10-07 12:00:00,2754.501008118228,3333.960531528901,2393.7068782680344
forecast_6709,2025-10-07 13:00:00,2373.9017314500725,3008.315277893678,2224.7157462536557
forecast_6710,2025-10-07 14:00:00,1973.4369222523,2608.4755205135034,1952.8550254627135
forecast_6711,2025-10-07 15:00:00,2098.95762962432,2707.0970242090375,2040.9102322400101
forecast_6712,2025-10-07 16:00:00,1675.4423263832125,2321.976553792724,1807.1283941153094
forecast_6713,2025-10-07 17:00:00,1057.91413160344,1892.6476885176253,1627.290211802121
forecast_6714,2025-10-07 18:00:00,1251.4297722650908,2012.3376728006376,1731.4036170519264
forecast_6715,2025-10-07 19:00:00,1289.431835202251,2045.150523666825,1718.3803760705157
forecast_6716,2025-10-07 20:00:00,1225.5453399650748,1933.4532412485173,1660.3545467967758
forecast_6717,2025-10-07 21:00:00,1208.8514438804368,1936.206117930347,1676.2026756380856
forecast_6718,2025-10-07 22:00:00,1183.4661423803705,2006.0512413292804,1778.0635897862398
forecast_6719,2025-10-07 23:00:00,1272.2604772404272,2029.3731366399375,1751.6986831229992
forecast_6720,2025-10-08 00:00:00,1892.9328786982628,2565.3385717695764,2002.8893454971692
forecast_6721,2025-10-08 01:00:00,1034.7134391598822,1882.0583997919935,1663.6020691913347
forecast_6722,2025-10-08 02:00:00,1258.7055003344685,1967.7347329510978,1642.0861823926552
forecast_6723,2025-10-08 03:00:00,1341.1904382072726,2136.077709491811,1819.4542878151187
forecast_6724,2025-10-08 04:00:00,1422.13439411706,2548.7498509502934,2221.648492727744
forecast_6725,2025-10-08 05:00:00,1711.4365998839605,2956.1804070202616,2523.859777207446
forecast_6726,2025-10-08 06:00:00,1724.4186457670337,2739.911938794702,2428.994180808069
forecast_6727,2025-10-08 07:00:00,1867.4435595864054,2861.946339856807,2392.469347190618
forecast_6728,2025-10-08 08:00:00,1481.2874378132517,2325.0737376925254,1952.1876882362774
forecast_6729,2025-10-08 09:00:00,1446.1753890493173,2179.401286046012,1831.7820553427791
forecast_6730,2025-10-08 10:00:00,1486.4338796712989,2157.988784436467,1857.0226364463226
forecast_6731,2025-10-08 11:00:00,1264.6459114034778,1925.7143840544218,1651.1301843815684
forecast_6732,2025-10-08 12:00:00,994.3337630256025,1604.071147944639,1418.2867640734091
forecast_6733,2025-10-08 13:00:00,904.3295386817899,1540.9558928133747,1386.0961321000614
forecast_6734,2025-10-08 14:00:00,1010.5675435513261,1647.9112140948514,1465.3202049619688
forecast_6735,2025-10-08 15:00:00,1122.7330488782484,1720.4100269846224,1564.9807957715018
forecast_6736,2025-10-08 16:00:00,1338.9396969557902,2034.9291785880725,1738.5931096952668
forecast_6737,2025-10-08 17:00:00,1305.6554630760183,2013.1237889203776,1746.6649292334455
forecast_6738,2025-10-08 18:00:00,1671.735292325096,2448.207516829497,2116.2904646043266
forecast_6739,2025-10-08 19:00:00,2221.8579676839518,2837.3958856726676,2289.98475918389
forecast_6740,2025-10-08 20:00:00,3211.306869150242,3907.399927696645,2897.2826840888492
forecast_6741,2025-10-08 21:00:00,3050.8925532972635,3487.878948151134,2521.901497942973
forecast_6742,2025-10-08 22:00:00,4580.887677004027,5190.304739599271,3691.060785090579
forecast_6743,2025-10-08 23:00:00,4818.452838540428,5329.076534949134,3854.997612455655
forecast_6744,2025-10-09 00:00:00,6128.683782979796,6944.2074085385875,5149.622952033338
forecast_6745,2025-10-09 01:00:00,6230.10979883445,7301.192111891511,5653.053408767493
forecast_6746,2025-10-09 02:00:00,7986.136069656928,9005.469577025327,6623.094121297403
forecast_6747,2025-10-09 03:00:00,6186.228094976878,7205.371573246133,5217.147942655567
forecast_6748,2025-10-09 04:00:00,5274.03257658129,5860.092703720886,4013.629676260496
forecast_6749,2025-10-09 05:00:00,5714.077086697073,6326.798581084205,4317.800789107615
forecast_6750,2025-10-09 06:00:00,6400.239012885288,7424.828769398881,5234.011219450785
forecast_6751,2025-10-09 07:00:00,5970.672456237991,6688.781428374154,4525.685878630718
forecast_6752,2025-10-09 08:00:00,5272.750088744544,6223.46979697596,4360.901006246538
forecast_6753,2025-10-09 09:00:00,5160.424410779495,6247.725503025042,4382.343618974319
forecast_6754,2025-10-09 10:00:00,4392.5668106927005,5077.1515659191955,3545.633877205511
forecast_6755,2025-10-09 11:00:00,3217.838590696533,3928.814776687651,2793.9187642432203
forecast_6756,2025-10-09 12:00:00,2864.706602389381,3503.118600475027,2490.049753218772
forecast_6757,2025-10-09 13:00:00,2273.693256086385,2835.2939962566898,2007.8123098868302
forecast_6758,2025-10-09 14:00:00,2014.1861085785258,2537.4829597622143,1875.539163507878
forecast_6759,2025-10-09 15:00:00,1840.218804959062,2440.3836103232516,1830.1329597081779
forecast_6760,2025-10-09 16:00:00,1999.459024207058,2593.597759422851,1940.0258090548507
forecast_6761,2025-10-09 17:00:00,1700.1698807905352,2319.114660887311,1799.6730627098764
forecast_6762,2025-10-09 18:00:00,1571.221972936979,2202.9730982713454,1726.5755157037793
forecast_6763,2025-10-09 19:00:00,1803.0791118207146,2421.595625897534,1859.2061460190107
forecast_6764,2025-10-09 20:00:00,2133.9723707526637,2659.9460851624526,1993.1825967928721
forecast_6765,2025-10-09 21:00:00,2154.1437387428723,2707.597202018821,2020.6079394926214
forecast_6766,2025-10-09 22:00:00,2381.830946081247,2940.5417967333183,2162.8181132259883
forecast_6767,2025-10-09 23:00:00,2183.2634643958727,2724.504031650974,2004.752951644335
forecast_6768,2025-10-10 00:00:00,1935.4349678393883,2615.355852597649,1947.2303904230273
forecast_6769,2025-10-10 01:00:00,2304.8558547517764,3002.8435190524906,2243.3944776780495
forecast_6770,2025-10-10 02:00:00,2285.0245207021135,2887.6642153908588,2152.424197920134
forecast_6771,2025-10-10 03:00:00,2784.248543238121,3412.071033744005,2442.3981048728806
forecast_6772,2025-10-10 04:00:00,2787.3610897799326,3381.342103150072,2396.92592507393
forecast_6773,2025-10-10 05:00:00,2686.752998570306,3277.903976532517,2339.275431631545
forecast_6774,2025-10-10 06:00:00,2559.216388385269,3201.546412529651,2271.7483963635677
forecast_6775,2025-10-10 07:00:00,2547.345175844117,3210.8581979598657,2295.397870870802
forecast_6776,2025-10-10 08:00:00,3198.142536863192,3798.6015017620603,2685.2413041906398
forecast_6777,2025-10-10 09:00:00,3308.5555217190504,4031.741148752625,2859.4810918602966
forecast_6778,2025-10-10 10:00:00,2721.4247449043924,3473.349318095279,2537.574052765994
forecast_6779,2025-10-10 11:00:00,2606.267084826778,3422.1937039022323,2465.066284865708
forecast_6780,2025-10-10 12:00:00,2104.2414405194713,2946.403423665898,2248.979616250095
forecast_6781,2025-10-10 13:00:00,2123.2114308511927,3040.5380545567796,2413.492804720857
forecast_6782,2025-10-10 14:00:00,2296.3668189275304,3210.0806382963037,2494.0123198233237
forecast_6783,2025-10-10 15:00:00,2552.100267690709,3309.5543591162577,2492.108636617338
forecast_6784,2025-10-10 16:00:00,1517.540256933153,2242.4454911568896,1771.4325179810455
forecast_6785,2025-10-10 17:00:00,1824.6674938307428,2692.517003939269,2074.201407585719
forecast_6786,2025-10-10 18:00:00,1883.4260302323046,2520.8728861232125,1873.3746200220803
forecast_6787,2025-10-10 19:00:00,2354.40151164748,2963.587576458319,2158.9427270094657
forecast_6788,2025-10-10 20:00:00,2769.9659988697294,3278.284874732032,2358.384060852361
forecast_6789,2025-10-10 21:00:00,3261.2979857486607,3608.938195744082,2582.8884666080057
forecast_6790,2025-10-10 22:00:00,4138.855407857117,4514.71132461615,3218.2672797766204
forecast_6791,2025-10-10 23:00:00,3626.2711604388887,4244.658841384923,3138.770859721575
forecast_6792,2025-10-11 00:00:00,3839.5565859630474,4491.974970810326,3254.435001595667
forecast_6793,2025-10-11 01:00:00,6201.63950293598,6404.135862957726,4419.374090863445
forecast_6794,2025-10-11 02:00:00,6399.4945426224385,6751.425266400465,4886.8321383739285
forecast_6795,2025-10-11 03:00:00,6423.717129958736,7165.233379684229,5257.417385926976
forecast_6796,2025-10-11 04:00:00,8139.200219212428,8760.195429903964,6347.065285248579
forecast_6797,2025-10-11 05:00:00,9328.361106885419,9941.528110766947,7204.295938592277
forecast_6798,2025-10-11 06:00:00,8550.102809403092,9135.842566785755,6598.812966486005
forecast_6799,2025-10-11 07:00:00,7868.489431068543,8445.633058425825,5934.648018973026
forecast_6800,2025-10-11 08:00:00,10053.08843322427,10782.731282939709,8080.559831982975
forecast_6801,2025-10-11 09:00:00,8796.755362476924,9757.785808374145,7394.387643919505
forecast_6802,2025-10-11 10:00:00,9157.288764188903,9991.00618898136,7641.664750027652
forecast_6803,2025-10-11 11:00:00,7935.466210212772,8383.8187053542,6121.743260377794
forecast_6804,2025-10-11 12:00:00,7945.612590149817,8612.546641875664,6519.396403605413
forecast_6805,2025-10-11 13:00:00,8808.76844183461,9406.343859478802,7256.398901868501
forecast_6806,2025-10-11 14:00:00,9039.190127913243,9076.59927784212,7002.713840435127
forecast_6807,2025-10-11 15:00:00,10592.155071393812,10988.401244712037,9078.761754123308
forecast_6808,2025-10-11 16:00:00,11442.35529325904,11776.199002122732,9790.619061010628
forecast_6809,2025-10-11 17:00:00,9487.395393564351,9802.18963129173,7756.245061795123
forecast_6810,2025-10-11 18:00:00,11396.617848558619,11676.157770348012,9353.933253191457
forecast_6811,2025-10-11 19:00:00,14338.761041872121,14976.07960696769,13105.879057967832
forecast_6812,2025-10-11 20:00:00,15248.019779199783,15824.264338157576,14127.422268222193
forecast_6813,2025-10-11 21:00:00,14040.721370944462,14612.573284452414,12865.956514847989
forecast_6814,2025-10-11 22:00:00,12019.534013431341,12629.742267022868,10740.859755262562
forecast_6815,2025-10-11 23:00:00,12766.062096737262,13440.824758919507,11521.890868264072
forecast_6816,2025-10-12 00:00:00,11297.472233547018,12198.519172931772,10586.582282412379
forecast_6817,2025-10-12 01:00:00,12000.955203994741,13323.194311306943,11866.863469378937
forecast_6818,2025-10-12 02:00:00,10296.977016798886,11505.814041574857,10004.266204109217
forecast_6819,2025-10-12 03:00:00,8945.807413922896,9728.557631333304,8361.188814428997
forecast_6820,2025-10-12 04:00:00,6513.277190669648,8000.584135450008,6591.676025879833
forecast_6821,2025-10-12 05:00:00,6060.205921697835,6489.635996117066,4889.200241499791
forecast_6822,2025-10-12 06:00:00,5154.008334184854,5051.039269615612,3591.05687850276
forecast_6823,2025-10-12 07:00:00,4030.5274544092053,3947.1021322714573,2854.912644919021
forecast_6824,2025-10-12 08:00:00,3892.9375032946814,4563.10414322073,3814.492153740651
forecast_6825,2025-10-12 09:00:00,4193.649223890783,4966.14770185851,3739.2594562292693
forecast_6826,2025-10-12 10:00:00,4961.828060060607,5545.7561027528045,3995.206525904733
forecast_6827,2025-10-12 11:00:00,5438.105376289004,5853.199554490166,4174.754516670341
forecast_6828,2025-10-12 12:00:00,4904.521157636851,5261.582870784518,3879.3612336207852
forecast_6829,2025-10-12 13:00:00,4491.808695646194,5227.426692956913,3882.764991441039
forecast_6830,2025-10-12 14:00:00,5192.374643141114,5792.762509931895,4348.21037679153
forecast_6831,2025-10-12 15:00:00,4538.755605287706,5342.557058420815,4081.0250704947834
forecast_6832,2025-10-12 16:00:00,3889.6395441812388,4622.421376188418,3659.945587518967
forecast_6833,2025-10-12 17:00:00,4399.019621115952,5089.454521463893,3699.124097050432
forecast_6834,2025-10-12 18:00:00,5548.450129600648,6471.74596261445,4743.355611828491
forecast_6835,2025-10-12 19:00:00,6847.8020407631775,7705.9817128987515,5665.411940729485
forecast_6836,2025-10-12 20:00:00,7290.837699655918,8141.984914072542,6097.332469948844
forecast_6837,2025-10-12 21:00:00,7024.529556187644,7991.573442307636,6028.097563917225
forecast_6838,2025-10-12 22:00:00,5186.600142248219,6157.943564888575,4638.584075903446
forecast_6839,2025-10-12 23:00:00,3758.6823341416098,4451.481985806527,3255.2907719634245
forecast_6840,2025-10-13 00:00:00,3811.126092860434,4312.802776275241,3085.6086839754
forecast_6841,2025-10-13 01:00:00,2988.9743331375857,3500.970335722459,2508.625197553906
forecast_6842,2025-10-13 02:00:00,2437.6447247876613,3013.232840345846,2147.0349587041032
forecast_6843,2025-10-13 03:00:00,1792.229311351864,2368.5155486704434,1746.8584000273404
forecast_6844,2025-10-13 04:00:00,1664.0094777580136,2210.645394187022,1577.5992719491037
forecast_6845,2025-10-13 05:00:00,1687.2304638316573,2280.617111913684,1727.5700052044108
forecast_6846,2025-10-13 06:00:00,2440.859551167926,2988.913170047023,2122.7326927629797
forecast_6847,2025-10-13 07:00:00,3471.873284234973,3932.047265344886,2783.0203315493472
forecast_6848,2025-10-13 08:00:00,4434.734291790492,5089.89479764377,3660.7613276372435
forecast_6849,2025-10-13 09:00:00,3420.751335890632,3918.2363262723466,2874.255384281869
forecast_6850,2025-10-13 10:00:00,3851.5631793998896,4460.439948055302,3179.5056531213636
forecast_6851,2025-10-13 11:00:00,3496.1609775579723,3913.152560154034,2772.6571789253267
forecast_6852,2025-10-13 12:00:00,3587.2764011555582,4132.470043090279,2889.091359934519
forecast_6853,2025-10-13 13:00:00,3502.1155660922736,4105.045077537277,2932.5027310307282
forecast_6854,2025-10-13 14:00:00,2924.2926184473476,3366.3908318174576,2426.177285058762
forecast_6855,2025-10-13 15:00:00,3520.895555805398,3971.5865081956213,2844.842743094379
forecast_6856,2025-10-13 16:00:00,4659.7009703554995,5294.071543900632,3826.763836551432
forecast_6857,2025-10-13 17:00:00,4389.698001866729,4896.2720283823,3453.695316897606
forecast_6858,2025-10-13 18:00:00,4589.481298541676,5085.511667337857,3677.0773160290664
forecast_6859,2025-10-13 19:00:00,4206.4128302266345,4587.0598477663625,3211.520161601201
forecast_6860,2025-10-13 20:00:00,3875.751554978543,4517.335791023463,3342.2832499605397
forecast_6861,2025-10-13 21:00:00,5068.730078073389,6355.5323413260985,4856.058694949794
forecast_6862,2025-10-13 22:00:00,6558.894625637425,7770.831687321148,5835.116010227417
forecast_6863,2025-10-13 23:00:00,5130.280684159368,5930.232819098077,4316.987312732321
forecast_6864,2025-10-14 00:00:00,5296.908613449234,6229.581493336338,4522.668889160851
forecast_6865,2025-10-14 01:00:00,5850.324626373106,6067.00984972701,4102.593964576384
forecast_6866,2025-10-14 02:00:00,7351.004762689786,8372.600227359651,6205.685343160601
forecast_6867,2025-10-14 03:00:00,6788.044157564176,7423.016600711473,5238.324646961829
forecast_6868,2025-10-14 04:00:00,5995.141481753123,6403.470022011874,4375.680422446866
forecast_6869,2025-10-14 05:00:00,5833.754581004955,6216.75508635243,4296.300114553003
forecast_6870,2025-10-14 06:00:00,5058.735134989524,5394.0483019476105,3713.3120207760603
forecast_6871,2025-10-14 07:00:00,5609.386932986304,6094.922031446495,4194.134979872988
forecast_6872,2025-10-14 08:00:00,5296.141810039871,5870.850664769637,4067.2948685336455
forecast_6873,2025-10-14 09:00:00,5718.032222694176,6317.401657155289,4350.181201515972
forecast_6874,2025-10-14 10:00:00,5122.760308630226,6092.984925125139,4244.245641399633
forecast_6875,2025-10-14 11:00:00,4784.796093375351,5698.883751754376,3988.921819393649
forecast_6876,2025-10-14 12:00:00,4202.3025676505695,4754.93891740948,3343.5177678059854
forecast_6877,2025-10-14 13:00:00,3559.639577594239,4223.923023192257,2949.7645710197717
forecast_6878,2025-10-14 14:00:00,4011.864944090412,4809.672740979527,3329.518759531795
forecast_6879,2025-10-14 15:00:00,5156.667509359993,6065.412456733143,4334.829095235299
forecast_6880,2025-10-14 16:00:00,3016.5713458997,3707.9180265119203,2910.1507897282377
forecast_6881,2025-10-14 17:00:00,4972.973353643385,5612.861124187332,4167.483636702141
forecast_6882,2025-10-14 18:00:00,3854.815006574512,4750.583258267097,3540.1732778627925
forecast_6883,2025-10-14 19:00:00,2890.1362009777285,3698.230285169152,2893.3063243124857
forecast_6884,2025-10-14 20:00:00,4002.5603882101764,4896.618990336376,3640.327737898685
forecast_6885,2025-10-14 21:00:00,4129.531164046427,4543.527045066069,3232.169739188386
forecast_6886,2025-10-14 22:00:00,4198.501043974207,4738.0545995957245,3350.6990604006405
forecast_6887,2025-10-14 23:00:00,4346.173046886899,5035.507578428596,3560.22477811552
forecast_6888,2025-10-15 00:00:00,4011.6461419138436,4425.8374203837975,3067.0711896442435
forecast_6889,2025-10-15 01:00:00,3589.4862973772233,4130.127738466844,2953.434206379293
forecast_6890,2025-10-15 02:00:00,3265.198332734652,3815.9498917190385,2736.1147102752793
forecast_6891,2025-10-15 03:00:00,3190.1445979657356,3761.7498091807424,2641.819299306006
forecast_6892,2025-10-15 04:00:00,3156.2272951776386,3649.8537265136383,2586.254939573055
forecast_6893,2025-10-15 05:00:00,2893.520736372345,3411.988657475345,2465.4191913947875
forecast_6894,2025-10-15 06:00:00,2948.830792590129,3468.045211595875,2450.3096153392
forecast_6895,2025-10-15 07:00:00,2875.0084768313995,3443.6289995947745,2431.7390613090843
forecast_6896,2025-10-15 08:00:00,2751.315681324695,3299.335012621762,2361.2869964867373
forecast_6897,2025-10-15 09:00:00,2471.751310257084,3148.445841544454,2306.0567624334794
forecast_6898,2025-10-15 10:00:00,2300.0698545314835,2913.9547299024657,2260.766426280925
forecast_6899,2025-10-15 11:00:00,2340.1117267918144,3061.9274849733993,2203.5230334211224
forecast_6900,2025-10-15 12:00:00,2101.845049355394,2721.303379266067,2056.43487964788
forecast_6901,2025-10-15 13:00:00,1739.127528032473,2459.241403684952,1901.9650987435866
forecast_6902,2025-10-15 14:00:00,1783.1536439670645,2321.30051656054,1818.2345111379286
forecast_6903,2025-10-15 15:00:00,1649.8714054664515,2276.5682043796382,1845.597929913367
forecast_6904,2025-10-15 16:00:00,1679.4508005195512,2433.377688476425,1944.521730749753
forecast_6905,2025-10-15 17:00:00,1631.7374789097057,2288.053821997289,1803.8246310188076
forecast_6906,2025-10-15 18:00:00,1475.7708826544686,2346.504451673805,1989.6351621497442
forecast_6907,2025-10-15 19:00:00,1368.692297937251,2109.5338762532565,1814.7992765025963
forecast_6908,2025-10-15 20:00:00,2215.688328694071,2957.533668058425,2313.4166010740287
forecast_6909,2025-10-15 21:00:00,2067.8013942281714,2772.8936128339346,2172.9105473648124
forecast_6910,2025-10-15 22:00:00,3536.525726704451,4250.031990784149,3111.769476781709
forecast_6911,2025-10-15 23:00:00,4282.232503492274,5075.752242243138,3702.4672525260585
forecast_6912,2025-10-16 00:00:00,4402.092423447599,5004.791447708556,3557.777079148786
forecast_6913,2025-10-16 01:00:00,2366.056454529277,2875.3440638682005,2111.65397910402
forecast_6914,2025-10-16 02:00:00,2355.573126204674,3213.681627508207,2603.8878582482157
forecast_6915,2025-10-16 03:00:00,2812.0199602666653,3878.033690429618,3370.7923320078767
forecast_6916,2025-10-16 04:00:00,1659.352862216846,2577.7811112362056,2244.3540331721833
forecast_6917,2025-10-16 05:00:00,2854.436259911679,3793.165916033793,3034.945601328881
forecast_6918,2025-10-16 06:00:00,2449.3551552191266,3251.834214595109,2444.311056913007
forecast_6919,2025-10-16 07:00:00,4634.759687838203,4950.18033366936,3388.760803657283
forecast_6920,2025-10-16 08:00:00,5661.486828024741,6250.345866513733,4310.548034161846
forecast_6921,2025-10-16 09:00:00,5722.835904308238,5864.523451951359,3991.3040620857
forecast_6922,2025-10-16 10:00:00,4774.180031945558,5175.022602695357,3575.7920317406674
forecast_6923,2025-10-16 11:00:00,4215.881022811644,4466.838346611341,3040.4068608290954
forecast_6924,2025-10-16 12:00:00,4178.100495251103,4490.566766437285,3090.0300243391384
forecast_6925,2025-10-16 13:00:00,5123.345017394398,5815.970958083932,4218.113841511613
forecast_6926,2025-10-16 14:00:00,5602.0600585140255,6112.101693782661,4434.7607805257785
forecast_6927,2025-10-16 15:00:00,3654.0335837377893,4127.805100005314,3041.610732807465
forecast_6928,2025-10-16 16:00:00,3179.3041364366723,3769.049432943688,2813.5511619734757
forecast_6929,2025-10-16 17:00:00,3319.3165443012585,3824.1707025712194,2826.0117629047318
forecast_6930,2025-10-16 18:00:00,3377.521798367809,4018.460268392443,2976.9782532191853
forecast_6931,2025-10-16 19:00:00,3349.36690242898,4002.299648770653,2958.578923077625
forecast_6932,2025-10-16 20:00:00,3996.630504438963,4892.665078623176,3623.197432456404
forecast_6933,2025-10-16 21:00:00,4015.3310023505965,5069.6780308999,3710.1381221361335
forecast_6934,2025-10-16 22:00:00,4055.5253667413035,4817.948896954903,3536.724302615228
forecast_6935,2025-10-16 23:00:00,3492.928777330765,4199.613973451249,3060.812135009416
forecast_6936,2025-10-17 00:00:00,3412.1480976364755,3826.8078444862167,2694.5695344544447
forecast_6937,2025-10-17 01:00:00,3816.7587262302595,4501.670028232675,3282.1019418907003
forecast_6938,2025-10-17 02:00:00,3522.0830158090034,4320.428453456695,3087.275514482596
forecast_6939,2025-10-17 03:00:00,3568.5143696581627,4140.197327611393,2880.3633164602397
forecast_6940,2025-10-17 04:00:00,2849.367400111892,3434.3322041622596,2383.6083474228894
forecast_6941,2025-10-17 05:00:00,2779.6941237612064,3294.756661200706,2311.43391532837
forecast_6942,2025-10-17 06:00:00,2643.2712867375026,3184.126375359333,2218.336790549358
forecast_6943,2025-10-17 07:00:00,2642.345966114675,3255.448358686046,2285.5320776772983
forecast_6944,2025-10-17 08:00:00,2141.370364988792,2727.145722028639,2002.2695445384059
forecast_6945,2025-10-17 09:00:00,2003.9156114043203,2719.0690416429475,2030.3707624530457
forecast_6946,2025-10-17 10:00:00,2000.6997053425175,2700.832889449116,2047.520773749445
forecast_6947,2025-10-17 11:00:00,1507.473343467964,2221.0920613857384,1742.544502900511
forecast_6948,2025-10-17 12:00:00,1209.9706583339414,1981.6591806007955,1631.766632621128
forecast_6949,2025-10-17 13:00:00,981.7182790535678,1870.9562597119852,1630.9094473258297
forecast_6950,2025-10-17 14:00:00,1242.0325088176567,2064.1912615160086,1729.1333733843337
forecast_6951,2025-10-17 15:00:00,1594.2188006500842,2452.3662631470474,1967.2564252184418
forecast_6952,2025-10-17 16:00:00,1992.8421044063996,2703.9453732035504,2109.2069948169406
forecast_6953,2025-10-17 17:00:00,2077.612394399781,2879.6021745533753,2283.06091162607
forecast_6954,2025-10-17 18:00:00,2768.256386507819,3442.656473021142,2590.585363917913
forecast_6955,2025-10-17 19:00:00,3805.4557347001187,4606.621897265379,3406.322398870585
forecast_6956,2025-10-17 20:00:00,5489.452158319456,6217.117999590868,4668.025806683612
forecast_6957,2025-10-17 21:00:00,6559.364327572026,6963.581574000476,5079.2340609594
forecast_6958,2025-10-17 22:00:00,6813.222744017609,7054.91184531643,4999.961468684347
forecast_6959,2025-10-17 23:00:00,5891.890631868622,5953.638540267919,4207.432283766675
forecast_6960,2025-10-18 00:00:00,4156.444099288319,5011.03464522019,3887.636344000464
forecast_6961,2025-10-18 01:00:00,3954.993805142552,4814.774837537996,3486.6073861541336
forecast_6962,2025-10-18 02:00:00,4619.606403955771,5114.520371406558,3663.142254512985
forecast_6963,2025-10-18 03:00:00,4130.378814012759,5082.684383784497,3700.0703657345834
forecast_6964,2025-10-18 04:00:00,3809.440489558847,4976.988936130071,3715.3567422169576
forecast_6965,2025-10-18 05:00:00,4342.076661136285,5110.385797273354,3767.3825405071543
forecast_6966,2025-10-18 06:00:00,3290.5478641695845,3740.319879375913,2836.1869881226844
forecast_6967,2025-10-18 07:00:00,4041.5439076547937,4719.407498613936,3681.282438803126
forecast_6968,2025-10-18 08:00:00,3184.051263314872,3724.598594716283,2961.722899145398
forecast_6969,2025-10-18 09:00:00,2504.809149769219,2953.513911899157,2340.196617524498
forecast_6970,2025-10-18 10:00:00,2347.7732223456496,2816.796407432152,2286.9113309655586
forecast_6971,2025-10-18 11:00:00,2202.0972187808225,2691.7796384727158,2239.59683163035
forecast_6972,2025-10-18 12:00:00,2254.8841961177354,2468.8430813439363,2016.011259538735
forecast_6973,2025-10-18 13:00:00,2594.122423203996,3017.732795776338,2346.4846110431217
forecast_6974,2025-10-18 14:00:00,2446.697782594312,2868.0298646988767,2257.2982862510503
forecast_6975,2025-10-18 15:00:00,4056.715750537343,5046.599176082067,3878.3618231925066
forecast_6976,2025-10-18 16:00:00,3582.447021958502,4133.942689095054,3191.588926440596
forecast_6977,2025-10-18 17:00:00,2538.625532522672,3185.7189704880366,2539.3141397786762
forecast_6978,2025-10-18 18:00:00,2272.3623474200667,2896.6989620359313,2349.9011464258892
forecast_6979,2025-10-18 19:00:00,1893.9319685998607,2566.074145764491,2101.86806593841
forecast_6980,2025-10-18 20:00:00,2217.5149596190254,2819.4645482155674,2178.8055577488253
forecast_6981,2025-10-18 21:00:00,2187.4210723256638,2938.222171028901,2273.514979046125
forecast_6982,2025-10-18 22:00:00,2441.894948074229,3035.099905184932,2299.9983264142284
forecast_6983,2025-10-18 23:00:00,2317.6263427934773,2887.676789545103,2200.2437134493484
forecast_6984,2025-10-19 00:00:00,2090.3022311650097,2716.5555484134347,2079.7224690598123
forecast_6985,2025-10-19 01:00:00,1681.7445559799742,2433.703878204957,1934.5103617657167
forecast_6986,2025-10-19 02:00:00,1786.585496860005,2567.5348609353678,2024.6933084002494
forecast_6987,2025-10-19 03:00:00,1722.2148028633646,2457.195849481721,1923.2721740291202
forecast_6988,2025-10-19 04:00:00,2129.697205331542,2801.0483836909625,2023.9429461426244
forecast_6989,2025-10-19 05:00:00,1652.5043135989454,2329.265595222009,1832.9894607083731
forecast_6990,2025-10-19 06:00:00,1450.3587978985684,2092.4064222722754,1671.2230468514686
forecast_6991,2025-10-19 07:00:00,1393.057818270349,2178.1281507257495,1690.4132397292715
forecast_6992,2025-10-19 08:00:00,1323.706064731839,2221.5289990702518,1714.346254951087
forecast_6993,2025-10-19 09:00:00,1611.0354678591711,2576.9490456595163,2008.754618951865
forecast_6994,2025-10-19 10:00:00,1893.2326732952229,2899.8549961846534,2271.2754695938124
forecast_6995,2025-10-19 11:00:00,1869.3084431669722,2971.8598125356684,2395.9999934064476
forecast_6996,2025-10-19 12:00:00,1729.6809781553393,2963.6980196313407,2799.823667123756
forecast_6997,2025-10-19 13:00:00,3108.327600668491,4145.64527883586,3688.8641592071226
forecast_6998,2025-10-19 14:00:00,4031.92020000403,4468.340365380941,3205.1361601672893
forecast_6999,2025-10-19 15:00:00,4780.024194496202,5024.872246861576,3794.318622045055
forecast_7000,2025-10-19 16:00:00,6596.3035912099385,6504.4429680587755,4679.772152958403
forecast_7001,2025-10-19 17:00:00,5871.470272631893,6015.067861376756,4386.637554682211
forecast_7002,2025-10-19 18:00:00,5557.043212587905,5230.935476624962,3787.800637141399
forecast_7003,2025-10-19 19:00:00,7388.760550287014,6849.563398111857,4622.932419628289
forecast_7004,2025-10-19 20:00:00,8219.158202321549,7616.057675199385,5273.94778315325
forecast_7005,2025-10-19 21:00:00,5875.635111773618,5763.67868037663,4108.1732354651485
forecast_7006,2025-10-19 22:00:00,4849.55795491778,5181.330031268722,3993.4347880172168
forecast_7007,2025-10-19 23:00:00,4502.822668742622,4768.76358393121,3610.2671801080505
forecast_7008,2025-10-20 00:00:00,3648.3487846712837,4109.481317074171,3127.8992010098764
forecast_7009,2025-10-20 01:00:00,2800.583082912257,3395.5912523121215,2794.2361104986885
forecast_7010,2025-10-20 02:00:00,2763.536557388853,3570.6449077971465,3041.5685137570745
forecast_7011,2025-10-20 03:00:00,2529.209195763812,3492.2141219342584,3093.9496405995123
forecast_7012,2025-10-20 04:00:00,3363.2829927950243,4367.409481852055,3739.210557949424
forecast_7013,2025-10-20 05:00:00,3221.1552457341886,4110.762595199248,3502.024536186563
forecast_7014,2025-10-20 06:00:00,2546.3778901371397,3254.6662361083213,2693.3932524508077
forecast_7015,2025-10-20 07:00:00,2802.2361780435067,3680.0167693008225,3054.760676532823
forecast_7016,2025-10-20 08:00:00,2481.9023960443346,3320.697946355809,2617.590049436614
forecast_7017,2025-10-20 09:00:00,3227.6519189078645,3980.3171413373193,2978.203766492605
forecast_7018,2025-10-20 10:00:00,2904.774094405915,3572.245935996504,2785.919083928108
forecast_7019,2025-10-20 11:00:00,2754.173831802187,3708.5049211225255,2822.0008502775077
forecast_7020,2025-10-20 12:00:00,2805.1890792474296,3568.546443684302,2708.9243199711964
forecast_7021,2025-10-20 13:00:00,2872.187031722264,3798.3481213718997,2849.2421456138336
forecast_7022,2025-10-20 14:00:00,2115.5555620359028,2879.220371821529,2172.1982904387028
forecast_7023,2025-10-20 15:00:00,1771.100732965069,2362.9232175462853,1807.9512590875188
forecast_7024,2025-10-20 16:00:00,1379.351348905228,2105.5387822796574,1655.9853575591437
forecast_7025,2025-10-20 17:00:00,1138.9134131901237,1851.587029424067,1523.6027839390563
forecast_7026,2025-10-20 18:00:00,1183.194625137697,1889.5470869377712,1592.5777030460551
forecast_7027,2025-10-20 19:00:00,1191.016612806825,1966.8401831160793,1693.8222550624896
forecast_7028,2025-10-20 20:00:00,1375.3471593528348,2226.136720849385,1918.207936683112
forecast_7029,2025-10-20 21:00:00,1261.9860994176893,2250.2733425313895,2020.0934374497108
forecast_7030,2025-10-20 22:00:00,1218.786277829052,2248.4151456011573,2038.4631492934109
forecast_7031,2025-10-20 23:00:00,1342.5208666676917,2316.125731764975,2029.0446477157218
forecast_7032,2025-10-21 00:00:00,1465.3509542127326,2350.5890971306935,2003.8008158965572
forecast_7033,2025-10-21 01:00:00,1754.6233418957454,2695.109795209831,2025.0579322744577
forecast_7034,2025-10-21 02:00:00,2567.3861479898815,3752.6157016640864,2763.575579029437
forecast_7035,2025-10-21 03:00:00,3263.4626028627617,4242.8969512987005,3035.9218756804644
forecast_7036,2025-10-21 04:00:00,2880.757112703945,3369.0931735278004,2403.246465442456
forecast_7037,2025-10-21 05:00:00,3377.589526685113,3719.8538341101166,2421.206243452894
forecast_7038,2025-10-21 06:00:00,1906.2962983855095,2301.2484628410302,1628.789440413762
forecast_7039,2025-10-21 07:00:00,1912.923879726336,2294.78876287093,1662.270693323037
forecast_7040,2025-10-21 08:00:00,1805.7123647527924,2466.2155276122194,1900.2877327979625
forecast_7041,2025-10-21 09:00:00,1517.1549470125503,2237.374215610058,1825.3082796282902
forecast_7042,2025-10-21 10:00:00,1077.3005844765862,1701.046632077755,1506.6455293334438
forecast_7043,2025-10-21 11:00:00,980.4118963003579,1580.2244687301406,1484.549405949166
forecast_7044,2025-10-21 12:00:00,942.2122326294079,1542.5875927312113,1493.746008838676
forecast_7045,2025-10-21 13:00:00,1048.7835214195234,1628.9088246826702,1581.1743426481564
forecast_7046,2025-10-21 14:00:00,1411.0635640844298,2285.904445019399,2164.32011231964
forecast_7047,2025-10-21 15:00:00,1457.089364516807,2815.704005841101,2409.6848207080716
forecast_7048,2025-10-21 16:00:00,1273.1840126372795,2126.70559140708,1859.3706277047986
forecast_7049,2025-10-21 17:00:00,1227.6638304163248,2095.779926870242,1987.0760510091932
forecast_7050,2025-10-21 18:00:00,1413.4230890595259,2513.6899622197557,2430.2599670445206
forecast_7051,2025-10-21 19:00:00,1216.2905383406346,1984.5204964253492,1939.0950415315133
forecast_7052,2025-10-21 20:00:00,1479.0995213547849,2072.5719276331206,1894.7489816271586
forecast_7053,2025-10-21 21:00:00,1617.9143679368813,2253.302009660366,1840.9761049685603
forecast_7054,2025-10-21 22:00:00,1567.1678734902753,1964.143905099791,1639.6611363024288
forecast_7055,2025-10-21 23:00:00,1870.6752237742526,2182.977954533206,1727.312428006805
forecast_7056,2025-10-22 00:00:00,2095.3894922532536,2317.688513836164,1733.6945808684525
forecast_7057,2025-10-22 01:00:00,1248.4866291518942,2383.898295638227,2179.636337822897
forecast_7058,2025-10-22 02:00:00,1443.4325077917472,2428.2279032616857,2134.487663324398
forecast_7059,2025-10-22 03:00:00,1738.8940020246296,2385.716772607638,2010.2205970607984
forecast_7060,2025-10-22 04:00:00,1896.099263865635,2539.00733671714,2106.3777401530615
forecast_7061,2025-10-22 05:00:00,1895.5149564957833,2645.8875339933975,2237.27188881563
forecast_7062,2025-10-22 06:00:00,1960.3505347006226,2631.8554460785776,2146.2742130144916
forecast_7063,2025-10-22 07:00:00,2324.5494505890374,2946.7593204648033,2330.4300455494904
forecast_7064,2025-10-22 08:00:00,2271.230159713338,2904.2842972370768,2330.3858866852524
forecast_7065,2025-10-22 09:00:00,2668.747905084794,3890.3317840273558,2995.6485927447325
forecast_7066,2025-10-22 10:00:00,2345.4170117982194,3175.181897971886,2577.695019844845
forecast_7067,2025-10-22 11:00:00,2276.0673452704273,3444.5911220723615,2715.4874311508206
forecast_7068,2025-10-22 12:00:00,2025.045785979171,3149.223978166419,2490.9986701338676
forecast_7069,2025-10-22 13:00:00,2046.9339325036506,2791.3734756781755,2051.66541267563
forecast_7070,2025-10-22 14:00:00,2099.5696207001974,2842.5192071946367,2180.7848228141384
forecast_7071,2025-10-22 15:00:00,1852.0527076348683,2585.4022842443965,1920.5583816972105
forecast_7072,2025-10-22 16:00:00,1791.59368717603,2389.4429065217964,1774.8168534794345
forecast_7073,2025-10-22 17:00:00,2160.249622452113,2623.847310333609,1890.9063219422642
forecast_7074,2025-10-22 18:00:00,1283.2767551912464,2067.0063245166602,1643.319136974358
forecast_7075,2025-10-22 19:00:00,1671.426717531854,2288.8890262923483,1793.0114030804277
forecast_7076,2025-10-22 20:00:00,1564.4942716452217,2414.5422272117985,1924.1811259178412
forecast_7077,2025-10-22 21:00:00,1562.6785935576065,2314.3781388081234,1798.1741833134752
forecast_7078,2025-10-22 22:00:00,2586.1455321187645,3147.884719863276,2290.806612446395
forecast_7079,2025-10-22 23:00:00,2490.9252101305156,2918.46507156288,1996.3194107241275
forecast_7080,2025-10-23 00:00:00,1933.384333665779,2565.7162277786338,1891.4459202590162
forecast_7081,2025-10-23 01:00:00,1186.3140908622036,2028.3141160459113,1651.844090641957
forecast_7082,2025-10-23 02:00:00,1343.3687668091557,2152.703036370607,1706.4422873999558
forecast_7083,2025-10-23 03:00:00,1097.9748965144852,1924.9365040826715,1543.076571908864
forecast_7084,2025-10-23 04:00:00,1267.1702039080883,2028.0156670131344,1582.6563985965172
forecast_7085,2025-10-23 05:00:00,1221.1916153161787,2062.5449102227017,1635.5356295956115
forecast_7086,2025-10-23 06:00:00,1109.2611565277857,1941.6865242424556,1549.460915561474
forecast_7087,2025-10-23 07:00:00,1206.8364642295132,1969.4728149982545,1545.679750569085
forecast_7088,2025-10-23 08:00:00,1133.443981789776,2056.58914890254,1712.5941335986643
forecast_7089,2025-10-23 09:00:00,1086.6800433222872,2079.7309444582943,1825.6443922803733
forecast_7090,2025-10-23 10:00:00,1112.7137021942071,1976.0077060792144,1791.2354498420118
forecast_7091,2025-10-23 11:00:00,991.1838582460814,1943.374467276391,1806.9775276267737
forecast_7092,2025-10-23 12:00:00,1130.6332314109782,2109.8589299400574,1910.2677533108229
forecast_7093,2025-10-23 13:00:00,1216.765594094204,2121.391438730334,1871.6026775291364
forecast_7094,2025-10-23 14:00:00,1280.0669296064243,2325.107430636351,2096.105731808521
forecast_7095,2025-10-23 15:00:00,1416.3092901670552,2219.6806385829586,1989.9692470179998
forecast_7096,2025-10-23 16:00:00,1254.6930699682541,2347.1624250430723,2208.805412857122
forecast_7097,2025-10-23 17:00:00,1259.0241411161594,2207.2415437292693,1993.0201075462278
forecast_7098,2025-10-23 18:00:00,1049.528318149454,1835.2605746213133,1722.4250700401892
forecast_7099,2025-10-23 19:00:00,1289.3002721174375,2094.5902408630122,1959.9507390516349
forecast_7100,2025-10-23 20:00:00,1513.5985130623067,2609.3656445788765,2406.574626110716
forecast_7101,2025-10-23 21:00:00,1805.0246453146024,2908.51187031412,2573.826924932785
forecast_7102,2025-10-23 22:00:00,2069.8941792450896,3273.581030987862,3016.517063110737
forecast_7103,2025-10-23 23:00:00,2057.3204957091993,3228.5872631249713,2983.507801341912
forecast_7104,2025-10-24 00:00:00,1569.6922688436089,2280.6658558527392,2003.0413931266169
forecast_7105,2025-10-24 01:00:00,2140.6219233472375,2936.8640699338343,2425.485959660858
forecast_7106,2025-10-24 02:00:00,1967.940028293648,2903.9904034063647,2663.1596699332463
forecast_7107,2025-10-24 03:00:00,2031.7156421938594,2367.4814304947076,1696.4739320857882
forecast_7108,2025-10-24 04:00:00,2648.3236680135324,3174.9135699361464,2292.514635022554
forecast_7109,2025-10-24 05:00:00,2721.6932480236064,3814.798925035782,3388.8357072232984
forecast_7110,2025-10-24 06:00:00,3702.5333382576146,4436.055643579942,3271.940252199509
forecast_7111,2025-10-24 07:00:00,3874.321867751931,4697.733617977186,3387.4005206568145
forecast_7112,2025-10-24 08:00:00,3550.1189443896283,4347.456860625383,3285.2709514178196
forecast_7113,2025-10-24 09:00:00,2277.851250237272,2952.575741056784,2301.000336176143
forecast_7114,2025-10-24 10:00:00,2848.5100275551654,3718.535360125161,2602.8363276197397
forecast_7115,2025-10-24 11:00:00,3011.3760091059075,3941.0692684385867,2809.742360106101
forecast_7116,2025-10-24 12:00:00,2774.4478066725655,3654.2869765154674,2788.370149041293
forecast_7117,2025-10-24 13:00:00,2845.759692255331,3876.894731571283,3070.29425670593
forecast_7118,2025-10-24 14:00:00,2280.4848641715425,3308.2487712266807,2975.822435512312
forecast_7119,2025-10-24 15:00:00,2239.707114873273,3056.4915070625584,2407.5258535517614
forecast_7120,2025-10-24 16:00:00,2395.7933397877396,3150.6524928269982,2383.893602394182
forecast_7121,2025-10-24 17:00:00,2182.833649180655,2939.60837102259,2271.7294200350343
forecast_7122,2025-10-24 18:00:00,2728.1648463515976,3116.0474816478873,2251.4945181886355
forecast_7123,2025-10-24 19:00:00,2557.233973571256,3168.240707435344,2268.3348622491476
forecast_7124,2025-10-24 20:00:00,2824.152566836985,3357.1107648493125,2390.3018916751753
forecast_7125,2025-10-24 21:00:00,3278.9438299344088,3766.3875737539347,2613.7244747399336
forecast_7126,2025-10-24 22:00:00,3510.2152713509713,4121.268656882445,2834.2314835943253
forecast_7127,2025-10-24 23:00:00,2391.683129788913,3146.0307205558424,2305.8270375237494
forecast_7128,2025-10-25 00:00:00,1872.384242661926,2592.251888632957,1887.4564986779583
forecast_7129,2025-10-25 01:00:00,3792.5153271397285,4511.594033555125,3065.4010933504373
forecast_7130,2025-10-25 02:00:00,3722.5421870986306,4284.3595431972535,2917.6920948985726
forecast_7131,2025-10-25 03:00:00,3591.8016714401892,4487.917971481327,3136.465096950391
forecast_7132,2025-10-25 04:00:00,3844.8368732042336,4956.048890742948,3447.057287470012
forecast_7133,2025-10-25 05:00:00,3475.746978905271,4364.2997737038595,3095.5523008604932
forecast_7134,2025-10-25 06:00:00,4514.178326742811,5747.771964970059,4052.2778791054607
forecast_7135,2025-10-25 07:00:00,4719.239022672347,5701.746828087131,3957.862715296311
forecast_7136,2025-10-25 08:00:00,2786.6811530034297,4116.760433984974,3208.556675929294
forecast_7137,2025-10-25 09:00:00,2176.1639775893027,3354.494265874319,2626.338468265423
forecast_7138,2025-10-25 10:00:00,1664.2201858743238,2749.175950138948,2429.129168263614
forecast_7139,2025-10-25 11:00:00,1804.8803353786252,2989.5221836133273,2889.7452748538963
forecast_7140,2025-10-25 12:00:00,1595.104019003185,2376.45989823435,2175.5985224006354
forecast_7141,2025-10-25 13:00:00,1733.9140969390314,2545.072874086215,2209.4495416840055
forecast_7142,2025-10-25 14:00:00,804.1259252478687,1264.5793899094158,1202.881609397431
forecast_7143,2025-10-25 15:00:00,829.5516863575795,1346.145135993067,1290.0227771182274
forecast_7144,2025-10-25 16:00:00,1346.000973769528,1779.976644011252,1546.7610342837777
forecast_7145,2025-10-25 17:00:00,1508.27716565096,1953.6369779397755,1589.7565032316486
forecast_7146,2025-10-25 18:00:00,1598.699096380326,2096.263165541141,1672.6328985964728
forecast_7147,2025-10-25 19:00:00,1937.2163208231082,2399.248164640137,1836.3153309657419
forecast_7148,2025-10-25 20:00:00,1903.4010785725222,2453.7230988546703,1890.3982253372333
forecast_7149,2025-10-25 21:00:00,2041.5029150252246,2866.122839403923,2245.0536648404327
forecast_7150,2025-10-25 22:00:00,2415.05593426253,3219.4851928555986,2460.448677567779
forecast_7151,2025-10-25 23:00:00,2937.444603624457,3543.87826121938,2648.608183189984
forecast_7152,2025-10-26 00:00:00,3438.347370192577,3927.4395057420693,2834.6157116558675
forecast_7153,2025-10-26 01:00:00,2487.288982684346,2947.978210122792,2153.2831170087416
forecast_7154,2025-10-26 02:00:00,2112.38704405265,2840.8713476103985,2230.6194042282928
forecast_7155,2025-10-26 03:00:00,2293.641929908652,2977.3185484187898,2296.2856691233314
forecast_7156,2025-10-26 04:00:00,2388.970932194874,2947.06368531525,2156.5019556419647
forecast_7157,2025-10-26 05:00:00,2762.9652746599204,3288.875488538906,2396.3618316143156
forecast_7158,2025-10-26 06:00:00,2498.574895761594,3016.762479939403,2243.834957786299
forecast_7159,2025-10-26 07:00:00,3111.9532117020644,3714.941861571945,2691.1954833118307
forecast_7160,2025-10-26 08:00:00,3479.3000254019007,3977.2187323171847,2893.0647846827014
forecast_7161,2025-10-26 09:00:00,3814.098500626957,4461.422063777762,3239.4795466811834
forecast_7162,2025-10-26 10:00:00,3461.3530643762024,4106.525843837797,3058.0359617772256
forecast_7163,2025-10-26 11:00:00,2150.529466640778,3022.780773341794,2617.441940919828
forecast_7164,2025-10-26 12:00:00,3877.4062884395435,4632.660685535329,3708.455254911181
forecast_7165,2025-10-26 13:00:00,3046.5392569389733,3695.715393333414,3134.6092706873765
forecast_7166,2025-10-26 14:00:00,4178.504563540952,4415.636387397146,3563.286861949503
forecast_7167,2025-10-26 15:00:00,4733.132906542884,4997.062351651938,4069.56484720748
forecast_7168,2025-10-26 16:00:00,4593.407294149878,4905.104099425897,4121.392047923776
forecast_7169,2025-10-26 17:00:00,6428.915669107046,6901.178408301574,5370.280350450921
forecast_7170,2025-10-26 18:00:00,7426.8889112773395,7430.273344544662,5487.609169142447
forecast_7171,2025-10-26 19:00:00,8301.677317061283,8236.29716500043,6009.344376332434
forecast_7172,2025-10-26 20:00:00,10123.607916909375,9967.525748437842,7305.888579072045
forecast_7173,2025-10-26 21:00:00,10900.853447640528,10964.45397047979,8330.938188613018
forecast_7174,2025-10-26 22:00:00,14157.42003841392,14586.403890846384,11865.800204518058
forecast_7175,2025-10-26 23:00:00,15037.766693986623,15716.771875080365,13582.888771135416
forecast_7176,2025-10-27 00:00:00,15737.013956291485,16443.16774366059,14661.199771890342
forecast_7177,2025-10-27 01:00:00,16445.53716580364,16913.439039422596,15101.275465928215
forecast_7178,2025-10-27 02:00:00,16623.955134221913,17536.541962841726,16396.875594754274
forecast_7179,2025-10-27 03:00:00,17339.29322941316,17700.832649122054,15998.780358682481
forecast_7180,2025-10-27 04:00:00,18342.7210227931,18586.75614497954,17064.09223897642
forecast_7181,2025-10-27 05:00:00,18045.45625984825,18364.871657471056,16602.804220427857
forecast_7182,2025-10-27 06:00:00,16941.61436534108,17214.17334041897,14865.502890695507
forecast_7183,2025-10-27 07:00:00,16709.125395382584,16858.30846344093,13897.408266048995
forecast_7184,2025-10-27 08:00:00,15675.190401545155,16582.862338673618,14101.352452488725
forecast_7185,2025-10-27 09:00:00,13834.376380124997,14741.110042814558,12117.332206492254
forecast_7186,2025-10-27 10:00:00,12436.0883913793,13192.34253183833,10467.2708448938
forecast_7187,2025-10-27 11:00:00,12531.43386745025,13007.40354383885,10326.223348434647
forecast_7188,2025-10-27 12:00:00,12947.61310348268,13442.009659496223,11118.635734872047
forecast_7189,2025-10-27 13:00:00,12750.637533031831,13306.166696320131,11291.011555041006
forecast_7190,2025-10-27 14:00:00,13813.19580786676,14214.112651952766,12177.238554709273
forecast_7191,2025-10-27 15:00:00,13814.689116328413,14298.902032059352,12171.841864335134
forecast_7192,2025-10-27 16:00:00,14067.02457577617,14683.926404134727,12696.636397752387
forecast_7193,2025-10-27 17:00:00,15302.867099378478,15942.85190499862,14061.93254034223
forecast_7194,2025-10-27 18:00:00,14724.460069017652,15522.468677388848,13530.872426399947
forecast_7195,2025-10-27 19:00:00,14420.363399185124,15098.99827079941,12881.04020071157
forecast_7196,2025-10-27 20:00:00,14368.057247729123,15148.011683590477,13025.862310296463
forecast_7197,2025-10-27 21:00:00,14047.991192779564,14601.892033836255,12469.281131419906
forecast_7198,2025-10-27 22:00:00,13458.0629543521,14074.780429408469,11767.616092017439
forecast_7199,2025-10-27 23:00:00,12815.280179342608,13359.44402405624,10673.220840562106
forecast_7200,2025-10-28 00:00:00,12050.40573958256,12119.12636222393,8900.02571316956
forecast_7201,2025-10-28 01:00:00,16953.773687600595,17449.807464384998,14841.797876648765
forecast_7202,2025-10-28 02:00:00,16986.780101050535,16764.310870852234,13176.918661704069
forecast_7203,2025-10-28 03:00:00,15731.603633195991,16181.219510207608,12708.281253155721
forecast_7204,2025-10-28 04:00:00,15137.552064124659,15631.329889819102,11955.193032105288
forecast_7205,2025-10-28 05:00:00,13867.367064070291,14450.25940469118,10730.880614764945
forecast_7206,2025-10-28 06:00:00,12991.69252320438,13462.739444155477,9634.683976828488
forecast_7207,2025-10-28 07:00:00,12108.430554125227,12884.251983247304,9356.941915473115
forecast_7208,2025-10-28 08:00:00,11248.085356679429,11724.731943608309,8369.549018605636
forecast_7209,2025-10-28 09:00:00,8376.186405621977,9015.730538587857,6511.959360677275
forecast_7210,2025-10-28 10:00:00,6025.507880295654,6562.183480284794,4884.734052443775
forecast_7211,2025-10-28 11:00:00,3929.144224571977,4725.759277589552,3830.373603781127
forecast_7212,2025-10-28 12:00:00,3973.511867630107,4456.598608102007,3663.007941898881
forecast_7213,2025-10-28 13:00:00,4807.29070245703,5065.528116661662,3988.4371240767923
forecast_7214,2025-10-28 14:00:00,4982.429492182486,5140.456370644946,4141.507926787508
forecast_7215,2025-10-28 15:00:00,4605.696503075624,4848.427997389499,3880.8044598608285
forecast_7216,2025-10-28 16:00:00,4439.2341865493845,4613.338956889402,3626.474991345516
forecast_7217,2025-10-28 17:00:00,4399.366398604488,4711.426304990812,3466.5037029674154
forecast_7218,2025-10-28 18:00:00,8028.455494659879,7615.525519853397,5081.576203898846
forecast_7219,2025-10-28 19:00:00,9471.92420959274,9307.726358072188,6490.276509727055
forecast_7220,2025-10-28 20:00:00,10117.590169282776,10182.665087724752,7272.114445589822
forecast_7221,2025-10-28 21:00:00,10160.78079682964,10654.362453751724,7805.74909679659
forecast_7222,2025-10-28 22:00:00,9029.857381671558,9404.11190937944,6701.702642965821
forecast_7223,2025-10-28 23:00:00,8387.494890297858,8677.832231297862,6070.549943815247
forecast_7224,2025-10-29 00:00:00,7969.947811165978,8463.126450639333,5910.0912771930125
forecast_7225,2025-10-29 01:00:00,5827.187862771083,6544.343476765367,4573.8642464562345
forecast_7226,2025-10-29 02:00:00,5066.337411831422,5837.571169047167,4070.96895625542
forecast_7227,2025-10-29 03:00:00,5080.2613750479095,5734.697156852011,3951.939903909118
forecast_7228,2025-10-29 04:00:00,4660.78715795896,5256.711681310788,3539.7069038330696
forecast_7229,2025-10-29 05:00:00,4195.0222656372935,4931.188977026394,3329.705140204855
forecast_7230,2025-10-29 06:00:00,3874.8805931457846,4491.839651892631,3077.237146386581
forecast_7231,2025-10-29 07:00:00,3333.194612330075,3864.8930458214645,2681.5598577252495
forecast_7232,2025-10-29 08:00:00,2686.377901022248,3157.1094828735822,2271.358947969962
forecast_7233,2025-10-29 09:00:00,1829.6554781386344,2503.0672449272965,2009.304477714065
forecast_7234,2025-10-29 10:00:00,955.0089229241696,1493.2220166303296,1397.1023369488182
forecast_7235,2025-10-29 11:00:00,749.988987512143,1224.6344903103127,1224.684842052618
forecast_7236,2025-10-29 12:00:00,847.0552823369514,1285.0368098119814,1273.161053304743
forecast_7237,2025-10-29 13:00:00,1001.394411343115,1719.830613768915,1711.6879484865808
forecast_7238,2025-10-29 14:00:00,1079.673541543533,1840.8680923473185,1761.7372991495454
forecast_7239,2025-10-29 15:00:00,885.0336212487384,1525.7322050077705,1452.6467102291863
forecast_7240,2025-10-29 16:00:00,861.0430837628043,1396.3989489787464,1286.651643284611
forecast_7241,2025-10-29 17:00:00,870.2305930533435,1719.5951094257048,1445.2829772067828
forecast_7242,2025-10-29 18:00:00,1455.5613201516253,2461.603774840576,1968.8414955466144
forecast_7243,2025-10-29 19:00:00,2901.08638095895,3664.3509594663806,2722.2315507738167
forecast_7244,2025-10-29 20:00:00,3311.626409493825,4304.576581508361,3204.275816182076
forecast_7245,2025-10-29 21:00:00,4838.489239449843,5860.346678305619,4254.650476926378
forecast_7246,2025-10-29 22:00:00,6029.236540454688,6857.750902545477,4877.920422845531
forecast_7247,2025-10-29 23:00:00,6332.715758964435,7027.88182787884,4889.304009146813
forecast_7248,2025-10-30 00:00:00,7245.45605620336,8084.080841351883,5636.899929244065
forecast_7249,2025-10-30 01:00:00,8016.730454718825,8663.363445220946,5953.470673934983
forecast_7250,2025-10-30 02:00:00,9119.360624817327,10031.115779369818,7057.284857972507
forecast_7251,2025-10-30 03:00:00,12221.122408131865,13009.872614779677,9634.10132024062
forecast_7252,2025-10-30 04:00:00,13262.809527613455,13753.677498032717,10050.283514627105
forecast_7253,2025-10-30 05:00:00,13580.44296937034,14193.520464982632,10546.152002655997
forecast_7254,2025-10-30 06:00:00,14380.34466672853,14774.789286489337,11121.834722890459
forecast_7255,2025-10-30 07:00:00,11595.171422046766,12249.923251556047,8883.32454123591
forecast_7256,2025-10-30 08:00:00,9671.448520821014,9866.668866201804,6616.283528085214
forecast_7257,2025-10-30 09:00:00,8090.830066313692,8205.829151537348,5493.794344765346
forecast_7258,2025-10-30 10:00:00,6263.690723711352,6503.505017920186,4478.405293091662
forecast_7259,2025-10-30 11:00:00,3923.4155562336127,4179.41261799512,2946.973379782642
forecast_7260,2025-10-30 12:00:00,2127.9458543102373,2471.747372563931,1833.3327545353654
forecast_7261,2025-10-30 13:00:00,1718.5496586139802,2096.3092400441105,1583.2781832524363
forecast_7262,2025-10-30 14:00:00,1963.2557936384908,2243.913958339392,1750.4647387697084
forecast_7263,2025-10-30 15:00:00,1463.018679180897,1800.69182078757,1481.3082075202192
forecast_7264,2025-10-30 16:00:00,1662.876815500883,2058.746463369845,1662.3225926174273
forecast_7265,2025-10-30 17:00:00,2326.739376015219,2813.1208449677943,2121.437059934374
forecast_7266,2025-10-30 18:00:00,3299.9321065577024,3697.886780879378,2747.3196158529677
forecast_7267,2025-10-30 19:00:00,4147.274209775589,4541.610782437223,3292.3755385538666
forecast_7268,2025-10-30 20:00:00,4183.650723058679,4462.856422132818,3205.1486325332266
forecast_7269,2025-10-30 21:00:00,4099.686308516922,4349.801844389906,3124.930192668755
forecast_7270,2025-10-30 22:00:00,3070.3807739432923,3477.2355082253293,2585.494315728413
forecast_7271,2025-10-30 23:00:00,3465.36713504109,3878.793242087753,2804.1401280110163
forecast_7272,2025-10-31 00:00:00,3700.250260173595,4252.8915056237165,3005.0713636079713
forecast_7273,2025-10-31 01:00:00,2796.8310624717724,3275.3143462080766,2276.57502599096
forecast_7274,2025-10-31 02:00:00,1780.4837036679996,2335.1211996844604,1777.6417766473135
forecast_7275,2025-10-31 03:00:00,1663.3536195060512,2406.35870154785,1833.0425654613516
forecast_7276,2025-10-31 04:00:00,1890.2722396745744,2311.2558988511587,1681.5824368860287
forecast_7277,2025-10-31 05:00:00,1975.8279693130485,2841.4550317918565,2117.4925240466987
forecast_7278,2025-10-31 06:00:00,1828.4801816439501,2839.592613990476,2156.0180528621327
forecast_7279,2025-10-31 07:00:00,1376.2203486391627,2247.217473204185,1751.1782899441096
forecast_7280,2025-10-31 08:00:00,1148.4629785032237,2295.479681550093,1945.7469005714547
forecast_7281,2025-10-31 09:00:00,1364.707534078369,2269.6965049118344,1902.6701063051296
forecast_7282,2025-10-31 10:00:00,1378.3525446949386,2296.5915877405364,2000.362406163115
forecast_7283,2025-10-31 11:00:00,950.6380226051393,1923.5735467101701,1834.0610923957884
forecast_7284,2025-10-31 12:00:00,1054.737568661007,2002.3407496537602,1933.4201571301135
forecast_7285,2025-10-31 13:00:00,839.1919453758684,1709.373347708927,1777.658389691179
forecast_7286,2025-10-31 14:00:00,938.613704377656,1764.4221751318453,1833.1867616524387
forecast_7287,2025-10-31 15:00:00,1100.1974693576774,1832.2728474508672,1779.2178377435296
forecast_7288,2025-10-31 16:00:00,1495.2384160878669,2349.825592626976,2186.862037632553
forecast_7289,2025-10-31 17:00:00,1079.1014249564469,1715.5065803437956,1547.3297916009274
forecast_7290,2025-10-31 18:00:00,1310.408374486738,2168.1687519460183,1839.4031063413177
forecast_7291,2025-10-31 19:00:00,2193.9225169498604,3115.4091284820156,2507.580883876306
forecast_7292,2025-10-31 20:00:00,3912.5490546191786,4772.6613021843505,3660.2288842717885
forecast_7293,2025-10-31 21:00:00,6871.768364238254,7155.300944471981,5049.902595026633
forecast_7294,2025-10-31 22:00:00,8632.683066952453,8747.439026631188,6231.721820919804
forecast_7295,2025-10-31 23:00:00,9288.15168658548,9056.419420637898,6339.197098752583
forecast_7296,2025-11-01 00:00:00,9945.182264822122,9915.844427561475,7022.396602127317
forecast_7297,2025-11-01 01:00:00,11789.745687019493,11915.035065911892,8918.934061186266
forecast_7298,2025-11-01 02:00:00,10448.3254227082,11316.827420376041,9011.226414206785
forecast_7299,2025-11-01 03:00:00,9367.627240339592,9512.413064792916,7261.091529451336
forecast_7300,2025-11-01 04:00:00,11408.423855463128,11422.229368313347,8663.846891426852
forecast_7301,2025-11-01 05:00:00,12927.811579725792,13827.798572441772,11521.62833272452
forecast_7302,2025-11-01 06:00:00,13420.448954758853,14009.339496887864,11722.418283481817
forecast_7303,2025-11-01 07:00:00,13150.977528178686,14245.57180974437,12121.701183332845
forecast_7304,2025-11-01 08:00:00,13888.380441076255,14739.334978511917,12470.58711345401
forecast_7305,2025-11-01 09:00:00,15459.061567917464,16039.61527288143,13930.26833680989
forecast_7306,2025-11-01 10:00:00,14510.306483601269,15480.641046505385,13623.797546394471
forecast_7307,2025-11-01 11:00:00,14359.180270559918,15169.076040846008,13336.87720761466
forecast_7308,2025-11-01 12:00:00,13667.77992274092,14368.890715431604,12649.280724645672
forecast_7309,2025-11-01 13:00:00,13621.478164790306,14150.498353399444,12485.65449467822
forecast_7310,2025-11-01 14:00:00,13720.318006668413,14192.379807132063,12497.14117707475
forecast_7311,2025-11-01 15:00:00,13584.069593122222,14261.046671217582,12643.000177413829
forecast_7312,2025-11-01 16:00:00,13383.40037380324,14033.790431227819,12370.667150982983
forecast_7313,2025-11-01 17:00:00,14352.939426868124,14904.598598316134,13104.093407360784
forecast_7314,2025-11-01 18:00:00,14707.921098286026,15444.98171494926,13753.668349275174
forecast_7315,2025-11-01 19:00:00,14940.948788974154,15368.489323250662,13387.231504140489
forecast_7316,2025-11-01 20:00:00,16092.720894462558,16595.102311101884,14890.980067961518
forecast_7317,2025-11-01 21:00:00,15953.314424730721,16553.80035082448,14971.224560961475
forecast_7318,2025-11-01 22:00:00,15544.163573597754,16186.425060769849,14713.06033073991
forecast_7319,2025-11-01 23:00:00,16486.36720986769,17277.385059678483,16248.61741200648
forecast_7320,2025-11-02 00:00:00,16948.812566634955,17476.117834584322,16054.546509513244
forecast_7321,2025-11-02 01:00:00,17417.865826621768,17827.713187882597,16487.209566581485
forecast_7322,2025-11-02 02:00:00,16574.06466827665,17077.568317456695,15741.248777608485
forecast_7323,2025-11-02 03:00:00,16065.135299604503,16551.91355437707,15111.38412639794
forecast_7324,2025-11-02 04:00:00,16324.163124498426,16768.59036071073,15112.149384815373
forecast_7325,2025-11-02 05:00:00,16176.011325941097,16705.068082386133,14830.176960604815
forecast_7326,2025-11-02 06:00:00,16857.864776543378,17210.78613361796,15288.368910938021
forecast_7327,2025-11-02 07:00:00,17543.46092351128,17824.34447768623,15940.97870123394
forecast_7328,2025-11-02 08:00:00,17670.654639511155,18090.940683094253,16653.565138344144
forecast_7329,2025-11-02 09:00:00,17337.13468678986,17739.98717418378,16238.115885865609
forecast_7330,2025-11-02 10:00:00,17655.503076550092,18056.332384292695,16580.644661326492
forecast_7331,2025-11-02 11:00:00,17139.916445997987,17547.378429916665,16039.871163969881
forecast_7332,2025-11-02 12:00:00,16126.828815641362,16648.130061334,15147.20696184463
forecast_7333,2025-11-02 13:00:00,15430.081915274272,15585.568523387861,13833.699596185039
forecast_7334,2025-11-02 14:00:00,14852.81237926797,14883.856738160266,12989.806917770862
forecast_7335,2025-11-02 15:00:00,14514.062993910284,14837.794188017655,13014.498162822849
forecast_7336,2025-11-02 16:00:00,14565.462819871385,14904.575048879045,13064.841439808457
forecast_7337,2025-11-02 17:00:00,14191.120935716075,14359.755128519468,12381.312669411658
forecast_7338,2025-11-02 18:00:00,14086.37055831155,14166.453418100651,12104.514766349806
forecast_7339,2025-11-02 19:00:00,15099.432938823706,15600.945582022912,13850.179212034604
forecast_7340,2025-11-02 20:00:00,13976.99933031843,14676.660303587367,12975.435669268894
forecast_7341,2025-11-02 21:00:00,9431.39581533663,9193.193676993054,7039.395869325496
forecast_7342,2025-11-02 22:00:00,10236.033328646548,10024.09073568599,7029.842912970098
forecast_7343,2025-11-02 23:00:00,9952.961429607614,10158.078167764317,7305.788502365819
forecast_7344,2025-11-03 00:00:00,8580.524967829617,9014.379296347342,6631.176167237365
forecast_7345,2025-11-03 01:00:00,7358.464703281211,8115.6195344179905,6258.877408316817
forecast_7346,2025-11-03 02:00:00,6513.745492094666,7043.313206525196,5470.339783694738
forecast_7347,2025-11-03 03:00:00,6655.071223375771,7219.86117141071,5640.38060600559
forecast_7348,2025-11-03 04:00:00,6005.565825058182,6540.124423808402,4921.922422206775
forecast_7349,2025-11-03 05:00:00,5947.882929111237,6615.295730794132,5098.027488105388
forecast_7350,2025-11-03 06:00:00,4300.476949943801,4916.6023037349205,3866.7881075367295
forecast_7351,2025-11-03 07:00:00,3346.652778500087,4108.600415791995,3378.0185079923654
forecast_7352,2025-11-03 08:00:00,2834.438260652186,3579.887444911079,2756.6769144889
forecast_7353,2025-11-03 09:00:00,3024.625738355765,3982.702492909464,2949.5499933728515
forecast_7354,2025-11-03 10:00:00,2633.374364451373,3233.8540973455497,2574.599047676542
forecast_7355,2025-11-03 11:00:00,1540.3639091562363,2179.8054631856967,1809.0960419255528
forecast_7356,2025-11-03 12:00:00,1183.6216015423029,1805.4990627829998,1593.1049043081607
forecast_7357,2025-11-03 13:00:00,870.094061773763,1525.472685578449,1467.3524618047636
forecast_7358,2025-11-03 14:00:00,813.5798504775671,1525.8542587310717,1476.9547189227756
forecast_7359,2025-11-03 15:00:00,1029.7541876669293,1738.521428544518,1638.365779636562
forecast_7360,2025-11-03 16:00:00,1070.7164052159997,1899.6565893127736,1762.0512007443333
forecast_7361,2025-11-03 17:00:00,1419.0170971574892,2372.3229002821035,2021.7627578703596
forecast_7362,2025-11-03 18:00:00,1572.853831635797,2661.8929399913623,2250.616579669123
forecast_7363,2025-11-03 19:00:00,1901.37642718482,2998.9721041981416,2399.252312836618
forecast_7364,2025-11-03 20:00:00,3267.144867467071,4395.920820227935,3342.5741710480283
forecast_7365,2025-11-03 21:00:00,4683.396652350086,5369.910661416481,3716.4228141887284
forecast_7366,2025-11-03 22:00:00,6153.067542741417,6854.361526009531,4780.282688704867
forecast_7367,2025-11-03 23:00:00,7774.948012902712,8277.871904674445,5603.166084437576
forecast_7368,2025-11-04 00:00:00,10651.81226572219,11151.728320135262,7821.806798992793
forecast_7369,2025-11-04 01:00:00,8473.007191226508,9067.497411983815,6178.555598485561
forecast_7370,2025-11-04 02:00:00,9661.373479333655,10499.834575108984,7323.235889159753
forecast_7371,2025-11-04 03:00:00,9251.630083494281,10180.72965012566,7075.229932137475
forecast_7372,2025-11-04 04:00:00,9679.519000088454,10606.13750480894,7330.5260430679655
forecast_7373,2025-11-04 05:00:00,9280.321296873331,9764.251187887643,6577.143482257963
forecast_7374,2025-11-04 06:00:00,10271.292813117816,10960.603618242141,7635.705229291945
forecast_7375,2025-11-04 07:00:00,11835.372784477038,12309.895303658439,8695.94678128152
forecast_7376,2025-11-04 08:00:00,12171.199425691957,13088.756599071765,9717.654338833796
forecast_7377,2025-11-04 09:00:00,13309.071772179203,14060.879586067225,10992.542026260935
forecast_7378,2025-11-04 10:00:00,14299.583112377562,15221.821108010146,13172.447450936354
forecast_7379,2025-11-04 11:00:00,13031.932123980314,13716.936502080138,11525.213237233633
forecast_7380,2025-11-04 12:00:00,11482.23172216985,11964.209713098557,9615.715568334354
forecast_7381,2025-11-04 13:00:00,9936.234958188408,10250.855586914093,7868.1770552173875
forecast_7382,2025-11-04 14:00:00,9500.228451127823,9668.084797024798,7199.418399170163
forecast_7383,2025-11-04 15:00:00,10043.395094084597,9957.204372999044,7222.398662832771
forecast_7384,2025-11-04 16:00:00,10627.168280947488,10359.316693798566,7423.0409101291225
forecast_7385,2025-11-04 17:00:00,10881.90451982825,10276.088935631247,7117.3489844761125
forecast_7386,2025-11-04 18:00:00,9176.872635092748,9327.735595132499,6715.2324700011195
forecast_7387,2025-11-04 19:00:00,7878.265647193788,8587.082767130518,6374.796728045892
forecast_7388,2025-11-04 20:00:00,9505.027389168717,10337.908790556017,7837.745098867879
forecast_7389,2025-11-04 21:00:00,9913.931819944304,10533.053197338675,7826.0479219008
forecast_7390,2025-11-04 22:00:00,9419.418658457309,9752.419090042877,6966.943955967434
forecast_7391,2025-11-04 23:00:00,8215.718538258283,8657.38409296441,6116.1972330641
forecast_7392,2025-11-05 00:00:00,8140.590567465747,8505.740590312053,5870.101826853102
forecast_7393,2025-11-05 01:00:00,8309.674761987362,8721.987644312485,5933.891634051733
forecast_7394,2025-11-05 02:00:00,6793.114908896828,7178.309418356688,4750.430878629319
forecast_7395,2025-11-05 03:00:00,4772.823340742287,5264.694130158473,3463.6203409837176
forecast_7396,2025-11-05 04:00:00,3319.542521279977,3837.6925569459354,2643.2797876475647
forecast_7397,2025-11-05 05:00:00,2360.4701795782103,2832.6592057168004,1970.9336891054281
forecast_7398,2025-11-05 06:00:00,1473.466677756821,2233.223043220237,1853.9408554118272
forecast_7399,2025-11-05 07:00:00,1563.1086492383945,2841.87379776611,2203.4948421851495
forecast_7400,2025-11-05 08:00:00,1064.0272068729837,1820.822306233645,1375.897928226751
forecast_7401,2025-11-05 09:00:00,1255.4853657463327,2204.8227636307265,1853.5751198310443
forecast_7402,2025-11-05 10:00:00,1078.0123878298089,2165.9804483011744,1897.5073524278882
forecast_7403,2025-11-05 11:00:00,1007.1646312913982,1926.4387330388163,1756.2703352175042
forecast_7404,2025-11-05 12:00:00,962.7470259535613,1837.2733652761945,1749.3915011896925
forecast_7405,2025-11-05 13:00:00,907.674540220303,1822.897938165571,1826.564663406375
forecast_7406,2025-11-05 14:00:00,973.8743266334178,1749.6764899664872,1618.6405649021838
forecast_7407,2025-11-05 15:00:00,796.8880396056173,1656.7913096558511,1593.8228275014983
forecast_7408,2025-11-05 16:00:00,1161.4925710013754,2089.2938988538003,1857.4506235611916
forecast_7409,2025-11-05 17:00:00,1216.1610958211597,2183.2034006127988,1975.534747261795
forecast_7410,2025-11-05 18:00:00,980.1818315778035,1866.000607405729,1635.9223825123916
forecast_7411,2025-11-05 19:00:00,960.0101993340504,1669.0536949844454,1403.619295430335
forecast_7412,2025-11-05 20:00:00,791.1683936836394,1585.7153183153498,1342.18499339609
forecast_7413,2025-11-05 21:00:00,1016.5599048523645,1807.338090052491,1460.0322975736526
forecast_7414,2025-11-05 22:00:00,1370.903566238454,2086.0915561504985,1551.7503976773792
forecast_7415,2025-11-05 23:00:00,1872.0485024984719,2707.422134944216,1945.7043201265665
forecast_7416,2025-11-06 00:00:00,3357.971680874364,4093.0988055197777,2803.868362624872
forecast_7417,2025-11-06 01:00:00,3147.1271154535934,4285.329925552044,3059.2838628417558
forecast_7418,2025-11-06 02:00:00,4676.491723779084,5655.011727639453,3882.6543402066386
forecast_7419,2025-11-06 03:00:00,5970.291839416519,6739.001219742751,4541.404395810662
forecast_7420,2025-11-06 04:00:00,6958.164678174395,7495.922519540161,4944.758260191557
forecast_7421,2025-11-06 05:00:00,6746.637091734199,7464.634875906813,4949.213288494864
forecast_7422,2025-11-06 06:00:00,6684.542385952668,7241.114949032357,4773.325234041784
forecast_7423,2025-11-06 07:00:00,6359.6795029625155,7174.549003264945,4811.201818102851
forecast_7424,2025-11-06 08:00:00,4078.917042570891,4995.615517769265,3511.4358796970323
forecast_7425,2025-11-06 09:00:00,2599.7354122648985,3364.109410083918,2586.2838980553583
forecast_7426,2025-11-06 10:00:00,1690.4816115785684,2413.877067125689,2052.5760358051302
forecast_7427,2025-11-06 11:00:00,1043.8686681390795,1864.5117315218058,1743.3888947022383
forecast_7428,2025-11-06 12:00:00,859.0288640346153,1521.0473131396875,1584.8745953892692
forecast_7429,2025-11-06 13:00:00,860.5119366529768,1614.416133136432,1643.2303072592692
forecast_7430,2025-11-06 14:00:00,961.44411514335,1860.5795313719748,1756.3197194746062
forecast_7431,2025-11-06 15:00:00,974.5103275951093,1893.9392738311064,1845.353290535334
forecast_7432,2025-11-06 16:00:00,1234.099285723438,2222.627179733661,2085.103081275719
forecast_7433,2025-11-06 17:00:00,1329.685974687355,2199.73542552224,1982.2723666983004
forecast_7434,2025-11-06 18:00:00,1308.9123389677172,1996.4123758364044,1640.8073063062925
forecast_7435,2025-11-06 19:00:00,1928.9579116884022,2517.174711427783,1956.7274496111768
forecast_7436,2025-11-06 20:00:00,2211.1950699689232,2991.6761379053173,2486.3013138998253
forecast_7437,2025-11-06 21:00:00,1956.2986868558037,2613.223808956124,2098.226751735983
forecast_7438,2025-11-06 22:00:00,1789.445725666831,2465.367785202388,2057.9968946865165
forecast_7439,2025-11-06 23:00:00,1941.8874382601662,2643.73270592906,2080.9046186016376
forecast_7440,2025-11-07 00:00:00,1480.7079548132783,2375.4719495473237,1994.4366555784586
forecast_7441,2025-11-07 01:00:00,1298.4699673044988,2390.635939968121,1841.7853100186578
forecast_7442,2025-11-07 02:00:00,3592.721845367825,4622.759840753929,3224.171199552803
forecast_7443,2025-11-07 03:00:00,4567.899126634038,5288.257122063413,3546.2003173337425
forecast_7444,2025-11-07 04:00:00,4985.244375934627,5581.72772880501,3653.95702817109
forecast_7445,2025-11-07 05:00:00,5644.085239201118,5959.798412432389,3817.7780560746733
forecast_7446,2025-11-07 06:00:00,5566.308503900109,6364.476581480187,4177.10631828429
forecast_7447,2025-11-07 07:00:00,4825.7601040487625,5336.090165329852,3433.9774088565973
forecast_7448,2025-11-07 08:00:00,2365.7816683505807,3324.4350427403306,2389.2784018255497
forecast_7449,2025-11-07 09:00:00,1618.1691463328677,2379.7566762555534,1872.1134791842853
forecast_7450,2025-11-07 10:00:00,1119.7124947682078,1879.8515339001212,1729.9836201788996
forecast_7451,2025-11-07 11:00:00,840.5703713199497,1543.7738794852678,1460.9448244433545
forecast_7452,2025-11-07 12:00:00,807.4761499323719,1465.437420324322,1353.9452576969948
forecast_7453,2025-11-07 13:00:00,727.7179923584839,1392.7494426935518,1258.1581338462256
forecast_7454,2025-11-07 14:00:00,1053.0455982525596,1686.999372347073,1499.1041630914542
forecast_7455,2025-11-07 15:00:00,1648.538613770027,2460.3102610691235,2073.424278291595
forecast_7456,2025-11-07 16:00:00,2075.9580602335086,2737.525456000699,2251.73869008294
forecast_7457,2025-11-07 17:00:00,1923.7179069337983,2640.0809705065917,2205.433996745813
forecast_7458,2025-11-07 18:00:00,1482.6760020828365,2251.6720965724626,1956.7967436141778
forecast_7459,2025-11-07 19:00:00,2087.895055350444,2849.213698862651,2370.6812672164324
forecast_7460,2025-11-07 20:00:00,2107.970345303109,2776.146125989621,2282.8231983891856
forecast_7461,2025-11-07 21:00:00,2669.6365876375485,3617.4868268046434,2797.45428782403
forecast_7462,2025-11-07 22:00:00,3439.992262806931,4585.332211222826,3639.9270164987443
forecast_7463,2025-11-07 23:00:00,3547.262403630008,4615.003876803125,3410.987699428965
forecast_7464,2025-11-08 00:00:00,3160.9053440345533,4144.423271091612,3166.5702202136367
forecast_7465,2025-11-08 01:00:00,2523.795576849784,3318.2298073703187,2525.2678135532515
forecast_7466,2025-11-08 02:00:00,1644.2481242867539,2430.756254771082,2011.5978829960834
forecast_7467,2025-11-08 03:00:00,1919.7137427173132,2859.3241288764943,2167.101539601713
forecast_7468,2025-11-08 04:00:00,2494.479581556715,3262.280189877676,2500.522921631565
forecast_7469,2025-11-08 05:00:00,2489.4701533893467,3238.1313720555886,2216.794298781588
forecast_7470,2025-11-08 06:00:00,2532.6956070397086,3299.7263179247775,2343.81018812794
forecast_7471,2025-11-08 07:00:00,2689.5606852936135,3534.6701992591793,2541.2895269713863
forecast_7472,2025-11-08 08:00:00,2737.338326397078,3759.2316071465925,2669.11266390415
forecast_7473,2025-11-08 09:00:00,2560.2731676719577,3609.5010930668905,2695.417922359543
forecast_7474,2025-11-08 10:00:00,2050.4221740065445,3014.0612363046844,2399.5824847895847
forecast_7475,2025-11-08 11:00:00,1726.5484580372417,2705.9585507455504,2202.410368998538
forecast_7476,2025-11-08 12:00:00,1679.8176532705043,2570.697477475093,2282.6133379177986
forecast_7477,2025-11-08 13:00:00,2187.854624575876,3470.09783991826,2938.8191467586416
forecast_7478,2025-11-08 14:00:00,2294.132016865644,3093.125877097826,2413.3530642807305
forecast_7479,2025-11-08 15:00:00,2655.59488517953,3703.738147426959,2896.2629516566826
forecast_7480,2025-11-08 16:00:00,3208.516704063624,4214.8419637080115,3114.2256750611064
forecast_7481,2025-11-08 17:00:00,3605.9116424746576,4506.204373208611,3338.440118977679
forecast_7482,2025-11-08 18:00:00,3603.4494093898993,4488.590681822129,3369.701710100822
forecast_7483,2025-11-08 19:00:00,3633.5919158842266,4614.342081157249,3548.372640438987
forecast_7484,2025-11-08 20:00:00,3745.2186094398644,4683.918279093058,3483.986743395597
forecast_7485,2025-11-08 21:00:00,4887.852822390887,5620.47589321409,4030.114173436633
forecast_7486,2025-11-08 22:00:00,6509.102886972844,6997.773744344169,4964.635458619538
forecast_7487,2025-11-08 23:00:00,10064.615474283979,10554.693037818815,7683.197201639899
forecast_7488,2025-11-09 00:00:00,10892.225234106423,11370.087479512593,8399.465941076483
forecast_7489,2025-11-09 01:00:00,9954.230463303642,10533.831873938045,7766.370069515392
forecast_7490,2025-11-09 02:00:00,8811.07085996606,9377.44044372356,6776.9667142362405
forecast_7491,2025-11-09 03:00:00,10223.157154480821,10892.24453265554,7974.324752806703
forecast_7492,2025-11-09 04:00:00,11973.17577952689,12542.87993667188,9243.249544367965
forecast_7493,2025-11-09 05:00:00,13596.148296402716,13972.005680773902,10563.904600995518
forecast_7494,2025-11-09 06:00:00,15732.504495883373,15795.547132602822,12200.674288941314
forecast_7495,2025-11-09 07:00:00,16436.066840130556,16722.592001430785,13631.720502316784
forecast_7496,2025-11-09 08:00:00,15625.168743798078,16082.51487150712,13426.693064080102
forecast_7497,2025-11-09 09:00:00,14884.383455964857,15275.949349494716,12533.187739826237
forecast_7498,2025-11-09 10:00:00,13529.822512704359,14134.050891532937,11463.655957697121
forecast_7499,2025-11-09 11:00:00,13108.382982460329,13641.541011626276,11206.720184336746
forecast_7500,2025-11-09 12:00:00,11678.647547629937,12292.994956712286,10053.233101469252
forecast_7501,2025-11-09 13:00:00,11795.22391111114,12513.806124005025,10775.782075516549
forecast_7502,2025-11-09 14:00:00,12598.902003305804,13242.146472881283,11530.65614673913
forecast_7503,2025-11-09 15:00:00,13583.32133923158,14153.29148232764,12448.834673734103
forecast_7504,2025-11-09 16:00:00,14722.797238002786,15382.218298456533,13842.658030197226
forecast_7505,2025-11-09 17:00:00,15227.82365118671,15694.602635080442,13798.624530237834
forecast_7506,2025-11-09 18:00:00,15624.117795296435,16144.387464393112,14323.657390142016
forecast_7507,2025-11-09 19:00:00,16415.010674800636,16959.122178263133,15426.511652097273
forecast_7508,2025-11-09 20:00:00,17663.7466745288,17972.384799721458,16628.72587493137
forecast_7509,2025-11-09 21:00:00,17582.02394430488,18149.19842175425,16869.67876773561
forecast_7510,2025-11-09 22:00:00,16847.98941541706,17456.19248117864,15934.41487795857
forecast_7511,2025-11-09 23:00:00,16467.573182300544,16911.50494439692,15185.111956867424
forecast_7512,2025-11-10 00:00:00,15717.4740294236,16254.769986331368,14364.379285443032
forecast_7513,2025-11-10 01:00:00,15194.002292467847,15669.401508378533,13651.368971481734
forecast_7514,2025-11-10 02:00:00,14922.01702875913,15247.08528584514,13181.50949970664
forecast_7515,2025-11-10 03:00:00,14210.969736347164,14530.160059114347,12081.457278822949
forecast_7516,2025-11-10 04:00:00,14063.455319055949,14483.240114408552,12418.05657230573
forecast_7517,2025-11-10 05:00:00,14374.914385169475,14502.708242222085,12340.693326466491
forecast_7518,2025-11-10 06:00:00,14739.8406389444,15306.75896364933,13575.687072053233
forecast_7519,2025-11-10 07:00:00,18051.13616019622,18519.870684831818,16993.799927595723
forecast_7520,2025-11-10 08:00:00,17064.793948754173,17566.75276684302,15926.407946022078
forecast_7521,2025-11-10 09:00:00,15536.253866559839,15859.442689005926,13662.103528915484
forecast_7522,2025-11-10 10:00:00,13641.317465716855,14126.509037634423,11420.11771197798
forecast_7523,2025-11-10 11:00:00,12926.200728734895,13446.898675656492,10509.696332160906
forecast_7524,2025-11-10 12:00:00,11083.249433622761,11503.85580420426,8592.457597118555
forecast_7525,2025-11-10 13:00:00,9889.326921744243,10206.420947788854,7424.496413330834
forecast_7526,2025-11-10 14:00:00,8869.814001807128,8819.312699974513,6154.323430761291
forecast_7527,2025-11-10 15:00:00,7369.459261814431,7235.139196848,4984.630404091661
forecast_7528,2025-11-10 16:00:00,6680.469754583151,6644.054277978485,4555.376011429429
forecast_7529,2025-11-10 17:00:00,9276.666396158285,9329.659481887396,6474.263625065749
forecast_7530,2025-11-10 18:00:00,12908.230539669872,12994.479281531167,9609.627157704457
forecast_7531,2025-11-10 19:00:00,15263.038305303427,15991.118620897138,13430.91669844532
forecast_7532,2025-11-10 20:00:00,18050.02272941101,18299.947569726384,16204.630716041012
forecast_7533,2025-11-10 21:00:00,18758.4481014333,18861.486388782716,16719.62124378034
forecast_7534,2025-11-10 22:00:00,19854.398216397392,19798.266386528172,17875.837649191486
forecast_7535,2025-11-10 23:00:00,19685.59391553989,19791.798751864102,18090.852763953793
forecast_7536,2025-11-11 00:00:00,19017.95134606807,19337.49626818079,17565.91419167848
forecast_7537,2025-11-11 01:00:00,20480.900245196677,20438.789399476147,19013.730643214894
forecast_7538,2025-11-11 02:00:00,19893.13822477586,20034.42634835547,18411.950837494034
forecast_7539,2025-11-11 03:00:00,19736.588144886686,19739.34517167928,17670.552359011625
forecast_7540,2025-11-11 04:00:00,17490.89225679476,17697.866338685977,14539.536539741974
forecast_7541,2025-11-11 05:00:00,13692.073847534732,14237.643950053514,10647.068329417014
forecast_7542,2025-11-11 06:00:00,8191.977110668058,8846.87353679062,6203.0710684604455
forecast_7543,2025-11-11 07:00:00,7416.262357025222,7770.1087676099605,5048.242599711683
forecast_7544,2025-11-11 08:00:00,5599.384261039777,6313.527832126548,4267.713454286274
forecast_7545,2025-11-11 09:00:00,5120.9661508134495,5597.246859510953,3707.6992831811626
forecast_7546,2025-11-11 10:00:00,3879.1716130310638,4341.105707966966,2966.9428547520492
forecast_7547,2025-11-11 11:00:00,2160.4070763956906,2760.5109723973264,2080.9611598187275
forecast_7548,2025-11-11 12:00:00,1423.2598605880696,1939.5187326728396,1627.5834541041727
forecast_7549,2025-11-11 13:00:00,1343.1512929586456,1719.8376231569177,1476.1099042781975
forecast_7550,2025-11-11 14:00:00,1265.141453613924,1698.2297286169205,1505.40189880158
forecast_7551,2025-11-11 15:00:00,1330.265104131187,1712.340459356436,1482.12387426394
forecast_7552,2025-11-11 16:00:00,1103.5448467265046,1439.7455936522654,1207.2557081928735
forecast_7553,2025-11-11 17:00:00,1258.816773206642,1679.3176094134985,1343.5564760568236
forecast_7554,2025-11-11 18:00:00,1258.089458124033,2232.017709929058,2038.0079863977905
forecast_7555,2025-11-11 19:00:00,1123.477075102874,1773.1161797214686,1626.7338323126755
forecast_7556,2025-11-11 20:00:00,1285.8377443610384,2417.5873723499744,2063.6691838993042
forecast_7557,2025-11-11 21:00:00,1435.8146771752085,2544.190469450952,2118.0054526076156
forecast_7558,2025-11-11 22:00:00,1493.8521545007775,2589.1165190779357,2115.4433761740147
forecast_7559,2025-11-11 23:00:00,1805.533219351398,2799.3381372584277,2179.760053114816
forecast_7560,2025-11-12 00:00:00,1867.1984794846655,2860.2684872124228,2194.192115740277
forecast_7561,2025-11-12 01:00:00,1941.9136399765544,2930.8508675666953,2136.832327811342
forecast_7562,2025-11-12 02:00:00,2410.445784700964,3562.7886304680424,2567.193066199161
forecast_7563,2025-11-12 03:00:00,2890.2341038863196,4070.1295602795326,2880.3742957310965
forecast_7564,2025-11-12 04:00:00,4147.772655011047,5124.3919888014425,3434.5197506840086
forecast_7565,2025-11-12 05:00:00,4183.419906178699,5165.726527130586,3516.5783952376905
forecast_7566,2025-11-12 06:00:00,4635.179871237267,5768.556745476586,3940.374651255026
forecast_7567,2025-11-12 07:00:00,5501.578811088594,6624.0059489823925,4452.835361339334
forecast_7568,2025-11-12 08:00:00,6046.418867837336,7094.972436846434,4843.362695038687
forecast_7569,2025-11-12 09:00:00,4741.895513636086,5729.64671245391,3996.153655966652
forecast_7570,2025-11-12 10:00:00,4142.228160608183,5014.824470930431,3580.3394081405827
forecast_7571,2025-11-12 11:00:00,4243.311024130464,5168.628082241688,3875.6051376288115
forecast_7572,2025-11-12 12:00:00,4990.649036587278,5161.902020400483,3710.747023956566
forecast_7573,2025-11-12 13:00:00,5311.286881854182,5363.406768507442,3814.3297156112944
forecast_7574,2025-11-12 14:00:00,5669.269829146576,5414.405949330244,3833.1692675995764
forecast_7575,2025-11-12 15:00:00,6146.958518882286,5785.059242408589,4033.690451063536
forecast_7576,2025-11-12 16:00:00,6138.239787848378,5879.298719588007,4093.6022094421096
forecast_7577,2025-11-12 17:00:00,10499.666602961912,10059.167152237169,6940.071914244958
forecast_7578,2025-11-12 18:00:00,13000.383513767074,12962.81995696225,9673.904630403558
forecast_7579,2025-11-12 19:00:00,15355.713182995214,15525.300192121267,12554.500939570295
forecast_7580,2025-11-12 20:00:00,16897.466110391666,16873.970521924857,13929.543505103597
forecast_7581,2025-11-12 21:00:00,17979.709251484226,17914.18459139628,15164.595078754277
forecast_7582,2025-11-12 22:00:00,18824.622453659227,18804.44036598381,16507.04442287513
forecast_7583,2025-11-12 23:00:00,19638.437538105973,19470.720688945697,17289.81414085193
forecast_7584,2025-11-13 00:00:00,19798.12339072481,19926.91967564384,18568.123819194985
forecast_7585,2025-11-13 01:00:00,20587.63599232177,20498.713083346127,19076.761193346723
forecast_7586,2025-11-13 02:00:00,19954.86974044876,20145.32035437821,18937.980230439724
forecast_7587,2025-11-13 03:00:00,20095.259445087075,20175.30146517504,18730.87551848979
forecast_7588,2025-11-13 04:00:00,19471.92945558521,19673.441265725487,17980.865216037328
forecast_7589,2025-11-13 05:00:00,19131.612194699715,19227.551122694094,17139.0621426212
forecast_7590,2025-11-13 06:00:00,19208.147351063406,19319.197890476396,17216.251398266322
forecast_7591,2025-11-13 07:00:00,18454.024921984143,18830.88361447507,16692.425947645923
forecast_7592,2025-11-13 08:00:00,17358.836189083275,17788.457151081984,15247.634070985929
forecast_7593,2025-11-13 09:00:00,15336.050177949435,15665.07835186227,12564.828027476391
forecast_7594,2025-11-13 10:00:00,13538.671260246028,14422.372423538225,11796.096859587968
forecast_7595,2025-11-13 11:00:00,12010.954555590226,12804.33476117733,10138.870886851573
forecast_7596,2025-11-13 12:00:00,7886.742630808306,8609.707101809248,7092.718523055282
forecast_7597,2025-11-13 13:00:00,3848.467728698327,4318.155908550376,3467.572861508239
forecast_7598,2025-11-13 14:00:00,2992.3714556629566,3356.2032546527357,2698.852756464
forecast_7599,2025-11-13 15:00:00,2944.845383597897,3241.487267282335,2706.4996610180324
forecast_7600,2025-11-13 16:00:00,4036.554988966429,4325.1264532958185,3217.5465877282145
forecast_7601,2025-11-13 17:00:00,5894.597358314131,6650.878437378382,5183.129527000236
forecast_7602,2025-11-13 18:00:00,3671.8194165882933,3716.2341741500986,2683.5341249623207
forecast_7603,2025-11-13 19:00:00,4212.566608600308,4832.923319146069,3623.8804816751754
forecast_7604,2025-11-13 20:00:00,5015.340418756379,5790.904752430901,4302.013177769171
forecast_7605,2025-11-13 21:00:00,6334.474590048928,6950.499795732931,5033.115612509683
forecast_7606,2025-11-13 22:00:00,6536.134774197512,7207.193038285481,5142.277419501231
forecast_7607,2025-11-13 23:00:00,7210.704069388063,7765.3211679712595,5502.664569596742
forecast_7608,2025-11-14 00:00:00,6945.1803412422005,7824.414283193618,5591.837674861069
forecast_7609,2025-11-14 01:00:00,4326.585251576049,5313.4215923815555,3683.264860775901
forecast_7610,2025-11-14 02:00:00,5051.909779992473,5854.702612873483,3953.0608950419596
forecast_7611,2025-11-14 03:00:00,4547.9901025132385,5765.217721427653,3939.253511126631
forecast_7612,2025-11-14 04:00:00,4996.310560179078,6129.407748573744,4103.499556809265
forecast_7613,2025-11-14 05:00:00,5657.52073694215,6645.872321930469,4391.821649414103
forecast_7614,2025-11-14 06:00:00,6149.943531438257,7050.938084969375,4632.091767718409
forecast_7615,2025-11-14 07:00:00,6552.969294644228,7496.325494106999,4964.360084551684
forecast_7616,2025-11-14 08:00:00,5753.368104292398,6615.5820867170505,4469.2411826924645
forecast_7617,2025-11-14 09:00:00,4553.710896235202,5259.416710278898,3658.637271481228
forecast_7618,2025-11-14 10:00:00,4756.793734507457,5221.197040051423,3622.5008565001463
forecast_7619,2025-11-14 11:00:00,4194.258779464172,4668.409195058008,3324.713627660267
forecast_7620,2025-11-14 12:00:00,3529.8011029042877,3958.7989107638846,2889.8898580767122
forecast_7621,2025-11-14 13:00:00,4295.137101947501,4499.14278930366,3232.99283719595
forecast_7622,2025-11-14 14:00:00,5753.813395140891,5440.825509165296,3774.6057389294238
forecast_7623,2025-11-14 15:00:00,6658.492704632732,6109.028357039402,4135.404131007228
forecast_7624,2025-11-14 16:00:00,6581.849582714502,6451.5325688203975,4372.82479881496
forecast_7625,2025-11-14 17:00:00,8461.909554597492,8276.815217739602,5682.6154892751465
forecast_7626,2025-11-14 18:00:00,9851.347593286253,9837.358954790347,6900.074571299903
forecast_7627,2025-11-14 19:00:00,10682.147618574603,10388.782971878958,7217.627191135971
forecast_7628,2025-11-14 20:00:00,12132.307412684915,12047.297047945161,8684.611879483627
forecast_7629,2025-11-14 21:00:00,11491.326054642606,11557.613039680837,8292.062701042174
forecast_7630,2025-11-14 22:00:00,10666.811529811857,11056.631028624746,7903.609237940653
forecast_7631,2025-11-14 23:00:00,10200.979888271038,10695.881025671086,7630.153131658004
forecast_7632,2025-11-15 00:00:00,9150.709152022439,9538.346598247417,6592.567506356639
forecast_7633,2025-11-15 01:00:00,8143.222995188829,8615.02284976958,5774.724721882113
forecast_7634,2025-11-15 02:00:00,6636.151639270879,7149.173907109924,4698.741848060685
forecast_7635,2025-11-15 03:00:00,6391.511942820367,7118.477011514216,4637.912609260576
forecast_7636,2025-11-15 04:00:00,7385.177536381881,7937.4430459159075,5128.251933762918
forecast_7637,2025-11-15 05:00:00,6130.299182116616,6714.812941026805,4323.4215067770165
forecast_7638,2025-11-15 06:00:00,5620.518778655343,6404.279151585175,4089.8188067575934
forecast_7639,2025-11-15 07:00:00,6215.418095759446,6926.269457266699,4381.140402374608
forecast_7640,2025-11-15 08:00:00,4587.304573601941,5256.866457627091,3417.0395269327755
forecast_7641,2025-11-15 09:00:00,3296.0908099405624,3836.7400525368394,2656.243719053605
forecast_7642,2025-11-15 10:00:00,2392.568232533356,3064.739120645752,2245.810922285527
forecast_7643,2025-11-15 11:00:00,2180.975648433389,2957.5192743092052,2329.192381616158
forecast_7644,2025-11-15 12:00:00,1851.723247802092,2572.2495715538716,2028.7786745527205
forecast_7645,2025-11-15 13:00:00,1316.1211331713882,1909.597602626568,1692.9494585579864
forecast_7646,2025-11-15 14:00:00,1226.3629552739794,1741.4623012022632,1500.3802763722044
forecast_7647,2025-11-15 15:00:00,1770.0520247679153,1986.4070079408082,1518.9754978340031
forecast_7648,2025-11-15 16:00:00,2284.9077574762864,2408.896991575901,1750.8593773974337
forecast_7649,2025-11-15 17:00:00,4089.074529081461,4313.625830928102,2945.1651268043865
forecast_7650,2025-11-15 18:00:00,6087.312079946754,6564.846966330646,4645.1247695818065
forecast_7651,2025-11-15 19:00:00,8411.77657051654,8828.970371066163,6312.71771170483
forecast_7652,2025-11-15 20:00:00,10523.347933026384,10783.726448696845,7808.961185171919
forecast_7653,2025-11-15 21:00:00,11076.92214915454,11118.325865369672,7969.593064005165
forecast_7654,2025-11-15 22:00:00,10635.852846954647,10770.10959202403,7653.931753125026
forecast_7655,2025-11-15 23:00:00,9781.444993113642,10292.374110736713,7366.128545659016
forecast_7656,2025-11-16 00:00:00,9483.007706638851,10078.67496249059,7156.095446791673
forecast_7657,2025-11-16 01:00:00,11648.227257290968,12071.257250711626,8654.37728380498
forecast_7658,2025-11-16 02:00:00,10544.460269017216,11174.953194580687,7889.595075781094
forecast_7659,2025-11-16 03:00:00,11174.445251988902,11802.88332085427,8397.982560441882
forecast_7660,2025-11-16 04:00:00,11522.492887962813,11997.459892996343,8395.948728155561
forecast_7661,2025-11-16 05:00:00,12180.630482712146,12928.121296925565,9383.051709152985
forecast_7662,2025-11-16 06:00:00,12792.62094467503,13545.185105441731,10004.596181249904
forecast_7663,2025-11-16 07:00:00,13233.04511044218,14027.221710210459,10572.956540335132
forecast_7664,2025-11-16 08:00:00,13060.387708823238,13963.042277921515,10654.975213895685
forecast_7665,2025-11-16 09:00:00,12128.654269999422,13026.648752414563,9786.003099751533
forecast_7666,2025-11-16 10:00:00,11934.048496249725,12835.931809095338,9859.890232491438
forecast_7667,2025-11-16 11:00:00,11969.762756091211,13265.216489239247,10948.307589512457
forecast_7668,2025-11-16 12:00:00,13098.086797552936,13957.426968654529,11945.521839427218
forecast_7669,2025-11-16 13:00:00,12981.737844141795,13210.958756473112,10572.944303980732
forecast_7670,2025-11-16 14:00:00,13105.291520698594,13470.16881817604,10973.008896496955
forecast_7671,2025-11-16 15:00:00,14068.92629358983,14603.033320671993,12434.92444205441
forecast_7672,2025-11-16 16:00:00,15596.845631130167,15991.546214943855,13873.155342304832
forecast_7673,2025-11-16 17:00:00,16579.02552426359,17157.279797526706,15501.769866271508
forecast_7674,2025-11-16 18:00:00,18884.66597487587,19288.27818270379,18302.021169627074
forecast_7675,2025-11-16 19:00:00,19714.707371520184,19984.72571104859,19130.990307512304
forecast_7676,2025-11-16 20:00:00,19845.25872353866,20171.729998108192,19435.992196426418
forecast_7677,2025-11-16 21:00:00,19781.095952545664,20054.422712009713,19123.115450067646
forecast_7678,2025-11-16 22:00:00,19898.92477638198,20101.97317895445,19248.4402867907
forecast_7679,2025-11-16 23:00:00,19390.315012062965,19639.968537190667,18791.841229091322
forecast_7680,2025-11-17 00:00:00,19134.346120147882,19372.247724486948,18184.310645092937
forecast_7681,2025-11-17 01:00:00,19032.35406042826,19303.954295278883,18209.483623598262
forecast_7682,2025-11-17 02:00:00,19241.833451365666,19454.561099862534,18233.632858800298
forecast_7683,2025-11-17 03:00:00,19707.240621918172,19952.902396201367,18827.20045605834
forecast_7684,2025-11-17 04:00:00,19541.229036372984,19790.006991278067,18631.652478746437
forecast_7685,2025-11-17 05:00:00,20007.65552135981,20245.853537014493,19147.7454306505
forecast_7686,2025-11-17 06:00:00,20133.856756766647,20358.918617365067,19450.094490145548
forecast_7687,2025-11-17 07:00:00,19912.1560013576,20281.40950356369,19543.51022297126
forecast_7688,2025-11-17 08:00:00,19505.16157517836,20002.965992234647,19118.420417636447
forecast_7689,2025-11-17 09:00:00,19036.486147948504,19561.604119469142,18392.7908841673
forecast_7690,2025-11-17 10:00:00,16800.071936518136,17536.12931619732,15764.843092654077
forecast_7691,2025-11-17 11:00:00,16000.04476683374,16834.514652416383,14835.653441031769
forecast_7692,2025-11-17 12:00:00,15278.857132919007,16082.509105262347,14017.755769937388
forecast_7693,2025-11-17 13:00:00,14575.99229065334,15220.008867268592,12935.984240792597
forecast_7694,2025-11-17 14:00:00,14791.157521967822,15365.983478691818,13055.021414818526
forecast_7695,2025-11-17 15:00:00,14722.714446834278,15462.185563333009,13285.9543972901
forecast_7696,2025-11-17 16:00:00,14893.04385090545,15645.785306080896,13495.888852271073
forecast_7697,2025-11-17 17:00:00,16011.462120035081,16750.973066262082,14748.516188905447
forecast_7698,2025-11-17 18:00:00,15479.269697222762,16162.92705562555,14185.502819125002
forecast_7699,2025-11-17 19:00:00,15345.826708736258,16071.544519333342,14057.585168248426
forecast_7700,2025-11-17 20:00:00,16950.556405195166,17551.746084820104,15567.564156636286
forecast_7701,2025-11-17 21:00:00,17889.17071084329,18458.110368635902,16637.183533681706
forecast_7702,2025-11-17 22:00:00,18008.60784183092,18674.8033602767,16948.081002266576
forecast_7703,2025-11-17 23:00:00,18690.845969724985,19190.30022033003,17545.69234814683
forecast_7704,2025-11-18 00:00:00,18644.113877610238,19165.08937727068,17444.477127628015
forecast_7705,2025-11-18 01:00:00,18416.200041631866,18931.826766753682,16873.207178716806
forecast_7706,2025-11-18 02:00:00,18307.95310636153,18794.090166916365,16598.61529152416
forecast_7707,2025-11-18 03:00:00,18920.964863566554,19233.351073378213,16977.352816002473
forecast_7708,2025-11-18 04:00:00,18782.772235314158,19370.36944733852,17699.47970371137
forecast_7709,2025-11-18 05:00:00,18956.58073978722,19512.49013425538,17906.963520006055
forecast_7710,2025-11-18 06:00:00,19335.731461367992,19752.614130928676,18081.942958864107
forecast_7711,2025-11-18 07:00:00,19255.528385659432,19658.363727979195,17967.072588339848
forecast_7712,2025-11-18 08:00:00,17669.881039125736,18611.19003351818,16926.30214837198
forecast_7713,2025-11-18 09:00:00,16193.586491079652,17113.350434484004,14877.002706912355
forecast_7714,2025-11-18 10:00:00,13506.04244257974,14419.303979266759,11834.065154693839
forecast_7715,2025-11-18 11:00:00,13437.68950849768,14101.438020561574,11628.046520054486
forecast_7716,2025-11-18 12:00:00,12612.43027481936,13062.240034829236,10695.602657142208
forecast_7717,2025-11-18 13:00:00,12664.831127664438,12658.563271232284,10250.121176447003
forecast_7718,2025-11-18 14:00:00,12451.351294051388,12332.084293435692,10026.275231810323
forecast_7719,2025-11-18 15:00:00,11644.660805181415,11696.794604813062,9487.74129324697
forecast_7720,2025-11-18 16:00:00,9555.619707286569,9789.21985636984,8031.485850540859
forecast_7721,2025-11-18 17:00:00,8621.18965406773,9268.27063411628,7414.202759754201
forecast_7722,2025-11-18 18:00:00,7962.762844760425,8528.125988411784,6518.239955859962
forecast_7723,2025-11-18 19:00:00,7590.696806744012,7911.133760677054,5790.5554879658475
forecast_7724,2025-11-18 20:00:00,7709.931229577829,8027.076665900166,5833.7410981372395
forecast_7725,2025-11-18 21:00:00,7938.405840503422,8380.896722630407,6072.424802140613
forecast_7726,2025-11-18 22:00:00,7684.827877944118,8111.933550486789,5767.137596515619
forecast_7727,2025-11-18 23:00:00,7259.149093457687,8070.749857630775,5745.975483799945
forecast_7728,2025-11-19 00:00:00,7024.536014721078,7810.948013121457,5485.737568921686
forecast_7729,2025-11-19 01:00:00,10932.609669793286,11365.268948750829,8049.47189582899
forecast_7730,2025-11-19 02:00:00,10077.173203526785,10658.24582891503,7351.245729933582
forecast_7731,2025-11-19 03:00:00,8676.213860603657,9153.874376466347,6121.142503542886
forecast_7732,2025-11-19 04:00:00,7715.744367206166,8174.035500058206,5317.80077580663
forecast_7733,2025-11-19 05:00:00,6295.562950421336,6854.363636765395,4411.345060842515
forecast_7734,2025-11-19 06:00:00,6028.226420244235,6473.821706710279,4085.804353436841
forecast_7735,2025-11-19 07:00:00,4888.382792980914,5638.681268436896,3616.008416336527
forecast_7736,2025-11-19 08:00:00,3760.6907245722077,4808.227152715355,3345.4379418976714
forecast_7737,2025-11-19 09:00:00,3137.6478361120826,3928.3922307657404,2725.7971104112853
forecast_7738,2025-11-19 10:00:00,2167.9821831104214,3033.3054009585976,2246.431955539595
forecast_7739,2025-11-19 11:00:00,1698.3366132405292,2428.1163179774385,1884.6620579942378
forecast_7740,2025-11-19 12:00:00,1207.1384182620268,1926.3193681102462,1584.6445769271784
forecast_7741,2025-11-19 13:00:00,1391.4322428360133,1837.8106248773056,1443.408721432207
forecast_7742,2025-11-19 14:00:00,1408.1699108662117,1831.162327339517,1452.1988505159518
forecast_7743,2025-11-19 15:00:00,2189.526103217606,2530.263903221691,1926.2335188132815
forecast_7744,2025-11-19 16:00:00,3166.2274280604206,3371.0813483532065,2493.755854412057
forecast_7745,2025-11-19 17:00:00,5220.056855939582,5455.255154270213,3718.121184869796
forecast_7746,2025-11-19 18:00:00,7888.260495224798,8518.778117209527,6008.940341838269
forecast_7747,2025-11-19 19:00:00,10153.588635136013,10716.650588297627,7787.952569858564
forecast_7748,2025-11-19 20:00:00,12929.669198298072,13316.168172828802,10075.189709278946
forecast_7749,2025-11-19 21:00:00,15606.980468248601,15747.243269828321,12402.873393663234
forecast_7750,2025-11-19 22:00:00,17947.256692999472,18018.980168356247,15206.429629056205
forecast_7751,2025-11-19 23:00:00,19259.43295215628,19327.318978034265,17151.11950668286
forecast_7752,2025-11-20 00:00:00,19958.970552520288,19938.6486937522,18037.294853373554
forecast_7753,2025-11-20 01:00:00,20445.598752853315,20488.9069792953,19291.842835365846
forecast_7754,2025-11-20 02:00:00,21089.025309378347,20908.39079503782,19477.93613826519
forecast_7755,2025-11-20 03:00:00,21167.611332016946,20994.032851783988,19576.76193546852
forecast_7756,2025-11-20 04:00:00,20726.346007355183,20674.665630315016,19194.08796694749
forecast_7757,2025-11-20 05:00:00,20031.674363082784,20092.795020259466,18437.025063658733
forecast_7758,2025-11-20 06:00:00,20449.834284122127,20367.10363801135,18605.084977414022
forecast_7759,2025-11-20 07:00:00,20447.60473535851,20406.94196721529,18746.775521126616
forecast_7760,2025-11-20 08:00:00,19202.741498601168,19623.570257474843,18092.923237212664
forecast_7761,2025-11-20 09:00:00,18806.222027322205,19233.580887779302,17489.74340322262
forecast_7762,2025-11-20 10:00:00,17892.252016865787,18582.759476112107,17100.676351739057
forecast_7763,2025-11-20 11:00:00,17666.525031520912,18236.55881501615,16493.199253456714
forecast_7764,2025-11-20 12:00:00,17909.485934266406,18542.385348043917,17247.0973214833
forecast_7765,2025-11-20 13:00:00,18068.442577716683,18566.23682647013,17309.741770627712
forecast_7766,2025-11-20 14:00:00,18516.567390218435,18944.348080629024,17779.39146497634
forecast_7767,2025-11-20 15:00:00,17875.804262127043,18424.13155656263,17461.695151949123
forecast_7768,2025-11-20 16:00:00,18576.508788969295,18932.26189017554,17942.41346559237
forecast_7769,2025-11-20 17:00:00,19290.2135290644,19503.00757901203,18502.13372284661
forecast_7770,2025-11-20 18:00:00,19723.551026153596,19715.85708893143,18697.462262562127
forecast_7771,2025-11-20 19:00:00,19429.572046142857,19460.05788551703,18398.758863375006
forecast_7772,2025-11-20 20:00:00,19674.636221071363,19771.520330067364,18827.262703500557
forecast_7773,2025-11-20 21:00:00,19506.165996678345,19647.712689940654,18549.490336210576
forecast_7774,2025-11-20 22:00:00,19073.096429455163,19434.248342329134,18257.42908514223
forecast_7775,2025-11-20 23:00:00,19384.341725110044,19787.285079329227,18728.75108674589
forecast_7776,2025-11-21 00:00:00,19346.886533708843,19772.777058209263,18634.102601966577
forecast_7777,2025-11-21 01:00:00,18961.059889852033,19530.89736741141,18192.25647548198
forecast_7778,2025-11-21 02:00:00,18518.78296426404,18832.288991702284,16943.37566837179
forecast_7779,2025-11-21 03:00:00,18653.889130362448,19110.377087486377,17268.21950221963
forecast_7780,2025-11-21 04:00:00,18168.365970906205,18821.592376015138,16915.96080948564
forecast_7781,2025-11-21 05:00:00,19000.75672598128,19502.280221621684,17894.616211221895
forecast_7782,2025-11-21 06:00:00,19949.51888259829,20104.09856730292,18398.651752690246
forecast_7783,2025-11-21 07:00:00,19844.069244749742,20047.697518666253,18344.25579071945
forecast_7784,2025-11-21 08:00:00,19766.42605996423,19974.99210744939,18131.167653415196
forecast_7785,2025-11-21 09:00:00,17933.210258162064,18729.76272192907,17068.421160348375
forecast_7786,2025-11-21 10:00:00,16998.304523532417,18073.24884316115,16563.686596414926
forecast_7787,2025-11-21 11:00:00,15940.496297836275,16991.80882240449,15079.304690950661
forecast_7788,2025-11-21 12:00:00,16323.261156417182,17385.888790336754,15838.67873986335
forecast_7789,2025-11-21 13:00:00,15948.451722026686,16808.742436055618,15153.983339682705
forecast_7790,2025-11-21 14:00:00,15767.282391734567,16399.76004161794,14491.441938467084
forecast_7791,2025-11-21 15:00:00,16247.057683073608,16600.494723847707,14618.004762888057
forecast_7792,2025-11-21 16:00:00,16261.522374291779,16705.940753806313,14613.782820733195
forecast_7793,2025-11-21 17:00:00,16335.918408076588,17241.32020934745,15570.28061207751
forecast_7794,2025-11-21 18:00:00,17335.91269302697,17980.525544145723,16422.29355979567
forecast_7795,2025-11-21 19:00:00,17044.5912819483,17627.17412299395,15948.218969562895
forecast_7796,2025-11-21 20:00:00,17107.199673515497,17580.55216288824,15800.91266779898
forecast_7797,2025-11-21 21:00:00,17244.18061055491,17868.01757720862,16065.506724251598
forecast_7798,2025-11-21 22:00:00,17685.745404488785,18268.775541843308,16485.159107674655
forecast_7799,2025-11-21 23:00:00,17751.0221711236,18246.313801763295,16274.125482197125
forecast_7800,2025-11-22 00:00:00,18076.595701369617,18444.05157712013,16288.985028107712
forecast_7801,2025-11-22 01:00:00,18078.92467427218,18548.00647512916,16375.613090372308
forecast_7802,2025-11-22 02:00:00,18128.6308873553,18501.248355640237,16080.464671181406
forecast_7803,2025-11-22 03:00:00,17968.45664640554,18302.092013448557,15649.058277558584
forecast_7804,2025-11-22 04:00:00,18322.206005178807,18663.185499440737,16090.114543760494
forecast_7805,2025-11-22 05:00:00,18833.38685661964,19010.249884620716,16451.68448384412
forecast_7806,2025-11-22 06:00:00,19204.59154995584,19339.748019549752,16928.752261775055
forecast_7807,2025-11-22 07:00:00,19553.11597677558,19617.14095197789,17309.391693290425
forecast_7808,2025-11-22 08:00:00,18645.286558870564,18733.095961150233,15871.820564265849
forecast_7809,2025-11-22 09:00:00,16528.666504122615,16774.346009310706,13423.510705067052
forecast_7810,2025-11-22 10:00:00,14626.994980848445,15358.899840577342,12260.696268028665
forecast_7811,2025-11-22 11:00:00,13516.713160547703,14065.730070647976,10839.388116658985
forecast_7812,2025-11-22 12:00:00,13211.063759836297,13632.578656469934,10429.739628407893
forecast_7813,2025-11-22 13:00:00,13295.909069319912,14044.039252523804,11327.648933408958
forecast_7814,2025-11-22 14:00:00,13402.643819285202,14027.032199394958,11216.852134624238
forecast_7815,2025-11-22 15:00:00,13590.208537204999,14212.262981906732,11494.838117030218
forecast_7816,2025-11-22 16:00:00,14801.659031200423,15218.461638567562,12417.447883845847
forecast_7817,2025-11-22 17:00:00,16595.03620575717,16932.888851163014,14271.008567779041
forecast_7818,2025-11-22 18:00:00,18006.266387237913,18393.50338833407,16451.327397489633
forecast_7819,2025-11-22 19:00:00,18783.690447238725,18969.241040907335,17133.281144229204
forecast_7820,2025-11-22 20:00:00,19036.22981705521,19013.01608926168,16903.13580105122
forecast_7821,2025-11-22 21:00:00,19500.49081102111,19434.946120942688,17373.546829582298
forecast_7822,2025-11-22 22:00:00,19432.59798381044,19481.782380949255,17762.370549230996
forecast_7823,2025-11-22 23:00:00,19921.6221714695,19899.15796661663,18310.41413881461
forecast_7824,2025-11-23 00:00:00,20077.64819207589,20189.533826940402,18703.13164219168
forecast_7825,2025-11-23 01:00:00,20627.40215476264,20524.86106245147,19123.236800159615
forecast_7826,2025-11-23 02:00:00,20626.971704327,20577.07890274067,19185.88533925212
forecast_7827,2025-11-23 03:00:00,20648.003162187048,20588.291705885364,19217.137014412503
forecast_7828,2025-11-23 04:00:00,20854.235157101437,20651.983786540855,18996.573880707165
forecast_7829,2025-11-23 05:00:00,20615.35069090755,20437.284616881545,18600.39818484531
forecast_7830,2025-11-23 06:00:00,20271.520742372166,20279.97079584347,18661.02699394217
forecast_7831,2025-11-23 07:00:00,20363.847110611023,20340.74448727249,18837.74635265043
forecast_7832,2025-11-23 08:00:00,20007.01852259564,20076.63436313198,18478.60624242685
forecast_7833,2025-11-23 09:00:00,18342.180805261978,18779.533751607174,17120.522715589042
forecast_7834,2025-11-23 10:00:00,18962.95844233538,19193.656076305397,17458.640445808574
forecast_7835,2025-11-23 11:00:00,17954.403224112713,18456.476146858822,16805.19765208773
forecast_7836,2025-11-23 12:00:00,17627.491160893227,18248.24122566746,16683.259393192766
forecast_7837,2025-11-23 13:00:00,16221.889123878265,16772.642340565457,14633.69510873581
forecast_7838,2025-11-23 14:00:00,15115.720809747643,15721.966057552294,13195.64612806427
forecast_7839,2025-11-23 15:00:00,13792.609871612858,14381.075631573378,11654.019226378266
forecast_7840,2025-11-23 16:00:00,14996.572984623679,15271.012347898599,12513.331038212778
forecast_7841,2025-11-23 17:00:00,16009.517328925318,16460.199403773986,13977.012372486008
forecast_7842,2025-11-23 18:00:00,17567.931179949323,18000.056442393594,16118.721540185627
forecast_7843,2025-11-23 19:00:00,18461.93569995999,19026.445377671782,17868.41392392692
forecast_7844,2025-11-23 20:00:00,19492.92750259144,19714.943632100345,18521.645523874413
forecast_7845,2025-11-23 21:00:00,19034.316092833047,19212.32861765029,17724.708939919357
forecast_7846,2025-11-23 22:00:00,17919.922914506416,18076.472225468537,15998.494638390443
forecast_7847,2025-11-23 23:00:00,17669.210386425424,17885.60625932712,15673.079416251227
forecast_7848,2025-11-24 00:00:00,17068.708477889355,17552.132273724852,15430.432863297574
forecast_7849,2025-11-24 01:00:00,16909.24643146817,17474.26865605754,15131.721039948126
forecast_7850,2025-11-24 02:00:00,16169.51352428272,16865.54115532151,14445.532535935094
forecast_7851,2025-11-24 03:00:00,15845.199659903088,16647.934715452793,14159.006909597414
forecast_7852,2025-11-24 04:00:00,14708.552384276865,15671.281997024795,12837.92749013297
forecast_7853,2025-11-24 05:00:00,13699.853482632909,14823.177050816528,11907.444334360502
forecast_7854,2025-11-24 06:00:00,12783.169682419404,13644.22291765342,10316.804488107442
forecast_7855,2025-11-24 07:00:00,14456.767066561111,15535.189076596387,12664.447570915047
forecast_7856,2025-11-24 08:00:00,14370.993902558832,15226.910587772796,12240.957072409754
forecast_7857,2025-11-24 09:00:00,12665.131272115894,13885.171073318023,11388.218514185355
forecast_7858,2025-11-24 10:00:00,11249.411982598449,12092.814796091756,9556.841489397924
forecast_7859,2025-11-24 11:00:00,11657.723773439668,12276.037135200397,9840.490137953851
forecast_7860,2025-11-24 12:00:00,12577.756566128692,12964.916858040739,10322.395029864994
forecast_7861,2025-11-24 13:00:00,13386.035792295344,13692.81352094327,11504.629727983527
forecast_7862,2025-11-24 14:00:00,14109.075214497363,14370.142800376838,12302.329404383114
forecast_7863,2025-11-24 15:00:00,14294.825991018719,14706.589398085544,12826.312975682753
forecast_7864,2025-11-24 16:00:00,14331.71824265833,14853.270056219255,12954.314988552016
forecast_7865,2025-11-24 17:00:00,14324.489282694742,14444.448174569461,12117.648796691661
forecast_7866,2025-11-24 18:00:00,14160.06647126864,14502.059195044269,11978.712229971747
forecast_7867,2025-11-24 19:00:00,12797.405206962587,13415.161118631324,11129.384659289091
forecast_7868,2025-11-24 20:00:00,13282.765207681543,13978.611992442493,11532.176122582605
forecast_7869,2025-11-24 21:00:00,12372.833583658607,12432.592980845011,9528.431181556305
forecast_7870,2025-11-24 22:00:00,11885.448232164605,12389.389497380515,9755.6367110236
forecast_7871,2025-11-24 23:00:00,11853.942233069338,12412.334608099049,9558.81149213569
forecast_7872,2025-11-25 00:00:00,12553.78157815687,13254.438277049361,10429.334518000549
forecast_7873,2025-11-25 01:00:00,13436.281585259412,13597.083662459587,10391.85415058016
forecast_7874,2025-11-25 02:00:00,16172.678235561467,16533.130208223934,14484.826256298304
forecast_7875,2025-11-25 03:00:00,16739.732260335964,16775.55388919181,14164.208164891063
forecast_7876,2025-11-25 04:00:00,14924.541935655014,14967.117094206445,11952.50042176418
forecast_7877,2025-11-25 05:00:00,15350.162955996093,15521.250108409462,12334.159038466572
forecast_7878,2025-11-25 06:00:00,15851.511251123806,16078.459013140684,12623.919040392537
forecast_7879,2025-11-25 07:00:00,16303.11530154451,16615.54944101684,13328.753748369465
forecast_7880,2025-11-25 08:00:00,14909.176452323196,15275.420651524764,11932.893674670622
forecast_7881,2025-11-25 09:00:00,11522.700392410292,12130.035104243205,9264.44767242181
forecast_7882,2025-11-25 10:00:00,11416.670751858466,12523.07796445103,10346.453197418663
forecast_7883,2025-11-25 11:00:00,9910.401033325092,11267.086761569013,9719.289028991743
forecast_7884,2025-11-25 12:00:00,8002.300282278355,9348.468461822058,8071.345807693664
forecast_7885,2025-11-25 13:00:00,10841.711134285117,12214.091112939881,10448.497184859609
forecast_7886,2025-11-25 14:00:00,10620.82498225573,10777.472639119784,8360.811939743424
forecast_7887,2025-11-25 15:00:00,10761.802696396939,11398.153795101853,8924.623300689846
forecast_7888,2025-11-25 16:00:00,10650.114556636887,10887.318074284718,8169.380673193593
forecast_7889,2025-11-25 17:00:00,11690.123898072965,12339.134742830785,9868.920321960433
forecast_7890,2025-11-25 18:00:00,12552.565841074214,13130.198242493614,10686.215915174687
forecast_7891,2025-11-25 19:00:00,11915.762895490225,12099.585510840305,9750.919333419019
forecast_7892,2025-11-25 20:00:00,10154.08145155378,10095.192089469801,7733.667677746074
forecast_7893,2025-11-25 21:00:00,8307.919268017877,7868.637960392527,5553.36997571843
forecast_7894,2025-11-25 22:00:00,6990.614767715095,7110.997265087448,5290.342036510578
forecast_7895,2025-11-25 23:00:00,6115.757450138581,6080.058833416189,4491.817017125528
forecast_7896,2025-11-26 00:00:00,5333.592875501112,5858.92881229162,4503.851337472368
forecast_7897,2025-11-26 01:00:00,4685.598715366,4781.656071121852,3443.793511639111
forecast_7898,2025-11-26 02:00:00,3544.580373982748,3960.3378271026268,3028.4565935770233
forecast_7899,2025-11-26 03:00:00,2252.2710411162716,2779.677327389573,2303.8722979536005
forecast_7900,2025-11-26 04:00:00,1950.331765657772,2538.7570742375574,2090.418081927404
forecast_7901,2025-11-26 05:00:00,2272.997549025378,2771.220916753843,2096.92504675237
forecast_7902,2025-11-26 06:00:00,2969.611319360593,3876.7036142121437,2871.0442433834933
forecast_7903,2025-11-26 07:00:00,3552.703697015805,4362.700076541079,2991.8683529141495
forecast_7904,2025-11-26 08:00:00,4295.304348934689,5176.945641330083,3538.093404138689
forecast_7905,2025-11-26 09:00:00,4195.218993184104,4817.199078075787,3283.2501487431414
forecast_7906,2025-11-26 10:00:00,4373.359185982015,4984.566769002708,3414.7392645988903
forecast_7907,2025-11-26 11:00:00,3390.6266180377743,4239.384487152676,3088.692687379512
forecast_7908,2025-11-26 12:00:00,2784.965394274095,3429.784321380174,2612.6037271201176
forecast_7909,2025-11-26 13:00:00,2621.8334663650303,3086.7818995765397,2363.2250243037192
forecast_7910,2025-11-26 14:00:00,3193.7948576961844,3611.1535443895627,2626.7889565944156
forecast_7911,2025-11-26 15:00:00,4644.612797095822,4555.81902235944,3069.729195779669
forecast_7912,2025-11-26 16:00:00,5674.323793445542,5580.880517243268,3748.9828786451762
forecast_7913,2025-11-26 17:00:00,9209.976252280543,8663.18794721378,5648.153855289251
forecast_7914,2025-11-26 18:00:00,11686.081297171959,11711.682007663021,8370.315854710392
forecast_7915,2025-11-26 19:00:00,13711.948060691819,13922.66859694881,10621.147802778289
forecast_7916,2025-11-26 20:00:00,13515.746269967713,13589.747893433909,10147.948350324938
forecast_7917,2025-11-26 21:00:00,13212.347197574289,13316.369273476572,9889.627688894885
forecast_7918,2025-11-26 22:00:00,12909.04633186322,13415.949526206789,10153.569523882474
forecast_7919,2025-11-26 23:00:00,14657.136771340687,15145.103809372991,11924.500605566283
forecast_7920,2025-11-27 00:00:00,17357.882571186645,17545.163739056537,14787.742456542219
forecast_7921,2025-11-27 01:00:00,16858.757241697844,17328.41344861309,14377.519539670715
forecast_7922,2025-11-27 02:00:00,18110.28127806302,18789.847903943446,16551.90904804824
forecast_7923,2025-11-27 03:00:00,18470.34870028558,19041.67357685038,17188.547986874608
forecast_7924,2025-11-27 04:00:00,18304.63537415848,18573.316814191665,16550.552081215246
forecast_7925,2025-11-27 05:00:00,18476.39293557636,18886.59337711158,17123.09682952131
forecast_7926,2025-11-27 06:00:00,18158.455737035652,18235.866734205032,15311.081447255727
forecast_7927,2025-11-27 07:00:00,14213.702222263517,14682.786007295505,11352.664861169771
forecast_7928,2025-11-27 08:00:00,17690.000035177763,18409.15103217317,16824.119766919728
forecast_7929,2025-11-27 09:00:00,18164.146503913216,18959.70685869827,17665.350827217513
forecast_7930,2025-11-27 10:00:00,17869.544024972587,18792.799414822442,17736.776743142585
forecast_7931,2025-11-27 11:00:00,18099.00525809017,18956.68936556263,17989.208548813316
forecast_7932,2025-11-27 12:00:00,18012.043220210784,18859.118336538028,18138.142932823404
forecast_7933,2025-11-27 13:00:00,17758.272841169062,18111.038054216548,16689.565814107584
forecast_7934,2025-11-27 14:00:00,18591.0744128653,18994.301404410275,18011.816608462945
forecast_7935,2025-11-27 15:00:00,18696.67550219321,19026.439437472716,18127.36514683307
forecast_7936,2025-11-27 16:00:00,19088.657127516257,19427.633110565348,18157.214647355777
forecast_7937,2025-11-27 17:00:00,18864.040680875856,19306.833461231592,18419.483248929562
forecast_7938,2025-11-27 18:00:00,18512.46171670476,18944.965738915816,17861.84220417813
forecast_7939,2025-11-27 19:00:00,18006.030398466155,18497.27227555181,17268.962440751027
forecast_7940,2025-11-27 20:00:00,18256.115924983926,18747.345600937973,17574.20106599482
forecast_7941,2025-11-27 21:00:00,18190.054090034726,18759.68596726668,17431.352367258034
forecast_7942,2025-11-27 22:00:00,17990.089746270365,18628.26820845498,17411.482060690392
forecast_7943,2025-11-27 23:00:00,18520.45595369993,19166.227756321503,17976.07426583498
forecast_7944,2025-11-28 00:00:00,18761.324362928342,19440.363418924433,18367.44812428284
forecast_7945,2025-11-28 01:00:00,19092.420886576874,19341.241064294976,17907.636779801946
forecast_7946,2025-11-28 02:00:00,18091.631514018027,18327.80683367648,16736.94615979551
forecast_7947,2025-11-28 03:00:00,18383.23320483187,18635.283090112265,16782.948539079116
forecast_7948,2025-11-28 04:00:00,19282.531377535983,19678.471321311925,18380.41563992197
forecast_7949,2025-11-28 05:00:00,18842.142464231318,19293.25476626771,18015.534131820004
forecast_7950,2025-11-28 06:00:00,18309.533875787733,18460.361090042577,16122.16531754882
forecast_7951,2025-11-28 07:00:00,18562.436437223172,18633.59039101195,15739.905535825344
forecast_7952,2025-11-28 08:00:00,16826.970910604046,17109.535654706287,13595.52957932253
forecast_7953,2025-11-28 09:00:00,14404.544873819992,14640.49212926118,10811.279282246827
forecast_7954,2025-11-28 10:00:00,11436.935026094596,11593.270650178863,8005.669706395287
forecast_7955,2025-11-28 11:00:00,9157.463754707911,9693.56814759195,6764.892604857461
forecast_7956,2025-11-28 12:00:00,9010.930974646117,9476.04654894773,6626.931165331807
forecast_7957,2025-11-28 13:00:00,9434.238026048075,9913.616660630927,7118.37965379374
forecast_7958,2025-11-28 14:00:00,9060.935030428125,9403.738107924071,6751.511479172923
forecast_7959,2025-11-28 15:00:00,9100.365374382709,9054.796373382356,6326.657229495046
forecast_7960,2025-11-28 16:00:00,9314.65226194683,9182.8731504213,6414.223849159565
forecast_7961,2025-11-28 17:00:00,9764.865983723284,9521.590204056043,6415.436335059973
forecast_7962,2025-11-28 18:00:00,8855.834983357694,9129.523916149437,6333.088741759146
forecast_7963,2025-11-28 19:00:00,6942.577857298162,7485.849584772721,5438.903351732018
forecast_7964,2025-11-28 20:00:00,6448.956134461483,7135.120859916181,5234.801063528617
forecast_7965,2025-11-28 21:00:00,6369.900622817577,7163.558769355829,5249.430091908081
forecast_7966,2025-11-28 22:00:00,6364.549585691633,7227.6497627495955,5245.8810994328
forecast_7967,2025-11-28 23:00:00,7079.408708862593,7923.619940938372,5624.968347361682
forecast_7968,2025-11-29 00:00:00,7934.8499027120115,8781.625945671614,6163.543760098311
forecast_7969,2025-11-29 01:00:00,7452.127731731136,8273.61411002507,5644.650042734436
forecast_7970,2025-11-29 02:00:00,8428.930069200956,9288.00160924123,6358.957472741303
forecast_7971,2025-11-29 03:00:00,9355.613679313847,10154.084639045332,6967.779111513054
forecast_7972,2025-11-29 04:00:00,12114.242802935867,12777.396278576482,9049.092069493445
forecast_7973,2025-11-29 05:00:00,14499.944361373766,15301.907082600384,11828.573371800436
forecast_7974,2025-11-29 06:00:00,16252.652360115095,16937.923610480146,13907.0633292717
forecast_7975,2025-11-29 07:00:00,16149.136010776014,16839.80516936346,13904.72278939813
forecast_7976,2025-11-29 08:00:00,14884.355179442262,15669.229037463396,12512.104252859028
forecast_7977,2025-11-29 09:00:00,12471.24625797665,13409.142902323156,10197.908491708304
forecast_7978,2025-11-29 10:00:00,9733.319237746764,11025.935548231706,8300.018913979831
forecast_7979,2025-11-29 11:00:00,9168.463391213805,10632.152929955071,8303.127283539387
forecast_7980,2025-11-29 12:00:00,12618.26904197663,13476.498763218355,11231.07398484453
forecast_7981,2025-11-29 13:00:00,14541.166339191403,15120.889407376591,12863.402450830003
forecast_7982,2025-11-29 14:00:00,16120.468089889904,16395.046968730338,14181.75249999173
forecast_7983,2025-11-29 15:00:00,16953.051771587358,17174.110499283954,15200.13632359124
forecast_7984,2025-11-29 16:00:00,17880.653593238654,18075.778093430694,16235.485334115376
forecast_7985,2025-11-29 17:00:00,17827.321758709106,18286.0900592971,16737.177741450636
forecast_7986,2025-11-29 18:00:00,19732.806846702566,19991.091438624255,19280.9705594196
forecast_7987,2025-11-29 19:00:00,20445.67309259647,20585.34375571267,19855.696185999448
forecast_7988,2025-11-29 20:00:00,20639.409918851517,20668.642594118035,19910.664384684707
forecast_7989,2025-11-29 21:00:00,20109.313440796832,20207.084879948172,19469.510139714308
forecast_7990,2025-11-29 22:00:00,19948.537980938738,20050.974622689973,19300.92233129435
forecast_7991,2025-11-29 23:00:00,20197.444870038467,20211.310913902555,19416.810472590896
forecast_7992,2025-11-30 00:00:00,19750.721741641984,19803.610707516713,18984.9601202163
forecast_7993,2025-11-30 01:00:00,19084.700597246334,19310.829288534384,18344.884249078517
forecast_7994,2025-11-30 02:00:00,19016.529538723815,19184.411027600665,18058.932602207016
forecast_7995,2025-11-30 03:00:00,19277.99451155615,19379.592282777307,18195.867588561676
forecast_7996,2025-11-30 04:00:00,18762.571243246355,18877.45804696293,17560.24363410958
forecast_7997,2025-11-30 05:00:00,18445.82485454237,18467.193404276415,16965.652236749676
forecast_7998,2025-11-30 06:00:00,17200.474585784097,17617.931163807563,15966.718745434275
forecast_7999,2025-11-30 07:00:00,16415.44216983812,16942.126745272275,15081.132593121625
forecast_8000,2025-11-30 08:00:00,16017.481300338732,16407.334438706628,14260.998856202628
forecast_8001,2025-11-30 09:00:00,15624.089763355729,16116.658885923564,14174.43649725882
forecast_8002,2025-11-30 10:00:00,15363.873702896057,15821.175155870333,13711.639454516186
forecast_8003,2025-11-30 11:00:00,15197.055039411503,15504.325145696774,13245.039067253685
forecast_8004,2025-11-30 12:00:00,14542.435600372597,15001.611658749864,12824.779649531729
forecast_8005,2025-11-30 13:00:00,13402.540956905359,13778.73035204384,11463.58083766692
forecast_8006,2025-11-30 14:00:00,12261.159158405875,12693.532693561694,10340.229808495085
forecast_8007,2025-11-30 15:00:00,11690.036330160528,11945.652769295182,9496.320974043485
forecast_8008,2025-11-30 16:00:00,10807.210283913106,11076.758558313384,8642.634871302425
forecast_8009,2025-11-30 17:00:00,12405.075567670927,12433.441887147314,9586.682776185131
forecast_8010,2025-11-30 18:00:00,15651.287231622571,16348.203439241166,14486.942070888443
forecast_8011,2025-11-30 19:00:00,18035.615881134647,18835.396757447947,17907.08084299199
forecast_8012,2025-11-30 20:00:00,19526.274444806655,19856.855912575655,18971.318977400413
forecast_8013,2025-11-30 21:00:00,19404.456986766134,19809.848400743504,18902.789645091412
forecast_8014,2025-11-30 22:00:00,19866.09982239893,20038.92904939966,19119.559621825752
forecast_8015,2025-11-30 23:00:00,19565.891148519546,19784.562944629008,18857.788558613476
forecast_8016,2025-12-01 00:00:00,19825.50140301404,19995.40975394621,18710.45160057297
forecast_8017,2025-12-01 01:00:00,20181.0923670067,20294.405133808024,19082.336601272767
forecast_8018,2025-12-01 02:00:00,19810.6824435616,19996.476922581518,18763.694755499986
forecast_8019,2025-12-01 03:00:00,19581.408657167452,19647.423800473643,18193.448366494787
forecast_8020,2025-12-01 04:00:00,19974.16202828392,20006.680445322785,18476.656077827494
forecast_8021,2025-12-01 05:00:00,20050.915944586763,20191.207895981603,18843.52409295537
forecast_8022,2025-12-01 06:00:00,20617.52122257361,20577.686456711785,19256.506954956865
forecast_8023,2025-12-01 07:00:00,20225.101164407664,20357.603213397837,19043.127514066095
forecast_8024,2025-12-01 08:00:00,19595.369101557306,19969.482611267915,18624.501756830712
forecast_8025,2025-12-01 09:00:00,18587.996211227844,19183.324740337146,17333.94631947386
forecast_8026,2025-12-01 10:00:00,16264.83917693537,16955.453502551383,14385.096800031653
forecast_8027,2025-12-01 11:00:00,12095.21187708693,12700.377318507082,9815.87262569566
forecast_8028,2025-12-01 12:00:00,8506.63840434184,8582.98071063825,5972.174873724977
forecast_8029,2025-12-01 13:00:00,7861.928884369687,7784.097578408193,5197.227267567911
forecast_8030,2025-12-01 14:00:00,7103.737991222951,6841.073575079941,4567.41737626821
forecast_8031,2025-12-01 15:00:00,6124.701896029964,5822.3762439268685,4046.370982412677
forecast_8032,2025-12-01 16:00:00,5502.939393397547,5136.489634325364,3483.9680475729265
forecast_8033,2025-12-01 17:00:00,5900.932384439921,5431.5634560030085,3488.9921939825917
forecast_8034,2025-12-01 18:00:00,6310.866439086672,6278.606286017861,4161.285382003193
forecast_8035,2025-12-01 19:00:00,6723.982021927166,6855.815240138218,4662.381550133115
forecast_8036,2025-12-01 20:00:00,9403.338960257723,9667.815196904514,6781.9968178491135
forecast_8037,2025-12-01 21:00:00,10772.007213082765,10885.479678020123,7684.346235825304
forecast_8038,2025-12-01 22:00:00,12151.389629665557,12506.612989710984,9199.362789094608
forecast_8039,2025-12-01 23:00:00,14859.951111013894,15292.051376983427,11892.829915888131
forecast_8040,2025-12-02 00:00:00,17027.346424484203,17688.848196256105,14995.288731264522
forecast_8041,2025-12-02 01:00:00,18199.39048031518,18442.277156449556,15655.669106827978
forecast_8042,2025-12-02 02:00:00,19081.376206621448,19330.484898145183,17061.69204934416
forecast_8043,2025-12-02 03:00:00,19999.7678702748,20039.43813553005,18043.89657851046
forecast_8044,2025-12-02 04:00:00,19008.93171199162,19465.961989294185,17515.882463348513
forecast_8045,2025-12-02 05:00:00,18621.92215777651,19268.136747334243,17222.748229834942
forecast_8046,2025-12-02 06:00:00,18359.97740611787,18881.502254158666,16655.749801013204
forecast_8047,2025-12-02 07:00:00,16783.85455257848,17268.39673995955,14065.905540471862
forecast_8048,2025-12-02 08:00:00,14808.172655640628,15310.589320788404,11485.308534378903
forecast_8049,2025-12-02 09:00:00,11584.892551222962,12228.760139435071,8629.960716056808
forecast_8050,2025-12-02 10:00:00,9267.633488387157,9643.73669940912,6610.625863891187
forecast_8051,2025-12-02 11:00:00,8763.581930652756,8879.862877968793,6029.137430496688
forecast_8052,2025-12-02 12:00:00,10587.444583713852,11029.69553307875,8039.903068934545
forecast_8053,2025-12-02 13:00:00,11749.713059405609,11974.751476650468,9270.580298356279
forecast_8054,2025-12-02 14:00:00,12276.784200882748,12551.735435135968,9898.420549140064
forecast_8055,2025-12-02 15:00:00,13274.228735481258,13606.05022505284,11002.97435840281
forecast_8056,2025-12-02 16:00:00,13735.403938636315,14395.46100565826,11956.638190561956
forecast_8057,2025-12-02 17:00:00,14579.036388677381,15263.621978054385,12918.967302271983
forecast_8058,2025-12-02 18:00:00,16102.754340665677,16649.59040641024,14380.209456081951
forecast_8059,2025-12-02 19:00:00,16750.086082774847,17267.33165161421,15119.192584496415
forecast_8060,2025-12-02 20:00:00,17530.31254089243,18175.4752810078,16434.709568537706
forecast_8061,2025-12-02 21:00:00,18096.420982729825,18663.59486693145,16981.42006288179
forecast_8062,2025-12-02 22:00:00,18247.082696161386,18822.22831492436,17227.680794132153
forecast_8063,2025-12-02 23:00:00,18479.221402684467,18938.116597815573,17204.978628220742
forecast_8064,2025-12-03 00:00:00,18856.734488614,19198.90391166859,17364.448150452194
forecast_8065,2025-12-03 01:00:00,18532.93770152868,19219.847042363894,17651.70876121229
forecast_8066,2025-12-03 02:00:00,18807.245747192683,19329.751791196155,17638.385463234637
forecast_8067,2025-12-03 03:00:00,18821.572842195746,19254.576673261912,17356.585253610996
forecast_8068,2025-12-03 04:00:00,18393.29523765785,18862.23009113656,16702.18279975408
forecast_8069,2025-12-03 05:00:00,17132.967920334228,17962.253829272857,15482.442138147506
forecast_8070,2025-12-03 06:00:00,16604.70510785088,17560.047117544134,15077.659784679527
forecast_8071,2025-12-03 07:00:00,16249.058885231074,16998.629233632746,14244.886401461463
forecast_8072,2025-12-03 08:00:00,16225.12663728111,16943.768292183282,14188.874821760277
forecast_8073,2025-12-03 09:00:00,16703.028751788945,17358.942162020343,14637.235406506541
forecast_8074,2025-12-03 10:00:00,16829.378182486907,17651.596937656956,15298.43222679188
forecast_8075,2025-12-03 11:00:00,16913.16146218028,17394.352439463888,14854.202587753236
forecast_8076,2025-12-03 12:00:00,16590.66156811754,17120.84976617999,14730.00836479434
forecast_8077,2025-12-03 13:00:00,16938.685007817756,17344.860146829895,15089.63700024169
forecast_8078,2025-12-03 14:00:00,17224.18575172942,17574.726842365955,15326.391166860742
forecast_8079,2025-12-03 15:00:00,16971.009830261326,17453.34835847672,15270.715758537573
forecast_8080,2025-12-03 16:00:00,16678.852048661327,17314.223747871976,15227.868859619544
forecast_8081,2025-12-03 17:00:00,16732.26774322593,17427.30426915793,15315.410759386541
forecast_8082,2025-12-03 18:00:00,16506.372639850983,17052.870125891877,15023.78861268173
forecast_8083,2025-12-03 19:00:00,16128.283260734253,16700.707599221583,14589.789863911745
forecast_8084,2025-12-03 20:00:00,16211.023265034602,16987.3038421418,14982.506055438593
forecast_8085,2025-12-03 21:00:00,16674.427399388376,17422.339923258776,15263.967372152254
forecast_8086,2025-12-03 22:00:00,17210.329476199004,18041.01498854068,15942.688580843553
forecast_8087,2025-12-03 23:00:00,17909.851964307567,18744.74609999123,16759.39746955285
forecast_8088,2025-12-04 00:00:00,16557.600980746494,17006.754233005566,14110.406343536268
forecast_8089,2025-12-04 01:00:00,18036.97927575044,18509.936147703906,15771.567678338131
forecast_8090,2025-12-04 02:00:00,19262.042808170874,19282.782306357734,16351.421875938657
forecast_8091,2025-12-04 03:00:00,19791.857199916412,19852.10376081863,17407.02153302216
forecast_8092,2025-12-04 04:00:00,20312.486871086032,20333.603993818608,18229.280486514275
forecast_8093,2025-12-04 05:00:00,20284.168114517037,20533.5136434727,19254.95530377916
forecast_8094,2025-12-04 06:00:00,20687.54212923896,20860.427841012668,19790.437571014027
forecast_8095,2025-12-04 07:00:00,21184.450422892187,21118.801812267062,19806.396311788732
forecast_8096,2025-12-04 08:00:00,21211.830036899184,21133.91476487398,19749.737402009447
forecast_8097,2025-12-04 09:00:00,20308.678272713034,20567.07257833551,19029.097532811935
forecast_8098,2025-12-04 10:00:00,18454.70690473175,19371.2516347848,17551.725055231804
forecast_8099,2025-12-04 11:00:00,16516.215139860506,17465.816824927642,14982.277550744442
forecast_8100,2025-12-04 12:00:00,14592.09002614982,15459.194320790266,12523.637662371922
forecast_8101,2025-12-04 13:00:00,14538.544471464997,15557.861489040562,12904.900184472514
forecast_8102,2025-12-04 14:00:00,14049.858470313455,14851.688941485634,12130.903212542189
forecast_8103,2025-12-04 15:00:00,13669.36067727323,14321.261463321243,11685.039887282503
forecast_8104,2025-12-04 16:00:00,13857.566890710292,14393.279391066408,12055.84813934791
forecast_8105,2025-12-04 17:00:00,14770.30574010713,15523.06415515756,13028.167343735991
forecast_8106,2025-12-04 18:00:00,16095.09694479387,17007.437344962913,15538.094015898909
forecast_8107,2025-12-04 19:00:00,17289.136014062722,18074.124370815494,16983.096502423246
forecast_8108,2025-12-04 20:00:00,18460.922463845312,18713.72211418324,17129.137399571642
forecast_8109,2025-12-04 21:00:00,18298.42794070769,18534.65639815526,16976.600109122028
forecast_8110,2025-12-04 22:00:00,16604.809381539733,16976.28236195225,14983.443144487966
forecast_8111,2025-12-04 23:00:00,17400.414929383547,17579.69007983922,15261.38944747722
forecast_8112,2025-12-05 00:00:00,17320.892187200763,17644.299703925855,15452.180558348806
forecast_8113,2025-12-05 01:00:00,16256.561435085216,16607.79554897693,14081.3625678995
forecast_8114,2025-12-05 02:00:00,17033.396677460834,17362.52839911864,14805.446143309171
forecast_8115,2025-12-05 03:00:00,16590.454999274527,17066.45665248239,14499.510998418222
forecast_8116,2025-12-05 04:00:00,17449.289939696813,17725.886281155395,14946.960180338616
forecast_8117,2025-12-05 05:00:00,16778.889117746385,17223.608841836725,14446.474487879737
forecast_8118,2025-12-05 06:00:00,18152.409314890298,18561.687260378705,15740.647689530526
forecast_8119,2025-12-05 07:00:00,18847.7931400479,19081.56182578447,16232.122013814533
forecast_8120,2025-12-05 08:00:00,18884.04782869859,19179.362371501982,16385.124080627495
forecast_8121,2025-12-05 09:00:00,18391.709098745785,18491.398747112944,15116.535687312717
forecast_8122,2025-12-05 10:00:00,17277.04450984483,17500.73427595901,13921.645861246932
forecast_8123,2025-12-05 11:00:00,15999.19855230328,16244.445207880979,12490.969656024996
forecast_8124,2025-12-05 12:00:00,14171.676259942587,14391.272406298676,10594.586357553499
forecast_8125,2025-12-05 13:00:00,12616.496336346492,13087.189947585011,9605.041218182887
forecast_8126,2025-12-05 14:00:00,14323.217083765796,14662.50387909859,11271.601573088716
forecast_8127,2025-12-05 15:00:00,16226.443001268572,16648.25925141603,13608.268062964635
forecast_8128,2025-12-05 16:00:00,16999.805268606782,17342.758704172764,14436.35728755225
forecast_8129,2025-12-05 17:00:00,18188.15963393513,18250.60373872568,15344.823635368288
forecast_8130,2025-12-05 18:00:00,18095.277122880867,18349.706948910545,15669.659916625877
forecast_8131,2025-12-05 19:00:00,17703.977350789704,18075.813459221605,15384.30042491407
forecast_8132,2025-12-05 20:00:00,18107.876597821618,18593.278036183918,16368.640673694925
forecast_8133,2025-12-05 21:00:00,19661.143958525572,19651.565213889895,17360.880653085136
forecast_8134,2025-12-05 22:00:00,20307.24686415965,20112.23670305338,17869.36633449328
forecast_8135,2025-12-05 23:00:00,20225.692403551064,20216.542937377842,18358.53609627438
forecast_8136,2025-12-06 00:00:00,20548.96631235458,20539.23565783842,18894.782111446435
forecast_8137,2025-12-06 01:00:00,20662.631933850294,20595.292450588855,18809.358890776333
forecast_8138,2025-12-06 02:00:00,21013.393715506907,20916.05816146172,19463.120536906874
forecast_8139,2025-12-06 03:00:00,21143.718087799887,20978.80728805958,19430.935242526986
forecast_8140,2025-12-06 04:00:00,21232.125188310314,20942.99334086517,19012.597248176353
forecast_8141,2025-12-06 05:00:00,21088.373066179083,20895.72657604253,19156.939714445318
forecast_8142,2025-12-06 06:00:00,21304.63657872669,20963.14358696662,18905.675069634468
forecast_8143,2025-12-06 07:00:00,21052.308214162436,20744.191443459775,18517.18494342583
forecast_8144,2025-12-06 08:00:00,19754.934460179782,19741.64725443021,17179.88769704484
forecast_8145,2025-12-06 09:00:00,18589.67491019772,18718.42259815104,15543.348792068142
forecast_8146,2025-12-06 10:00:00,17890.586621974966,18409.61595339913,15821.96521601827
forecast_8147,2025-12-06 11:00:00,17973.18983093527,18488.76740487144,16181.093033019042
forecast_8148,2025-12-06 12:00:00,18145.483003605877,18775.149782458684,17394.29897626355
forecast_8149,2025-12-06 13:00:00,17711.576277412827,18106.352985191934,16065.513793308302
forecast_8150,2025-12-06 14:00:00,17793.39648474378,18163.790834503736,16211.923546693146
forecast_8151,2025-12-06 15:00:00,17992.592679391153,18551.69117697802,16882.908669379038
forecast_8152,2025-12-06 16:00:00,18233.115970592717,18621.850393228822,16977.705277585304
forecast_8153,2025-12-06 17:00:00,17637.977104761012,18294.589610956835,16757.57775221428
forecast_8154,2025-12-06 18:00:00,17623.737643882647,18144.966714527785,16517.953455695857
forecast_8155,2025-12-06 19:00:00,18461.340301942386,18804.4962593308,17167.183110835504
forecast_8156,2025-12-06 20:00:00,18825.40825902325,19325.10725410637,18126.28086080233
forecast_8157,2025-12-06 21:00:00,19442.73579121911,19777.681282734353,18410.383627292544
forecast_8158,2025-12-06 22:00:00,19541.918789132695,19711.01411265025,18309.7262691178
forecast_8159,2025-12-06 23:00:00,19452.70440944342,19598.735014595833,18052.372645652074
forecast_8160,2025-12-07 00:00:00,19632.155334278214,19757.748865210597,18234.67734166041
forecast_8161,2025-12-07 01:00:00,18816.76189593345,18980.039251033006,17395.926591932708
forecast_8162,2025-12-07 02:00:00,18497.891074672974,18700.666496177186,17026.956423472177
forecast_8163,2025-12-07 03:00:00,18423.773988641115,18684.041418305576,16989.26488287565
forecast_8164,2025-12-07 04:00:00,18829.274810702962,18852.505594328035,17117.86029437117
forecast_8165,2025-12-07 05:00:00,18879.368075729966,19005.72274561466,17452.146764177724
forecast_8166,2025-12-07 06:00:00,19334.13993739205,19477.495941367037,18031.077006651532
forecast_8167,2025-12-07 07:00:00,19828.315577474707,19887.19323283384,18496.969003826383
forecast_8168,2025-12-07 08:00:00,19957.12414350537,20040.673812253746,18640.654949665677
forecast_8169,2025-12-07 09:00:00,19649.387254117355,19688.722775495684,18091.019456224716
forecast_8170,2025-12-07 10:00:00,19194.553328761962,19321.731643048504,17533.85150363667
forecast_8171,2025-12-07 11:00:00,18680.330698346545,18941.77043068184,17143.19848421021
forecast_8172,2025-12-07 12:00:00,18148.52752085303,18571.34862753427,16925.027237112976
forecast_8173,2025-12-07 13:00:00,18070.01577711605,18523.48917589047,17015.055126223047
forecast_8174,2025-12-07 14:00:00,18628.552110553348,18930.033828912343,17371.55922702125
forecast_8175,2025-12-07 15:00:00,19001.90308496126,19277.521555957257,17840.291960459355
forecast_8176,2025-12-07 16:00:00,18998.825103667885,19191.603192840674,17686.276594131283
forecast_8177,2025-12-07 17:00:00,19142.51921696951,19315.110678396428,17906.73410215165
forecast_8178,2025-12-07 18:00:00,18818.034483195937,19143.332570301845,17917.8646114362
forecast_8179,2025-12-07 19:00:00,19167.85145343006,19411.897152498335,18191.232754522625
forecast_8180,2025-12-07 20:00:00,18887.559018801272,19115.143272442598,17872.40593053087
forecast_8181,2025-12-07 21:00:00,18882.180893495664,19068.188424454103,17720.734317134382
forecast_8182,2025-12-07 22:00:00,19063.431351936382,19277.67580288838,17833.019121726207
forecast_8183,2025-12-07 23:00:00,18717.1545823942,19026.721719512094,17433.527617546253
forecast_8184,2025-12-08 00:00:00,18454.38463580235,18867.372441698644,17293.41313335161
forecast_8185,2025-12-08 01:00:00,18525.475060849,19012.994840115585,17477.557008471194
forecast_8186,2025-12-08 02:00:00,18481.048455726268,18959.826218305087,17179.450090551945
forecast_8187,2025-12-08 03:00:00,18019.29510398709,18689.5756381377,16898.77537570876
forecast_8188,2025-12-08 04:00:00,17463.927396932522,18056.748147258997,15814.24951468531
forecast_8189,2025-12-08 05:00:00,16276.432362832411,16856.53535139648,14587.873152968292
forecast_8190,2025-12-08 06:00:00,15908.47367081038,16404.07147280434,13811.479393152862
forecast_8191,2025-12-08 07:00:00,15992.156451432616,16426.989542806674,13732.019051776166
forecast_8192,2025-12-08 08:00:00,13381.835196136153,13748.953866774616,10938.371707049413
forecast_8193,2025-12-08 09:00:00,11838.572112796308,12445.113181623408,9320.074274132225
forecast_8194,2025-12-08 10:00:00,11446.889239221839,11644.07741163965,8466.816908631969
forecast_8195,2025-12-08 11:00:00,9069.496836786033,9072.045800479058,6546.606103315238
forecast_8196,2025-12-08 12:00:00,6534.804261212204,6455.527258758175,4648.059019606637
forecast_8197,2025-12-08 13:00:00,5048.710198465616,5453.879898248175,4178.666786201271
forecast_8198,2025-12-08 14:00:00,5206.312735194244,5647.189480279061,4414.649973702863
forecast_8199,2025-12-08 15:00:00,5374.261425172506,6048.487328486952,4755.980081144518
forecast_8200,2025-12-08 16:00:00,6112.9271173746,6592.221371512605,5018.445524235236
forecast_8201,2025-12-08 17:00:00,8788.096722643444,8733.877663426736,6168.314868102363
forecast_8202,2025-12-08 18:00:00,11813.584767436381,11572.433226571247,8201.587257877554
forecast_8203,2025-12-08 19:00:00,13167.638584240525,13102.358392207057,9522.036583858495
forecast_8204,2025-12-08 20:00:00,14629.816231652367,14699.401372345706,11070.967752648787
forecast_8205,2025-12-08 21:00:00,16087.753086586055,16103.238550591173,12447.152336112098
forecast_8206,2025-12-08 22:00:00,16760.356689218854,16753.23255936268,13077.624119218337
forecast_8207,2025-12-08 23:00:00,16245.758881859425,16287.404156009057,12513.319202380084
forecast_8208,2025-12-09 00:00:00,16541.693439038452,16575.37247997743,12694.16756458081
forecast_8209,2025-12-09 01:00:00,15735.52699468233,15837.979152096901,11830.384761477872
forecast_8210,2025-12-09 02:00:00,17437.018072822946,17569.773905969287,13853.364398796344
forecast_8211,2025-12-09 03:00:00,18405.34250242115,18464.625796452834,14956.367705789498
forecast_8212,2025-12-09 04:00:00,18579.469954445474,18643.04297630386,15152.659911342244
forecast_8213,2025-12-09 05:00:00,18362.40234597111,18551.839618770457,15217.898704843843
forecast_8214,2025-12-09 06:00:00,18265.337542775876,18506.19547267005,15216.076056339909
forecast_8215,2025-12-09 07:00:00,18997.875829695335,19109.64690523418,15898.746026161583
forecast_8216,2025-12-09 08:00:00,19446.674372718273,19531.99503091276,16604.781285275192
forecast_8217,2025-12-09 09:00:00,17803.40558441647,18455.120050125002,15815.929790540213
forecast_8218,2025-12-09 10:00:00,16777.669083805587,17614.524554720694,14832.806664497755
forecast_8219,2025-12-09 11:00:00,15899.218006155028,16846.475508716474,14148.861645169163
forecast_8220,2025-12-09 12:00:00,14513.699346045218,15253.551507013304,12102.870247952651
forecast_8221,2025-12-09 13:00:00,13226.286170935286,13845.568444077286,10564.442567933933
forecast_8222,2025-12-09 14:00:00,13054.07250752556,13472.326843927753,10195.665977925275
forecast_8223,2025-12-09 15:00:00,12771.428776003504,13050.579112438838,9955.739757336389
forecast_8224,2025-12-09 16:00:00,12313.734672368118,12475.160084255462,9618.927018916178
forecast_8225,2025-12-09 17:00:00,12277.751986459385,12627.332185084333,9545.236502527883
forecast_8226,2025-12-09 18:00:00,13720.033078240123,14080.549467897383,10867.700663054087
forecast_8227,2025-12-09 19:00:00,14866.389244996362,15235.960709475818,11997.198860154442
forecast_8228,2025-12-09 20:00:00,14950.270365433405,15178.849366283408,11751.213239694363
forecast_8229,2025-12-09 21:00:00,14104.756911353148,14574.255353616909,11221.427306150512
forecast_8230,2025-12-09 22:00:00,13301.701638422923,13819.246021262097,10420.09832631051
forecast_8231,2025-12-09 23:00:00,12994.637185922003,13547.702504829278,10121.134796575203
forecast_8232,2025-12-10 00:00:00,12652.532782535549,13547.478595622015,10051.68577286009
forecast_8233,2025-12-10 01:00:00,12153.724564126505,12542.301649807876,8791.979001188858
forecast_8234,2025-12-10 02:00:00,13807.868953578129,14179.772587510217,10285.229249202135
forecast_8235,2025-12-10 03:00:00,16361.893478444472,16756.69623218982,13148.185086061827
forecast_8236,2025-12-10 04:00:00,17269.051109824235,17553.12545104034,13941.705764546678
forecast_8237,2025-12-10 05:00:00,17126.736262173923,17730.65529127901,14562.25105924555
forecast_8238,2025-12-10 06:00:00,17613.407473629282,18053.900485508424,14873.163084290303
forecast_8239,2025-12-10 07:00:00,18079.404122960936,18430.425548085703,15174.275719502362
forecast_8240,2025-12-10 08:00:00,17629.80203547616,18043.508897087897,14821.015283809631
forecast_8241,2025-12-10 09:00:00,16344.124143584011,16774.415943823038,13252.608967817025
forecast_8242,2025-12-10 10:00:00,14512.836296870611,15246.00275983433,11945.400515527313
forecast_8243,2025-12-10 11:00:00,13507.322960101397,14204.052602426105,10928.52764243049
forecast_8244,2025-12-10 12:00:00,12715.342819204767,12982.213268359366,9540.388716924474
forecast_8245,2025-12-10 13:00:00,12007.042862022425,12195.944357816832,8808.954356306584
forecast_8246,2025-12-10 14:00:00,11276.549658056312,11198.664740831096,7852.551902565083
forecast_8247,2025-12-10 15:00:00,9872.241340588229,9872.556944950637,7111.42818096351
forecast_8248,2025-12-10 16:00:00,7670.503153649814,7526.5189853707725,5077.080271346824
forecast_8249,2025-12-10 17:00:00,6924.783956607263,7346.422038322824,5037.301220338499
forecast_8250,2025-12-10 18:00:00,7217.91108643197,8037.151067199887,5618.234529990347
forecast_8251,2025-12-10 19:00:00,7322.9168117323225,8246.257189371101,5957.533833850125
forecast_8252,2025-12-10 20:00:00,8419.654303398005,9215.662236473354,6637.617999701446
forecast_8253,2025-12-10 21:00:00,13057.918461166177,13762.778743884275,10484.093896280912
forecast_8254,2025-12-10 22:00:00,15751.582293667636,16070.163745579994,12676.075748696981
forecast_8255,2025-12-10 23:00:00,17029.28326002632,17616.48900922823,15013.581871849474
forecast_8256,2025-12-11 00:00:00,15700.68120261298,16222.369649272918,13407.658332015384
forecast_8257,2025-12-11 01:00:00,18912.732200760915,19236.231005398015,17111.65576431467
forecast_8258,2025-12-11 02:00:00,18515.46408551005,19276.898017340878,17761.483417527335
forecast_8259,2025-12-11 03:00:00,19266.010077461222,19888.906338210636,18755.26484447234
forecast_8260,2025-12-11 04:00:00,20142.553575835125,20427.496329806192,19280.682286221243
forecast_8261,2025-12-11 05:00:00,20031.32095259436,20231.31903004028,18858.91406085576
forecast_8262,2025-12-11 06:00:00,19099.67824881633,19206.07026569236,17436.95540823857
forecast_8263,2025-12-11 07:00:00,19436.310597465545,19775.38196671428,18152.242447785047
forecast_8264,2025-12-11 08:00:00,18978.401489076245,19006.383537904214,16944.211301629428
forecast_8265,2025-12-11 09:00:00,16812.190601168113,17201.852825765578,15101.57614646417
forecast_8266,2025-12-11 10:00:00,18868.773881084613,19476.108957773573,18085.827069252016
forecast_8267,2025-12-11 11:00:00,17110.972123223946,18012.60413233538,16396.173068715474
forecast_8268,2025-12-11 12:00:00,16743.338045292774,17501.830019226454,15530.705308858463
forecast_8269,2025-12-11 13:00:00,14715.390389210172,15556.7728464654,13214.21955084843
forecast_8270,2025-12-11 14:00:00,13205.423307509287,13701.627210811937,10993.420156078057
forecast_8271,2025-12-11 15:00:00,12731.816991552707,13263.131963842046,10617.165181663713
forecast_8272,2025-12-11 16:00:00,13043.893855310333,13780.446687349067,11326.605239617063
forecast_8273,2025-12-11 17:00:00,14488.09347634931,15368.70949779098,13035.50434808359
forecast_8274,2025-12-11 18:00:00,15414.023139033077,16310.305985950396,14145.640977406943
forecast_8275,2025-12-11 19:00:00,15265.534102921754,15757.904316573902,13464.428780736538
forecast_8276,2025-12-11 20:00:00,13272.186565731627,12673.881297310389,9454.86751133212
forecast_8277,2025-12-11 21:00:00,6881.570657894574,6647.69314068267,4746.479248671936
forecast_8278,2025-12-11 22:00:00,4422.793743433261,4892.695836280473,3438.31068531597
forecast_8279,2025-12-11 23:00:00,4026.449348710467,4589.581263337872,3296.224948482095
forecast_8280,2025-12-12 00:00:00,4694.860118426559,5367.01208732331,4045.2448562688915
forecast_8281,2025-12-12 01:00:00,4156.058479542962,5678.166058280299,4450.851668038188
forecast_8282,2025-12-12 02:00:00,3411.6697722762856,4815.5845199293635,3743.7040763566065
forecast_8283,2025-12-12 03:00:00,2498.4577422056636,3528.7881037506313,2687.6731267534988
forecast_8284,2025-12-12 04:00:00,2590.5352677532246,3445.752800619488,2500.7775700647935
forecast_8285,2025-12-12 05:00:00,2837.6701969425612,3705.728981903858,2615.9641485285174
forecast_8286,2025-12-12 06:00:00,2576.0563786214675,3446.9349892588034,2420.963878997244
forecast_8287,2025-12-12 07:00:00,2545.4038683257895,3298.3752962004924,2329.9298113811524
forecast_8288,2025-12-12 08:00:00,2097.945876300543,2936.6545929719414,2049.8394263310233
forecast_8289,2025-12-12 09:00:00,1780.4371426053317,2688.5615756003062,1884.2513514827106
forecast_8290,2025-12-12 10:00:00,1388.6458392782145,2336.0320542671057,1795.8136513918655
forecast_8291,2025-12-12 11:00:00,1418.012721626878,2297.220396683278,1730.0611487177207
forecast_8292,2025-12-12 12:00:00,1370.93796543991,2190.696030477925,1725.7741720787185
forecast_8293,2025-12-12 13:00:00,1351.1150073714557,2174.2559168102334,1809.9737850065808
forecast_8294,2025-12-12 14:00:00,1146.2451215914289,2047.4591061191777,1813.9267359947091
forecast_8295,2025-12-12 15:00:00,1137.1640749725025,2093.361062357106,1783.8810254059892
forecast_8296,2025-12-12 16:00:00,1371.353970052247,2246.6284994474245,1855.5101148184158
forecast_8297,2025-12-12 17:00:00,1146.083063349696,2073.1960390701497,1680.7261479303481
forecast_8298,2025-12-12 18:00:00,1327.8550022686595,2181.503168061048,1647.8433824279402
forecast_8299,2025-12-12 19:00:00,1759.920598019746,2703.861915935165,2039.4482843763105
forecast_8300,2025-12-12 20:00:00,2307.0289834850482,3291.921037317882,2455.133915683131
forecast_8301,2025-12-12 21:00:00,3756.6447711070527,4676.163904645533,3304.2538768191293
forecast_8302,2025-12-12 22:00:00,3649.7931165428804,4301.476461190416,2956.9969186980748
forecast_8303,2025-12-12 23:00:00,4062.2214077828958,5246.304796719072,3872.0066916191545
forecast_8304,2025-12-13 00:00:00,4606.354610883094,6024.544461952104,4477.488629486934
forecast_8305,2025-12-13 01:00:00,5592.473633969512,6859.94539482166,5096.47787541893
forecast_8306,2025-12-13 02:00:00,5852.350598628769,6976.742797911543,5100.0634382395265
forecast_8307,2025-12-13 03:00:00,5149.678325751466,6052.973713821363,3972.733210938288
forecast_8308,2025-12-13 04:00:00,6978.904717897888,8153.440259768733,5395.4751183477365
forecast_8309,2025-12-13 05:00:00,7517.444644536306,8743.71331993024,5909.452273908629
forecast_8310,2025-12-13 06:00:00,8724.302675528555,10158.841591907865,7011.848950794794
forecast_8311,2025-12-13 07:00:00,8629.238443283426,9853.793649816575,6767.204192628554
forecast_8312,2025-12-13 08:00:00,8100.4126131437,9094.533731879732,6153.846565859932
forecast_8313,2025-12-13 09:00:00,7119.117619762007,8697.835133881534,6069.208651903279
forecast_8314,2025-12-13 10:00:00,6522.524955696673,7931.961692062561,5597.704483457083
forecast_8315,2025-12-13 11:00:00,4660.6578393678465,5580.099722606676,3890.7115057296505
forecast_8316,2025-12-13 12:00:00,4777.959472700417,5430.128456919247,3747.8639088057116
forecast_8317,2025-12-13 13:00:00,2564.8976513687644,3280.2643679697167,2378.5011175067716
forecast_8318,2025-12-13 14:00:00,2305.569659810574,3351.918577153451,2549.1698017868443
forecast_8319,2025-12-13 15:00:00,2083.2079786279173,3237.772958938389,2598.4916784687243
forecast_8320,2025-12-13 16:00:00,1804.7709206430015,2796.535277605541,2273.4212455983893
forecast_8321,2025-12-13 17:00:00,2236.676224406555,3044.1781205582874,2288.2594335341128
forecast_8322,2025-12-13 18:00:00,2786.784062686388,3710.1964541168545,2753.975365410543
forecast_8323,2025-12-13 19:00:00,3178.747564947599,4047.0174789122675,2952.990517465885
forecast_8324,2025-12-13 20:00:00,3927.3933858273977,4829.900578919749,3490.779554139352
forecast_8325,2025-12-13 21:00:00,5300.511490890483,5806.473383112716,3975.3944296442796
forecast_8326,2025-12-13 22:00:00,7810.908441918345,8223.43274005974,5658.78384841419
forecast_8327,2025-12-13 23:00:00,9148.634400560299,9411.813446154305,6431.274391244442
forecast_8328,2025-12-14 00:00:00,11797.498303356286,13193.727698799812,11124.591125241897
forecast_8329,2025-12-14 01:00:00,15699.796561256553,16407.644142653382,13865.824929371269
forecast_8330,2025-12-14 02:00:00,15857.838097354406,16713.74758332113,14155.82726257022
forecast_8331,2025-12-14 03:00:00,16692.69372540665,17004.68077319215,14357.28763763894
forecast_8332,2025-12-14 04:00:00,16671.5774781727,17367.159827237105,14937.154406804402
forecast_8333,2025-12-14 05:00:00,17109.719368830847,17989.04682321436,15742.320008539356
forecast_8334,2025-12-14 06:00:00,16607.171931241603,17302.935332636716,14885.859782712536
forecast_8335,2025-12-14 07:00:00,16931.653976194713,17926.479933331186,15974.535319782954
forecast_8336,2025-12-14 08:00:00,17096.093646609712,18147.633820084073,16110.603292778764
forecast_8337,2025-12-14 09:00:00,17590.7407046126,18348.432904839916,16265.329705664251
forecast_8338,2025-12-14 10:00:00,16222.825287252415,17026.12779554845,14316.008633063724
forecast_8339,2025-12-14 11:00:00,15136.514122795357,16144.509594045987,13324.479836514627
forecast_8340,2025-12-14 12:00:00,14784.700771909302,15331.331593961291,12134.054293306122
forecast_8341,2025-12-14 13:00:00,13463.646318071349,14018.540428723989,10887.556338908935
forecast_8342,2025-12-14 14:00:00,11368.86438955769,12038.799504239942,9317.504887324354
forecast_8343,2025-12-14 15:00:00,10753.984844340692,10950.658596216661,8167.943049752966
forecast_8344,2025-12-14 16:00:00,11294.101125916874,11553.423028442912,8700.371861120084
forecast_8345,2025-12-14 17:00:00,13322.669173314418,13731.244785353938,10648.50649815871
forecast_8346,2025-12-14 18:00:00,15400.265020428826,15968.283947287695,13143.204690680577
forecast_8347,2025-12-14 19:00:00,16456.730741939522,17160.698273506994,14796.880930098881
forecast_8348,2025-12-14 20:00:00,16721.314191811114,17505.11605533291,15320.653494451693
forecast_8349,2025-12-14 21:00:00,16567.729467826633,17349.695897105514,15084.106509053614
forecast_8350,2025-12-14 22:00:00,16551.048933803264,17214.74418030486,14827.123534307335
forecast_8351,2025-12-14 23:00:00,16419.474451849932,17088.503122269358,14642.819364572875
forecast_8352,2025-12-15 00:00:00,18221.416259139995,18636.306245195956,16329.121030967386
forecast_8353,2025-12-15 01:00:00,18689.403604243256,18957.281919044908,16546.71879991229
forecast_8354,2025-12-15 02:00:00,19017.276488576616,19219.15289062526,16764.020092430605
forecast_8355,2025-12-15 03:00:00,19158.55496855066,19392.540917519636,16953.038302214314
forecast_8356,2025-12-15 04:00:00,19140.18971714352,19457.532166070618,17108.301013984004
forecast_8357,2025-12-15 05:00:00,19022.569767034125,19264.695086512722,16623.74735080212
forecast_8358,2025-12-15 06:00:00,19276.211017007947,19478.974165539992,16895.693761885897
forecast_8359,2025-12-15 07:00:00,19395.60592629238,19423.39831338274,16458.68530053408
forecast_8360,2025-12-15 08:00:00,18561.757656817295,18667.61121205275,15380.65268472668
forecast_8361,2025-12-15 09:00:00,17450.697316742982,17691.545635830196,14057.81941003133
forecast_8362,2025-12-15 10:00:00,16909.398868065575,17364.040657614438,14049.615618150881
forecast_8363,2025-12-15 11:00:00,15096.663016605,15336.770978639168,11605.851119944198
forecast_8364,2025-12-15 12:00:00,12837.058957359837,13084.945377473381,9405.842805043187
forecast_8365,2025-12-15 13:00:00,11628.217851921965,12046.746863297834,8636.317594862445
forecast_8366,2025-12-15 14:00:00,14181.088759877099,14586.133653809724,11151.277422503494
forecast_8367,2025-12-15 15:00:00,15517.544646769526,16075.111307926334,12964.139649577348
forecast_8368,2025-12-15 16:00:00,15848.967069197863,16381.095534950948,13412.934740229408
forecast_8369,2025-12-15 17:00:00,18460.40850328115,18791.00089090357,16547.24849727341
forecast_8370,2025-12-15 18:00:00,19488.453509157494,19792.600529173524,18211.252205793167
forecast_8371,2025-12-15 19:00:00,19981.34756350365,20083.704189336237,18399.214498009624
forecast_8372,2025-12-15 20:00:00,20230.851385648923,20281.962435904035,18651.70193373861
forecast_8373,2025-12-15 21:00:00,20538.203945018548,20421.34085905396,18624.96006946305
forecast_8374,2025-12-15 22:00:00,19698.443148162398,19659.842364001142,17370.433574470968
forecast_8375,2025-12-15 23:00:00,19174.09496681061,18980.802325138502,15990.610180831147
forecast_8376,2025-12-16 00:00:00,17176.753870697576,17529.896023586694,14543.73662819582
forecast_8377,2025-12-16 01:00:00,19341.687311548725,19590.034014117642,17380.657916122786
forecast_8378,2025-12-16 02:00:00,18696.22088867495,19058.7244060582,16555.52196949107
forecast_8379,2025-12-16 03:00:00,16670.029199299068,17200.846238982278,14209.549473824116
forecast_8380,2025-12-16 04:00:00,14388.684909822,15196.173179214427,12187.99422106184
forecast_8381,2025-12-16 05:00:00,13573.006144005667,14445.633134954038,11349.234559663255
forecast_8382,2025-12-16 06:00:00,13688.92485058032,14492.648286603202,11444.267080017415
forecast_8383,2025-12-16 07:00:00,13428.949141021569,14153.572682642192,10961.844851911705
forecast_8384,2025-12-16 08:00:00,12829.399615415152,13409.343683514453,10222.88582114594
forecast_8385,2025-12-16 09:00:00,11621.44222061794,12410.393494116384,9620.270380525926
forecast_8386,2025-12-16 10:00:00,12165.509831902576,13065.445226195938,10361.883735414378
forecast_8387,2025-12-16 11:00:00,12376.168957453252,12925.460171539991,9887.210993160083
forecast_8388,2025-12-16 12:00:00,12905.148806507523,13395.56079685768,10478.186784829208
forecast_8389,2025-12-16 13:00:00,12442.56155755877,12782.403680210507,9717.89881039826
forecast_8390,2025-12-16 14:00:00,12943.034974064978,13217.120942504393,10269.968426126004
forecast_8391,2025-12-16 15:00:00,11484.14522862859,12027.926171762732,9585.464768742326
forecast_8392,2025-12-16 16:00:00,11578.020896697564,11909.418237849182,9255.620283681676
forecast_8393,2025-12-16 17:00:00,10481.779326359065,10927.070475090119,9042.428162732172
forecast_8394,2025-12-16 18:00:00,10304.795561331432,10437.278800667144,7998.521213584065
forecast_8395,2025-12-16 19:00:00,9113.783523548784,9315.50219824514,6957.6372873085475
forecast_8396,2025-12-16 20:00:00,7651.590086323905,7703.980363944676,5529.4014867512615
forecast_8397,2025-12-16 21:00:00,8030.739945983774,7660.756727796539,5301.505546128581
forecast_8398,2025-12-16 22:00:00,6452.2178176946545,6036.158730442761,4179.586723292605
forecast_8399,2025-12-16 23:00:00,5794.045737315144,5719.7949391695975,4058.147475335157
forecast_8400,2025-12-17 00:00:00,7172.942483017957,7702.068494568539,5694.339380559194
forecast_8401,2025-12-17 01:00:00,10417.704018526121,10803.199628317616,8110.209483620636
forecast_8402,2025-12-17 02:00:00,11126.676537065046,11415.68859248493,8439.813642462683
forecast_8403,2025-12-17 03:00:00,10190.566366888797,10516.51612720577,7494.908632496678
forecast_8404,2025-12-17 04:00:00,7926.598467146829,8526.669277405641,5687.49177421009
forecast_8405,2025-12-17 05:00:00,7991.015910627533,8580.766879821427,5676.960872412679
forecast_8406,2025-12-17 06:00:00,8667.985602210181,9022.430052441317,6006.639953868247
forecast_8407,2025-12-17 07:00:00,8975.669228553295,9477.472312192896,6433.1971883743045
forecast_8408,2025-12-17 08:00:00,8162.693497463567,8100.368107580934,5185.723989116186
forecast_8409,2025-12-17 09:00:00,7007.556972323896,7390.480464568477,4844.489388149312
forecast_8410,2025-12-17 10:00:00,6813.3328721285925,7218.444750925415,4767.54066438266
forecast_8411,2025-12-17 11:00:00,7125.793380719132,7107.453620630871,4667.813949041195
forecast_8412,2025-12-17 12:00:00,6145.274286305053,6060.661882866332,4071.3568925388026
forecast_8413,2025-12-17 13:00:00,5404.308384265763,5306.696538364109,3544.6841186116685
forecast_8414,2025-12-17 14:00:00,5205.951565095177,5180.912029367439,3573.275035733088
forecast_8415,2025-12-17 15:00:00,4095.0970101770004,4050.3900443013863,2904.963921038449
forecast_8416,2025-12-17 16:00:00,3008.156101032222,3271.059965678146,2424.825356926222
forecast_8417,2025-12-17 17:00:00,3158.693515914679,3224.487148129504,2021.7685838203906
forecast_8418,2025-12-17 18:00:00,3984.5851668906007,3988.388819430721,2580.906082165481
forecast_8419,2025-12-17 19:00:00,4322.827497545686,4568.694981989345,3077.5687982993986
forecast_8420,2025-12-17 20:00:00,5596.032633471134,5899.016943869217,3980.0000530719763
forecast_8421,2025-12-17 21:00:00,6305.084185223678,6797.785741542806,4693.312083878831
forecast_8422,2025-12-17 22:00:00,7634.167684537556,8089.563911694882,5600.508698175986
forecast_8423,2025-12-17 23:00:00,8279.71241287417,8691.276845368531,5946.389058972312
forecast_8424,2025-12-18 00:00:00,9072.70634415451,9770.604805935014,6747.610074498138
forecast_8425,2025-12-18 01:00:00,13560.06085620715,13780.999710457843,9805.729436537013
forecast_8426,2025-12-18 02:00:00,15058.69953991451,15334.92570570698,11304.358540300691
forecast_8427,2025-12-18 03:00:00,15688.3203910569,15931.574298839541,11928.218837264325
forecast_8428,2025-12-18 04:00:00,16084.464348306834,16283.93521277827,12186.439234095647
forecast_8429,2025-12-18 05:00:00,16195.184929985084,16536.40618489151,12619.146418511045
forecast_8430,2025-12-18 06:00:00,15826.551240733397,16278.137454900541,12417.753233699277
forecast_8431,2025-12-18 07:00:00,14857.534059363848,15123.152884379768,10930.611911274013
forecast_8432,2025-12-18 08:00:00,13919.526943273484,14164.477941800902,10039.122283871218
forecast_8433,2025-12-18 09:00:00,9990.91475349198,10456.865223243756,7127.294443699749
forecast_8434,2025-12-18 10:00:00,8326.109722915138,8897.452324885195,5980.374229576714
forecast_8435,2025-12-18 11:00:00,7513.695912030315,8115.719651826802,5419.660204786045
forecast_8436,2025-12-18 12:00:00,6915.467694254002,7121.404571655326,4618.029606401727
forecast_8437,2025-12-18 13:00:00,5396.245883906338,5693.869678933299,3679.3462790002022
forecast_8438,2025-12-18 14:00:00,5022.030925145209,5064.900432160493,3187.269548111323
forecast_8439,2025-12-18 15:00:00,5759.4498698552625,5575.809044050626,3556.3654319439156
forecast_8440,2025-12-18 16:00:00,5861.346006173588,5589.941226829866,3478.432484449249
forecast_8441,2025-12-18 17:00:00,6702.087971655105,6929.111262019992,4592.658192495787
forecast_8442,2025-12-18 18:00:00,6930.511088706083,7630.43975521968,5374.125165170859
forecast_8443,2025-12-18 19:00:00,7220.6630896648,8154.461302794478,5846.349068920157
forecast_8444,2025-12-18 20:00:00,7829.754232612064,8733.125199522,6278.391534398912
forecast_8445,2025-12-18 21:00:00,9057.45476778148,9938.17673029568,7239.319627256456
forecast_8446,2025-12-18 22:00:00,10892.973291594528,12204.387159949092,9401.464648435292
forecast_8447,2025-12-18 23:00:00,14095.459863314227,14768.571355898901,11626.428548535127
forecast_8448,2025-12-19 00:00:00,15371.236642832553,16014.623267356183,12989.819809220295
forecast_8449,2025-12-19 01:00:00,17747.90001769584,18438.43928235727,16124.70457733207
forecast_8450,2025-12-19 02:00:00,17660.6927153093,18389.458287609443,15998.099527922835
forecast_8451,2025-12-19 03:00:00,17678.454697825877,18253.518163476914,15503.71361994444
forecast_8452,2025-12-19 04:00:00,17178.140466775723,17331.656527485633,14198.752035173615
forecast_8453,2025-12-19 05:00:00,16987.024283256567,17757.549738001948,15384.9775334013
forecast_8454,2025-12-19 06:00:00,18633.9644114289,19014.63930759443,16857.994542673063
forecast_8455,2025-12-19 07:00:00,19004.28281843003,19278.46556324188,17374.10783386299
forecast_8456,2025-12-19 08:00:00,19441.845831999337,19562.553451176398,17591.59117337987
forecast_8457,2025-12-19 09:00:00,19369.00124625274,19583.988707345885,17697.67394152443
forecast_8458,2025-12-19 10:00:00,20478.656389115564,20310.80634010589,18586.679558077383
forecast_8459,2025-12-19 11:00:00,19440.705496518294,19610.476253178444,17844.822042284748
forecast_8460,2025-12-19 12:00:00,18823.420514744073,19167.615322174748,17487.74877833497
forecast_8461,2025-12-19 13:00:00,18801.30991916643,19143.985473371842,17744.31135846733
forecast_8462,2025-12-19 14:00:00,18931.596874344777,19175.68777225986,17592.702204747155
forecast_8463,2025-12-19 15:00:00,18799.08926806906,19071.73970428275,17530.621529567044
forecast_8464,2025-12-19 16:00:00,18593.852306214732,18899.32162887454,17380.16906187975
forecast_8465,2025-12-19 17:00:00,19529.929987160245,19804.33948151843,18505.968154277816
forecast_8466,2025-12-19 18:00:00,19678.91494637756,20094.85763304532,19118.42972532712
forecast_8467,2025-12-19 19:00:00,19282.399786941307,19835.97847729272,18868.697896045283
forecast_8468,2025-12-19 20:00:00,18864.939082261248,19416.343334396515,18249.336050831043
forecast_8469,2025-12-19 21:00:00,19095.97468917752,19658.95624532066,18472.24239435775
forecast_8470,2025-12-19 22:00:00,19288.31151874057,19736.575712579644,18381.88334562603
forecast_8471,2025-12-19 23:00:00,19062.050258356718,19191.840330100007,17060.14909094648
forecast_8472,2025-12-20 00:00:00,18834.615540943072,19100.610909684186,16829.76275969553
forecast_8473,2025-12-20 01:00:00,17079.219601819772,17707.943737665155,15317.797027460429
forecast_8474,2025-12-20 02:00:00,15162.974278696964,15702.448817090044,12705.066610870337
forecast_8475,2025-12-20 03:00:00,15312.109234183949,16017.913763177407,13002.559256210472
forecast_8476,2025-12-20 04:00:00,15114.351394112797,15939.7307530422,12862.87775316844
forecast_8477,2025-12-20 05:00:00,15471.851745807558,16290.791355146303,13444.13802783731
forecast_8478,2025-12-20 06:00:00,15798.737775683163,16554.33692285904,13764.863934222929
forecast_8479,2025-12-20 07:00:00,15830.691356731131,16900.426064303225,14714.998628257345
forecast_8480,2025-12-20 08:00:00,15548.676276965478,16348.231742390813,13891.079414512633
forecast_8481,2025-12-20 09:00:00,15388.383168960658,16214.318009040035,13808.708383737556
forecast_8482,2025-12-20 10:00:00,15447.204759934792,16333.092176810731,14229.525514113571
forecast_8483,2025-12-20 11:00:00,14866.779303615864,15867.659230348148,13812.3055338245
forecast_8484,2025-12-20 12:00:00,15460.798452741801,16195.464558507185,14137.405379440966
forecast_8485,2025-12-20 13:00:00,16249.604387353562,16869.502584700575,15025.583324402764
forecast_8486,2025-12-20 14:00:00,15966.424790145102,16561.98588569301,14708.009416450092
forecast_8487,2025-12-20 15:00:00,14155.773953088796,14748.438403366908,12553.801545963943
forecast_8488,2025-12-20 16:00:00,12220.196671390777,12279.992784434151,9640.095626499724
forecast_8489,2025-12-20 17:00:00,12519.693481123602,12580.003017065515,9764.66967055135
forecast_8490,2025-12-20 18:00:00,13157.262575874462,13456.721383040407,11005.304403727212
forecast_8491,2025-12-20 19:00:00,13158.299563771561,13284.425369834373,10812.496557288847
forecast_8492,2025-12-20 20:00:00,12590.56843431512,12977.855333809879,10764.191370351646
forecast_8493,2025-12-20 21:00:00,12128.169240648032,12061.794437495384,9196.389690274686
forecast_8494,2025-12-20 22:00:00,12801.404050452486,13760.676933767696,11729.875326971543
forecast_8495,2025-12-20 23:00:00,15620.597870657015,15913.702829665111,13451.267552359182
forecast_8496,2025-12-21 00:00:00,16617.912025632475,17283.32653739844,15197.635580830978
forecast_8497,2025-12-21 01:00:00,19809.505016849685,20083.583089975637,18941.637776880256
forecast_8498,2025-12-21 02:00:00,19380.814641556426,19830.416228567243,18723.6230799675
forecast_8499,2025-12-21 03:00:00,19523.688425188993,19950.328939877407,18753.688883595016
forecast_8500,2025-12-21 04:00:00,19098.008849962578,20005.19936396037,18969.261693148477
forecast_8501,2025-12-21 05:00:00,19285.84664772982,20141.735823145194,19026.043898525746
forecast_8502,2025-12-21 06:00:00,18962.539424931463,19771.09595288591,18564.15229300597
forecast_8503,2025-12-21 07:00:00,18595.821077933637,19446.623725717152,17918.943245400813
forecast_8504,2025-12-21 08:00:00,18524.67132596732,19431.64533251468,17913.91246737807
forecast_8505,2025-12-21 09:00:00,16931.44581797513,17885.669208657397,15719.034948685425
forecast_8506,2025-12-21 10:00:00,16028.672347283145,17063.6880954903,14524.074117094482
forecast_8507,2025-12-21 11:00:00,15499.947338298765,16512.06656065744,13713.67276860107
forecast_8508,2025-12-21 12:00:00,14765.577748859905,15624.643534473154,12658.590432512356
forecast_8509,2025-12-21 13:00:00,13045.68962192635,13642.83388355383,10362.99561975663
forecast_8510,2025-12-21 14:00:00,10067.633900133373,10008.067202337264,6824.503283119561
forecast_8511,2025-12-21 15:00:00,6504.915074606245,6703.064061188556,4414.781046394761
forecast_8512,2025-12-21 16:00:00,4979.12726181723,4933.597307879389,3243.266341607778
forecast_8513,2025-12-21 17:00:00,4591.381535238286,4564.254343146653,2998.6079779491065
forecast_8514,2025-12-21 18:00:00,4858.223326856285,4890.03048554286,3258.316025381892
forecast_8515,2025-12-21 19:00:00,5262.9921611457885,5348.035264961985,3532.268758555221
forecast_8516,2025-12-21 20:00:00,4963.601614241534,5101.199870037525,3378.494164303268
forecast_8517,2025-12-21 21:00:00,3553.989703937616,4199.8453752915975,2973.3772115571674
forecast_8518,2025-12-21 22:00:00,3124.1084501807727,3819.7556471546072,2701.289118661937
forecast_8519,2025-12-21 23:00:00,3383.254894072425,3975.7106713231515,2700.7735930462054
forecast_8520,2025-12-22 00:00:00,2741.5347788239756,3185.230380487435,2269.986337286814
forecast_8521,2025-12-22 01:00:00,2378.1116006023585,3554.4995943548774,2966.7466895604275
forecast_8522,2025-12-22 02:00:00,2357.292418650961,3717.6269125577282,3007.5732820504077
forecast_8523,2025-12-22 03:00:00,2177.920776109897,3404.7979021351616,2689.3455563680213
forecast_8524,2025-12-22 04:00:00,1994.4566090786707,3117.5838522428908,2240.1163673317637
forecast_8525,2025-12-22 05:00:00,1985.8340126140047,2917.998216190985,2030.649185440839
forecast_8526,2025-12-22 06:00:00,1933.3657237498114,2964.7067591825426,2052.4896193869854
forecast_8527,2025-12-22 07:00:00,2009.8905427680816,2844.5761867513957,1901.0622505638587
forecast_8528,2025-12-22 08:00:00,2215.3998149166405,2898.7198623858535,1927.385195351522
forecast_8529,2025-12-22 09:00:00,1681.2229174116562,2515.2239804220535,1812.849362858047
forecast_8530,2025-12-22 10:00:00,1372.647862901214,2171.6561963712347,1601.0379718543854
forecast_8531,2025-12-22 11:00:00,1537.8634838343096,2485.1610089574233,2038.4620973715291
forecast_8532,2025-12-22 12:00:00,1476.576778594443,2615.945004355369,2263.6173276017703
forecast_8533,2025-12-22 13:00:00,1570.792780346515,2680.620219673676,2310.1109661868436
forecast_8534,2025-12-22 14:00:00,1089.7800357277888,2105.430991530218,1888.6721807674226
forecast_8535,2025-12-22 15:00:00,1261.3586402210876,2336.621376368307,2029.191118363835
forecast_8536,2025-12-22 16:00:00,1403.0530331081438,2560.448315047982,2229.6228341770698
forecast_8537,2025-12-22 17:00:00,1508.5641836966956,2421.4138502751966,1886.5002525539296
forecast_8538,2025-12-22 18:00:00,1475.1592388936847,2435.5416475390484,1881.8833967722476
forecast_8539,2025-12-22 19:00:00,2062.6525012587267,3238.908448550284,2531.2914364059025
forecast_8540,2025-12-22 20:00:00,2650.613013553948,3996.2261664088737,3092.6439531352257
forecast_8541,2025-12-22 21:00:00,4530.9739187572795,5502.657748629733,3880.459963036377
forecast_8542,2025-12-22 22:00:00,6141.85143832082,7266.191847896691,5197.142385445766
forecast_8543,2025-12-22 23:00:00,5593.708013680854,6591.1484721737,4654.08854446048
forecast_8544,2025-12-23 00:00:00,5911.7070039628015,7219.631608014362,5140.722513532647
forecast_8545,2025-12-23 01:00:00,6395.803122248809,6948.300120665161,4491.647847585381
forecast_8546,2025-12-23 02:00:00,6082.121855105161,6813.075834288773,4439.2984276486995
forecast_8547,2025-12-23 03:00:00,6785.517104696835,7619.860913251932,4958.867616452364
forecast_8548,2025-12-23 04:00:00,5690.214011599508,6637.506211832439,4269.115990001426
forecast_8549,2025-12-23 05:00:00,5874.199250113696,6867.054160198239,4461.223408145692
forecast_8550,2025-12-23 06:00:00,6236.173876164653,7156.098275754282,4701.007636863876
forecast_8551,2025-12-23 07:00:00,6526.941195010595,7434.364388265381,4845.598623050471
forecast_8552,2025-12-23 08:00:00,6995.66091103057,8220.363153162389,5877.827022033575
forecast_8553,2025-12-23 09:00:00,7714.811859649566,9212.80626482852,6927.664374845756
forecast_8554,2025-12-23 10:00:00,9280.003807464844,10640.33291310442,8202.663892160055
forecast_8555,2025-12-23 11:00:00,8507.973613303186,9707.370973559302,7498.487220693619
forecast_8556,2025-12-23 12:00:00,8321.917781072872,9427.654576258603,7276.259598964986
forecast_8557,2025-12-23 13:00:00,8271.437417448822,9261.759414377206,7087.664690708822
forecast_8558,2025-12-23 14:00:00,7907.995140805376,9082.503407709946,7162.871212191357
forecast_8559,2025-12-23 15:00:00,6260.385273357574,7198.332183152493,5348.590567198152
forecast_8560,2025-12-23 16:00:00,4337.281679034454,4886.722512958608,3374.473577837064
forecast_8561,2025-12-23 17:00:00,4399.810301951729,4876.9856057299385,3244.767440041575
forecast_8562,2025-12-23 18:00:00,7103.947823102474,7848.618855348237,5704.779872282155
forecast_8563,2025-12-23 19:00:00,8797.70643113519,9239.33254456488,6735.478515946617
forecast_8564,2025-12-23 20:00:00,9241.529284168286,9407.046928903426,6571.975134662935
forecast_8565,2025-12-23 21:00:00,8562.369126190086,8649.43699193285,5832.188115863545
forecast_8566,2025-12-23 22:00:00,10692.606748705803,11845.505014911576,9136.674882975269
forecast_8567,2025-12-23 23:00:00,11383.665134762961,11985.924153989568,9005.938724948925
forecast_8568,2025-12-24 00:00:00,10833.565453712381,12025.438466520674,9194.126646703193
forecast_8569,2025-12-24 01:00:00,7957.98332174172,8153.014604546007,5186.082405030218
forecast_8570,2025-12-24 02:00:00,7485.9210715973295,7417.966211728904,4704.120218076031
forecast_8571,2025-12-24 03:00:00,4803.690131714057,5156.888997632315,3270.4604149972674
forecast_8572,2025-12-24 04:00:00,4043.3833495192903,4645.319835801649,3036.3524218840494
forecast_8573,2025-12-24 05:00:00,3884.4622905691385,4401.744218600432,2877.6724400927087
forecast_8574,2025-12-24 06:00:00,3474.6603170891476,4157.812372068605,2637.1348209525986
forecast_8575,2025-12-24 07:00:00,3010.8566598441394,3718.211109021441,2337.3978759149386
forecast_8576,2025-12-24 08:00:00,2339.4801143051673,3110.0053576460928,2248.403248663968
forecast_8577,2025-12-24 09:00:00,2102.493943365592,2904.9559456627117,2341.808402270398
forecast_8578,2025-12-24 10:00:00,1510.8758376659173,2420.3667489851296,2129.0123552497375
forecast_8579,2025-12-24 11:00:00,1152.097036730478,1857.8085556027402,1776.3682628783536
forecast_8580,2025-12-24 12:00:00,1577.6299705987506,2663.2503040584356,2400.1286357883573
forecast_8581,2025-12-24 13:00:00,1295.221667271816,2163.18080456896,2058.26884537188
forecast_8582,2025-12-24 14:00:00,1410.3552348554458,2329.7229298875,2152.7427521740015
forecast_8583,2025-12-24 15:00:00,1165.6546749804409,2026.7257134443566,1802.481682015817
forecast_8584,2025-12-24 16:00:00,1316.85965390393,2082.206236828802,1822.8181527722397
forecast_8585,2025-12-24 17:00:00,1370.9358467491722,2313.502895073125,2092.8900156839545
forecast_8586,2025-12-24 18:00:00,1348.0635433285856,2208.430854178069,2043.7702662567635
forecast_8587,2025-12-24 19:00:00,1493.7745898390815,2326.1500465677805,2075.279476772142
forecast_8588,2025-12-24 20:00:00,1324.580589818385,2059.5011125844253,1833.3963774477293
forecast_8589,2025-12-24 21:00:00,1605.1438027390532,2113.222226236332,1698.2585767753515
forecast_8590,2025-12-24 22:00:00,1884.5316689577273,2228.490266266282,1606.7015414028824
forecast_8591,2025-12-24 23:00:00,2201.942926394986,2681.917053309885,2049.171474787534
forecast_8592,2025-12-25 00:00:00,3112.6699764221703,3774.530570116871,2677.3711947486086
forecast_8593,2025-12-25 01:00:00,3538.7653962672916,3812.977021257381,2530.9823225967
forecast_8594,2025-12-25 02:00:00,5398.234418675764,5783.6077956496665,3683.81764562852
forecast_8595,2025-12-25 03:00:00,6384.44131417828,6703.239488079121,4200.5011595805345
forecast_8596,2025-12-25 04:00:00,8525.071752336062,8887.359480306148,5764.698623321999
forecast_8597,2025-12-25 05:00:00,10229.292936309335,10163.659980071207,6586.258880532505
forecast_8598,2025-12-25 06:00:00,11077.148410126227,11608.867731283264,7931.311972005877
forecast_8599,2025-12-25 07:00:00,13904.839075510261,14565.778481303496,10969.125355989461
forecast_8600,2025-12-25 08:00:00,15987.04713445752,16675.59401019221,13549.843474569727
forecast_8601,2025-12-25 09:00:00,16361.241681249649,17526.25723744875,15084.738300765814
forecast_8602,2025-12-25 10:00:00,16168.426933965155,17369.24275633936,15260.000242711023
forecast_8603,2025-12-25 11:00:00,15939.614001142938,16870.541267410204,14865.042609464484
forecast_8604,2025-12-25 12:00:00,15762.992630181458,16724.969550546764,14961.29466117064
forecast_8605,2025-12-25 13:00:00,15402.62832874128,15875.25848999187,13414.135449422869
forecast_8606,2025-12-25 14:00:00,15316.51371383155,15734.634364108519,13382.475014683341
forecast_8607,2025-12-25 15:00:00,14966.333336350508,15249.447793011299,12865.003579979504
forecast_8608,2025-12-25 16:00:00,15079.654916788735,15484.761487147229,13205.092210456896
forecast_8609,2025-12-25 17:00:00,15862.211930384845,16134.20172996086,13605.81865116518
forecast_8610,2025-12-25 18:00:00,16026.890019401699,16578.24582124689,14312.646578930353
forecast_8611,2025-12-25 19:00:00,15829.760486025096,16438.427986507133,14065.900261423825
forecast_8612,2025-12-25 20:00:00,16265.077641059896,16820.003694740863,14579.31739003372
forecast_8613,2025-12-25 21:00:00,17035.79486333797,17522.481882449843,15136.404480014331
forecast_8614,2025-12-25 22:00:00,16306.124069032941,16804.79061639363,14423.688875059148
forecast_8615,2025-12-25 23:00:00,17241.112983583364,17728.892695178336,15383.909426727178
forecast_8616,2025-12-26 00:00:00,17355.367260642262,18125.370776771037,15861.714849092106
forecast_8617,2025-12-26 01:00:00,17225.136987643906,18147.416891656798,15963.943662193446
forecast_8618,2025-12-26 02:00:00,16323.761589857704,16607.484617846232,13754.435926472743
forecast_8619,2025-12-26 03:00:00,17548.722339202708,17717.624620009283,14303.049258349805
forecast_8620,2025-12-26 04:00:00,17058.375945122134,17363.425696565522,13921.476255777685
forecast_8621,2025-12-26 05:00:00,17548.148289085413,17681.99221753059,13626.156997956448
forecast_8622,2025-12-26 06:00:00,17496.26372079331,17676.26001955467,13728.010203368052
forecast_8623,2025-12-26 07:00:00,17107.17484982981,17217.09258402868,13035.314717976866
forecast_8624,2025-12-26 08:00:00,16163.585982511604,16449.108439029067,12359.620017759113
forecast_8625,2025-12-26 09:00:00,16340.527372273025,16593.32138047813,12475.142871617154
forecast_8626,2025-12-26 10:00:00,15360.556499957998,15773.331398651319,11828.53961567266
forecast_8627,2025-12-26 11:00:00,12956.368742148185,13725.680473451284,10109.550278532333
forecast_8628,2025-12-26 12:00:00,11094.97610687401,11642.827563114082,8243.926337332905
forecast_8629,2025-12-26 13:00:00,10577.782398894733,11115.80420833035,8008.130520179036
forecast_8630,2025-12-26 14:00:00,10853.483325491172,10868.98856329345,7625.899933907813
forecast_8631,2025-12-26 15:00:00,10717.06844170735,10744.540525897151,7654.305715244178
forecast_8632,2025-12-26 16:00:00,11266.074006388199,11218.972844607168,8000.384452928873
forecast_8633,2025-12-26 17:00:00,13179.918993717914,13196.004349598854,9668.972993574687
forecast_8634,2025-12-26 18:00:00,14015.622823882062,14006.968774960542,10423.23033743268
forecast_8635,2025-12-26 19:00:00,14367.095140950714,14457.131872683129,10811.789858394164
forecast_8636,2025-12-26 20:00:00,15753.326094568676,16017.940888331274,12523.421416362571
forecast_8637,2025-12-26 21:00:00,17107.78752648346,17311.98508296279,13903.111649562908
forecast_8638,2025-12-26 22:00:00,18536.101150169212,18560.861887331448,15301.855162268925
forecast_8639,2025-12-26 23:00:00,18432.957653773425,18278.951865763112,14790.63579613938
forecast_8640,2025-12-27 00:00:00,18252.574230971666,18333.03939099759,15075.286890651787
forecast_8641,2025-12-27 01:00:00,18843.891713437195,19006.527279347534,16107.041941176896
forecast_8642,2025-12-27 02:00:00,18964.21416093966,19166.400732989405,16341.550050751719
forecast_8643,2025-12-27 03:00:00,18945.812585571788,19127.725058399297,16276.617085303738
forecast_8644,2025-12-27 04:00:00,19001.96544329355,19227.76736220029,16530.462460481584
forecast_8645,2025-12-27 05:00:00,18586.86296284882,18850.810503955086,15946.990709480935
forecast_8646,2025-12-27 06:00:00,18354.280607645116,18780.258011889367,16006.179297514202
forecast_8647,2025-12-27 07:00:00,18869.150198130486,19163.530113494475,16400.80221605365
forecast_8648,2025-12-27 08:00:00,18387.347967601498,18778.72839424768,15893.272324110623
forecast_8649,2025-12-27 09:00:00,16488.411942309744,17252.02880345262,14045.339925853901
forecast_8650,2025-12-27 10:00:00,14362.447233174022,15588.444036483757,12804.769173559622
forecast_8651,2025-12-27 11:00:00,14032.240463327264,15238.11295770872,12379.942112949067
forecast_8652,2025-12-27 12:00:00,14916.207282279674,15701.980501277907,12696.046452791108
forecast_8653,2025-12-27 13:00:00,15186.613834091295,15800.806828981687,12748.092283203743
forecast_8654,2025-12-27 14:00:00,15459.696389314055,16269.322190076078,13545.954057931727
forecast_8655,2025-12-27 15:00:00,15534.014788816772,16359.347389450188,13930.4687141537
forecast_8656,2025-12-27 16:00:00,15211.993081131566,16260.20220677134,14064.529799412021
forecast_8657,2025-12-27 17:00:00,16094.20989841682,16885.741335506158,14492.238820008306
forecast_8658,2025-12-27 18:00:00,17145.390772918116,18027.971188290267,16158.294128018026
forecast_8659,2025-12-27 19:00:00,17892.410385594078,18473.514631189755,16568.72984715155
forecast_8660,2025-12-27 20:00:00,17407.016186932124,18086.982469320716,16115.431423780796
forecast_8661,2025-12-27 21:00:00,17589.770823567582,18121.947891433025,15933.356753331755
forecast_8662,2025-12-27 22:00:00,17580.676069895835,18302.91709981095,16336.42977877601
forecast_8663,2025-12-27 23:00:00,17821.199344279165,18361.29930096972,16174.720475627695
forecast_8664,2025-12-28 00:00:00,17335.132161796348,17876.649742332356,15553.471183046171
forecast_8665,2025-12-28 01:00:00,18829.076977592253,19274.492866236615,17235.452110440754
forecast_8666,2025-12-28 02:00:00,19443.97137053679,19667.862105076303,17512.10960996528
forecast_8667,2025-12-28 03:00:00,19673.652268373502,19920.53055461195,17944.665046694063
forecast_8668,2025-12-28 04:00:00,20197.808981164526,20410.008912225825,18641.6966481329
forecast_8669,2025-12-28 05:00:00,20219.031534197988,20416.09871184758,18741.647338397896
forecast_8670,2025-12-28 06:00:00,20245.87655277383,20393.309249987604,18565.590055338198
forecast_8671,2025-12-28 07:00:00,20186.586363120943,20243.840217538724,18085.572649705537
forecast_8672,2025-12-28 08:00:00,19753.631318023632,19975.794737729273,17760.123114808906
forecast_8673,2025-12-28 09:00:00,18601.487001065274,18995.719488397997,16537.668042628575
forecast_8674,2025-12-28 10:00:00,18316.404122476197,18719.228991729713,16191.956737150778
forecast_8675,2025-12-28 11:00:00,17718.99401436972,18151.799696025082,15565.879365677447
forecast_8676,2025-12-28 12:00:00,16740.768736355283,17380.3073519431,14882.723598668406
forecast_8677,2025-12-28 13:00:00,15804.587857828801,16115.142463599921,13217.709323553758
forecast_8678,2025-12-28 14:00:00,14383.297077734134,14775.964415871775,11784.237682236142
forecast_8679,2025-12-28 15:00:00,14476.14122541833,14911.935773129633,12030.582238091318
forecast_8680,2025-12-28 16:00:00,15207.802992531704,15589.991737615364,12747.253456292485
forecast_8681,2025-12-28 17:00:00,16299.386704504284,16774.728866304242,14238.465829426648
forecast_8682,2025-12-28 18:00:00,14941.255667468138,15825.22319546165,13850.78850792003
forecast_8683,2025-12-28 19:00:00,14250.28919207786,15028.595673581118,12987.190725212544
forecast_8684,2025-12-28 20:00:00,14525.886529953379,15399.153780477212,13439.437111836547
forecast_8685,2025-12-28 21:00:00,15918.33698461172,16437.6351203331,14166.97900131579
forecast_8686,2025-12-28 22:00:00,16958.207129442355,17568.12747846246,15586.45201710227
forecast_8687,2025-12-28 23:00:00,17529.642477438632,17920.219407278862,15879.257614973038
forecast_8688,2025-12-29 00:00:00,17930.609198171565,18461.46262174451,16530.633686641333
forecast_8689,2025-12-29 01:00:00,17973.867396535672,18493.93515077791,16716.748956381583
forecast_8690,2025-12-29 02:00:00,18630.92447631553,19156.902993800446,17549.749448504714
forecast_8691,2025-12-29 03:00:00,19315.946665903983,19623.93900876011,18123.748160753414
forecast_8692,2025-12-29 04:00:00,18815.669367267255,19242.588328481255,17852.70338911495
forecast_8693,2025-12-29 05:00:00,18827.134846174966,19093.11480737331,17519.156073325343
forecast_8694,2025-12-29 06:00:00,19080.762329754296,19293.318390017568,17528.461686088376
forecast_8695,2025-12-29 07:00:00,18658.254791951353,18946.478589564493,17188.44838852348
forecast_8696,2025-12-29 08:00:00,18937.853147595004,19138.00216786409,17432.15103397783
forecast_8697,2025-12-29 09:00:00,18390.6453369144,18779.55485365009,17194.96082187459
forecast_8698,2025-12-29 10:00:00,18315.18837035153,18544.39310438331,16750.962510950445
forecast_8699,2025-12-29 11:00:00,18179.015858142782,18445.854096290812,16660.054518616904
forecast_8700,2025-12-29 12:00:00,18559.89929884907,18584.346991757317,16726.027386467144
forecast_8701,2025-12-29 13:00:00,18123.540989029687,18307.77561702286,16650.75200320114
forecast_8702,2025-12-29 14:00:00,18015.699504517757,17917.953662421303,16171.90930032354
forecast_8703,2025-12-29 15:00:00,17481.342368605583,17684.173921583206,15868.509125167975
forecast_8704,2025-12-29 16:00:00,17137.676350772403,17485.512918342756,15812.104855340607
forecast_8705,2025-12-29 17:00:00,17606.61458388338,17950.46529091129,16234.642763309455
forecast_8706,2025-12-29 18:00:00,17729.478396181716,18094.966051516778,16332.092974572712
forecast_8707,2025-12-29 19:00:00,17412.845235263667,17835.606496750293,15786.252653775111
forecast_8708,2025-12-29 20:00:00,17006.384047689367,17363.297516504375,14991.043593832306
forecast_8709,2025-12-29 21:00:00,16858.56814293674,17142.135257153113,14771.220695103708
forecast_8710,2025-12-29 22:00:00,16663.446797076434,17159.77628835957,14722.507777169125
forecast_8711,2025-12-29 23:00:00,16647.04143257825,17149.826975657867,14644.602893524258
forecast_8712,2025-12-30 00:00:00,16555.543587366556,16890.31855368244,14021.307223280974
forecast_8713,2025-12-30 01:00:00,14648.776548151909,15485.87515816358,12682.357951028378
forecast_8714,2025-12-30 02:00:00,15266.506781735416,15843.275859938822,12770.130784127621
forecast_8715,2025-12-30 03:00:00,15645.433019002572,16175.493884919815,12920.78893040511
forecast_8716,2025-12-30 04:00:00,16054.226087154904,16684.873302599983,13536.43114787052
forecast_8717,2025-12-30 05:00:00,15693.222866449427,16426.15893724114,13150.584145669674
forecast_8718,2025-12-30 06:00:00,15539.430264150822,16097.465919576192,12341.014527122139
forecast_8719,2025-12-30 07:00:00,15316.996143086779,15560.071991807446,11511.892064289215
forecast_8720,2025-12-30 08:00:00,14028.021888411824,14431.807111746135,10446.990179586102
forecast_8721,2025-12-30 09:00:00,10909.901227376302,11809.288225217744,8512.08555728225
forecast_8722,2025-12-30 10:00:00,8827.878388550387,9586.338379247016,6735.91239057301
forecast_8723,2025-12-30 11:00:00,9571.850387583441,10047.666198548308,7236.0309135316475
forecast_8724,2025-12-30 12:00:00,10586.449711481106,10954.534835314935,7992.10673167614
forecast_8725,2025-12-30 13:00:00,11246.17722139903,11657.42369072223,9081.939358196358
forecast_8726,2025-12-30 14:00:00,11727.534724466735,11969.904334841423,9432.435018535367
forecast_8727,2025-12-30 15:00:00,12160.849759555244,12639.31009844886,10165.41203732599
forecast_8728,2025-12-30 16:00:00,12685.079067003582,13247.29237767862,10729.253330479238
forecast_8729,2025-12-30 17:00:00,13144.95929259704,13848.872935674077,11477.076089327922
forecast_8730,2025-12-30 18:00:00,12794.961040257516,13661.942811984314,11479.866999732782
forecast_8731,2025-12-30 19:00:00,12285.19512053588,13244.598149568457,11120.478396289163
forecast_8732,2025-12-30 20:00:00,12460.077300387738,13521.756360992391,11314.294759719545
forecast_8733,2025-12-30 21:00:00,14087.862290344912,14976.244116486021,12559.478062436214
forecast_8734,2025-12-30 22:00:00,14815.405657920484,15690.233601598757,13271.723758149898
forecast_8735,2025-12-30 23:00:00,15276.097254255339,16008.08494989985,13456.925738142245
forecast_8736,2025-12-31 00:00:00,15579.280909609064,16248.68560113801,13563.793854204363
forecast_8737,2025-12-31 01:00:00,16477.526645821898,17351.72808886074,15021.272656777792
forecast_8738,2025-12-31 02:00:00,17065.118964463858,17889.563723310617,15571.870855962068
forecast_8739,2025-12-31 03:00:00,16853.943657840966,17638.40679612633,15181.257515044732
forecast_8740,2025-12-31 04:00:00,16655.419209350912,17371.703366635404,14655.509584178628
forecast_8741,2025-12-31 05:00:00,16003.500110394001,16729.178473516586,13795.84210782342
forecast_8742,2025-12-31 06:00:00,16458.644438659416,17001.902043625552,14003.641496806471
forecast_8743,2025-12-31 07:00:00,17155.24192261126,17512.636419877977,14381.640767698595
forecast_8744,2025-12-31 08:00:00,16159.224331799192,16886.127377348654,13717.93392345338
forecast_8745,2025-12-31 09:00:00,15038.074635342875,15920.900708695823,12775.493372070376
forecast_8746,2025-12-31 10:00:00,13353.093270249601,14331.349782117,11050.445706636829
forecast_8747,2025-12-31 11:00:00,11140.381835687092,12096.24552849303,8947.303882133558
forecast_8748,2025-12-31 12:00:00,10931.731291880824,11409.50942679312,8251.999433558562
forecast_8749,2025-12-31 13:00:00,10818.505684917574,11157.816979557521,8141.492960069792
forecast_8750,2025-12-31 14:00:00,10986.221617124505,11394.225506804616,8526.97208470698
forecast_8751,2025-12-31 15:00:00,11583.961297923654,11785.156268458628,8873.467204542452
forecast_8752,2025-12-31 16:00:00,12148.325385314014,12567.514968696574,9635.047555690899
forecast_8753,2025-12-31 17:00:00,12642.551368509607,12912.13979859098,9879.75233702641
forecast_8754,2025-12-31 18:00:00,13535.949887506289,13442.021465863316,10027.92369120418
forecast_8755,2025-12-31 19:00:00,14047.650168340497,13903.210939101507,10295.856506275795
forecast_8756,2025-12-31 20:00:00,15385.549052766844,15598.970392101117,12266.132626795832
forecast_8757,2025-12-31 21:00:00,16103.80174738354,16338.452727677657,12957.740261757392
forecast_8758,2025-12-31 22:00:00,17270.63515607626,17427.987734471248,14083.769350305254
forecast_8759,2025-12-31 23:00:00,17525.824979919897,17779.166872157246,14567.386768318453
forecast_8760,2026-01-01 00:00:00,17215.696300160394,17587.73866152381,14459.612687139335
