forecast_id,forecast_kst_dtm,kpx_group_1,kpx_group_2,kpx_group_3
forecast_0001,2025-01-01 01:00:00,19521.43927532356,20022.9445074978,18478.357421875
forecast_0002,2025-01-01 02:00:00,19045.44692311102,19373.80380457153,17790.69140625
forecast_0003,2025-01-01 03:00:00,19105.435509708957,19437.961241116886,18222.83984375
forecast_0004,2025-01-01 04:00:00,18660.09064245807,19048.70789209754,17781.603515625
forecast_0005,2025-01-01 05:00:00,18195.70517185361,18629.270450408265,16950.888671875
forecast_0006,2025-01-01 06:00:00,18380.076979627785,18730.25353125426,16378.7861328125
forecast_0007,2025-01-01 07:00:00,18194.275077412763,18380.0839000076,16021.8955078125
forecast_0008,2025-01-01 08:00:00,17404.969505174497,18416.538226957484,15985.3095703125
forecast_0009,2025-01-01 09:00:00,16900.022168495994,17762.703278538705,16811.26953125
forecast_0010,2025-01-01 10:00:00,16585.93043495255,17730.05025274204,16354.7392578125
forecast_0011,2025-01-01 11:00:00,16269.656126813941,17705.3768870231,15286.5732421875
forecast_0012,2025-01-01 12:00:00,15734.76382670713,16823.115893972787,14320.126953125
forecast_0013,2025-01-01 13:00:00,15742.089691151283,16401.5438317133,13551.1513671875
forecast_0014,2025-01-01 14:00:00,15656.739667678976,16085.623337244995,13646.3154296875
forecast_0015,2025-01-01 15:00:00,14924.393447363127,15527.73717144864,11868.0234375
forecast_0016,2025-01-01 16:00:00,14326.980497700964,15481.139963143803,11693.138671875
forecast_0017,2025-01-01 17:00:00,14739.204438949524,16082.894400369716,12284.3095703125
forecast_0018,2025-01-01 18:00:00,15771.897015890037,16681.7172293411,13762.4169921875
forecast_0019,2025-01-01 19:00:00,16914.28130050042,17019.009447817123,15263.8955078125
forecast_0020,2025-01-01 20:00:00,18209.698761580523,18548.847816063022,16959.90234375
forecast_0021,2025-01-01 21:00:00,18527.24716995527,19183.616205101476,17274.478515625
forecast_0022,2025-01-01 22:00:00,18339.19771350894,18647.232516817516,16860.474609375
forecast_0023,2025-01-01 23:00:00,18214.919269882765,18421.683296651347,16840.849609375
forecast_0024,2025-01-02 00:00:00,17796.83340360612,17805.66689047697,15733.822265625
forecast_0025,2025-01-02 01:00:00,17451.925188606354,17368.213605510893,14460.6923828125
forecast_0026,2025-01-02 02:00:00,16486.301482020866,16534.038753438188,12042.3134765625
forecast_0027,2025-01-02 03:00:00,14646.214397753742,15688.813720397085,9671.427734375
forecast_0028,2025-01-02 04:00:00,13139.741604657705,14201.111590411067,8307.70703125
forecast_0029,2025-01-02 05:00:00,11983.496651229778,12820.821858603276,7167.8125
forecast_0030,2025-01-02 06:00:00,10826.122191481767,11647.21792499284,6299.2802734375
forecast_0031,2025-01-02 07:00:00,10342.292565670887,10897.654499410379,5961.4970703125
forecast_0032,2025-01-02 08:00:00,9627.345709174147,10841.529444261374,5701.09033203125
forecast_0033,2025-01-02 09:00:00,8542.870027689574,10094.734852757898,5453.4169921875
forecast_0034,2025-01-02 10:00:00,7782.966965093605,9569.488769489117,5874.3935546875
forecast_0035,2025-01-02 11:00:00,6565.829789603545,7717.660683145555,5822.69140625
forecast_0036,2025-01-02 12:00:00,5893.731772186009,5499.457222644692,4888.390625
forecast_0037,2025-01-02 13:00:00,6221.948809803572,5521.915561070281,4982.4970703125
forecast_0038,2025-01-02 14:00:00,7022.905382681618,5584.811279504288,5352.55322265625
forecast_0039,2025-01-02 15:00:00,7541.87737712385,6078.2609973257,5649.99462890625
forecast_0040,2025-01-02 16:00:00,8181.119107206847,7279.470272912663,6084.2998046875
forecast_0041,2025-01-02 17:00:00,9107.973100643216,8104.960764585965,6603.8759765625
forecast_0042,2025-01-02 18:00:00,10371.157716241854,9621.257149042856,7839.9189453125
forecast_0043,2025-01-02 19:00:00,11462.100711328309,10334.180757754284,9230.1298828125
forecast_0044,2025-01-02 20:00:00,11614.870382102352,11523.920426495722,9123.015625
forecast_0045,2025-01-02 21:00:00,12299.454964974346,12974.152767081927,9835.859375
forecast_0046,2025-01-02 22:00:00,12948.285070603131,13615.261020196904,10383.6845703125
forecast_0047,2025-01-02 23:00:00,13339.184296857216,13938.137905439491,10959.0869140625
forecast_0048,2025-01-03 00:00:00,13766.276286533244,14639.066220715093,11744.2451171875
forecast_0049,2025-01-03 01:00:00,13604.579174037783,14676.39131469904,11639.021484375
forecast_0050,2025-01-03 02:00:00,13804.775419516325,14432.477478746207,11217.86328125
forecast_0051,2025-01-03 03:00:00,13544.193246114679,14544.247659020559,11557.701171875
forecast_0052,2025-01-03 04:00:00,13048.31006403895,13976.345182249293,11601.6826171875
forecast_0053,2025-01-03 05:00:00,13203.427394898528,14108.699973511215,11324.7236328125
forecast_0054,2025-01-03 06:00:00,13311.969031747985,13749.19604977488,11000.2236328125
forecast_0055,2025-01-03 07:00:00,13504.559184469868,14027.988410202608,11263.4228515625
forecast_0056,2025-01-03 08:00:00,13292.345394017348,14225.557345486604,11443.4521484375
forecast_0057,2025-01-03 09:00:00,12643.071957765875,13199.66134523446,10875.263671875
forecast_0058,2025-01-03 10:00:00,12107.39040472165,12883.40031044132,10119.8408203125
forecast_0059,2025-01-03 11:00:00,12329.469556757886,12366.318679974334,9344.2890625
forecast_0060,2025-01-03 12:00:00,12486.454219251615,12665.495941193538,8908.177734375
forecast_0061,2025-01-03 13:00:00,12080.52017986666,12214.307119940884,8992.9345703125
forecast_0062,2025-01-03 14:00:00,12396.93148729517,12016.39990779963,9341.4541015625
forecast_0063,2025-01-03 15:00:00,12514.866925107162,11489.952522223512,9598.3515625
forecast_0064,2025-01-03 16:00:00,12434.478625568947,11205.941687189226,9842.201171875
forecast_0065,2025-01-03 17:00:00,12392.104439343537,12105.043595095747,9884.1640625
forecast_0066,2025-01-03 18:00:00,12733.192110492546,11844.602623029481,10174.095703125
forecast_0067,2025-01-03 19:00:00,12818.005400579805,12664.023578072367,11245.212890625
forecast_0068,2025-01-03 20:00:00,14246.545736717708,14414.008950829853,11929.4775390625
forecast_0069,2025-01-03 21:00:00,15189.414414437373,14462.695369707959,13886.7890625
forecast_0070,2025-01-03 22:00:00,15400.830746776252,15096.269563922164,14035.453125
forecast_0071,2025-01-03 23:00:00,16222.86690393413,15782.613506485504,15018.9814453125
forecast_0072,2025-01-04 00:00:00,16483.536647093762,16129.733631867288,14480.5576171875
forecast_0073,2025-01-04 01:00:00,17313.28375418592,16433.71668334077,14921.359375
forecast_0074,2025-01-04 02:00:00,17189.10384793531,16659.521149915363,14406.1875
forecast_0075,2025-01-04 03:00:00,17578.903560176273,16442.374363176412,14978.7294921875
forecast_0076,2025-01-04 04:00:00,17334.216139720204,16152.7112988811,14173.5107421875
forecast_0077,2025-01-04 05:00:00,17204.954189295087,17076.703325529936,13033.6640625
forecast_0078,2025-01-04 06:00:00,17292.786800773552,16899.7836145476,12447.7626953125
forecast_0079,2025-01-04 07:00:00,16682.473926412455,16643.810539667065,10417.09765625
forecast_0080,2025-01-04 08:00:00,16289.55834457621,16545.76559962024,10423.6884765625
forecast_0081,2025-01-04 09:00:00,15715.39773171944,16159.305120061981,11890.0361328125
forecast_0082,2025-01-04 10:00:00,13633.22788014543,14822.834604135485,12685.056640625
forecast_0083,2025-01-04 11:00:00,12076.006051656015,12720.420781325989,10498.927734375
forecast_0084,2025-01-04 12:00:00,12053.439683439174,11567.75836986773,9017.142578125
forecast_0085,2025-01-04 13:00:00,13146.233642325376,12314.555530899843,9359.044921875
forecast_0086,2025-01-04 14:00:00,14080.16293284727,13250.942186493607,10411.6669921875
forecast_0087,2025-01-04 15:00:00,13861.72160915552,13359.030659339092,9955.44140625
forecast_0088,2025-01-04 16:00:00,13707.911058092206,12753.751145500033,9328.556640625
forecast_0089,2025-01-04 17:00:00,14691.02866431649,12791.913551182115,10628.869140625
forecast_0090,2025-01-04 18:00:00,15771.946888842427,15057.356956802747,12229.7626953125
forecast_0091,2025-01-04 19:00:00,16584.79640951392,15484.422594236416,13533.6142578125
forecast_0092,2025-01-04 20:00:00,17045.657619608734,17259.69494995175,14965.4736328125
forecast_0093,2025-01-04 21:00:00,18014.973070384716,18189.27123158017,16234.158203125
forecast_0094,2025-01-04 22:00:00,18824.773818252976,18246.415212213215,17343.48046875
forecast_0095,2025-01-04 23:00:00,19459.803634535692,18200.319684408903,17936.625
forecast_0096,2025-01-05 00:00:00,19631.21856858803,18658.45227241893,18267.5234375
forecast_0097,2025-01-05 01:00:00,19076.263901863837,18328.773171967165,17361.5625
forecast_0098,2025-01-05 02:00:00,19319.58578244938,18343.871161394418,17236.171875
forecast_0099,2025-01-05 03:00:00,18780.78079782964,18640.077452507532,16085.939453125
forecast_0100,2025-01-05 04:00:00,18474.401907560063,18679.644711563815,14792.5
forecast_0101,2025-01-05 05:00:00,17571.012116287427,18063.655720092393,13207.4091796875
forecast_0102,2025-01-05 06:00:00,16998.704782333516,17740.756809684455,13362.9794921875
forecast_0103,2025-01-05 07:00:00,16758.888225502873,17478.7686084518,13812.912109375
forecast_0104,2025-01-05 08:00:00,16786.203361082873,17707.08581292657,15362.8486328125
forecast_0105,2025-01-05 09:00:00,17352.6144028763,17711.11795612795,16714.787109375
forecast_0106,2025-01-05 10:00:00,17447.482704738457,17536.41690904504,17623.396484375
forecast_0107,2025-01-05 11:00:00,16756.18875427591,16715.523876662504,17484.55859375
forecast_0108,2025-01-05 12:00:00,16849.07560856889,16357.331674254732,17254.23046875
forecast_0109,2025-01-05 13:00:00,16705.993774065842,16528.76958063077,16225.2861328125
forecast_0110,2025-01-05 14:00:00,16373.261955960643,16833.13706791313,15792.958984375
forecast_0111,2025-01-05 15:00:00,16202.847660809672,15832.828058220002,15796.087890625
forecast_0112,2025-01-05 16:00:00,16519.641152441516,16601.37745444913,16251.369140625
forecast_0113,2025-01-05 17:00:00,16564.92893653999,16344.277836426449,15486.8984375
forecast_0114,2025-01-05 18:00:00,15229.920446779026,15462.592446432438,14394.8095703125
forecast_0115,2025-01-05 19:00:00,16746.46535385026,15998.935939670997,16462.69140625
forecast_0116,2025-01-05 20:00:00,17089.417598874606,15702.382808492248,17803.259765625
forecast_0117,2025-01-05 21:00:00,16901.21668566015,15310.160983470718,18045.677734375
forecast_0118,2025-01-05 22:00:00,16840.704702338888,14962.026243763501,17612.69921875
forecast_0119,2025-01-05 23:00:00,15854.918954407865,14535.090394047751,16535.275390625
forecast_0120,2025-01-06 00:00:00,14527.042610198128,13732.634257817763,14920.2314453125
forecast_0121,2025-01-06 01:00:00,13068.482333163516,12105.20357721707,11125.71875
forecast_0122,2025-01-06 02:00:00,12978.524068307743,12032.734374048658,10797.943359375
forecast_0123,2025-01-06 03:00:00,11771.93710628296,10918.310366963982,9209.9189453125
forecast_0124,2025-01-06 04:00:00,10296.848899124001,9492.251722656274,7642.83203125
forecast_0125,2025-01-06 05:00:00,8041.507155960646,8453.197365657285,5617.72119140625
forecast_0126,2025-01-06 06:00:00,6568.6826639354595,8332.2142242022,3951.571044921875
forecast_0127,2025-01-06 07:00:00,6466.110425821787,7425.314416465048,5293.93359375
forecast_0128,2025-01-06 08:00:00,5582.919807755687,6322.186954615641,3642.64990234375
forecast_0129,2025-01-06 09:00:00,5485.96546038819,5605.071059403531,4016.98291015625
forecast_0130,2025-01-06 10:00:00,6378.2394174167475,7475.669711501113,4664.27490234375
forecast_0131,2025-01-06 11:00:00,7054.589691404612,7508.5536958165685,5448.7841796875
forecast_0132,2025-01-06 12:00:00,7517.784137859531,7106.686550872331,6338.3818359375
forecast_0133,2025-01-06 13:00:00,8104.271917822873,7163.282213988492,6721.3408203125
forecast_0134,2025-01-06 14:00:00,8767.527882071816,7773.165434973532,7392.77490234375
forecast_0135,2025-01-06 15:00:00,9087.528640994971,7480.138754601867,7606.64306640625
forecast_0136,2025-01-06 16:00:00,9941.757202750508,9468.238588837366,8450.125
forecast_0137,2025-01-06 17:00:00,11556.560734068255,10974.426268272018,9359.4326171875
forecast_0138,2025-01-06 18:00:00,12835.325261400252,12094.493791674238,10721.173828125
forecast_0139,2025-01-06 19:00:00,14159.349867277164,14384.254011796798,12015.5244140625
forecast_0140,2025-01-06 20:00:00,14868.980334434847,14748.839058041372,14200.34375
forecast_0141,2025-01-06 21:00:00,14781.234897686316,14962.738820521277,14178.9345703125
forecast_0142,2025-01-06 22:00:00,15484.881097105685,14921.472151978678,14989.947265625
forecast_0143,2025-01-06 23:00:00,16123.229086319832,16271.038257625303,16024.4404296875
forecast_0144,2025-01-07 00:00:00,16535.170576080392,16444.14462579411,16797.37890625
forecast_0145,2025-01-07 01:00:00,17098.625956400145,16946.598773763013,16651.3515625
forecast_0146,2025-01-07 02:00:00,17720.08083134843,17900.53292783096,16573.255859375
forecast_0147,2025-01-07 03:00:00,17961.560289822803,17935.507793082274,16454.005859375
forecast_0148,2025-01-07 04:00:00,17709.643192706753,17477.79805047463,15763.5732421875
forecast_0149,2025-01-07 05:00:00,17849.154592458435,17422.238241778734,16077.833984375
forecast_0150,2025-01-07 06:00:00,17168.244519506206,17000.13024869703,15564.0107421875
forecast_0151,2025-01-07 07:00:00,16704.210498062126,17190.527905381583,15191.720703125
forecast_0152,2025-01-07 08:00:00,16066.311363889563,17512.538271307334,14021.8515625
forecast_0153,2025-01-07 09:00:00,16990.889791657748,17489.841325595182,14474.0361328125
forecast_0154,2025-01-07 10:00:00,16263.87307702817,17732.863497545888,13903.6669921875
forecast_0155,2025-01-07 11:00:00,16245.123428644674,17605.098937910392,13258.7236328125
forecast_0156,2025-01-07 12:00:00,16497.367122840227,17921.142171066782,12673.0361328125
forecast_0157,2025-01-07 13:00:00,16502.284593175737,17494.79861252378,12145.759765625
forecast_0158,2025-01-07 14:00:00,16224.245714963956,16727.477738592825,11836.265625
forecast_0159,2025-01-07 15:00:00,16006.122744823904,16647.3284940356,11847.1787109375
forecast_0160,2025-01-07 16:00:00,15805.008556109467,16489.570471637213,12196.0654296875
forecast_0161,2025-01-07 17:00:00,15693.549080314464,16711.038841032707,13025.75
forecast_0162,2025-01-07 18:00:00,16417.642721500357,17530.801848994503,14321.630859375
forecast_0163,2025-01-07 19:00:00,17123.22863549787,17746.8905282811,15691.0341796875
forecast_0164,2025-01-07 20:00:00,17423.608437695104,17821.054764186498,16615.05078125
forecast_0165,2025-01-07 21:00:00,18224.155550939897,18332.032527095256,16910.150390625
forecast_0166,2025-01-07 22:00:00,18021.8426396387,18163.22928153058,16985.41796875
forecast_0167,2025-01-07 23:00:00,18083.79900444705,18317.593887318184,17537.69140625
forecast_0168,2025-01-08 00:00:00,18073.19408968044,17862.39009092283,17803.8828125
forecast_0169,2025-01-08 01:00:00,17263.150604938273,17790.35208285511,16879.25390625
forecast_0170,2025-01-08 02:00:00,16880.695461539057,17573.973974457935,16534.93359375
forecast_0171,2025-01-08 03:00:00,16603.936676516874,17251.277095291756,16040.462890625
forecast_0172,2025-01-08 04:00:00,16235.303626209585,17251.400897530326,15242.3828125
forecast_0173,2025-01-08 05:00:00,16052.087703423946,16811.992670141775,15290.2451171875
forecast_0174,2025-01-08 06:00:00,15887.622717163855,17267.637078071326,14982.908203125
forecast_0175,2025-01-08 07:00:00,15714.209333610876,16842.516080975205,15187.552734375
forecast_0176,2025-01-08 08:00:00,15503.630557662282,17341.002972796858,13640.40625
forecast_0177,2025-01-08 09:00:00,16015.64773141576,17454.78111581948,13854.349609375
forecast_0178,2025-01-08 10:00:00,15727.030623814979,17769.878449189207,14298.373046875
forecast_0179,2025-01-08 11:00:00,15906.454229342387,17836.407007727157,13908.482421875
forecast_0180,2025-01-08 12:00:00,16534.085167894787,18089.88341685213,14400.333984375
forecast_0181,2025-01-08 13:00:00,16581.214865740083,17492.60664806461,13892.0361328125
forecast_0182,2025-01-08 14:00:00,16388.45803353521,17078.724952013574,13391.84375
forecast_0183,2025-01-08 15:00:00,16076.186578494608,16958.46847810341,13092.04296875
forecast_0184,2025-01-08 16:00:00,15541.212349947673,16732.07866565021,12398.0498046875
forecast_0185,2025-01-08 17:00:00,15715.866009697793,16780.930560903824,12782.5908203125
forecast_0186,2025-01-08 18:00:00,15654.1447804837,16649.139031519033,13200.662109375
forecast_0187,2025-01-08 19:00:00,16055.219118926903,16601.35116263322,14477.181640625
forecast_0188,2025-01-08 20:00:00,16124.578107748108,16912.96717508763,14823.4921875
forecast_0189,2025-01-08 21:00:00,15990.147252413219,16738.578127838126,14474.458984375
forecast_0190,2025-01-08 22:00:00,15497.628664244588,16635.69185094915,13775.671875
forecast_0191,2025-01-08 23:00:00,15632.540252371142,17153.672857400314,14051.9638671875
forecast_0192,2025-01-09 00:00:00,15577.756952378164,17429.104932481656,14966.4453125
forecast_0193,2025-01-09 01:00:00,15674.538809584308,17306.28668619753,14551.841796875
forecast_0194,2025-01-09 02:00:00,15823.832454542488,17141.78852417977,14266.3232421875
forecast_0195,2025-01-09 03:00:00,16254.530249726715,17229.0335381865,14319.6142578125
forecast_0196,2025-01-09 04:00:00,16141.29103661474,17076.070231950554,14024.8515625
forecast_0197,2025-01-09 05:00:00,16072.09674119587,16944.828295912455,13870.037109375
forecast_0198,2025-01-09 06:00:00,16166.003906041764,16943.703320204462,13938.7685546875
forecast_0199,2025-01-09 07:00:00,15766.427035186134,16766.74271393948,13686.7158203125
forecast_0200,2025-01-09 08:00:00,15292.473417768077,15930.040644386481,13955.0361328125
forecast_0201,2025-01-09 09:00:00,14941.392134500453,16338.169344365606,12630.048828125
forecast_0202,2025-01-09 10:00:00,14618.541703663388,16225.813988548189,11892.1455078125
forecast_0203,2025-01-09 11:00:00,14802.417847594483,16538.537137230796,11577.8564453125
forecast_0204,2025-01-09 12:00:00,14932.736262223032,16477.41833285118,11229.6298828125
forecast_0205,2025-01-09 13:00:00,14873.431702881055,16015.20417221216,11070.884765625
forecast_0206,2025-01-09 14:00:00,14885.83247926756,15631.917030484088,10667.7724609375
forecast_0207,2025-01-09 15:00:00,14485.913192712866,15868.444000984708,10508.091796875
forecast_0208,2025-01-09 16:00:00,14472.438032962971,15951.15097801164,10746.3671875
forecast_0209,2025-01-09 17:00:00,14431.553502589526,15863.006532682117,11022.34765625
forecast_0210,2025-01-09 18:00:00,14050.616491712371,15964.295254275276,10740.091796875
forecast_0211,2025-01-09 19:00:00,15565.755283637609,15794.678766501693,11277.7783203125
forecast_0212,2025-01-09 20:00:00,17029.19028353859,17835.762293205527,14066.626953125
forecast_0213,2025-01-09 21:00:00,18267.749355046082,18967.083551629952,15811.134765625
forecast_0214,2025-01-09 22:00:00,18420.644590112635,19644.192117226725,15115.607421875
forecast_0215,2025-01-09 23:00:00,19099.741627424162,19290.145868957174,16201.720703125
forecast_0216,2025-01-10 00:00:00,18886.24865699233,19127.478296819696,14923.822265625
forecast_0217,2025-01-10 01:00:00,16177.145359916423,16673.458057145966,11921.2529296875
forecast_0218,2025-01-10 02:00:00,16516.428990425775,17438.031335398795,11713.3359375
forecast_0219,2025-01-10 03:00:00,17909.537967979748,17979.056398051933,12800.8369140625
forecast_0220,2025-01-10 04:00:00,19368.369779862544,18090.97559414736,13502.818359375
forecast_0221,2025-01-10 05:00:00,19458.22209922593,18922.128849638924,13472.5546875
forecast_0222,2025-01-10 06:00:00,19206.21976326086,18841.708351889807,13076.1103515625
forecast_0223,2025-01-10 07:00:00,17700.445886427682,17739.769118242442,10233.9697265625
forecast_0224,2025-01-10 08:00:00,14888.451849062378,14094.98080165925,8536.658203125
forecast_0225,2025-01-10 09:00:00,12277.797093659781,10294.130259627347,7367.5556640625
forecast_0226,2025-01-10 10:00:00,10041.905890236085,7589.276708047907,6776.7890625
forecast_0227,2025-01-10 11:00:00,7101.517874529073,5630.0030177533035,5297.0751953125
forecast_0228,2025-01-10 12:00:00,5623.407540946029,3519.977857662173,4477.6650390625
forecast_0229,2025-01-10 13:00:00,4704.980268841422,3246.816399906723,3846.993408203125
forecast_0230,2025-01-10 14:00:00,4815.27529366978,3007.2397552687517,3700.29296875
forecast_0231,2025-01-10 15:00:00,5087.250018668157,3911.3320015604127,3695.920654296875
forecast_0232,2025-01-10 16:00:00,6076.7784634502295,4847.830894588602,4155.43115234375
forecast_0233,2025-01-10 17:00:00,6590.973214473612,5593.333042614969,4557.6142578125
forecast_0234,2025-01-10 18:00:00,8610.427547982097,7383.433201642111,5295.8623046875
forecast_0235,2025-01-10 19:00:00,9209.167239217051,7955.46139119344,6006.197265625
forecast_0236,2025-01-10 20:00:00,9696.565418382253,8733.149296850417,6343.16455078125
forecast_0237,2025-01-10 21:00:00,10198.576742194991,9338.320181407591,6844.8330078125
forecast_0238,2025-01-10 22:00:00,10275.466338495804,9282.320297644324,7142.9833984375
forecast_0239,2025-01-10 23:00:00,11124.46088276371,9570.462236465635,7433.51318359375
forecast_0240,2025-01-11 00:00:00,11059.040282756005,9041.137203681563,7475.93115234375
forecast_0241,2025-01-11 01:00:00,10666.665506040912,8319.414903960089,7208.76416015625
forecast_0242,2025-01-11 02:00:00,11081.488562733124,8797.275215960002,7385.67041015625
forecast_0243,2025-01-11 03:00:00,10226.874626278843,8169.335133125093,6785.1689453125
forecast_0244,2025-01-11 04:00:00,9711.457701203894,7880.199795332623,6590.03759765625
forecast_0245,2025-01-11 05:00:00,10098.311502574026,8116.272803055538,6213.7880859375
forecast_0246,2025-01-11 06:00:00,9980.442479980466,8274.679100226713,6655.9873046875
forecast_0247,2025-01-11 07:00:00,9819.661187968624,9340.435966380586,6350.8603515625
forecast_0248,2025-01-11 08:00:00,9509.990856640556,9341.373691432324,6227.333984375
forecast_0249,2025-01-11 09:00:00,9145.355859250463,9094.128825664448,5999.9306640625
forecast_0250,2025-01-11 10:00:00,7527.02581197508,7663.028731375043,5534.453125
forecast_0251,2025-01-11 11:00:00,6611.623148780354,6370.073496793236,5134.138671875
forecast_0252,2025-01-11 12:00:00,5761.982735489937,5422.013519259331,4513.15869140625
forecast_0253,2025-01-11 13:00:00,5216.383585722821,3424.355462570072,4158.0380859375
forecast_0254,2025-01-11 14:00:00,5437.149798659364,3747.8649157067375,3941.714111328125
forecast_0255,2025-01-11 15:00:00,5065.909068394254,3704.5826712192506,3578.733642578125
forecast_0256,2025-01-11 16:00:00,5440.820316869107,3728.1215462681357,3921.48486328125
forecast_0257,2025-01-11 17:00:00,6744.618030559987,4745.420860865136,4405.7763671875
forecast_0258,2025-01-11 18:00:00,8279.356700775794,6821.914571120438,4908.80029296875
forecast_0259,2025-01-11 19:00:00,10010.717273866881,8152.419403264789,6126.755859375
forecast_0260,2025-01-11 20:00:00,10953.078106770286,9911.359593693036,7147.2744140625
forecast_0261,2025-01-11 21:00:00,12173.654000184895,12082.974982993434,9276.2138671875
forecast_0262,2025-01-11 22:00:00,12601.421362443782,11536.228591273008,9006.6669921875
forecast_0263,2025-01-11 23:00:00,13298.37241712556,12538.718343587787,9485.1591796875
forecast_0264,2025-01-12 00:00:00,14063.092436813073,12310.603361837682,9311.9404296875
forecast_0265,2025-01-12 01:00:00,12788.229144775134,11779.160766959016,9708.3125
forecast_0266,2025-01-12 02:00:00,12874.919686501325,12465.497466577395,9077.9228515625
forecast_0267,2025-01-12 03:00:00,14574.877317856757,13147.859300621392,10082.3330078125
forecast_0268,2025-01-12 04:00:00,15451.416371024534,15575.899847049071,10548.1455078125
forecast_0269,2025-01-12 05:00:00,16825.754040678232,16385.9362233406,12413.3720703125
forecast_0270,2025-01-12 06:00:00,16868.93927258097,16802.581614217692,12685.830078125
forecast_0271,2025-01-12 07:00:00,17031.57411419794,17080.588451977834,12638.1328125
forecast_0272,2025-01-12 08:00:00,17184.066716471458,17377.412440000717,12763.1435546875
forecast_0273,2025-01-12 09:00:00,16316.2920206905,16404.202129065285,12359.7333984375
forecast_0274,2025-01-12 10:00:00,15600.505319133754,16392.151977336245,13051.26171875
forecast_0275,2025-01-12 11:00:00,13668.454638678842,14674.874237309212,12725.5673828125
forecast_0276,2025-01-12 12:00:00,11965.941354090677,12354.491045583774,11013.513671875
forecast_0277,2025-01-12 13:00:00,11814.767135769462,12381.783802914628,10242.6953125
forecast_0278,2025-01-12 14:00:00,12386.093365414821,13871.63203046626,10223.556640625
forecast_0279,2025-01-12 15:00:00,12776.07908894795,13903.87925387371,10277.3330078125
forecast_0280,2025-01-12 16:00:00,12892.43801589528,13473.08149421739,10560.3125
forecast_0281,2025-01-12 17:00:00,13659.141818927714,14427.866166886108,10974.474609375
forecast_0282,2025-01-12 18:00:00,14590.962822242891,15383.562898016526,12171.173828125
forecast_0283,2025-01-12 19:00:00,15403.9538475505,16351.8678535064,13027.443359375
forecast_0284,2025-01-12 20:00:00,16213.49534514108,17659.557380049562,13503.0595703125
forecast_0285,2025-01-12 21:00:00,17651.711758026548,19092.348916045354,15243.4453125
forecast_0286,2025-01-12 22:00:00,18397.17172212098,19916.06391534905,16555.927734375
forecast_0287,2025-01-12 23:00:00,18545.652773778307,19322.48610336735,17045.525390625
forecast_0288,2025-01-13 00:00:00,19148.687621514124,19400.48900080599,17507.78515625
forecast_0289,2025-01-13 01:00:00,19642.346698378395,19879.43727036001,17321.390625
forecast_0290,2025-01-13 02:00:00,20026.279894941275,20218.75592033933,17944.984375
forecast_0291,2025-01-13 03:00:00,20398.759501520286,20564.329211777454,18522.14453125
forecast_0292,2025-01-13 04:00:00,20787.746129520303,20498.907750976825,18878.22265625
forecast_0293,2025-01-13 05:00:00,20812.57697745436,20450.222195440772,19176.5625
forecast_0294,2025-01-13 06:00:00,20635.937588999936,20254.887734772816,18877.828125
forecast_0295,2025-01-13 07:00:00,20532.318026118013,20415.682270178382,18918.017578125
forecast_0296,2025-01-13 08:00:00,20138.511761111396,20109.78951913076,18390.86328125
forecast_0297,2025-01-13 09:00:00,19400.82425944377,19891.968565825977,18199.79296875
forecast_0298,2025-01-13 10:00:00,18903.010962817752,19906.305640527018,18290.46484375
forecast_0299,2025-01-13 11:00:00,18797.793790138167,19883.129074382425,18093.494140625
forecast_0300,2025-01-13 12:00:00,17341.653470272136,18794.028234760008,17149.177734375
forecast_0301,2025-01-13 13:00:00,14819.167759024047,17353.183943971442,13781.255859375
forecast_0302,2025-01-13 14:00:00,14581.29239501011,17285.925998628387,12315.564453125
forecast_0303,2025-01-13 15:00:00,14205.228131596221,15470.08792087431,11199.6328125
forecast_0304,2025-01-13 16:00:00,13947.115928026655,14392.420555482768,11139.42578125
forecast_0305,2025-01-13 17:00:00,14528.723120639865,14437.025151889933,11097.03125
forecast_0306,2025-01-13 18:00:00,14064.180848290369,14121.355360176516,11464.712890625
forecast_0307,2025-01-13 19:00:00,15070.841671950213,15218.063966916303,13799.9501953125
forecast_0308,2025-01-13 20:00:00,15978.08936812378,17126.80713611617,14904.990234375
forecast_0309,2025-01-13 21:00:00,16946.424108282157,17373.64932522438,16912.873046875
forecast_0310,2025-01-13 22:00:00,17244.300846350903,17594.47495184956,17774.611328125
forecast_0311,2025-01-13 23:00:00,17464.663312747518,18103.371300145816,18144.74609375
forecast_0312,2025-01-14 00:00:00,17975.223468601842,18506.877042281245,18582.50390625
forecast_0313,2025-01-14 01:00:00,17210.73873842719,17433.303294014997,17048.869140625
forecast_0314,2025-01-14 02:00:00,17631.072511076618,17782.83553048958,17288.259765625
forecast_0315,2025-01-14 03:00:00,18183.924767219447,18094.662446705493,17959.875
forecast_0316,2025-01-14 04:00:00,17878.85970231739,18178.950893661782,17794.29296875
forecast_0317,2025-01-14 05:00:00,18198.84113459197,18554.196347490055,17868.2109375
forecast_0318,2025-01-14 06:00:00,18259.07704887152,18493.04526906826,17910.36328125
forecast_0319,2025-01-14 07:00:00,18476.390285451584,18918.600180436675,18241.306640625
forecast_0320,2025-01-14 08:00:00,18157.010794881182,18078.66829547673,18098.892578125
forecast_0321,2025-01-14 09:00:00,18067.674507724354,18205.052224835898,18239.240234375
forecast_0322,2025-01-14 10:00:00,17635.818355231197,17894.4092065811,18060.44140625
forecast_0323,2025-01-14 11:00:00,16827.018684652932,17497.92214195337,16423.01171875
forecast_0324,2025-01-14 12:00:00,16708.57894834289,17012.35395034222,16113.1845703125
forecast_0325,2025-01-14 13:00:00,16301.848893339873,16442.344699193964,15332.1611328125
forecast_0326,2025-01-14 14:00:00,14687.896062483755,14730.14713671936,12442.5146484375
forecast_0327,2025-01-14 15:00:00,14213.763431543184,14125.091934215574,12161.1572265625
forecast_0328,2025-01-14 16:00:00,13847.060023213562,13627.381728684839,12221.8408203125
forecast_0329,2025-01-14 17:00:00,13461.996422715016,13101.503042930237,11978.5595703125
forecast_0330,2025-01-14 18:00:00,12614.557951820283,12797.785374622154,11452.6796875
forecast_0331,2025-01-14 19:00:00,12302.59703346009,12762.030429457827,11372.4345703125
forecast_0332,2025-01-14 20:00:00,12390.890408143594,13370.561984883496,11607.376953125
forecast_0333,2025-01-14 21:00:00,13029.372497955164,13402.498958326392,11846.75390625
forecast_0334,2025-01-14 22:00:00,13715.347306338186,14478.574393713909,12251.236328125
forecast_0335,2025-01-14 23:00:00,14107.385357014648,14609.196810901,13113.0107421875
forecast_0336,2025-01-15 00:00:00,14083.599742104681,13919.737738996846,12486.4365234375
forecast_0337,2025-01-15 01:00:00,14256.421506723393,13429.718792872782,12522.0986328125
forecast_0338,2025-01-15 02:00:00,13798.16539548289,12800.017861775905,11850.837890625
forecast_0339,2025-01-15 03:00:00,13723.682004022412,12373.623928966503,11479.2333984375
forecast_0340,2025-01-15 04:00:00,13213.626245961448,12552.782206211194,11069.568359375
forecast_0341,2025-01-15 05:00:00,13265.041359487766,13145.87390723196,10997.0087890625
forecast_0342,2025-01-15 06:00:00,14100.467362421958,13611.259110520592,11254.431640625
forecast_0343,2025-01-15 07:00:00,14444.182492205986,14209.757970716835,11579.1513671875
forecast_0344,2025-01-15 08:00:00,14212.082419721854,15128.78847967143,11738.396484375
forecast_0345,2025-01-15 09:00:00,14099.764012746284,15186.660892798098,12575.7998046875
forecast_0346,2025-01-15 10:00:00,13335.63809827948,14856.799639537754,11576.0849609375
forecast_0347,2025-01-15 11:00:00,13275.017900052819,14532.241461529533,11151.6474609375
forecast_0348,2025-01-15 12:00:00,12957.295271847053,13528.120024761003,10400.591796875
forecast_0349,2025-01-15 13:00:00,12723.003301044278,13232.945786517059,9637.447265625
forecast_0350,2025-01-15 14:00:00,12374.005792306114,12275.977075900453,8860.5947265625
forecast_0351,2025-01-15 15:00:00,11952.098089735515,11970.67021303503,8785.185546875
forecast_0352,2025-01-15 16:00:00,11639.370403874596,11407.671127195861,9021.4931640625
forecast_0353,2025-01-15 17:00:00,11924.690352564214,11587.797263107524,9567.8076171875
forecast_0354,2025-01-15 18:00:00,12869.556539134664,13234.274174456363,10252.677734375
forecast_0355,2025-01-15 19:00:00,14400.341513677735,14906.610009853506,12140.6142578125
forecast_0356,2025-01-15 20:00:00,15688.37545696491,16422.53331139756,12898.181640625
forecast_0357,2025-01-15 21:00:00,17178.004175405684,17703.940197968797,14987.3486328125
forecast_0358,2025-01-15 22:00:00,18263.98172208023,18814.470400417464,16146.1376953125
forecast_0359,2025-01-15 23:00:00,19203.776585679414,19423.758272381674,17319.359375
forecast_0360,2025-01-16 00:00:00,19625.87873333846,19742.123306156285,18428.302734375
forecast_0361,2025-01-16 01:00:00,19591.30007686736,19724.365850049096,17697.98828125
forecast_0362,2025-01-16 02:00:00,19893.975580804014,19930.986193242145,18099.87109375
forecast_0363,2025-01-16 03:00:00,20424.174950144643,19653.63490885138,18745.71484375
forecast_0364,2025-01-16 04:00:00,20610.72120501975,20131.902297526292,19476.919921875
forecast_0365,2025-01-16 05:00:00,20672.831404975488,20249.800956916908,19679.365234375
forecast_0366,2025-01-16 06:00:00,20644.93660429615,20278.510584002157,19644.98828125
forecast_0367,2025-01-16 07:00:00,20648.415159193853,20782.11090156308,19998.361328125
forecast_0368,2025-01-16 08:00:00,20417.33939656162,20673.507197944942,19978.3515625
forecast_0369,2025-01-16 09:00:00,20396.534543875052,20782.793973341555,20123.791015625
forecast_0370,2025-01-16 10:00:00,20122.846423786108,20552.858898245453,19763.041015625
forecast_0371,2025-01-16 11:00:00,19565.434947634938,20278.647747664712,18904.25390625
forecast_0372,2025-01-16 12:00:00,19410.054683020455,19644.173898090878,18157.2265625
forecast_0373,2025-01-16 13:00:00,18366.325020460703,19016.069453578573,16560.36328125
forecast_0374,2025-01-16 14:00:00,17786.758759860786,18485.748542821286,15858.8310546875
forecast_0375,2025-01-16 15:00:00,18189.604323707892,18391.600536764225,17140.05078125
forecast_0376,2025-01-16 16:00:00,18187.15278728666,18229.139338110388,17910.7109375
forecast_0377,2025-01-16 17:00:00,18321.312050255085,18306.3805491062,18440.26171875
forecast_0378,2025-01-16 18:00:00,18183.070604488366,18009.926177257075,18504.16015625
forecast_0379,2025-01-16 19:00:00,17992.31407636158,17328.336458445527,17020.78515625
forecast_0380,2025-01-16 20:00:00,14730.768446920183,14427.11973113765,11089.1884765625
forecast_0381,2025-01-16 21:00:00,14845.127917252932,13481.003551370784,10314.4189453125
forecast_0382,2025-01-16 22:00:00,12524.368477173055,11142.740482891517,8246.068359375
forecast_0383,2025-01-16 23:00:00,9941.209575062605,8113.501921507368,5467.29443359375
forecast_0384,2025-01-17 00:00:00,7406.924151077184,5198.122896064604,4359.9794921875
forecast_0385,2025-01-17 01:00:00,5715.908999288777,4289.520315990768,3405.73583984375
forecast_0386,2025-01-17 02:00:00,4527.190204746585,3419.2325872211713,3693.71044921875
forecast_0387,2025-01-17 03:00:00,4377.379803441892,2476.1154416693034,3838.23193359375
forecast_0388,2025-01-17 04:00:00,3992.424907968155,2072.0284586113426,3400.418701171875
forecast_0389,2025-01-17 05:00:00,3594.416491924534,1598.5263192801265,3161.779052734375
forecast_0390,2025-01-17 06:00:00,3741.4785713460506,1397.4907038039814,2912.38232421875
forecast_0391,2025-01-17 07:00:00,3986.182400740636,2049.0126228088066,2886.07275390625
forecast_0392,2025-01-17 08:00:00,4439.109331298181,2650.844459638777,3048.47900390625
forecast_0393,2025-01-17 09:00:00,4532.213000605365,2846.7719673994247,3213.116943359375
forecast_0394,2025-01-17 10:00:00,4029.296491894857,2642.540014661813,3235.0673828125
forecast_0395,2025-01-17 11:00:00,3696.2838241140735,2522.8394355074647,2930.686279296875
forecast_0396,2025-01-17 12:00:00,3673.6729629110423,2375.7794098926274,2794.90283203125
forecast_0397,2025-01-17 13:00:00,3979.467394873677,2668.100218835353,3253.19921875
forecast_0398,2025-01-17 14:00:00,4016.246652584157,2318.6365800704157,3208.430419921875
forecast_0399,2025-01-17 15:00:00,4055.835248609783,2608.171285563417,3349.93896484375
forecast_0400,2025-01-17 16:00:00,4991.081538143828,4208.959391476266,3992.26416015625
forecast_0401,2025-01-17 17:00:00,6240.074520622749,6146.698312150122,4498.0576171875
forecast_0402,2025-01-17 18:00:00,7765.79242646077,7606.329618170979,5024.6611328125
forecast_0403,2025-01-17 19:00:00,10095.237313134763,9661.342637509708,5631.10009765625
forecast_0404,2025-01-17 20:00:00,11905.271348805798,12204.3502003987,7197.2900390625
forecast_0405,2025-01-17 21:00:00,12787.3087703776,14076.15510783669,8103.09228515625
forecast_0406,2025-01-17 22:00:00,14585.491687141768,15074.494185441648,9553.048828125
forecast_0407,2025-01-17 23:00:00,15844.964309858638,13574.651070788748,11320.892578125
forecast_0408,2025-01-18 00:00:00,16274.780159951119,15238.85615402853,12374.3203125
forecast_0409,2025-01-18 01:00:00,16303.905447949357,13546.030506776611,11434.353515625
forecast_0410,2025-01-18 02:00:00,17703.570948851244,15012.66194364883,14139.318359375
forecast_0411,2025-01-18 03:00:00,18231.293546658082,16124.052400040357,15100.1201171875
forecast_0412,2025-01-18 04:00:00,18682.493827522892,16368.014954865781,15255.212890625
forecast_0413,2025-01-18 05:00:00,18736.101162537547,16643.812557684847,14551.271484375
forecast_0414,2025-01-18 06:00:00,18424.821291201642,15204.86902790412,12263.55078125
forecast_0415,2025-01-18 07:00:00,16190.400330754637,13166.77080322672,8001.2998046875
forecast_0416,2025-01-18 08:00:00,13524.477876774468,10221.92328561325,6047.57177734375
forecast_0417,2025-01-18 09:00:00,9674.580441008547,6577.377409175935,4912.72265625
forecast_0418,2025-01-18 10:00:00,7657.358294110958,5524.52497363076,4903.22119140625
forecast_0419,2025-01-18 11:00:00,7160.450813334557,5995.746626101888,4676.30517578125
forecast_0420,2025-01-18 12:00:00,6870.472721517399,6229.009777871088,4423.7158203125
forecast_0421,2025-01-18 13:00:00,6522.531906733018,6272.59755130601,3830.517578125
forecast_0422,2025-01-18 14:00:00,6302.252156299595,5932.263291640766,3816.6875
forecast_0423,2025-01-18 15:00:00,5971.368349445434,6316.34151001256,4105.78515625
forecast_0424,2025-01-18 16:00:00,7268.587141071657,7017.287276583355,4098.09033203125
forecast_0425,2025-01-18 17:00:00,10018.748918822685,10105.162741258693,5102.88037109375
forecast_0426,2025-01-18 18:00:00,14075.650434003204,13136.075032469073,8679.8427734375
forecast_0427,2025-01-18 19:00:00,16748.819847632025,15465.433568800854,12794.2333984375
forecast_0428,2025-01-18 20:00:00,17985.729452728134,16804.805091264443,15111.966796875
forecast_0429,2025-01-18 21:00:00,18825.198376935423,18215.13279153441,16346.6298828125
forecast_0430,2025-01-18 22:00:00,18870.260555074543,18060.141001791028,16372.478515625
forecast_0431,2025-01-18 23:00:00,18454.67373062486,18109.329254516902,15195.0595703125
forecast_0432,2025-01-19 00:00:00,18002.955913607864,17392.174054011146,15410.6640625
forecast_0433,2025-01-19 01:00:00,17416.294443314553,17501.60830749287,13630.8720703125
forecast_0434,2025-01-19 02:00:00,17713.04269385089,17309.235065082627,14969.7890625
forecast_0435,2025-01-19 03:00:00,18441.609704064154,18101.4118029712,15596.466796875
forecast_0436,2025-01-19 04:00:00,19342.053624353524,18630.02375682447,16640.498046875
forecast_0437,2025-01-19 05:00:00,19808.076247111312,19284.453526262016,17478.81640625
forecast_0438,2025-01-19 06:00:00,19671.211620703725,19386.711480444486,17768.837890625
forecast_0439,2025-01-19 07:00:00,19542.649735826395,19366.97591158053,17363.615234375
forecast_0440,2025-01-19 08:00:00,19036.382633592257,19385.1818017428,15950.353515625
forecast_0441,2025-01-19 09:00:00,17067.18208615302,18140.965279833992,13353.052734375
forecast_0442,2025-01-19 10:00:00,15972.481854918526,16696.09728333065,12115.16796875
forecast_0443,2025-01-19 11:00:00,14906.267519982419,15182.264840784012,11387.7138671875
forecast_0444,2025-01-19 12:00:00,12059.571483009413,13387.752393242916,8800.787109375
forecast_0445,2025-01-19 13:00:00,10525.494502650581,11506.18268199761,6739.5927734375
forecast_0446,2025-01-19 14:00:00,9845.213369667803,10107.44478240826,5555.79296875
forecast_0447,2025-01-19 15:00:00,9094.31827256273,9298.172678603678,5202.59619140625
forecast_0448,2025-01-19 16:00:00,8292.319901489016,8374.692823213427,5322.98828125
forecast_0449,2025-01-19 17:00:00,9255.255034262374,9149.356080349164,5460.97412109375
forecast_0450,2025-01-19 18:00:00,10384.360914067896,10100.278633938695,6528.0380859375
forecast_0451,2025-01-19 19:00:00,11316.879698227764,11286.599631664063,7565.53759765625
forecast_0452,2025-01-19 20:00:00,12004.227099684394,12193.352672965351,8327.287109375
forecast_0453,2025-01-19 21:00:00,12446.165434204862,13653.97546995553,8496.2236328125
forecast_0454,2025-01-19 22:00:00,12865.25697893378,13723.256189005833,8959.2060546875
forecast_0455,2025-01-19 23:00:00,13384.843360193394,13895.292876933041,10168.162109375
forecast_0456,2025-01-20 00:00:00,12462.559123816574,12059.695090665888,9324.7275390625
forecast_0457,2025-01-20 01:00:00,11336.967640935354,9496.97437062674,6597.7646484375
forecast_0458,2025-01-20 02:00:00,10277.388203185896,8741.961963851274,6160.36181640625
forecast_0459,2025-01-20 03:00:00,9185.78428013984,8046.107400584469,6043.72119140625
forecast_0460,2025-01-20 04:00:00,7728.633195918801,6335.6175825892515,5408.5029296875
forecast_0461,2025-01-20 05:00:00,6904.867502612674,4972.7331535555295,4690.3623046875
forecast_0462,2025-01-20 06:00:00,5540.507827031455,3433.609447448581,4263.982421875
forecast_0463,2025-01-20 07:00:00,4550.838800506486,2537.5243912140127,3915.17333984375
forecast_0464,2025-01-20 08:00:00,3766.5712318582746,2339.1867428439427,3585.965576171875
forecast_0465,2025-01-20 09:00:00,3295.0670770731094,2142.8460958008714,3405.522705078125
forecast_0466,2025-01-20 10:00:00,2613.582127212187,1819.441410046607,2778.480224609375
forecast_0467,2025-01-20 11:00:00,2261.0824486673237,1431.0341984362253,2161.93408203125
forecast_0468,2025-01-20 12:00:00,1874.6991245208433,1058.3883197455507,1804.2174072265625
forecast_0469,2025-01-20 13:00:00,2085.159864986716,1405.6409106293552,1944.668212890625
forecast_0470,2025-01-20 14:00:00,2127.772399960388,1070.5625567944658,1985.451171875
forecast_0471,2025-01-20 15:00:00,2301.67782524247,1331.9155279761017,2257.889404296875
forecast_0472,2025-01-20 16:00:00,2964.186713626137,1363.5688615538938,2432.827392578125
forecast_0473,2025-01-20 17:00:00,2846.525039934666,1282.574389371111,2396.334716796875
forecast_0474,2025-01-20 18:00:00,2225.8795288202596,1069.360737646953,2222.944091796875
forecast_0475,2025-01-20 19:00:00,2882.832654330546,1975.8405479840744,3205.77587890625
forecast_0476,2025-01-20 20:00:00,3616.5018986747114,2966.5699238376883,3958.66748046875
forecast_0477,2025-01-20 21:00:00,3750.4176670806196,3772.0767674130243,4198.70849609375
forecast_0478,2025-01-20 22:00:00,3395.465224134695,3121.79387322627,4005.655029296875
forecast_0479,2025-01-20 23:00:00,3593.5505763631377,3278.7763462334474,4182.126953125
forecast_0480,2025-01-21 00:00:00,3753.4981622729865,2977.249220755046,4075.53662109375
forecast_0481,2025-01-21 01:00:00,4680.706674149005,3907.0550964184768,4477.67041015625
forecast_0482,2025-01-21 02:00:00,4939.037327401344,4029.7059765158433,4455.8837890625
forecast_0483,2025-01-21 03:00:00,5736.9346359017,4580.772345514171,4437.45556640625
forecast_0484,2025-01-21 04:00:00,6158.536219615264,4765.713972283567,4541.9013671875
forecast_0485,2025-01-21 05:00:00,6528.76745631891,5249.845627723817,4529.67822265625
forecast_0486,2025-01-21 06:00:00,6496.763604998797,5113.047978912733,4394.6552734375
forecast_0487,2025-01-21 07:00:00,5891.207386003705,4523.377749968038,4219.47119140625
forecast_0488,2025-01-21 08:00:00,5596.665757821317,3642.5872809371376,4137.7939453125
forecast_0489,2025-01-21 09:00:00,4676.360297810895,3907.8827997534886,4145.81640625
forecast_0490,2025-01-21 10:00:00,4373.267504584934,3429.2919580987505,3924.78857421875
forecast_0491,2025-01-21 11:00:00,4153.471992312419,3308.5663157548497,3621.94287109375
forecast_0492,2025-01-21 12:00:00,4189.68600483025,3182.8005129190724,3394.806640625
forecast_0493,2025-01-21 13:00:00,3979.854276879405,2540.925096068994,3288.982421875
forecast_0494,2025-01-21 14:00:00,4399.469164099211,2902.1954543455568,3285.81591796875
forecast_0495,2025-01-21 15:00:00,4915.640657543746,3969.1509345434933,3391.487548828125
forecast_0496,2025-01-21 16:00:00,6260.498808268634,5573.154106452628,3572.926513671875
forecast_0497,2025-01-21 17:00:00,7963.89436736049,7358.56339420005,4102.88232421875
forecast_0498,2025-01-21 18:00:00,10404.339287991483,10221.810410978876,6047.3115234375
forecast_0499,2025-01-21 19:00:00,13155.1145346653,13525.676843397778,8449.8193359375
forecast_0500,2025-01-21 20:00:00,14666.94082969976,14347.728696513126,10961.431640625
forecast_0501,2025-01-21 21:00:00,15797.451570858553,15185.503872499461,12051.54296875
forecast_0502,2025-01-21 22:00:00,14438.109860954559,14859.358595476053,10123.251953125
forecast_0503,2025-01-21 23:00:00,15134.155974782263,15062.198701028914,10688.6201171875
forecast_0504,2025-01-22 00:00:00,13715.521145941051,14545.683504469664,10011.806640625
forecast_0505,2025-01-22 01:00:00,13635.453151193851,14897.46576391479,9912.8359375
forecast_0506,2025-01-22 02:00:00,14297.65079204211,15733.7058488553,10760.5966796875
forecast_0507,2025-01-22 03:00:00,15411.658790819038,17017.61609413058,11646.736328125
forecast_0508,2025-01-22 04:00:00,16098.35393573912,16669.4850966824,12987.166015625
forecast_0509,2025-01-22 05:00:00,16729.192763691557,16639.15196918712,13240.896484375
forecast_0510,2025-01-22 06:00:00,17190.759574796466,16170.935303020095,14004.3779296875
forecast_0511,2025-01-22 07:00:00,17845.27798065682,17183.229485886164,14768.4267578125
forecast_0512,2025-01-22 08:00:00,17543.242156421147,16987.456740234695,15363.533203125
forecast_0513,2025-01-22 09:00:00,16421.93887923581,16032.893551462334,14648.974609375
forecast_0514,2025-01-22 10:00:00,15291.126696175565,14818.619836511318,13567.0986328125
forecast_0515,2025-01-22 11:00:00,14212.281301932802,13575.35869959249,10987.4013671875
forecast_0516,2025-01-22 12:00:00,13235.186455410454,12427.277071208802,8774.7666015625
forecast_0517,2025-01-22 13:00:00,12193.11608806259,11426.1708956265,7354.0888671875
forecast_0518,2025-01-22 14:00:00,10278.71435290721,9488.654815857743,5640.43798828125
forecast_0519,2025-01-22 15:00:00,8914.400544857814,7901.55201122338,4446.36865234375
forecast_0520,2025-01-22 16:00:00,8687.225812102715,7592.755409763196,4570.64404296875
forecast_0521,2025-01-22 17:00:00,9447.935517700502,9591.379304395403,4664.3408203125
forecast_0522,2025-01-22 18:00:00,11250.615755616092,11092.866260284021,5726.8232421875
forecast_0523,2025-01-22 19:00:00,13483.984110608599,12883.034029949138,7331.0712890625
forecast_0524,2025-01-22 20:00:00,14655.019329802839,15254.59657534438,9746.3369140625
forecast_0525,2025-01-22 21:00:00,15121.245635405987,15271.043353020541,11043.5361328125
forecast_0526,2025-01-22 22:00:00,15864.027225079473,15559.635280603874,12271.0166015625
forecast_0527,2025-01-22 23:00:00,15607.930290335029,15312.963105042754,12879.6494140625
forecast_0528,2025-01-23 00:00:00,15734.497414958896,15408.913445349097,13520.583984375
forecast_0529,2025-01-23 01:00:00,16108.828101980587,16525.441318213903,13467.3935546875
forecast_0530,2025-01-23 02:00:00,16639.601911237227,15786.989135109188,13526.6748046875
forecast_0531,2025-01-23 03:00:00,16854.49669851001,16286.553984354608,13357.376953125
forecast_0532,2025-01-23 04:00:00,16073.50054578769,16388.46983191998,12212.392578125
forecast_0533,2025-01-23 05:00:00,15514.68246930885,15219.140300567884,11345.025390625
forecast_0534,2025-01-23 06:00:00,14887.874060138296,14352.768981276062,10274.2548828125
forecast_0535,2025-01-23 07:00:00,13744.156119716325,12961.274048510564,8871.5732421875
forecast_0536,2025-01-23 08:00:00,11945.433548308665,11886.405704320387,7155.76416015625
forecast_0537,2025-01-23 09:00:00,9251.354060133088,8653.097801854441,5088.59033203125
forecast_0538,2025-01-23 10:00:00,7694.818548295225,8479.376662292478,5185.5068359375
forecast_0539,2025-01-23 11:00:00,6224.000182692339,6564.3044862036795,4460.2099609375
forecast_0540,2025-01-23 12:00:00,5044.340620737094,3977.9771657669835,3429.03662109375
forecast_0541,2025-01-23 13:00:00,4274.8537415874325,3022.391517158686,2825.99462890625
forecast_0542,2025-01-23 14:00:00,4067.154360125165,2660.020943773129,2676.6865234375
forecast_0543,2025-01-23 15:00:00,3804.6663114833796,2188.6450724247225,2524.27099609375
forecast_0544,2025-01-23 16:00:00,3790.165868371969,2338.116960110903,2524.47119140625
forecast_0545,2025-01-23 17:00:00,3670.7489831341773,2105.382135536749,2421.36962890625
forecast_0546,2025-01-23 18:00:00,3803.2798387007574,3286.294230941988,2722.033203125
forecast_0547,2025-01-23 19:00:00,5064.96052021178,4312.795972218164,3134.41357421875
forecast_0548,2025-01-23 20:00:00,4606.000424327523,3724.3620221327697,3319.537109375
forecast_0549,2025-01-23 21:00:00,4619.017769280282,3791.295248556308,3443.2578125
forecast_0550,2025-01-23 22:00:00,4877.117246037631,4353.379409394771,3499.923095703125
forecast_0551,2025-01-23 23:00:00,5158.421645078019,4599.885139331125,3609.364013671875
forecast_0552,2025-01-24 00:00:00,4874.281067843588,4564.524599879149,3507.619873046875
forecast_0553,2025-01-24 01:00:00,4280.36286823836,3005.4594125405224,3475.38818359375
forecast_0554,2025-01-24 02:00:00,3982.0249707015305,2863.3493653959767,3227.19775390625
forecast_0555,2025-01-24 03:00:00,4179.790609067266,2855.2329077493578,3037.39599609375
forecast_0556,2025-01-24 04:00:00,4210.237263900186,2851.581376509273,3146.27001953125
forecast_0557,2025-01-24 05:00:00,2926.736867991086,1339.4562757763229,2735.83447265625
forecast_0558,2025-01-24 06:00:00,2719.7733782764244,1417.1887006253264,2411.946044921875
forecast_0559,2025-01-24 07:00:00,2521.171210498239,1417.0744052484056,2300.854248046875
forecast_0560,2025-01-24 08:00:00,2468.6098889468967,1679.921155832224,2230.114990234375
forecast_0561,2025-01-24 09:00:00,2478.5930918248905,1728.9499023315518,2507.42822265625
forecast_0562,2025-01-24 10:00:00,1937.6882983596001,1014.344005470166,2250.19091796875
forecast_0563,2025-01-24 11:00:00,1857.2129320377526,916.7918822319896,2169.05078125
forecast_0564,2025-01-24 12:00:00,1929.3407362211387,1442.6063946840545,2211.952880859375
forecast_0565,2025-01-24 13:00:00,2141.6237753859978,1014.7177126061047,2171.801025390625
forecast_0566,2025-01-24 14:00:00,2243.6462212714355,1502.5631950480893,2419.75537109375
forecast_0567,2025-01-24 15:00:00,2813.5899240364897,1778.8517372550903,2507.198486328125
forecast_0568,2025-01-24 16:00:00,2797.0373326026174,1558.1329059536438,2523.47802734375
forecast_0569,2025-01-24 17:00:00,2181.1868601927704,1214.600031826104,2588.72802734375
forecast_0570,2025-01-24 18:00:00,2675.889566114677,1700.8169962546428,2596.453369140625
forecast_0571,2025-01-24 19:00:00,3375.452441915859,3188.921533943991,2870.371337890625
forecast_0572,2025-01-24 20:00:00,3514.1521495635307,3711.157389753382,3137.0
forecast_0573,2025-01-24 21:00:00,3699.6916683701024,4173.925033731308,2726.90185546875
forecast_0574,2025-01-24 22:00:00,4237.2115052862355,4725.882457575077,2603.35498046875
forecast_0575,2025-01-24 23:00:00,4924.325780439713,5551.542409576643,3274.56201171875
forecast_0576,2025-01-25 00:00:00,6247.497489873289,6372.935982355238,4566.369140625
forecast_0577,2025-01-25 01:00:00,4217.776480658284,3586.434062089175,2860.923828125
forecast_0578,2025-01-25 02:00:00,6061.125796771294,5762.865686551245,3238.71142578125
forecast_0579,2025-01-25 03:00:00,6040.494096969669,6482.6347996856975,3572.047607421875
forecast_0580,2025-01-25 04:00:00,6006.077032485522,6648.607150636778,4469.11376953125
forecast_0581,2025-01-25 05:00:00,5997.952752662388,6982.890725348774,4363.3701171875
forecast_0582,2025-01-25 06:00:00,6034.149027144313,7324.969374174236,4716.09130859375
forecast_0583,2025-01-25 07:00:00,6118.10215678687,7256.769662384025,4409.427734375
forecast_0584,2025-01-25 08:00:00,6023.932546818873,6907.857264784875,4627.45654296875
forecast_0585,2025-01-25 09:00:00,5403.116521273845,6403.069269968217,4579.0185546875
forecast_0586,2025-01-25 10:00:00,5190.799826365826,6225.80644921692,4854.4013671875
forecast_0587,2025-01-25 11:00:00,5563.012488683145,5679.661071239923,5007.9638671875
forecast_0588,2025-01-25 12:00:00,5639.937200077582,5240.815757398934,4948.583984375
forecast_0589,2025-01-25 13:00:00,5594.0963468586415,5189.785199952157,5670.826171875
forecast_0590,2025-01-25 14:00:00,4870.688752623955,4666.189275834384,4858.52197265625
forecast_0591,2025-01-25 15:00:00,4671.21362312101,4735.877792763623,4777.7099609375
forecast_0592,2025-01-25 16:00:00,4819.495748722944,4802.851961947443,4423.0791015625
forecast_0593,2025-01-25 17:00:00,4849.415637181207,4972.680805262993,4302.1611328125
forecast_0594,2025-01-25 18:00:00,4964.518115364866,5101.663907019161,4209.05712890625
forecast_0595,2025-01-25 19:00:00,5258.410962663846,5997.709249251221,4819.3193359375
forecast_0596,2025-01-25 20:00:00,5683.637518759475,6412.275309711932,5031.40673828125
forecast_0597,2025-01-25 21:00:00,5927.943282995089,6836.072904748701,5286.4501953125
forecast_0598,2025-01-25 22:00:00,6419.570370247062,6726.1592565108895,5340.1650390625
forecast_0599,2025-01-25 23:00:00,6931.625657397767,6704.131490441802,5884.11572265625
forecast_0600,2025-01-26 00:00:00,6792.136967240533,6792.931011070209,5441.34228515625
forecast_0601,2025-01-26 01:00:00,6943.8769310709995,7212.22547841421,5996.1201171875
forecast_0602,2025-01-26 02:00:00,6706.415024255353,7274.3716915614805,5380.74658203125
forecast_0603,2025-01-26 03:00:00,6325.613376582311,7249.733467402931,5228.56396484375
forecast_0604,2025-01-26 04:00:00,5770.3773590183555,6174.153161517633,4370.9208984375
forecast_0605,2025-01-26 05:00:00,5318.518129731387,5409.591408142404,3938.897216796875
forecast_0606,2025-01-26 06:00:00,4689.055065403269,5087.1486795095825,3592.010498046875
forecast_0607,2025-01-26 07:00:00,4024.6979740766037,4978.360291096025,3248.419189453125
forecast_0608,2025-01-26 08:00:00,3828.4660990589027,4801.15209382489,2927.04443359375
forecast_0609,2025-01-26 09:00:00,3567.151308378522,5041.7704731490885,2913.200927734375
forecast_0610,2025-01-26 10:00:00,3368.0701741976104,4477.036289617114,3008.232421875
forecast_0611,2025-01-26 11:00:00,2936.491166225963,2996.282859915771,3068.755126953125
forecast_0612,2025-01-26 12:00:00,2911.36757134232,2539.156652204699,2714.664794921875
forecast_0613,2025-01-26 13:00:00,2318.787389923283,1473.6908324290685,2484.241943359375
forecast_0614,2025-01-26 14:00:00,1837.7684325958958,1128.1612087731191,2443.3974609375
forecast_0615,2025-01-26 15:00:00,1889.7601309451154,1095.013844669787,2244.3134765625
forecast_0616,2025-01-26 16:00:00,1753.890636856752,1245.737100168095,2452.33837890625
forecast_0617,2025-01-26 17:00:00,1917.0412020643453,1187.5467149114218,2468.03076171875
forecast_0618,2025-01-26 18:00:00,1858.111993127589,1384.0510646816915,2381.15576171875
forecast_0619,2025-01-26 19:00:00,2675.0737089496615,1838.2782994920083,2447.94482421875
forecast_0620,2025-01-26 20:00:00,3151.9343115946167,2718.364166719295,3272.356201171875
forecast_0621,2025-01-26 21:00:00,3559.1002082386085,2686.176678824135,3204.13037109375
forecast_0622,2025-01-26 22:00:00,5202.501400272362,3959.36549828273,4167.5908203125
forecast_0623,2025-01-26 23:00:00,4689.2323940730985,3276.9029074659993,3513.67333984375
forecast_0624,2025-01-27 00:00:00,4663.409925134332,3411.873612093281,3443.432373046875
forecast_0625,2025-01-27 01:00:00,4487.963050613557,3245.4235565424588,3354.21728515625
forecast_0626,2025-01-27 02:00:00,4816.9967472632925,3430.9615684511737,3598.559326171875
forecast_0627,2025-01-27 03:00:00,5142.438546978992,3759.143455739407,3989.330810546875
forecast_0628,2025-01-27 04:00:00,5842.254296207655,5466.072802953294,4122.3505859375
forecast_0629,2025-01-27 05:00:00,6510.623166781581,6510.4323720558505,4444.4482421875
forecast_0630,2025-01-27 06:00:00,6406.970865338987,5844.220601182107,4403.8662109375
forecast_0631,2025-01-27 07:00:00,6686.96570768178,5875.292356944886,4274.6220703125
forecast_0632,2025-01-27 08:00:00,7095.912369175458,7085.097632840801,4441.7314453125
forecast_0633,2025-01-27 09:00:00,7579.697639270035,7697.871458354826,5944.900390625
forecast_0634,2025-01-27 10:00:00,6119.027108856493,6360.029197136925,4498.60400390625
forecast_0635,2025-01-27 11:00:00,7484.332484187902,8000.025613526923,5611.6513671875
forecast_0636,2025-01-27 12:00:00,10897.582305499804,11898.251683783845,10166.125
forecast_0637,2025-01-27 13:00:00,11940.37937809456,14865.892323749053,10211.0625
forecast_0638,2025-01-27 14:00:00,14922.987191268501,16275.701475369115,13578.7998046875
forecast_0639,2025-01-27 15:00:00,17572.952496963477,18335.237314765694,16475.5
forecast_0640,2025-01-27 16:00:00,18427.404221731987,18458.606456935533,16661.47265625
forecast_0641,2025-01-27 17:00:00,18121.56667591652,18404.599098838797,16683.236328125
forecast_0642,2025-01-27 18:00:00,19135.41992548426,18839.551735607343,17145.404296875
forecast_0643,2025-01-27 19:00:00,19131.89426927996,18782.913300988235,16352.96875
forecast_0644,2025-01-27 20:00:00,19272.96091938849,18294.299041619684,16711.498046875
forecast_0645,2025-01-27 21:00:00,18180.77628713043,18124.61492147325,16560.98046875
forecast_0646,2025-01-27 22:00:00,18106.608576629355,17972.355420086293,16496.291015625
forecast_0647,2025-01-27 23:00:00,17654.504605854832,17325.924091287914,16975.88671875
forecast_0648,2025-01-28 00:00:00,17543.786068223475,17512.525730779926,17158.435546875
forecast_0649,2025-01-28 01:00:00,17406.294937323928,17310.079233147026,15550.833984375
forecast_0650,2025-01-28 02:00:00,17583.36602416546,17138.344706980486,15386.7109375
forecast_0651,2025-01-28 03:00:00,17308.81253892337,16824.676943846927,15257.994140625
forecast_0652,2025-01-28 04:00:00,17075.370097996667,17506.851376478447,15659.310546875
forecast_0653,2025-01-28 05:00:00,17252.843703901643,17891.660554459188,16535.95703125
forecast_0654,2025-01-28 06:00:00,17410.59203189645,17806.86820783287,17584.279296875
forecast_0655,2025-01-28 07:00:00,17632.392881553696,17591.985227585377,18553.05078125
forecast_0656,2025-01-28 08:00:00,18233.69828257812,17641.369983623783,18990.712890625
forecast_0657,2025-01-28 09:00:00,18258.79996210643,17607.8788982463,18613.236328125
forecast_0658,2025-01-28 10:00:00,18531.98814095294,17481.07729168247,18492.52734375
forecast_0659,2025-01-28 11:00:00,18516.107184676766,17476.898606623494,17743.82421875
forecast_0660,2025-01-28 12:00:00,18058.556455186554,17233.9106671258,17627.693359375
forecast_0661,2025-01-28 13:00:00,17902.50542293986,16972.715408793163,17562.341796875
forecast_0662,2025-01-28 14:00:00,17813.349399271472,17252.64982649566,18191.54296875
forecast_0663,2025-01-28 15:00:00,17866.53445555617,16879.98662562594,17804.109375
forecast_0664,2025-01-28 16:00:00,17637.50510543086,16927.79167242813,17722.65625
forecast_0665,2025-01-28 17:00:00,17572.514925378913,17167.363396133915,17996.27734375
forecast_0666,2025-01-28 18:00:00,17213.57278875512,17042.730348336223,18017.859375
forecast_0667,2025-01-28 19:00:00,17103.089910530092,17185.689814234975,17931.71875
forecast_0668,2025-01-28 20:00:00,17152.38080070827,17257.377246353746,17770.353515625
forecast_0669,2025-01-28 21:00:00,17621.251714014208,17921.887510926645,17990.037109375
forecast_0670,2025-01-28 22:00:00,17550.03037637675,18051.516493288425,17977.138671875
forecast_0671,2025-01-28 23:00:00,17594.274079956136,18224.7382746078,18004.33203125
forecast_0672,2025-01-29 00:00:00,17854.65655279682,17869.982228398247,18074.50390625
forecast_0673,2025-01-29 01:00:00,18077.774539982438,17587.527239979303,17350.287109375
forecast_0674,2025-01-29 02:00:00,18299.223444031242,17684.67370092593,17899.568359375
forecast_0675,2025-01-29 03:00:00,18510.74440075009,17703.212638907426,18508.654296875
forecast_0676,2025-01-29 04:00:00,18683.69776604587,17842.253125010822,18873.462890625
forecast_0677,2025-01-29 05:00:00,19037.1411199309,18021.246618336296,19264.646484375
forecast_0678,2025-01-29 06:00:00,19302.313688111844,18082.09399285478,19495.97265625
forecast_0679,2025-01-29 07:00:00,19166.307245298874,17887.999574123467,19449.75
forecast_0680,2025-01-29 08:00:00,19054.807211773885,17639.703495663172,19232.111328125
forecast_0681,2025-01-29 09:00:00,18607.043720933325,17410.958132565094,18781.26953125
forecast_0682,2025-01-29 10:00:00,18114.028321828795,17554.627159419935,17936.431640625
forecast_0683,2025-01-29 11:00:00,17807.230646522174,17176.935665843488,17082.638671875
forecast_0684,2025-01-29 12:00:00,17627.768495688913,17395.07963612571,15814.015625
forecast_0685,2025-01-29 13:00:00,17192.577456469484,17126.10988827629,15117.369140625
forecast_0686,2025-01-29 14:00:00,17228.723936026337,17191.96353616663,15096.4501953125
forecast_0687,2025-01-29 15:00:00,16867.63228087516,16430.47316169853,14966.060546875
forecast_0688,2025-01-29 16:00:00,16166.957597733945,16056.626861900044,14413.4892578125
forecast_0689,2025-01-29 17:00:00,15819.76265408345,15832.175266650458,14108.984375
forecast_0690,2025-01-29 18:00:00,15782.276952881286,15694.414574304667,14665.0654296875
forecast_0691,2025-01-29 19:00:00,15912.6553120571,15653.259980164106,15347.2734375
forecast_0692,2025-01-29 20:00:00,15810.57118211555,15692.455312055608,15734.3173828125
forecast_0693,2025-01-29 21:00:00,15813.492713849937,15748.005445858205,15605.8203125
forecast_0694,2025-01-29 22:00:00,15462.44928386308,15834.149080543548,14785.8173828125
forecast_0695,2025-01-29 23:00:00,15483.728712905187,15709.244688164046,14903.705078125
forecast_0696,2025-01-30 00:00:00,15618.678036546455,15806.292361663984,15286.3388671875
forecast_0697,2025-01-30 01:00:00,16424.6013833732,16058.971193062442,14951.9453125
forecast_0698,2025-01-30 02:00:00,16807.696943627387,16841.893130711906,15600.5595703125
forecast_0699,2025-01-30 03:00:00,17338.804862891622,17230.813511665183,16419.9375
forecast_0700,2025-01-30 04:00:00,17537.819249118333,17210.218971560855,16709.890625
forecast_0701,2025-01-30 05:00:00,17284.22702548527,17334.898997784472,16545.37109375
forecast_0702,2025-01-30 06:00:00,17283.837441561143,17711.178031821146,16515.517578125
forecast_0703,2025-01-30 07:00:00,17915.92555862437,17843.25674330371,16119.466796875
forecast_0704,2025-01-30 08:00:00,18353.724028202727,17837.849740662125,16105.544921875
forecast_0705,2025-01-30 09:00:00,17520.806579198565,17958.232003645506,15265.359375
forecast_0706,2025-01-30 10:00:00,16204.302654955032,16595.820268164323,14215.6904296875
forecast_0707,2025-01-30 11:00:00,15580.415546802702,16574.81436068989,13240.849609375
forecast_0708,2025-01-30 12:00:00,15524.656147129455,15736.434260506083,12636.1787109375
forecast_0709,2025-01-30 13:00:00,15419.324015248534,15745.09426693012,12196.857421875
forecast_0710,2025-01-30 14:00:00,15170.178890755775,14936.366437103645,12641.6513671875
forecast_0711,2025-01-30 15:00:00,15082.788130907094,15110.869114399135,13282.279296875
forecast_0712,2025-01-30 16:00:00,15115.760142442221,15488.395191223992,13900.908203125
forecast_0713,2025-01-30 17:00:00,14940.954883976523,15855.985615970181,13932.4736328125
forecast_0714,2025-01-30 18:00:00,15560.07999960509,16104.397851810336,15312.6123046875
forecast_0715,2025-01-30 19:00:00,16665.31448207488,16223.615736560683,16608.51953125
forecast_0716,2025-01-30 20:00:00,17900.36043320654,17169.95650480272,17606.72265625
forecast_0717,2025-01-30 21:00:00,18398.998531924775,17259.898804545148,18188.50390625
forecast_0718,2025-01-30 22:00:00,18295.644701137415,17193.183175107763,18093.931640625
forecast_0719,2025-01-30 23:00:00,18258.760565641984,17776.54144069933,17832.11328125
forecast_0720,2025-01-31 00:00:00,17726.662644207725,17433.70426734334,17365.224609375
forecast_0721,2025-01-31 01:00:00,18452.99736438691,17852.683526761582,17160.08203125
forecast_0722,2025-01-31 02:00:00,18931.324174980633,18017.920065563078,17913.693359375
forecast_0723,2025-01-31 03:00:00,18461.764841692566,17939.122752574473,17228.33984375
forecast_0724,2025-01-31 04:00:00,18439.390112408822,18151.930136374103,16896.4765625
forecast_0725,2025-01-31 05:00:00,18220.894316292557,17358.505757058796,15914.833984375
forecast_0726,2025-01-31 06:00:00,18335.27250250338,17539.11122692951,15895.8828125
forecast_0727,2025-01-31 07:00:00,18257.242322791666,16744.154562058648,15876.0498046875
forecast_0728,2025-01-31 08:00:00,18251.90305392615,16733.940684809917,16367.8984375
forecast_0729,2025-01-31 09:00:00,17495.692906068278,15928.106779532627,15317.15625
forecast_0730,2025-01-31 10:00:00,16456.247003427765,15897.607890104973,13838.6591796875
forecast_0731,2025-01-31 11:00:00,15535.745146484958,14283.731531914576,12850.9716796875
forecast_0732,2025-01-31 12:00:00,14270.218155577735,13091.553517962293,10907.69921875
forecast_0733,2025-01-31 13:00:00,11313.537181215146,10601.146142711259,8207.4873046875
forecast_0734,2025-01-31 14:00:00,8991.793647987803,8244.695896093941,6881.74072265625
forecast_0735,2025-01-31 15:00:00,7831.814468167984,7102.657423685926,5866.49169921875
forecast_0736,2025-01-31 16:00:00,6805.8032244468395,6184.21033443299,4968.2255859375
forecast_0737,2025-01-31 17:00:00,6238.057693308172,5177.788680642969,4542.21875
forecast_0738,2025-01-31 18:00:00,6589.215004950992,7693.916544482003,5246.22412109375
forecast_0739,2025-01-31 19:00:00,6956.129489185294,7324.341595471357,5517.5576171875
forecast_0740,2025-01-31 20:00:00,6899.623372721309,8635.278342248737,6150.45556640625
forecast_0741,2025-01-31 21:00:00,7138.546684188624,10234.237783474648,6347.75146484375
forecast_0742,2025-01-31 22:00:00,7428.362590168168,8675.264778062152,6706.85302734375
forecast_0743,2025-01-31 23:00:00,8569.765278620765,10679.865597103233,7582.86572265625
forecast_0744,2025-02-01 00:00:00,7638.578040499684,8580.517209422836,6752.05615234375
forecast_0745,2025-02-01 01:00:00,8659.20331217226,8626.070977778516,4813.84716796875
forecast_0746,2025-02-01 02:00:00,8631.41501370486,7464.900923742436,4585.64208984375
forecast_0747,2025-02-01 03:00:00,6875.709281348782,5939.117253135589,3662.92333984375
forecast_0748,2025-02-01 04:00:00,5322.25641289335,4186.463007111994,3014.016845703125
forecast_0749,2025-02-01 05:00:00,5031.575130933819,3495.2514831773783,3233.783935546875
forecast_0750,2025-02-01 06:00:00,3689.9057795355693,2355.3145275806482,2815.2255859375
forecast_0751,2025-02-01 07:00:00,3156.2270375519442,2545.875995718553,3071.380126953125
forecast_0752,2025-02-01 08:00:00,2750.3212744400607,1860.5293890885996,2264.3515625
forecast_0753,2025-02-01 09:00:00,2475.633925410119,1638.9038532130976,2333.279296875
forecast_0754,2025-02-01 10:00:00,2272.3995034180793,1524.2908043054313,2278.95849609375
forecast_0755,2025-02-01 11:00:00,2115.9791702786824,1313.2519015843848,2137.0888671875
forecast_0756,2025-02-01 12:00:00,2109.3425269922172,1318.8700071454166,2130.27880859375
forecast_0757,2025-02-01 13:00:00,2067.4012561796844,1331.0948750528255,2068.85595703125
forecast_0758,2025-02-01 14:00:00,2103.6279263193046,1243.1882464298155,2120.774169921875
forecast_0759,2025-02-01 15:00:00,2005.907537427112,1088.3728489309865,2327.072265625
forecast_0760,2025-02-01 16:00:00,2154.6218721481623,1380.6452931269357,2441.112060546875
forecast_0761,2025-02-01 17:00:00,2264.1866103285865,1321.88542465146,2482.9365234375
forecast_0762,2025-02-01 18:00:00,2120.8714372585528,1333.1425957084243,2476.83251953125
forecast_0763,2025-02-01 19:00:00,2098.7195714755303,1433.5969997662824,2521.216796875
forecast_0764,2025-02-01 20:00:00,2373.9398596630817,1368.7494570526196,2465.86376953125
forecast_0765,2025-02-01 21:00:00,2633.617313488478,2024.8103765990663,2622.856689453125
forecast_0766,2025-02-01 22:00:00,2923.1190978304676,2643.1376090249314,3199.91845703125
forecast_0767,2025-02-01 23:00:00,3291.6188889240884,2847.942977938861,2848.63330078125
forecast_0768,2025-02-02 00:00:00,3608.1363525040874,2839.521804318075,2955.849365234375
forecast_0769,2025-02-02 01:00:00,2966.316130922861,1893.340899836946,2797.578125
forecast_0770,2025-02-02 02:00:00,2837.4071113225846,1720.9030674268374,3102.175048828125
forecast_0771,2025-02-02 03:00:00,2784.218735888936,1928.5985506951788,3131.872314453125
forecast_0772,2025-02-02 04:00:00,2520.033601412929,1524.6841623746159,2832.66357421875
forecast_0773,2025-02-02 05:00:00,2635.0166334625164,1871.1429810932977,2888.315673828125
forecast_0774,2025-02-02 06:00:00,2918.316043161097,2342.1261389749234,2954.560302734375
forecast_0775,2025-02-02 07:00:00,3135.8944914723406,2236.550510070675,3244.513916015625
forecast_0776,2025-02-02 08:00:00,3376.717888472872,3528.9315795038788,3944.35546875
forecast_0777,2025-02-02 09:00:00,3843.2474276275593,3285.0948934312837,3828.716064453125
forecast_0778,2025-02-02 10:00:00,3752.1740899554998,2600.8824257467113,3257.35400390625
forecast_0779,2025-02-02 11:00:00,3931.718088344942,2843.4246798177014,3373.399169921875
forecast_0780,2025-02-02 12:00:00,3804.618907033153,2656.954165475994,3134.80322265625
forecast_0781,2025-02-02 13:00:00,3616.36832077242,2664.267052079077,2769.771484375
forecast_0782,2025-02-02 14:00:00,3380.9640706379637,2507.986515184307,2637.682373046875
forecast_0783,2025-02-02 15:00:00,2991.2643513538806,2644.644779210498,2709.818603515625
forecast_0784,2025-02-02 16:00:00,3427.997006407827,2680.7352273557003,2717.184326171875
forecast_0785,2025-02-02 17:00:00,4821.401636661934,4871.643410971616,3742.223876953125
forecast_0786,2025-02-02 18:00:00,5665.504224037777,6189.995816327016,4505.75390625
forecast_0787,2025-02-02 19:00:00,8161.501404718151,8925.76617455355,5864.73828125
forecast_0788,2025-02-02 20:00:00,10218.84887163093,11121.2702512354,7895.29541015625
forecast_0789,2025-02-02 21:00:00,12635.72257436204,12586.30727816037,10038.712890625
forecast_0790,2025-02-02 22:00:00,14505.244253358847,14272.702793488912,12739.998046875
forecast_0791,2025-02-02 23:00:00,16717.862784424753,16243.029946200551,16063.2861328125
forecast_0792,2025-02-03 00:00:00,16982.29450528489,16726.717418787637,18085.626953125
forecast_0793,2025-02-03 01:00:00,17791.882173017293,17658.718690434835,18752.52734375
forecast_0794,2025-02-03 02:00:00,18474.489252700856,18242.33814312709,19374.82421875
forecast_0795,2025-02-03 03:00:00,18002.897703996838,17557.973177855027,19373.47265625
forecast_0796,2025-02-03 04:00:00,17756.98097236139,16933.387179699504,18805.173828125
forecast_0797,2025-02-03 05:00:00,17154.327641020198,16565.40107425244,17679.791015625
forecast_0798,2025-02-03 06:00:00,17087.261166921675,16058.267471605077,16794.818359375
forecast_0799,2025-02-03 07:00:00,17029.277876193268,16375.537452970537,16561.001953125
forecast_0800,2025-02-03 08:00:00,16796.236449227952,17118.598047722233,15046.2783203125
forecast_0801,2025-02-03 09:00:00,16892.581490016048,15990.126606283091,15587.119140625
forecast_0802,2025-02-03 10:00:00,16448.083752011426,16252.350121491785,14016.390625
forecast_0803,2025-02-03 11:00:00,16382.6831292901,16226.151644383752,12903.4296875
forecast_0804,2025-02-03 12:00:00,16747.96578007688,16385.129772220716,12453.5322265625
forecast_0805,2025-02-03 13:00:00,16571.877929724735,16139.650581144602,11993.98828125
forecast_0806,2025-02-03 14:00:00,16099.813183811322,15101.340423155156,11277.0693359375
forecast_0807,2025-02-03 15:00:00,15511.728354033652,15456.329827317819,11719.2001953125
forecast_0808,2025-02-03 16:00:00,15236.473652635788,14714.31522880482,11849.9765625
forecast_0809,2025-02-03 17:00:00,15233.438540802535,14830.647975155856,12940.1201171875
forecast_0810,2025-02-03 18:00:00,15191.100313910669,15081.67152818514,13800.0341796875
forecast_0811,2025-02-03 19:00:00,15486.785690259447,15824.161967698981,14330.0966796875
forecast_0812,2025-02-03 20:00:00,15822.009456513904,16333.605728047436,15157.9267578125
forecast_0813,2025-02-03 21:00:00,15903.995822233515,15971.22918214652,15487.2109375
forecast_0814,2025-02-03 22:00:00,16228.985863935311,16452.876702574016,15575.109375
forecast_0815,2025-02-03 23:00:00,16965.981752055635,16494.61986221207,16322.380859375
forecast_0816,2025-02-04 00:00:00,17156.27667650443,16634.82866264623,17013.474609375
forecast_0817,2025-02-04 01:00:00,16737.24111771111,16988.72335905882,16665.505859375
forecast_0818,2025-02-04 02:00:00,16594.036412891302,15936.503928735965,15847.0341796875
forecast_0819,2025-02-04 03:00:00,16031.508146533713,15503.515687636162,15300.3955078125
forecast_0820,2025-02-04 04:00:00,15972.360352221407,15597.949055669338,15790.814453125
forecast_0821,2025-02-04 05:00:00,16609.44547596437,16233.766427932725,16255.283203125
forecast_0822,2025-02-04 06:00:00,17369.197367394205,17116.46004789495,16671.53125
forecast_0823,2025-02-04 07:00:00,17614.338007483384,17757.975209272267,16880.353515625
forecast_0824,2025-02-04 08:00:00,17199.14627595602,16790.15725018372,16836.064453125
forecast_0825,2025-02-04 09:00:00,16563.80517216131,16344.794187951124,16892.12890625
forecast_0826,2025-02-04 10:00:00,16569.816673678986,16428.322394888477,17089.060546875
forecast_0827,2025-02-04 11:00:00,16058.807373931879,16364.830287754714,15741.125
forecast_0828,2025-02-04 12:00:00,15379.212083123464,15670.792986172552,14280.912109375
forecast_0829,2025-02-04 13:00:00,14784.253364523318,14110.82281064843,12637.078125
forecast_0830,2025-02-04 14:00:00,14441.10242041001,13658.702327869134,12433.943359375
forecast_0831,2025-02-04 15:00:00,14505.522337386446,14098.75325209788,12146.794921875
forecast_0832,2025-02-04 16:00:00,14834.55242724171,14986.095737645972,12173.111328125
forecast_0833,2025-02-04 17:00:00,15111.9016920928,15719.232252509848,14140.556640625
forecast_0834,2025-02-04 18:00:00,15130.17100626853,15705.32374180258,15523.248046875
forecast_0835,2025-02-04 19:00:00,15522.364371336347,16249.540839339643,16291.5439453125
forecast_0836,2025-02-04 20:00:00,16140.839888798502,16854.300192622148,17029.572265625
forecast_0837,2025-02-04 21:00:00,16591.462153720066,17382.867858748723,17946.16015625
forecast_0838,2025-02-04 22:00:00,16679.812754601724,17561.305836632935,18013.259765625
forecast_0839,2025-02-04 23:00:00,16927.71651885462,16727.149348057428,18300.642578125
forecast_0840,2025-02-05 00:00:00,16495.251071893865,15893.031396902426,18182.43359375
forecast_0841,2025-02-05 01:00:00,16877.881006832748,16647.699743373527,17913.04296875
forecast_0842,2025-02-05 02:00:00,16618.74479628595,16768.313769219596,17557.09765625
forecast_0843,2025-02-05 03:00:00,16381.212757328496,16543.958220667315,16684.34765625
forecast_0844,2025-02-05 04:00:00,16160.60582967956,16163.094146845879,16327.3798828125
forecast_0845,2025-02-05 05:00:00,15909.871546762843,16198.3678258277,15958.626953125
forecast_0846,2025-02-05 06:00:00,15815.587327475187,16282.836685902163,15027.4970703125
forecast_0847,2025-02-05 07:00:00,15747.609266268482,16012.25192772293,14125.0361328125
forecast_0848,2025-02-05 08:00:00,15559.93418172832,15838.53545607751,13259.552734375
forecast_0849,2025-02-05 09:00:00,15508.285929987054,15435.565087379879,11591.208984375
forecast_0850,2025-02-05 10:00:00,15598.741740860023,15857.270504552534,11605.41015625
forecast_0851,2025-02-05 11:00:00,15456.636852074811,15513.96772438709,11861.125
forecast_0852,2025-02-05 12:00:00,15575.064169117653,15836.253336292715,11851.416015625
forecast_0853,2025-02-05 13:00:00,15744.778722473638,15839.5035251945,11523.1513671875
forecast_0854,2025-02-05 14:00:00,15449.119882815146,15096.542325641947,11811.919921875
forecast_0855,2025-02-05 15:00:00,15253.81685328608,14608.477382676998,11878.5732421875
forecast_0856,2025-02-05 16:00:00,15009.758478673932,14798.936769852888,11839.978515625
forecast_0857,2025-02-05 17:00:00,14793.731371557373,14646.708857505471,12577.525390625
forecast_0858,2025-02-05 18:00:00,14421.882376579913,14359.222661942002,13478.037109375
forecast_0859,2025-02-05 19:00:00,14228.38192248571,14244.910969700682,13851.1484375
forecast_0860,2025-02-05 20:00:00,14224.583252873339,14355.245176279406,14332.974609375
forecast_0861,2025-02-05 21:00:00,14461.434561090995,14573.104875057368,14573.1689453125
forecast_0862,2025-02-05 22:00:00,14744.347096072914,14788.010716347766,15112.541015625
forecast_0863,2025-02-05 23:00:00,15604.661196024017,16099.741784754551,16295.03125
forecast_0864,2025-02-06 00:00:00,15920.48242532968,16755.381973555544,17153.70703125
forecast_0865,2025-02-06 01:00:00,16616.76835335046,16908.655602020204,16833.01953125
forecast_0866,2025-02-06 02:00:00,16719.56398888419,16663.00408672195,17172.4765625
forecast_0867,2025-02-06 03:00:00,17272.580299342142,17038.171837004244,17291.107421875
forecast_0868,2025-02-06 04:00:00,18001.208216757368,17640.724159021258,17616.666015625
forecast_0869,2025-02-06 05:00:00,18064.939887318167,17646.558018634347,17696.892578125
forecast_0870,2025-02-06 06:00:00,17207.179099238776,17040.646416791787,16911.51171875
forecast_0871,2025-02-06 07:00:00,16479.08418730991,16510.98827171083,15643.150390625
forecast_0872,2025-02-06 08:00:00,16199.459858315451,15973.391296111044,14728.904296875
forecast_0873,2025-02-06 09:00:00,15880.995568911669,15689.49194707304,14926.408203125
forecast_0874,2025-02-06 10:00:00,14256.439336757361,14493.804674533656,14321.021484375
forecast_0875,2025-02-06 11:00:00,13894.48341061467,13380.281985209394,12050.150390625
forecast_0876,2025-02-06 12:00:00,13901.456478044907,13252.825333283638,10751.9189453125
forecast_0877,2025-02-06 13:00:00,14144.072356640168,13338.605884747965,10719.810546875
forecast_0878,2025-02-06 14:00:00,14430.050048823114,13774.888910316644,10948.4638671875
forecast_0879,2025-02-06 15:00:00,15024.591095935808,14661.058522907442,11963.693359375
forecast_0880,2025-02-06 16:00:00,15319.623235524748,14943.400112557096,13661.5283203125
forecast_0881,2025-02-06 17:00:00,14714.045706562465,14873.902599143054,12825.193359375
forecast_0882,2025-02-06 18:00:00,14991.26879807674,14731.966551089665,13635.650390625
forecast_0883,2025-02-06 19:00:00,15040.21662486309,14301.635096045778,14938.162109375
forecast_0884,2025-02-06 20:00:00,14930.08383293885,14178.004738711003,14530.384765625
forecast_0885,2025-02-06 21:00:00,14915.697838670192,14455.559780780422,14828.7216796875
forecast_0886,2025-02-06 22:00:00,14277.468118496578,12323.723731752798,12974.4345703125
forecast_0887,2025-02-06 23:00:00,14231.590552321908,13407.213664663757,13566.7685546875
forecast_0888,2025-02-07 00:00:00,12379.224122678188,12531.34493689508,12097.734375
forecast_0889,2025-02-07 01:00:00,10316.033822821566,9471.643022714874,7391.16943359375
forecast_0890,2025-02-07 02:00:00,10296.841532228578,8989.141175707658,7931.0517578125
forecast_0891,2025-02-07 03:00:00,9716.499954517194,7391.132995128719,6832.6025390625
forecast_0892,2025-02-07 04:00:00,9064.664910404581,8119.509113213663,6676.21240234375
forecast_0893,2025-02-07 05:00:00,9065.334915990059,9561.30244944449,6454.720703125
forecast_0894,2025-02-07 06:00:00,8714.476647114365,9846.975807458886,6691.0390625
forecast_0895,2025-02-07 07:00:00,7673.903106439915,8808.38318325222,6184.83935546875
forecast_0896,2025-02-07 08:00:00,7500.447981578172,8511.32862411633,5635.95654296875
forecast_0897,2025-02-07 09:00:00,8518.112006009858,9244.706543989812,6796.49072265625
forecast_0898,2025-02-07 10:00:00,11342.502808808691,11990.107027091284,10532.0751953125
forecast_0899,2025-02-07 11:00:00,13640.847999674523,12992.447949041947,13306.2783203125
forecast_0900,2025-02-07 12:00:00,14601.183729598195,13636.52377047243,13641.5517578125
forecast_0901,2025-02-07 13:00:00,14976.917104364438,13870.407055276022,11918.611328125
forecast_0902,2025-02-07 14:00:00,15128.812005235595,14390.89135452144,11473.65625
forecast_0903,2025-02-07 15:00:00,14539.95997643322,14181.387212502645,11533.876953125
forecast_0904,2025-02-07 16:00:00,14468.424147628339,14348.818261791568,11355.470703125
forecast_0905,2025-02-07 17:00:00,14281.313529073115,14189.896828098392,11360.318359375
forecast_0906,2025-02-07 18:00:00,13815.956034756817,13612.975626705525,11575.5654296875
forecast_0907,2025-02-07 19:00:00,13592.422941382909,12885.603631604981,11254.599609375
forecast_0908,2025-02-07 20:00:00,14513.058247380592,14305.499811761802,13532.865234375
forecast_0909,2025-02-07 21:00:00,15838.39196763916,15097.527247949842,15638.8779296875
forecast_0910,2025-02-07 22:00:00,17020.527238572362,15789.480747743937,16236.103515625
forecast_0911,2025-02-07 23:00:00,17761.606108193206,17429.116003831365,17085.23046875
forecast_0912,2025-02-08 00:00:00,18559.961654524795,18914.282749869366,18022.36328125
forecast_0913,2025-02-08 01:00:00,18380.365447268465,17945.624614143548,17264.2734375
forecast_0914,2025-02-08 02:00:00,19742.02773340939,18511.378545254003,18381.50390625
forecast_0915,2025-02-08 03:00:00,20322.150086249836,18848.828801240044,18684.619140625
forecast_0916,2025-02-08 04:00:00,20368.996188661025,18975.377599781918,18885.4921875
forecast_0917,2025-02-08 05:00:00,20331.84530598618,19172.680820909787,18810.521484375
forecast_0918,2025-02-08 06:00:00,20205.91634331974,19175.020071430394,18444.234375
forecast_0919,2025-02-08 07:00:00,19524.635974581466,18642.833830999632,16610.494140625
forecast_0920,2025-02-08 08:00:00,18249.60541051374,18277.440252862965,14558.642578125
forecast_0921,2025-02-08 09:00:00,16861.444830988534,16996.28801609284,12620.0751953125
forecast_0922,2025-02-08 10:00:00,14271.722048892621,13500.923295864797,11377.1611328125
forecast_0923,2025-02-08 11:00:00,11791.524889243541,10287.856460338007,9503.5654296875
forecast_0924,2025-02-08 12:00:00,9024.433802495458,7352.117253148358,7030.1806640625
forecast_0925,2025-02-08 13:00:00,7605.298121819575,5853.442128086017,5387.49072265625
forecast_0926,2025-02-08 14:00:00,6586.300805078157,2939.524744902691,4847.62353515625
forecast_0927,2025-02-08 15:00:00,6104.1180673525205,4647.839271430213,4738.9765625
forecast_0928,2025-02-08 16:00:00,6389.498110604405,4894.4811401004845,4751.5185546875
forecast_0929,2025-02-08 17:00:00,7109.1517365063755,3874.61735264315,4678.1298828125
forecast_0930,2025-02-08 18:00:00,7988.325904941794,6374.424294897303,5374.3818359375
forecast_0931,2025-02-08 19:00:00,9221.670519002482,8031.004431217413,7059.1494140625
forecast_0932,2025-02-08 20:00:00,10564.350626311394,9171.232930255,8478.9384765625
forecast_0933,2025-02-08 21:00:00,12900.96411925156,11284.171501020193,10345.7177734375
forecast_0934,2025-02-08 22:00:00,15222.891031742576,13498.952970340148,12790.9501953125
forecast_0935,2025-02-08 23:00:00,16506.708276790334,14600.2271636325,13461.828125
forecast_0936,2025-02-09 00:00:00,17787.433432746682,15991.084665117663,15325.787109375
forecast_0937,2025-02-09 01:00:00,17607.022415892512,15701.248068067542,14664.4296875
forecast_0938,2025-02-09 02:00:00,18841.29274496084,16871.24786106145,15759.251953125
forecast_0939,2025-02-09 03:00:00,19867.720963088825,17712.34047305899,16875.1875
forecast_0940,2025-02-09 04:00:00,20034.745933456128,18433.80207514576,17755.802734375
forecast_0941,2025-02-09 05:00:00,20356.740154919185,19265.216115338313,18124.74609375
forecast_0942,2025-02-09 06:00:00,20512.3639918274,18886.832802323224,18422.466796875
forecast_0943,2025-02-09 07:00:00,20505.736692660583,18979.29888299058,18276.755859375
forecast_0944,2025-02-09 08:00:00,19701.466761493906,18375.653248938583,16957.02734375
forecast_0945,2025-02-09 09:00:00,18109.07478444445,17411.422877524008,14385.505859375
forecast_0946,2025-02-09 10:00:00,17064.48554226816,17405.532470064572,14210.775390625
forecast_0947,2025-02-09 11:00:00,14835.666137657645,14989.321182352514,12938.0244140625
forecast_0948,2025-02-09 12:00:00,12695.677474106127,12834.539395270658,10466.34765625
forecast_0949,2025-02-09 13:00:00,11232.381226637652,10754.556155026268,9580.2724609375
forecast_0950,2025-02-09 14:00:00,11494.548771113865,11196.977871883682,9880.287109375
forecast_0951,2025-02-09 15:00:00,12091.762808172614,11527.366275955617,10057.296875
forecast_0952,2025-02-09 16:00:00,13387.0985165282,13097.356139358759,10826.328125
forecast_0953,2025-02-09 17:00:00,14204.690100187254,12596.374647534089,11520.8955078125
forecast_0954,2025-02-09 18:00:00,15263.644036278627,14057.416057828317,12823.9716796875
forecast_0955,2025-02-09 19:00:00,16719.54834190307,16235.612493068007,13848.708984375
forecast_0956,2025-02-09 20:00:00,16349.03115399044,16142.733256879388,13652.845703125
forecast_0957,2025-02-09 21:00:00,16193.12308562651,15564.071421416955,14574.431640625
forecast_0958,2025-02-09 22:00:00,16803.651211619206,16592.45936723434,15624.900390625
forecast_0959,2025-02-09 23:00:00,17581.144008617823,17006.87850057509,16494.6015625
forecast_0960,2025-02-10 00:00:00,18246.852917425214,17289.885889679317,17481.40234375
forecast_0961,2025-02-10 01:00:00,18374.109810043916,17512.48173058386,16994.4609375
forecast_0962,2025-02-10 02:00:00,18832.844693094492,17913.445901956744,17761.822265625
forecast_0963,2025-02-10 03:00:00,19072.088662989474,18087.887220589393,18127.19140625
forecast_0964,2025-02-10 04:00:00,19734.096671118838,18598.519373952877,18491.4921875
forecast_0965,2025-02-10 05:00:00,20310.85613809753,19006.369352831385,18987.62890625
forecast_0966,2025-02-10 06:00:00,19931.547133961874,18974.331620612844,19018.9296875
forecast_0967,2025-02-10 07:00:00,19728.737649457864,19178.4593766576,19027.294921875
forecast_0968,2025-02-10 08:00:00,19489.236129341283,18919.891422782144,18920.54296875
forecast_0969,2025-02-10 09:00:00,18578.65058465209,18863.237526634464,18854.275390625
forecast_0970,2025-02-10 10:00:00,16701.304141481054,16997.223236018515,18134.8984375
forecast_0971,2025-02-10 11:00:00,14671.878292452118,15120.496700571477,15609.388671875
forecast_0972,2025-02-10 12:00:00,13403.629804489534,14168.97740840498,12694.068359375
forecast_0973,2025-02-10 13:00:00,13321.433855572905,13770.544626827239,10922.078125
forecast_0974,2025-02-10 14:00:00,13233.839064424497,12607.29936739841,11189.3857421875
forecast_0975,2025-02-10 15:00:00,13120.352210431918,13034.445616682697,11357.634765625
forecast_0976,2025-02-10 16:00:00,12784.834666202889,13383.448888369501,11036.2861328125
forecast_0977,2025-02-10 17:00:00,12414.927077342043,12283.395934338972,10304.8125
forecast_0978,2025-02-10 18:00:00,12627.19993280769,11772.987350443062,9549.8779296875
forecast_0979,2025-02-10 19:00:00,13450.971995805667,11313.975806054026,10147.5146484375
forecast_0980,2025-02-10 20:00:00,12089.346929617343,11455.689026746964,8408.1484375
forecast_0981,2025-02-10 21:00:00,10674.432610287684,9975.550610023372,7101.3798828125
forecast_0982,2025-02-10 22:00:00,10839.139111236624,10402.021942294296,8116.03759765625
forecast_0983,2025-02-10 23:00:00,10866.953079953088,10762.063547191545,8156.25390625
forecast_0984,2025-02-11 00:00:00,11346.568197445713,11024.767728439365,8705.28125
forecast_0985,2025-02-11 01:00:00,12134.012417420843,11197.265418860105,9040.642578125
forecast_0986,2025-02-11 02:00:00,11961.815668840816,11918.84485838345,8345.763671875
forecast_0987,2025-02-11 03:00:00,12097.576956377408,11712.196323117247,8423.2529296875
forecast_0988,2025-02-11 04:00:00,12159.287601741516,11299.910960429997,8380.4228515625
forecast_0989,2025-02-11 05:00:00,11136.760983120934,11343.192355576695,7898.2451171875
forecast_0990,2025-02-11 06:00:00,10602.830516744361,9789.434526115823,7905.65478515625
forecast_0991,2025-02-11 07:00:00,9870.72484989291,8343.42864188972,7011.0263671875
forecast_0992,2025-02-11 08:00:00,9784.917498475479,9068.285911167135,6997.99609375
forecast_0993,2025-02-11 09:00:00,9647.565692224107,7915.630106676445,7141.3193359375
forecast_0994,2025-02-11 10:00:00,8186.885939056812,6406.337529227213,6055.4794921875
forecast_0995,2025-02-11 11:00:00,6633.674526806799,5864.77465298571,4910.4580078125
forecast_0996,2025-02-11 12:00:00,5380.319740275712,4509.447240795581,4080.12353515625
forecast_0997,2025-02-11 13:00:00,4494.9410526070005,3401.9150570208826,3204.572998046875
forecast_0998,2025-02-11 14:00:00,4059.3854165545768,2820.0656117374074,2900.64111328125
forecast_0999,2025-02-11 15:00:00,4291.847039798364,2807.27351720871,3125.73486328125
forecast_1000,2025-02-11 16:00:00,4893.268587550634,2902.38772438561,3789.0234375
forecast_1001,2025-02-11 17:00:00,4745.087280380905,3383.3262194349236,4031.76708984375
forecast_1002,2025-02-11 18:00:00,6177.166964192677,5477.466172016822,4809.5859375
forecast_1003,2025-02-11 19:00:00,8250.763418707946,7849.295471475838,5435.4111328125
forecast_1004,2025-02-11 20:00:00,11000.985410511319,10771.786538407552,6802.57666015625
forecast_1005,2025-02-11 21:00:00,13257.67674986293,13482.742395998977,9814.642578125
forecast_1006,2025-02-11 22:00:00,12659.793241619716,12999.062718867626,8908.00390625
forecast_1007,2025-02-11 23:00:00,13709.328714613268,14323.6707982413,10518.2783203125
forecast_1008,2025-02-12 00:00:00,16226.12329051959,15917.150574475494,12238.673828125
forecast_1009,2025-02-12 01:00:00,14213.356929250098,15551.200191385755,11913.927734375
forecast_1010,2025-02-12 02:00:00,15570.01403103704,16826.04011803572,12429.92578125
forecast_1011,2025-02-12 03:00:00,16895.506001012625,17481.670317132302,13223.2060546875
forecast_1012,2025-02-12 04:00:00,17139.77715305488,17704.465177216844,13841.5126953125
forecast_1013,2025-02-12 05:00:00,15892.790791463882,16036.999801978605,12151.837890625
forecast_1014,2025-02-12 06:00:00,13350.542510948679,12667.69694201722,7361.06787109375
forecast_1015,2025-02-12 07:00:00,10821.006592502363,10605.82257600444,4762.9638671875
forecast_1016,2025-02-12 08:00:00,9473.040740092918,9101.309404372843,5053.1669921875
forecast_1017,2025-02-12 09:00:00,9449.243022922692,10273.512126420419,7010.5615234375
forecast_1018,2025-02-12 10:00:00,10619.34765462101,12207.133711790206,8686.5810546875
forecast_1019,2025-02-12 11:00:00,11712.320052823907,13057.064980226352,9617.626953125
forecast_1020,2025-02-12 12:00:00,13316.248386856583,14935.214263132302,12060.89453125
forecast_1021,2025-02-12 13:00:00,16190.788555266581,16714.03445405802,16109.171875
forecast_1022,2025-02-12 14:00:00,16451.995762888615,16862.9504277354,17040.24609375
forecast_1023,2025-02-12 15:00:00,16824.40892475629,17156.483496014887,17953.177734375
forecast_1024,2025-02-12 16:00:00,17826.14558790443,17751.55869423945,18886.62109375
forecast_1025,2025-02-12 17:00:00,18336.295398921884,18240.98165720707,19356.591796875
forecast_1026,2025-02-12 18:00:00,18423.211725679063,18745.703072742017,18943.310546875
forecast_1027,2025-02-12 19:00:00,18428.955763948456,18502.08242089626,17811.240234375
forecast_1028,2025-02-12 20:00:00,18246.105817065363,18177.78351072802,17095.916015625
forecast_1029,2025-02-12 21:00:00,18089.59498628268,17366.57293926846,16175.171875
forecast_1030,2025-02-12 22:00:00,18250.797769022454,17150.55153453218,17097.41015625
forecast_1031,2025-02-12 23:00:00,17424.27771124456,17162.538994025555,16740.974609375
forecast_1032,2025-02-13 00:00:00,16439.11696083643,15920.446595422873,16351.1484375
forecast_1033,2025-02-13 01:00:00,15423.120609289534,14549.091180315434,13327.1669921875
forecast_1034,2025-02-13 02:00:00,15011.519152418288,14337.523557468256,12008.7998046875
forecast_1035,2025-02-13 03:00:00,14504.888834053707,14247.187733176686,11758.2685546875
forecast_1036,2025-02-13 04:00:00,12787.780541294242,13137.13944955498,9473.779296875
forecast_1037,2025-02-13 05:00:00,13754.497706640988,13926.89795279329,11763.595703125
forecast_1038,2025-02-13 06:00:00,14981.279965781368,14254.653717632227,12727.8251953125
forecast_1039,2025-02-13 07:00:00,16219.936816054018,15999.601322379438,14363.3623046875
forecast_1040,2025-02-13 08:00:00,16022.989490382673,15908.043991016453,15140.5859375
forecast_1041,2025-02-13 09:00:00,16932.20853019124,17396.640510187222,17449.939453125
forecast_1042,2025-02-13 10:00:00,15991.868072280871,17617.946441351593,17471.673828125
forecast_1043,2025-02-13 11:00:00,14625.976466516991,16018.493867183844,16298.0654296875
forecast_1044,2025-02-13 12:00:00,14094.743012160972,15384.192278904891,14043.7138671875
forecast_1045,2025-02-13 13:00:00,14084.220765332891,15155.39595766135,12446.8154296875
forecast_1046,2025-02-13 14:00:00,14948.07632845798,15937.769455040743,13012.3408203125
forecast_1047,2025-02-13 15:00:00,15457.786715730255,15761.137061609732,14015.9765625
forecast_1048,2025-02-13 16:00:00,15787.041257138168,16167.412206236833,15126.751953125
forecast_1049,2025-02-13 17:00:00,16486.26130259487,16732.99283809234,15525.8359375
forecast_1050,2025-02-13 18:00:00,17448.081907369546,18044.183092507898,16506.04296875
forecast_1051,2025-02-13 19:00:00,17707.267960296864,18743.529593957293,17785.05078125
forecast_1052,2025-02-13 20:00:00,18182.4135433146,18880.740740997237,18463.32421875
forecast_1053,2025-02-13 21:00:00,18673.860554579584,19058.682427685548,19136.82421875
forecast_1054,2025-02-13 22:00:00,19782.840064416283,19104.520292986024,19914.75
forecast_1055,2025-02-13 23:00:00,19956.82811746977,19216.849341605302,20063.107421875
forecast_1056,2025-02-14 00:00:00,20057.256563199575,19014.527310624697,20148.87890625
forecast_1057,2025-02-14 01:00:00,20047.131792677366,19056.82702364459,20076.62890625
forecast_1058,2025-02-14 02:00:00,20087.16268159968,19092.180057285797,19987.20703125
forecast_1059,2025-02-14 03:00:00,20033.645287670457,19189.431991530822,19950.04296875
forecast_1060,2025-02-14 04:00:00,20142.83645824563,19389.033283545767,20112.62890625
forecast_1061,2025-02-14 05:00:00,20304.997047366192,19331.760556993195,20282.111328125
forecast_1062,2025-02-14 06:00:00,20466.20732248894,19603.944664535757,20340.15625
forecast_1063,2025-02-14 07:00:00,20355.407119095937,19288.224394833094,20024.390625
forecast_1064,2025-02-14 08:00:00,19845.436892837242,18612.462695579896,18865.38671875
forecast_1065,2025-02-14 09:00:00,18315.715165842266,18312.465502089315,14843.1220703125
forecast_1066,2025-02-14 10:00:00,15640.329030102483,16205.564066728795,12647.4326171875
forecast_1067,2025-02-14 11:00:00,13172.794070782546,13385.43565862206,11591.0830078125
forecast_1068,2025-02-14 12:00:00,11265.824547828113,12022.249160156498,9587.7900390625
forecast_1069,2025-02-14 13:00:00,10188.691249164738,10609.197947286797,7823.1640625
forecast_1070,2025-02-14 14:00:00,10430.24869625628,10087.245878513437,7382.26318359375
forecast_1071,2025-02-14 15:00:00,10184.753558447585,9955.492672240405,7454.6298828125
forecast_1072,2025-02-14 16:00:00,11264.973741124842,11102.366754117775,8880.701171875
forecast_1073,2025-02-14 17:00:00,11858.565087448715,11712.161225613956,9034.548828125
forecast_1074,2025-02-14 18:00:00,13671.761131870688,12907.989956770158,10547.8876953125
forecast_1075,2025-02-14 19:00:00,15258.405662246405,15170.532151733503,12809.0859375
forecast_1076,2025-02-14 20:00:00,16232.423764481187,16827.433795709527,14258.1748046875
forecast_1077,2025-02-14 21:00:00,17745.070374285064,17823.087197119123,15777.068359375
forecast_1078,2025-02-14 22:00:00,17656.242140475835,17797.87432700303,15335.6513671875
forecast_1079,2025-02-14 23:00:00,17460.529874929354,18191.638337442557,16115.3857421875
forecast_1080,2025-02-15 00:00:00,18167.550798184646,17505.867352692727,16602.28125
forecast_1081,2025-02-15 01:00:00,17520.10926933309,17205.61068673205,14205.076171875
forecast_1082,2025-02-15 02:00:00,17643.75862647389,17468.24077064605,14197.748046875
forecast_1083,2025-02-15 03:00:00,17553.817647227057,17578.788445545746,14315.5546875
forecast_1084,2025-02-15 04:00:00,17983.981821388905,17546.966332437874,14547.3330078125
forecast_1085,2025-02-15 05:00:00,17678.914141468496,17017.887021586175,14262.53125
forecast_1086,2025-02-15 06:00:00,17348.654046161046,17090.011044659666,12970.537109375
forecast_1087,2025-02-15 07:00:00,15023.489456266856,15635.97626108803,9655.4140625
forecast_1088,2025-02-15 08:00:00,12951.453365251464,14002.994383225372,8614.6572265625
forecast_1089,2025-02-15 09:00:00,11468.114374347282,11838.86723954275,7952.31396484375
forecast_1090,2025-02-15 10:00:00,11244.49845384663,12954.547890847089,8207.916015625
forecast_1091,2025-02-15 11:00:00,11396.561181776488,12965.099740945128,8414.6435546875
forecast_1092,2025-02-15 12:00:00,11311.11218080359,13084.771277715647,8141.3330078125
forecast_1093,2025-02-15 13:00:00,13114.010938014453,13182.490627230205,10364.2685546875
forecast_1094,2025-02-15 14:00:00,14726.395943462034,15082.441391564935,12998.841796875
forecast_1095,2025-02-15 15:00:00,15068.352947407315,15775.052571350448,13719.490234375
forecast_1096,2025-02-15 16:00:00,14814.674100571363,15410.283398315332,13893.2421875
forecast_1097,2025-02-15 17:00:00,15304.210347186301,15892.165739838083,14795.1357421875
forecast_1098,2025-02-15 18:00:00,16469.291734439197,16425.32417727975,15816.626953125
forecast_1099,2025-02-15 19:00:00,18184.566770050533,16929.003893141733,17663.14453125
forecast_1100,2025-02-15 20:00:00,19154.100224290454,18756.38509717236,18789.05078125
forecast_1101,2025-02-15 21:00:00,19135.55973189009,18906.5605931118,18779.328125
forecast_1102,2025-02-15 22:00:00,18548.7896547819,18366.00772267443,18791.279296875
forecast_1103,2025-02-15 23:00:00,19134.78332536548,18348.610543917126,18901.357421875
forecast_1104,2025-02-16 00:00:00,19094.738440036646,18341.79685531771,18963.447265625
forecast_1105,2025-02-16 01:00:00,18867.91040858752,18618.733767466787,18568.279296875
forecast_1106,2025-02-16 02:00:00,19362.07317992938,19462.079134566204,18587.359375
forecast_1107,2025-02-16 03:00:00,19355.285509997728,19114.76391701062,18256.37890625
forecast_1108,2025-02-16 04:00:00,18774.896579186654,18815.75361520584,17207.248046875
forecast_1109,2025-02-16 05:00:00,17973.879433277943,18420.19525337968,16099.775390625
forecast_1110,2025-02-16 06:00:00,16735.317033282416,17706.66626434279,15259.8564453125
forecast_1111,2025-02-16 07:00:00,15819.362194552246,15755.266911371327,13930.142578125
forecast_1112,2025-02-16 08:00:00,15088.985850402802,14165.704858660947,11364.884765625
forecast_1113,2025-02-16 09:00:00,14524.305650856362,13725.155521654264,10535.5185546875
forecast_1114,2025-02-16 10:00:00,12388.79685050316,13754.999346522876,9665.611328125
forecast_1115,2025-02-16 11:00:00,11202.882551736937,12134.653805907976,9839.87109375
forecast_1116,2025-02-16 12:00:00,10787.22806260259,11294.831208593761,9367.111328125
forecast_1117,2025-02-16 13:00:00,10452.112386149593,10666.280941745954,8387.828125
forecast_1118,2025-02-16 14:00:00,12181.020233111693,12440.491584154212,10959.2451171875
forecast_1119,2025-02-16 15:00:00,14274.132138165678,14252.914319087175,12988.443359375
forecast_1120,2025-02-16 16:00:00,15624.517680079043,15606.780034725953,13666.712890625
forecast_1121,2025-02-16 17:00:00,15821.564432837797,16536.764588712176,14523.9345703125
forecast_1122,2025-02-16 18:00:00,16874.68918436469,18195.40975814434,16635.837890625
forecast_1123,2025-02-16 19:00:00,17217.794798120725,18360.915083182073,17384.681640625
forecast_1124,2025-02-16 20:00:00,17365.823868436888,17938.965773477903,17019.73046875
forecast_1125,2025-02-16 21:00:00,17056.468480156058,17914.116089409363,16444.693359375
forecast_1126,2025-02-16 22:00:00,17290.01183714306,17961.000236104228,16830.349609375
forecast_1127,2025-02-16 23:00:00,17007.677300353986,16969.750433528214,16311.3330078125
forecast_1128,2025-02-17 00:00:00,16717.55626356125,16457.477973319685,15455.7314453125
forecast_1129,2025-02-17 01:00:00,15559.800696395796,15194.82420447088,12925.666015625
forecast_1130,2025-02-17 02:00:00,14801.633950782598,14577.196250785204,12182.818359375
forecast_1131,2025-02-17 03:00:00,14400.122776887129,14330.54719590364,12121.990234375
forecast_1132,2025-02-17 04:00:00,14156.223879711466,13464.538676338503,12700.072265625
forecast_1133,2025-02-17 05:00:00,13459.066633916933,12794.322739599702,12025.8251953125
forecast_1134,2025-02-17 06:00:00,13070.250956260203,12900.949927315774,10966.8857421875
forecast_1135,2025-02-17 07:00:00,13329.63665921208,12706.00514305284,11211.396484375
forecast_1136,2025-02-17 08:00:00,13271.479205862328,12199.145941672072,10742.1572265625
forecast_1137,2025-02-17 09:00:00,12963.273659514238,12577.507859985624,10118.6484375
forecast_1138,2025-02-17 10:00:00,12996.419221166965,12765.77996227064,9974.376953125
forecast_1139,2025-02-17 11:00:00,13236.246370495102,12647.374105748348,9880.251953125
forecast_1140,2025-02-17 12:00:00,13120.902984375945,12375.624568275154,9875.5234375
forecast_1141,2025-02-17 13:00:00,13011.89453226428,12111.817979730296,9956.8994140625
forecast_1142,2025-02-17 14:00:00,12827.439828405906,11749.634720103499,9996.025390625
forecast_1143,2025-02-17 15:00:00,12532.049350992082,11192.838147134938,9481.9248046875
forecast_1144,2025-02-17 16:00:00,11336.398186495913,10758.267519522284,8154.74609375
forecast_1145,2025-02-17 17:00:00,10347.769272305262,9518.045604530147,6955.83056640625
forecast_1146,2025-02-17 18:00:00,9106.634604152134,7629.948543286148,6612.58447265625
forecast_1147,2025-02-17 19:00:00,8328.748698346328,6710.651400221567,6831.20947265625
forecast_1148,2025-02-17 20:00:00,8326.611882659323,6503.323567366105,6608.22021484375
forecast_1149,2025-02-17 21:00:00,7806.275615093531,5647.405410806905,5701.06396484375
forecast_1150,2025-02-17 22:00:00,7522.363801105372,4681.732545483703,5470.609375
forecast_1151,2025-02-17 23:00:00,7675.9060223500055,5756.8819320573475,6048.544921875
forecast_1152,2025-02-18 00:00:00,8231.371717539478,6732.954220552121,6721.1826171875
forecast_1153,2025-02-18 01:00:00,9454.24488459267,7924.113606184648,7198.05859375
forecast_1154,2025-02-18 02:00:00,10171.872715694575,9393.208073298001,7710.63427734375
forecast_1155,2025-02-18 03:00:00,11268.177159030638,9757.868980750187,8200.1064453125
forecast_1156,2025-02-18 04:00:00,11814.553896644506,10102.486291148132,9194.287109375
forecast_1157,2025-02-18 05:00:00,12001.133973811739,10677.846637262115,9300.888671875
forecast_1158,2025-02-18 06:00:00,12169.8237414174,10955.941903577794,9775.4765625
forecast_1159,2025-02-18 07:00:00,12546.667437416396,11021.40428440235,10438.830078125
forecast_1160,2025-02-18 08:00:00,11929.081740831945,11390.063128153539,10283.5830078125
forecast_1161,2025-02-18 09:00:00,11425.26779669877,11014.486855439707,10467.251953125
forecast_1162,2025-02-18 10:00:00,10865.391342445904,11359.414763092416,9797.3359375
forecast_1163,2025-02-18 11:00:00,11440.8888704737,11473.696910058039,9866.365234375
forecast_1164,2025-02-18 12:00:00,11745.219617901828,11500.389350796786,9412.1689453125
forecast_1165,2025-02-18 13:00:00,12298.014368561458,11663.539090341037,9050.544921875
forecast_1166,2025-02-18 14:00:00,12622.549925962228,11178.52692841025,9192.990234375
forecast_1167,2025-02-18 15:00:00,12997.142232620627,11350.834983719878,9408.642578125
forecast_1168,2025-02-18 16:00:00,12864.700610864467,11568.867607551403,9493.7978515625
forecast_1169,2025-02-18 17:00:00,12648.06080285328,11585.617877691926,9611.349609375
forecast_1170,2025-02-18 18:00:00,12042.77755335599,11086.58386620388,9582.513671875
forecast_1171,2025-02-18 19:00:00,12218.79074148812,10827.278742287384,10822.830078125
forecast_1172,2025-02-18 20:00:00,11647.36286021846,10620.781336669257,9689.888671875
forecast_1173,2025-02-18 21:00:00,11200.952759830503,10353.392963224625,9093.16015625
forecast_1174,2025-02-18 22:00:00,10862.589966409909,9783.442810469953,8173.0888671875
forecast_1175,2025-02-18 23:00:00,10997.484571707339,10375.105278815085,8070.4140625
forecast_1176,2025-02-19 00:00:00,11117.079910174372,10383.124599867264,8664.1513671875
forecast_1177,2025-02-19 01:00:00,11119.600915055395,11068.996688176569,7850.9091796875
forecast_1178,2025-02-19 02:00:00,11698.083524200836,11422.03359210673,7800.84521484375
forecast_1179,2025-02-19 03:00:00,12846.425447282887,13208.351293012254,8594.498046875
forecast_1180,2025-02-19 04:00:00,12871.876489465776,13512.184373414693,9097.6552734375
forecast_1181,2025-02-19 05:00:00,13820.134515801095,14431.159071258136,10183.009765625
forecast_1182,2025-02-19 06:00:00,13710.028893437513,13813.985204650699,9856.2470703125
forecast_1183,2025-02-19 07:00:00,13421.06023247871,13230.34424166866,9522.5927734375
forecast_1184,2025-02-19 08:00:00,13278.033951329944,14144.848515705564,9876.4775390625
forecast_1185,2025-02-19 09:00:00,11702.202346388854,12257.06040580748,10152.703125
forecast_1186,2025-02-19 10:00:00,9240.052714444591,8882.51995455036,8560.6640625
forecast_1187,2025-02-19 11:00:00,7815.534742143574,6449.01948331753,6531.9921875
forecast_1188,2025-02-19 12:00:00,6780.69988044899,6206.42172599103,5424.8408203125
forecast_1189,2025-02-19 13:00:00,5976.01035961124,5020.336196653469,4756.06103515625
forecast_1190,2025-02-19 14:00:00,5742.047532148274,4632.867944153344,4483.32470703125
forecast_1191,2025-02-19 15:00:00,6069.836443114285,4165.713454197061,4518.72314453125
forecast_1192,2025-02-19 16:00:00,6184.647185153301,3588.7674878388334,4646.31787109375
forecast_1193,2025-02-19 17:00:00,6446.8468997602795,3893.241139404222,4953.9482421875
forecast_1194,2025-02-19 18:00:00,6554.087021532642,4039.819187952363,5187.5146484375
forecast_1195,2025-02-19 19:00:00,6952.183607994064,4704.23928120155,5239.42919921875
forecast_1196,2025-02-19 20:00:00,7004.709064315064,5681.875149528005,5717.92578125
forecast_1197,2025-02-19 21:00:00,8219.322499913103,7210.15519400285,6119.72900390625
forecast_1198,2025-02-19 22:00:00,8654.67157043631,8108.158669481893,6493.203125
forecast_1199,2025-02-19 23:00:00,9615.809606505849,7938.756044497015,6859.171875
forecast_1200,2025-02-20 00:00:00,9853.497352741291,9364.287016455695,7161.81640625
forecast_1201,2025-02-20 01:00:00,8605.845670554707,7597.163564192402,5690.845703125
forecast_1202,2025-02-20 02:00:00,8852.636026606418,7882.400205476031,5743.37548828125
forecast_1203,2025-02-20 03:00:00,8886.122855412676,8041.771572720888,5734.0400390625
forecast_1204,2025-02-20 04:00:00,9083.453705106087,8737.300257732399,5932.38134765625
forecast_1205,2025-02-20 05:00:00,9529.735143757334,9905.470545661476,6360.06005859375
forecast_1206,2025-02-20 06:00:00,10229.242815058333,10612.637969703279,6805.30712890625
forecast_1207,2025-02-20 07:00:00,11096.983650644303,11298.591043300356,7363.1171875
forecast_1208,2025-02-20 08:00:00,12580.656577941954,12068.741625023715,8769.7548828125
forecast_1209,2025-02-20 09:00:00,13642.580197527997,12363.093523610522,11626.67578125
forecast_1210,2025-02-20 10:00:00,11761.680662127448,11590.822243106624,11362.263671875
forecast_1211,2025-02-20 11:00:00,11509.494651727702,11552.361481223019,9955.056640625
forecast_1212,2025-02-20 12:00:00,11371.49521762097,10589.20240061031,9419.150390625
forecast_1213,2025-02-20 13:00:00,11168.20251880179,10259.529881568633,8527.650390625
forecast_1214,2025-02-20 14:00:00,11189.017461038999,10496.960842336859,8076.96240234375
forecast_1215,2025-02-20 15:00:00,11124.892820625371,9676.656181371462,8363.966796875
forecast_1216,2025-02-20 16:00:00,11113.223213663452,9122.838942079045,8077.6181640625
forecast_1217,2025-02-20 17:00:00,10833.737631688848,9489.371865959998,7744.9365234375
forecast_1218,2025-02-20 18:00:00,10552.185569624029,9856.375914255843,7756.06787109375
forecast_1219,2025-02-20 19:00:00,11264.106501508355,10237.530221016961,8615.8994140625
forecast_1220,2025-02-20 20:00:00,10232.454083813633,9653.706634396636,8177.36181640625
forecast_1221,2025-02-20 21:00:00,9897.971631441345,8966.175314084985,7696.0078125
forecast_1222,2025-02-20 22:00:00,9368.7356760115,9385.21085680491,7156.109375
forecast_1223,2025-02-20 23:00:00,9580.284044017246,9146.506686323994,7276.74853515625
forecast_1224,2025-02-21 00:00:00,10527.12795803097,10840.846196081682,8150.14208984375
forecast_1225,2025-02-21 01:00:00,9864.303446692968,9645.58922201906,5990.42333984375
forecast_1226,2025-02-21 02:00:00,10163.343500504572,10915.473659852863,6357.45458984375
forecast_1227,2025-02-21 03:00:00,10573.993210590683,11059.695823493694,6577.0078125
forecast_1228,2025-02-21 04:00:00,10481.270204449414,11110.402696310886,6697.44677734375
forecast_1229,2025-02-21 05:00:00,10094.4087449843,10827.102456036033,6520.53564453125
forecast_1230,2025-02-21 06:00:00,10573.870860236824,11181.774119731497,6436.3642578125
forecast_1231,2025-02-21 07:00:00,10047.260614627456,10431.745625623931,6706.59912109375
forecast_1232,2025-02-21 08:00:00,10554.84480029158,11200.496717678572,7379.07177734375
forecast_1233,2025-02-21 09:00:00,9813.030631912705,8654.085209818539,7903.0830078125
forecast_1234,2025-02-21 10:00:00,8095.3638892017625,6816.917908831322,7550.9208984375
forecast_1235,2025-02-21 11:00:00,6771.818413873601,5800.943395244058,6340.8544921875
forecast_1236,2025-02-21 12:00:00,6224.2366902398235,4564.76002120922,5378.447265625
forecast_1237,2025-02-21 13:00:00,6558.61139912924,5572.902217306076,5085.70263671875
forecast_1238,2025-02-21 14:00:00,7032.368234787679,5640.736506387976,5159.3486328125
forecast_1239,2025-02-21 15:00:00,7616.981176792704,5639.441722700682,6047.02734375
forecast_1240,2025-02-21 16:00:00,8144.30717431909,6922.544728418378,6700.5712890625
forecast_1241,2025-02-21 17:00:00,8812.460705278818,6486.345134135705,7013.8310546875
forecast_1242,2025-02-21 18:00:00,9687.371711100124,8026.241132170012,7768.08349609375
forecast_1243,2025-02-21 19:00:00,10841.794938026957,8581.050976402401,9024.388671875
forecast_1244,2025-02-21 20:00:00,11877.002507089497,10439.331494565045,10121.20703125
forecast_1245,2025-02-21 21:00:00,12056.64011768434,10853.818674453078,11193.15625
forecast_1246,2025-02-21 22:00:00,12135.763917651166,10860.884130792221,11365.306640625
forecast_1247,2025-02-21 23:00:00,12221.076057510512,11345.70474331118,11528.66796875
forecast_1248,2025-02-22 00:00:00,12316.877295695507,11165.907858038618,12165.884765625
forecast_1249,2025-02-22 01:00:00,13657.862814886259,12228.009464914885,14090.7158203125
forecast_1250,2025-02-22 02:00:00,14286.431935964074,13216.020278685184,13638.353515625
forecast_1251,2025-02-22 03:00:00,14581.457396449141,13574.521314085841,12918.6318359375
forecast_1252,2025-02-22 04:00:00,14611.107191960924,13595.22453901364,12685.537109375
forecast_1253,2025-02-22 05:00:00,14126.481421793638,13005.54855118218,12213.7880859375
forecast_1254,2025-02-22 06:00:00,13563.101753997986,13727.059077428828,9228.3408203125
forecast_1255,2025-02-22 07:00:00,11926.613138637644,12100.426877906042,7358.4638671875
forecast_1256,2025-02-22 08:00:00,12627.802491269751,12014.76735730657,9124.1640625
forecast_1257,2025-02-22 09:00:00,10839.17899626388,11122.15672849914,8976.6962890625
forecast_1258,2025-02-22 10:00:00,8235.133798400579,7613.872850225788,7262.81884765625
forecast_1259,2025-02-22 11:00:00,5522.329302349801,4391.684869883473,5242.88037109375
forecast_1260,2025-02-22 12:00:00,5229.169496542124,3668.794569705476,4038.307861328125
forecast_1261,2025-02-22 13:00:00,6116.722446283526,4810.45514571123,4263.3349609375
forecast_1262,2025-02-22 14:00:00,6054.114725671429,4853.867071305777,4388.46240234375
forecast_1263,2025-02-22 15:00:00,6411.215960506532,5209.714802376481,4490.501953125
forecast_1264,2025-02-22 16:00:00,7440.533699756478,5535.358976176865,5487.0029296875
forecast_1265,2025-02-22 17:00:00,8258.78683026772,6524.631038618901,5804.05029296875
forecast_1266,2025-02-22 18:00:00,10077.873011341533,8681.917755178016,7190.6875
forecast_1267,2025-02-22 19:00:00,12297.995346508182,11388.951879150485,10043.9501953125
forecast_1268,2025-02-22 20:00:00,14470.835270416821,12919.944356390317,12586.130859375
forecast_1269,2025-02-22 21:00:00,15319.167840710772,13251.633420302203,14641.673828125
forecast_1270,2025-02-22 22:00:00,16283.260729608903,15013.597801072692,15894.8466796875
forecast_1271,2025-02-22 23:00:00,16861.302445614594,16298.027601971206,17150.51953125
forecast_1272,2025-02-23 00:00:00,17768.40028153437,16277.606428066798,18226.22265625
forecast_1273,2025-02-23 01:00:00,17795.59700005445,16690.077987739118,17952.318359375
forecast_1274,2025-02-23 02:00:00,17842.289840968875,16726.188632432597,18019.44140625
forecast_1275,2025-02-23 03:00:00,17813.431383133346,16657.89279454239,18207.455078125
forecast_1276,2025-02-23 04:00:00,18091.68637873666,16477.20534265787,18572.16796875
forecast_1277,2025-02-23 05:00:00,18045.270871283206,16990.273566667238,18528.404296875
forecast_1278,2025-02-23 06:00:00,18040.740066969913,17208.57634216186,18473.34765625
forecast_1279,2025-02-23 07:00:00,18221.412377044835,18279.904710735587,18750.15234375
forecast_1280,2025-02-23 08:00:00,17563.01701948552,17973.714419808133,18620.85546875
forecast_1281,2025-02-23 09:00:00,16466.742653296562,17321.236682752016,17383.208984375
forecast_1282,2025-02-23 10:00:00,15215.81184552754,16042.04524380073,15263.5888671875
forecast_1283,2025-02-23 11:00:00,14447.882375692072,14901.924855433424,13690.2685546875
forecast_1284,2025-02-23 12:00:00,13867.557200835312,14460.675747511927,11590.4912109375
forecast_1285,2025-02-23 13:00:00,13725.020270016938,13669.207766402735,10164.712890625
forecast_1286,2025-02-23 14:00:00,13760.727735264129,12943.229049243759,10390.6982421875
forecast_1287,2025-02-23 15:00:00,13767.414736036006,12395.490636639417,10553.6572265625
forecast_1288,2025-02-23 16:00:00,13473.03434461851,12047.466592897536,10390.017578125
forecast_1289,2025-02-23 17:00:00,13323.573333238332,12012.742487335358,10701.5712890625
forecast_1290,2025-02-23 18:00:00,12638.766214415147,11478.067569773888,10854.7900390625
forecast_1291,2025-02-23 19:00:00,12245.362189811616,10910.2040802771,10925.9873046875
forecast_1292,2025-02-23 20:00:00,12304.943443444961,10817.472032148744,10951.037109375
forecast_1293,2025-02-23 21:00:00,12608.455463805672,11604.477143284123,11010.3896484375
forecast_1294,2025-02-23 22:00:00,13121.131311718247,12676.667811862053,11189.486328125
forecast_1295,2025-02-23 23:00:00,13913.421074534002,13726.585654277487,12052.474609375
forecast_1296,2025-02-24 00:00:00,15287.63189147961,14805.298016190314,13367.318359375
forecast_1297,2025-02-24 01:00:00,16674.16098434564,15540.721188710786,13103.947265625
forecast_1298,2025-02-24 02:00:00,17699.54588744587,16496.852951284884,14491.125
forecast_1299,2025-02-24 03:00:00,18629.601353693124,17459.88703730258,15280.515625
forecast_1300,2025-02-24 04:00:00,18497.04031431429,17953.596330972912,14512.025390625
forecast_1301,2025-02-24 05:00:00,17378.417236131674,17642.67092557779,12700.1796875
forecast_1302,2025-02-24 06:00:00,17451.941105042617,17410.09848085756,13207.3076171875
forecast_1303,2025-02-24 07:00:00,17026.685592152153,16152.590461376909,13058.3671875
forecast_1304,2025-02-24 08:00:00,15742.59226868895,15303.92832348772,12159.09375
forecast_1305,2025-02-24 09:00:00,14791.619993162392,14542.881846739108,12623.4931640625
forecast_1306,2025-02-24 10:00:00,13033.651609029686,12045.364508762781,11505.9599609375
forecast_1307,2025-02-24 11:00:00,11414.466173970413,10714.114010125224,9658.537109375
forecast_1308,2025-02-24 12:00:00,10159.73825744968,9149.625182949352,7864.50390625
forecast_1309,2025-02-24 13:00:00,10324.301020194589,8555.924305260822,7570.15234375
forecast_1310,2025-02-24 14:00:00,10759.777833093081,9629.900788157991,7891.73583984375
forecast_1311,2025-02-24 15:00:00,10700.799743995436,9832.85595323476,7634.3837890625
forecast_1312,2025-02-24 16:00:00,11374.200556348958,10658.448494072045,7906.23193359375
forecast_1313,2025-02-24 17:00:00,11263.21640713355,10902.278086165607,8562.5703125
forecast_1314,2025-02-24 18:00:00,12512.506894678269,12225.354452995463,9829.859375
forecast_1315,2025-02-24 19:00:00,14859.915865334802,14583.37322718172,12712.185546875
forecast_1316,2025-02-24 20:00:00,17078.649858710854,16779.262049176257,15610.513671875
forecast_1317,2025-02-24 21:00:00,18490.28380015198,18570.119970686952,17358.615234375
forecast_1318,2025-02-24 22:00:00,19477.122081306836,19525.48120106652,18526.876953125
forecast_1319,2025-02-24 23:00:00,19769.067765096323,19848.11215574661,19087.234375
forecast_1320,2025-02-25 00:00:00,20014.670437975023,20280.206933578876,19612.66015625
forecast_1321,2025-02-25 01:00:00,20215.739409519647,20325.5407329769,19658.103515625
forecast_1322,2025-02-25 02:00:00,20513.485357548783,20597.731130227716,19956.298828125
forecast_1323,2025-02-25 03:00:00,20775.21327360226,20740.212069887984,20212.181640625
forecast_1324,2025-02-25 04:00:00,20754.716571266486,20570.2415326654,20025.25390625
forecast_1325,2025-02-25 05:00:00,20846.163708226144,20813.24042404785,20263.240234375
forecast_1326,2025-02-25 06:00:00,20860.49234152981,20824.84482920882,20300.21484375
forecast_1327,2025-02-25 07:00:00,20770.766174042015,20950.449623900015,20286.314453125
forecast_1328,2025-02-25 08:00:00,20386.230095047864,20195.077148719844,20071.1484375
forecast_1329,2025-02-25 09:00:00,20612.94542772634,20771.50103079721,20235.337890625
forecast_1330,2025-02-25 10:00:00,20169.347878333283,20570.837524361938,20185.84765625
forecast_1331,2025-02-25 11:00:00,18831.989550118433,19977.523072900796,19702.314453125
forecast_1332,2025-02-25 12:00:00,16982.505964135344,18029.549662969483,18382.7265625
forecast_1333,2025-02-25 13:00:00,16111.797271589643,17290.10724298106,16117.4345703125
forecast_1334,2025-02-25 14:00:00,16724.404488800927,16918.373426104714,15342.419921875
forecast_1335,2025-02-25 15:00:00,16778.2805391049,17085.96931818058,15106.0576171875
forecast_1336,2025-02-25 16:00:00,17400.500373905907,17857.91195128323,15563.5341796875
forecast_1337,2025-02-25 17:00:00,18190.600077088624,18728.47231762355,16096.3623046875
forecast_1338,2025-02-25 18:00:00,18868.159475729422,19286.79034471166,17643.48828125
forecast_1339,2025-02-25 19:00:00,19703.692204771705,19692.684995896358,18980.431640625
forecast_1340,2025-02-25 20:00:00,19950.45401463522,19878.02541263921,19837.427734375
forecast_1341,2025-02-25 21:00:00,19919.59002369857,19744.747980016546,20293.375
forecast_1342,2025-02-25 22:00:00,19898.558537286648,19662.580097921666,20269.28515625
forecast_1343,2025-02-25 23:00:00,19855.575272798284,19538.177036302317,20200.06640625
forecast_1344,2025-02-26 00:00:00,19727.80807930162,19587.279313431005,20117.19140625
forecast_1345,2025-02-26 01:00:00,19432.150321364,19041.488863703136,19495.265625
forecast_1346,2025-02-26 02:00:00,19562.732255066992,19275.643886844442,19335.64453125
forecast_1347,2025-02-26 03:00:00,19081.93790666513,19180.441068485597,19024.48046875
forecast_1348,2025-02-26 04:00:00,18790.342239738722,18939.662161165645,18984.91015625
forecast_1349,2025-02-26 05:00:00,18732.96051731918,19058.3766293535,19169.580078125
forecast_1350,2025-02-26 06:00:00,17989.092085804747,18733.02092752381,18407.69921875
forecast_1351,2025-02-26 07:00:00,17790.7892852382,18679.01246117425,18784.61328125
forecast_1352,2025-02-26 08:00:00,16860.06743883648,18119.230830278,17197.322265625
forecast_1353,2025-02-26 09:00:00,17638.966007995896,18535.51687734698,18462.60546875
forecast_1354,2025-02-26 10:00:00,15064.20600893609,16344.320598496935,16910.353515625
forecast_1355,2025-02-26 11:00:00,13212.599388894101,14388.131034619943,13862.466796875
forecast_1356,2025-02-26 12:00:00,12220.296045580315,13710.0128756667,11307.271484375
forecast_1357,2025-02-26 13:00:00,12292.170980134768,13963.957541214975,10481.87109375
forecast_1358,2025-02-26 14:00:00,12811.233443095869,13731.06861772522,10227.916015625
forecast_1359,2025-02-26 15:00:00,13008.63083905852,13435.27050539919,9671.451171875
forecast_1360,2025-02-26 16:00:00,13244.212137427807,13716.944206435634,10247.8662109375
forecast_1361,2025-02-26 17:00:00,13429.816289366365,14163.485165980033,11549.857421875
forecast_1362,2025-02-26 18:00:00,14113.507185024113,15485.568118391458,13770.490234375
forecast_1363,2025-02-26 19:00:00,14887.445796669897,16691.72741961272,14500.078125
forecast_1364,2025-02-26 20:00:00,16786.327994672043,18166.729018434322,17367.61328125
forecast_1365,2025-02-26 21:00:00,18316.839966177704,19431.49967295103,19087.98046875
forecast_1366,2025-02-26 22:00:00,17952.326448904423,18907.189749293993,18994.193359375
forecast_1367,2025-02-26 23:00:00,16715.325174865615,18312.839797809676,18651.84765625
forecast_1368,2025-02-27 00:00:00,18697.18964494573,19404.9891872953,19845.2734375
forecast_1369,2025-02-27 01:00:00,19186.912668576362,19814.697889310417,20042.05859375
forecast_1370,2025-02-27 02:00:00,19894.98020848669,19977.63911551331,20093.80078125
forecast_1371,2025-02-27 03:00:00,20128.90600100428,20228.482421981193,20352.38671875
forecast_1372,2025-02-27 04:00:00,20239.392443171993,20113.830287367484,20285.005859375
forecast_1373,2025-02-27 05:00:00,20371.644994183218,19608.73396241451,20246.265625
forecast_1374,2025-02-27 06:00:00,20496.980002164855,20063.724508250067,20118.546875
forecast_1375,2025-02-27 07:00:00,20518.495649173004,20539.19122651116,20106.75
forecast_1376,2025-02-27 08:00:00,20156.830335260413,19569.602015288878,19750.67578125
forecast_1377,2025-02-27 09:00:00,19615.019960433507,19430.606085164593,19252.404296875
forecast_1378,2025-02-27 10:00:00,18838.628286414183,19166.105686135437,18900.33203125
forecast_1379,2025-02-27 11:00:00,17140.715343686377,16847.562330691653,17053.59765625
forecast_1380,2025-02-27 12:00:00,15805.04732866192,15979.312980056402,14901.3955078125
forecast_1381,2025-02-27 13:00:00,16184.953680328927,15874.329648325356,13091.8837890625
forecast_1382,2025-02-27 14:00:00,15206.761089207548,14211.085500044848,9974.4921875
forecast_1383,2025-02-27 15:00:00,12518.47282999173,11919.926641970025,7453.4189453125
forecast_1384,2025-02-27 16:00:00,11519.467399817153,10654.70831714933,6954.2041015625
forecast_1385,2025-02-27 17:00:00,11781.492707757945,11960.163418748702,7082.58349609375
forecast_1386,2025-02-27 18:00:00,12172.86781891653,11524.593671647935,8372.966796875
forecast_1387,2025-02-27 19:00:00,14321.313658112616,14189.031741331359,10162.7109375
forecast_1388,2025-02-27 20:00:00,16161.539577908716,15695.453491318409,13134.658203125
forecast_1389,2025-02-27 21:00:00,15134.025913223573,15707.374613440732,13141.9375
forecast_1390,2025-02-27 22:00:00,15437.14808506283,16238.583302797555,14258.9033203125
forecast_1391,2025-02-27 23:00:00,14998.902041121037,16191.886762796961,14211.185546875
forecast_1392,2025-02-28 00:00:00,15108.013902308085,16740.02427014769,14843.494140625
forecast_1393,2025-02-28 01:00:00,15364.213867288443,15987.334879030781,13843.7001953125
forecast_1394,2025-02-28 02:00:00,17138.148159081236,16917.948993396978,15681.4345703125
forecast_1395,2025-02-28 03:00:00,17966.465679109824,17024.205483619568,15741.59375
forecast_1396,2025-02-28 04:00:00,18404.713232585465,17901.296432829284,16911.5625
forecast_1397,2025-02-28 05:00:00,18383.734975410804,18461.387960260377,17842.279296875
forecast_1398,2025-02-28 06:00:00,18229.006258887857,18592.55232643956,17502.955078125
forecast_1399,2025-02-28 07:00:00,19870.942051709324,19503.145859672928,19157.2109375
forecast_1400,2025-02-28 08:00:00,19468.338025191493,19453.865490020184,18822.140625
forecast_1401,2025-02-28 09:00:00,19439.580651141197,19787.099163882223,19539.275390625
forecast_1402,2025-02-28 10:00:00,18426.299146575122,19162.145731052755,18481.1953125
forecast_1403,2025-02-28 11:00:00,16811.408551530687,18100.67340514758,15834.3095703125
forecast_1404,2025-02-28 12:00:00,15317.457273019041,16450.380538262303,13859.615234375
forecast_1405,2025-02-28 13:00:00,15165.536945461916,14894.638665115055,13814.7734375
forecast_1406,2025-02-28 14:00:00,14413.710875758852,14406.887741912851,12834.771484375
forecast_1407,2025-02-28 15:00:00,13903.756337986737,13577.145139836539,12046.951171875
forecast_1408,2025-02-28 16:00:00,13944.934742599275,14064.731790788532,12260.046875
forecast_1409,2025-02-28 17:00:00,14787.915331357146,14222.252151264845,12782.6875
forecast_1410,2025-02-28 18:00:00,16162.841213385698,14768.417723957193,13518.291015625
forecast_1411,2025-02-28 19:00:00,16455.450162155532,16285.3272221677,12453.572265625
forecast_1412,2025-02-28 20:00:00,14548.822856167402,15712.189365390457,9202.2080078125
forecast_1413,2025-02-28 21:00:00,14016.035970070432,12705.250232926162,10441.5888671875
forecast_1414,2025-02-28 22:00:00,12400.972826562018,10389.649825694172,9325.76171875
forecast_1415,2025-02-28 23:00:00,10731.867312588125,9592.222619758128,8597.0517578125
forecast_1416,2025-03-01 00:00:00,9044.818796235044,8083.870597884319,6911.55712890625
forecast_1417,2025-03-01 01:00:00,10482.406584756278,8663.231416267,5813.2646484375
forecast_1418,2025-03-01 02:00:00,8178.141130802609,7002.4292540616925,4884.92041015625
forecast_1419,2025-03-01 03:00:00,6924.448992310921,5624.1535018589675,4545.0673828125
forecast_1420,2025-03-01 04:00:00,6127.297040965112,5037.105249615788,4227.7275390625
forecast_1421,2025-03-01 05:00:00,5222.788421487447,4096.542261030758,3590.06298828125
forecast_1422,2025-03-01 06:00:00,4394.719108218435,3791.7183456941075,3345.416015625
forecast_1423,2025-03-01 07:00:00,4433.440227393088,3595.2556204945304,3204.63916015625
forecast_1424,2025-03-01 08:00:00,4346.229878290107,3391.087025959121,3197.07958984375
forecast_1425,2025-03-01 09:00:00,4163.820976112527,3282.5614593560936,3357.180908203125
forecast_1426,2025-03-01 10:00:00,4151.822534518989,3852.8850441351497,3352.53369140625
forecast_1427,2025-03-01 11:00:00,3492.4441204611558,3565.047260533852,2832.815185546875
forecast_1428,2025-03-01 12:00:00,4032.748663030316,3645.901125812911,2820.35595703125
forecast_1429,2025-03-01 13:00:00,4375.383912299573,4061.8917826478078,3098.45068359375
forecast_1430,2025-03-01 14:00:00,4856.044865912024,3981.929418611735,3069.932373046875
forecast_1431,2025-03-01 15:00:00,5040.027077850824,3951.9750060027495,3264.370361328125
forecast_1432,2025-03-01 16:00:00,5318.97334495328,3792.3630730414525,2673.068603515625
forecast_1433,2025-03-01 17:00:00,5693.8116931522345,4389.627338405113,3155.145263671875
forecast_1434,2025-03-01 18:00:00,6174.574977759476,5065.194810731184,3171.11474609375
forecast_1435,2025-03-01 19:00:00,6151.82843230458,5126.612765408772,3478.12890625
forecast_1436,2025-03-01 20:00:00,5537.805293972397,5070.923982865601,3843.06640625
forecast_1437,2025-03-01 21:00:00,5209.662872844882,5339.429358988105,3981.91455078125
forecast_1438,2025-03-01 22:00:00,4624.24026279173,5113.342903772944,3717.60400390625
forecast_1439,2025-03-01 23:00:00,4488.211527548679,4783.207715636665,3792.853515625
forecast_1440,2025-03-02 00:00:00,4691.210672472152,5308.595880510193,3808.843017578125
forecast_1441,2025-03-02 01:00:00,6208.663532778577,6894.088015882644,4459.75537109375
forecast_1442,2025-03-02 02:00:00,6524.79964782879,6053.521742260408,4410.134765625
forecast_1443,2025-03-02 03:00:00,6775.152489571852,6628.375851508506,4359.74755859375
forecast_1444,2025-03-02 04:00:00,6075.061330814363,5715.527893014538,3799.00341796875
forecast_1445,2025-03-02 05:00:00,5794.760383209013,5024.134549366483,3810.67724609375
forecast_1446,2025-03-02 06:00:00,4550.676367015289,3693.2932370530393,3321.716064453125
forecast_1447,2025-03-02 07:00:00,3212.2966200381397,3003.791764168106,2813.37353515625
forecast_1448,2025-03-02 08:00:00,2634.731373991943,2468.4248902429335,2667.982666015625
forecast_1449,2025-03-02 09:00:00,3099.0188751533306,3004.9812953063947,2983.32763671875
forecast_1450,2025-03-02 10:00:00,3394.699037484231,3459.5087887610634,3100.96044921875
forecast_1451,2025-03-02 11:00:00,4417.255518143851,3797.7445461904467,3294.571044921875
forecast_1452,2025-03-02 12:00:00,5304.112290620077,5020.400150496414,4008.405517578125
forecast_1453,2025-03-02 13:00:00,5940.91284915237,6417.454179539607,4928.6318359375
forecast_1454,2025-03-02 14:00:00,6674.7182296566825,7695.217761889232,5654.51416015625
forecast_1455,2025-03-02 15:00:00,7041.48576714919,8274.190715658904,6506.46435546875
forecast_1456,2025-03-02 16:00:00,8257.786278359728,9596.022287167234,8171.00927734375
forecast_1457,2025-03-02 17:00:00,9098.33951125514,11076.489292561757,9956.9296875
forecast_1458,2025-03-02 18:00:00,10449.521336449336,12298.78847412952,11446.767578125
forecast_1459,2025-03-02 19:00:00,11709.74527729589,13803.6699442007,10964.416015625
forecast_1460,2025-03-02 20:00:00,11645.404669678985,13580.037970633248,11200.0654296875
forecast_1461,2025-03-02 21:00:00,11934.518178422812,13682.05036284358,11934.025390625
forecast_1462,2025-03-02 22:00:00,12756.985420988229,14647.778798147467,12604.5830078125
forecast_1463,2025-03-02 23:00:00,13010.850676004018,14961.93194093267,12796.212890625
forecast_1464,2025-03-03 00:00:00,12818.028855419878,15495.665646261705,12516.4541015625
forecast_1465,2025-03-03 01:00:00,13144.355610463808,17147.270698328,13437.3623046875
forecast_1466,2025-03-03 02:00:00,14227.280448599344,16808.07802455178,13234.3310546875
forecast_1467,2025-03-03 03:00:00,14790.418943704623,17191.23676106491,14720.443359375
forecast_1468,2025-03-03 04:00:00,15037.383168664985,17570.80809951744,14546.1484375
forecast_1469,2025-03-03 05:00:00,14603.810246501977,17250.42806060654,13335.8251953125
forecast_1470,2025-03-03 06:00:00,15268.817755714508,18003.72715357952,14088.025390625
forecast_1471,2025-03-03 07:00:00,15648.496433380496,18400.687280474558,15165.3359375
forecast_1472,2025-03-03 08:00:00,15589.638907201313,18065.270552246817,16353.515625
forecast_1473,2025-03-03 09:00:00,15639.830531952208,18127.550057727152,16563.689453125
forecast_1474,2025-03-03 10:00:00,15224.76577882522,17816.259797355764,15900.880859375
forecast_1475,2025-03-03 11:00:00,15447.712102762067,17265.748882711734,16666.55859375
forecast_1476,2025-03-03 12:00:00,15135.923251180939,16380.445913347397,16392.95703125
forecast_1477,2025-03-03 13:00:00,15156.013429411654,16186.610420805071,16712.521484375
forecast_1478,2025-03-03 14:00:00,14928.883251809013,16203.791300635801,16405.005859375
forecast_1479,2025-03-03 15:00:00,15023.070723001212,16391.675507850516,17077.1796875
forecast_1480,2025-03-03 16:00:00,14293.170393323684,16763.773478672738,16217.216796875
forecast_1481,2025-03-03 17:00:00,13730.505659505867,16194.846856058022,15333.791015625
forecast_1482,2025-03-03 18:00:00,13856.963265890912,16027.632221623213,16105.193359375
forecast_1483,2025-03-03 19:00:00,13136.133545812309,15749.315559289491,15038.283203125
forecast_1484,2025-03-03 20:00:00,13494.573620815092,15857.72311553381,14818.087890625
forecast_1485,2025-03-03 21:00:00,13549.503197462014,15482.322960797492,15284.916015625
forecast_1486,2025-03-03 22:00:00,13400.145969289148,15644.05130170152,15578.2998046875
forecast_1487,2025-03-03 23:00:00,14173.778082912359,16145.62903871138,16037.431640625
forecast_1488,2025-03-04 00:00:00,14294.988870861369,16320.165071219846,16157.8486328125
forecast_1489,2025-03-04 01:00:00,14938.024587236714,16161.947443451701,16504.71875
forecast_1490,2025-03-04 02:00:00,15239.58191116593,16886.960035556418,16688.416015625
forecast_1491,2025-03-04 03:00:00,15107.460288906303,17386.806838086595,16808.8359375
forecast_1492,2025-03-04 04:00:00,15280.273459140233,17569.340598789233,16701.583984375
forecast_1493,2025-03-04 05:00:00,15411.980145127687,17613.32235517499,16669.34765625
forecast_1494,2025-03-04 06:00:00,15432.474139568825,17788.25670509231,17053.33203125
forecast_1495,2025-03-04 07:00:00,15732.352037422832,17851.049491738966,16996.28515625
forecast_1496,2025-03-04 08:00:00,16060.716141329462,17459.94999519929,17329.224609375
forecast_1497,2025-03-04 09:00:00,16227.351961652534,17704.811655338548,17139.177734375
forecast_1498,2025-03-04 10:00:00,16379.331783124995,17562.741245307298,16893.8125
forecast_1499,2025-03-04 11:00:00,16550.52650783168,17614.28610347307,17210.462890625
forecast_1500,2025-03-04 12:00:00,16141.54026418617,17533.063213289402,16913.63671875
forecast_1501,2025-03-04 13:00:00,15672.0343246005,17906.98177034089,16755.69140625
forecast_1502,2025-03-04 14:00:00,15482.787678560428,18039.93617796422,16436.615234375
forecast_1503,2025-03-04 15:00:00,14995.01709283123,17679.645593544876,15407.578125
forecast_1504,2025-03-04 16:00:00,14571.734776534977,17388.380019644654,15320.7109375
forecast_1505,2025-03-04 17:00:00,14309.777334396245,17384.50788186358,14526.0126953125
forecast_1506,2025-03-04 18:00:00,14113.35989313064,16965.065018827554,15290.341796875
forecast_1507,2025-03-04 19:00:00,13869.131572232654,17426.279643678892,15111.5263671875
forecast_1508,2025-03-04 20:00:00,13737.115697802332,17023.227588412148,15008.3173828125
forecast_1509,2025-03-04 21:00:00,13425.763838722247,17300.459315469794,13603.1689453125
forecast_1510,2025-03-04 22:00:00,13480.975940800543,16565.296873075487,14058.6513671875
forecast_1511,2025-03-04 23:00:00,12465.323521307662,15826.003378677688,13148.505859375
forecast_1512,2025-03-05 00:00:00,10998.837196117329,13419.709361414,10355.7939453125
forecast_1513,2025-03-05 01:00:00,9354.746992286651,9605.029713464548,7623.8759765625
forecast_1514,2025-03-05 02:00:00,8310.250383150837,9047.181458605026,7379.6630859375
forecast_1515,2025-03-05 03:00:00,7981.017332149503,7954.837530818853,6241.27978515625
forecast_1516,2025-03-05 04:00:00,6974.945067396751,6662.340458300109,5433.3671875
forecast_1517,2025-03-05 05:00:00,6454.578686573885,6493.7657699117235,4881.9873046875
forecast_1518,2025-03-05 06:00:00,6265.042544162462,6643.069236538382,4842.8505859375
forecast_1519,2025-03-05 07:00:00,6519.131121542538,6768.85159187276,4973.51171875
forecast_1520,2025-03-05 08:00:00,6113.461437183134,6072.926926027509,4443.13818359375
forecast_1521,2025-03-05 09:00:00,5619.625825614702,5431.933821845367,4593.91748046875
forecast_1522,2025-03-05 10:00:00,5208.737891511715,4956.812209887254,4215.02783203125
forecast_1523,2025-03-05 11:00:00,4761.4198137886315,4519.27194076581,3879.768310546875
forecast_1524,2025-03-05 12:00:00,4178.133420207843,3798.5412662797444,3587.34765625
forecast_1525,2025-03-05 13:00:00,4018.848741501532,3574.3518014577126,3512.529296875
forecast_1526,2025-03-05 14:00:00,4099.3409353705965,3548.16609419714,3590.171875
forecast_1527,2025-03-05 15:00:00,3695.052063471205,2934.9072282869097,3126.42822265625
forecast_1528,2025-03-05 16:00:00,3742.753542001205,2820.368281689823,3125.4404296875
forecast_1529,2025-03-05 17:00:00,3508.4739759657286,2751.2715154724065,3164.15283203125
forecast_1530,2025-03-05 18:00:00,3478.3399774275376,2272.6888207123243,3022.43603515625
forecast_1531,2025-03-05 19:00:00,3865.3733209541733,2523.634484412243,3244.162353515625
forecast_1532,2025-03-05 20:00:00,4091.9269688971453,3195.398433702767,3591.12646484375
forecast_1533,2025-03-05 21:00:00,4043.615988723447,3173.234401579121,3404.651123046875
forecast_1534,2025-03-05 22:00:00,4078.6310052290196,3339.42659529878,3367.11376953125
forecast_1535,2025-03-05 23:00:00,4276.293181751254,3389.0998068819176,4087.82763671875
forecast_1536,2025-03-06 00:00:00,3808.4609943970045,3193.352921017091,3371.47265625
forecast_1537,2025-03-06 01:00:00,3420.8182409020574,2690.95252063894,2824.615234375
forecast_1538,2025-03-06 02:00:00,3254.3432331272065,2876.7388240934924,3288.26171875
forecast_1539,2025-03-06 03:00:00,3211.4208236911372,2366.6362424654217,3154.622314453125
forecast_1540,2025-03-06 04:00:00,3017.923122895436,2081.5245756029226,2556.02392578125
forecast_1541,2025-03-06 05:00:00,3092.8698412981844,2176.5135341807386,2583.00439453125
forecast_1542,2025-03-06 06:00:00,2966.6588379087816,1913.2495865831806,2620.18798828125
forecast_1543,2025-03-06 07:00:00,2767.0146473694244,1329.3194763561037,2477.392822265625
forecast_1544,2025-03-06 08:00:00,2726.1703697051644,1488.8007821474891,2563.32666015625
forecast_1545,2025-03-06 09:00:00,2190.188480521119,1211.18671435886,2289.7109375
forecast_1546,2025-03-06 10:00:00,1744.2663995194648,1068.6405698449894,2160.79638671875
forecast_1547,2025-03-06 11:00:00,1659.960115460517,945.993247411178,1837.5687255859375
forecast_1548,2025-03-06 12:00:00,1731.9047103164596,710.9778323100835,1797.425537109375
forecast_1549,2025-03-06 13:00:00,1949.0105975442816,1029.9312174224383,2072.075927734375
forecast_1550,2025-03-06 14:00:00,2153.972516528145,1286.1398263143205,2230.8916015625
forecast_1551,2025-03-06 15:00:00,2162.071324443938,1235.356079340594,2323.67578125
forecast_1552,2025-03-06 16:00:00,2376.1323772085925,1250.588006942416,2484.68310546875
forecast_1553,2025-03-06 17:00:00,2542.976934348092,1393.6536276691631,2602.81787109375
forecast_1554,2025-03-06 18:00:00,2423.1429609931583,1335.9634328600318,2490.66064453125
forecast_1555,2025-03-06 19:00:00,2616.9864078269657,1489.2630861134005,2558.858154296875
forecast_1556,2025-03-06 20:00:00,3125.9998956164545,1773.1216003534519,3124.258544921875
forecast_1557,2025-03-06 21:00:00,3539.766698870004,1924.2839365181455,3066.42236328125
forecast_1558,2025-03-06 22:00:00,3647.794737306815,2105.417782314925,3101.2421875
forecast_1559,2025-03-06 23:00:00,3257.552848747743,1916.6272601511496,2798.64794921875
forecast_1560,2025-03-07 00:00:00,3421.4552611935824,2084.2284803171706,2749.31884765625
forecast_1561,2025-03-07 01:00:00,3212.155574107106,1936.0740505598199,3066.112060546875
forecast_1562,2025-03-07 02:00:00,3508.639728279738,2120.2804465170875,2963.28076171875
forecast_1563,2025-03-07 03:00:00,2927.306275998466,1701.059632852398,2973.84228515625
forecast_1564,2025-03-07 04:00:00,3307.008610849062,2120.6962829428476,3353.930908203125
forecast_1565,2025-03-07 05:00:00,3317.1099127000434,2550.9472508071913,3287.02490234375
forecast_1566,2025-03-07 06:00:00,3203.8641310664534,2497.8433337773326,3429.971435546875
forecast_1567,2025-03-07 07:00:00,2718.631411759295,1284.1959622445959,2617.87060546875
forecast_1568,2025-03-07 08:00:00,2850.7575470763404,1486.3803628206708,2681.65185546875
forecast_1569,2025-03-07 09:00:00,3101.0506312690777,1710.8292253240031,2840.477294921875
forecast_1570,2025-03-07 10:00:00,2466.67084391302,1074.3531026413975,2312.642578125
forecast_1571,2025-03-07 11:00:00,2324.888188250709,939.5788929157206,1879.466064453125
forecast_1572,2025-03-07 12:00:00,2620.5055703165845,1734.7328276812248,1946.1109619140625
forecast_1573,2025-03-07 13:00:00,2199.766166730904,1028.496067334048,1868.536376953125
forecast_1574,2025-03-07 14:00:00,2438.278629579446,998.3821582717125,1969.7974853515625
forecast_1575,2025-03-07 15:00:00,2532.2460872457714,1538.2620029840632,2425.02685546875
forecast_1576,2025-03-07 16:00:00,2809.4395537520995,1676.9762760969363,2475.779541015625
forecast_1577,2025-03-07 17:00:00,2983.039139056338,2270.886787518938,2460.09765625
forecast_1578,2025-03-07 18:00:00,3674.8946821100494,2512.43060428405,2545.66162109375
forecast_1579,2025-03-07 19:00:00,3934.0047432973615,2765.0276611019144,2909.30322265625
forecast_1580,2025-03-07 20:00:00,4197.856558711074,3315.1949277326153,3335.721923828125
forecast_1581,2025-03-07 21:00:00,4632.023524702754,3869.5900399035067,4049.528076171875
forecast_1582,2025-03-07 22:00:00,5304.760938949628,4282.9987050610725,4648.02490234375
forecast_1583,2025-03-07 23:00:00,5735.975864001257,4893.941798913775,4977.5322265625
forecast_1584,2025-03-08 00:00:00,6485.883610349442,5204.648924852718,5130.8095703125
forecast_1585,2025-03-08 01:00:00,7162.205967442169,5851.182438726715,4959.6259765625
forecast_1586,2025-03-08 02:00:00,7763.167284950643,6364.809998028924,5425.36767578125
forecast_1587,2025-03-08 03:00:00,8318.636465320275,7414.896030125009,5819.00732421875
forecast_1588,2025-03-08 04:00:00,8916.316274706678,8472.620600566815,6217.15869140625
forecast_1589,2025-03-08 05:00:00,8908.615510974087,9166.479628538738,6218.1826171875
forecast_1590,2025-03-08 06:00:00,9113.505782097862,10046.474879223826,6208.7548828125
forecast_1591,2025-03-08 07:00:00,9209.856680850635,9501.202294862647,6231.56640625
forecast_1592,2025-03-08 08:00:00,8570.12559033609,9589.07875937269,5808.54931640625
forecast_1593,2025-03-08 09:00:00,7795.650561942308,7736.483117404936,5389.638671875
forecast_1594,2025-03-08 10:00:00,7272.683821056264,6071.213073608575,4911.79541015625
forecast_1595,2025-03-08 11:00:00,7185.502974386369,5812.778457620412,4131.66015625
forecast_1596,2025-03-08 12:00:00,6704.1411421705,5512.827559159141,3941.631591796875
forecast_1597,2025-03-08 13:00:00,6811.344515981036,5503.601012244769,3461.715576171875
forecast_1598,2025-03-08 14:00:00,7184.386758188857,6457.745114022917,4227.97119140625
forecast_1599,2025-03-08 15:00:00,7366.629649145352,6371.779344888587,4758.5556640625
forecast_1600,2025-03-08 16:00:00,8037.793935282707,6484.2271809321355,5697.27685546875
forecast_1601,2025-03-08 17:00:00,8761.448667758923,8160.378875214753,6509.58740234375
forecast_1602,2025-03-08 18:00:00,10472.290117038698,10039.395788120408,7953.8916015625
forecast_1603,2025-03-08 19:00:00,10768.413132195976,10796.853073956448,7638.2666015625
forecast_1604,2025-03-08 20:00:00,10318.943555018483,10172.99653327704,6838.36474609375
forecast_1605,2025-03-08 21:00:00,9849.057653561973,9773.84821471012,6614.1728515625
forecast_1606,2025-03-08 22:00:00,10155.844934217346,10431.464174718189,7308.3466796875
forecast_1607,2025-03-08 23:00:00,10497.048144501641,9681.867776613584,7586.66650390625
forecast_1608,2025-03-09 00:00:00,10462.170270522476,9528.02125233833,7609.5439453125
forecast_1609,2025-03-09 01:00:00,9294.803415432729,8897.257557541527,6413.53369140625
forecast_1610,2025-03-09 02:00:00,8689.666231753177,7983.814847268485,5539.3056640625
forecast_1611,2025-03-09 03:00:00,7782.3798596818215,7341.451225852451,5113.14453125
forecast_1612,2025-03-09 04:00:00,7215.607256204397,6390.037642808169,4817.13720703125
forecast_1613,2025-03-09 05:00:00,6602.657579413475,3786.2142876709026,4494.58203125
forecast_1614,2025-03-09 06:00:00,6562.241149094844,5122.303727236091,4298.39208984375
forecast_1615,2025-03-09 07:00:00,6214.855666760459,5184.22070005728,3876.981689453125
forecast_1616,2025-03-09 08:00:00,5121.003968012656,3312.303532648146,3476.62939453125
forecast_1617,2025-03-09 09:00:00,3921.3969615879587,2320.445062818586,2818.04833984375
forecast_1618,2025-03-09 10:00:00,2859.991526359873,1394.4475875343564,2272.22509765625
forecast_1619,2025-03-09 11:00:00,2427.0423760632825,1270.1283655436205,1838.7017822265625
forecast_1620,2025-03-09 12:00:00,1893.2042381046745,650.6789195928163,1409.8482666015625
forecast_1621,2025-03-09 13:00:00,1737.6675185983597,684.5025391371862,1406.4874267578125
forecast_1622,2025-03-09 14:00:00,1676.947146708632,646.1457490875978,1421.9114990234375
forecast_1623,2025-03-09 15:00:00,1768.5044747371417,928.7218281059485,1502.8330078125
forecast_1624,2025-03-09 16:00:00,1924.7405458383996,821.2671368039838,1739.2171630859375
forecast_1625,2025-03-09 17:00:00,1997.6157397851407,827.1726485484162,1871.362548828125
forecast_1626,2025-03-09 18:00:00,2243.967107920632,1305.6755441014157,1974.9039306640625
forecast_1627,2025-03-09 19:00:00,3120.7745884561036,1925.7683894596578,2535.146240234375
forecast_1628,2025-03-09 20:00:00,3199.2751845864505,1937.2711204093407,2789.8388671875
forecast_1629,2025-03-09 21:00:00,3056.897733824252,2318.297702295564,2994.92431640625
forecast_1630,2025-03-09 22:00:00,3928.7799007072954,2859.7636664114852,3678.46240234375
forecast_1631,2025-03-09 23:00:00,5162.181035467334,4868.790666000771,4496.5087890625
forecast_1632,2025-03-10 00:00:00,6104.120666602218,6141.237998181081,5341.4248046875
forecast_1633,2025-03-10 01:00:00,8038.778287063846,7471.646377636176,5429.45361328125
forecast_1634,2025-03-10 02:00:00,9420.636083474663,7536.232913313528,5680.02783203125
forecast_1635,2025-03-10 03:00:00,9541.770881406723,8135.9659397046935,5318.7998046875
forecast_1636,2025-03-10 04:00:00,9828.481520565278,6576.788820778057,5303.92626953125
forecast_1637,2025-03-10 05:00:00,9402.120265416237,7689.864586761677,5404.5078125
forecast_1638,2025-03-10 06:00:00,8464.796872548752,7414.420476912997,5023.6220703125
forecast_1639,2025-03-10 07:00:00,9052.789204179626,8108.894266284545,4918.38623046875
forecast_1640,2025-03-10 08:00:00,8082.322194990497,7154.283915856088,4436.8818359375
forecast_1641,2025-03-10 09:00:00,7594.38766019027,5911.580480999474,4306.69189453125
forecast_1642,2025-03-10 10:00:00,6899.376772900241,5759.707906411173,3531.427734375
forecast_1643,2025-03-10 11:00:00,6011.185134674477,5137.507837519199,2821.905517578125
forecast_1644,2025-03-10 12:00:00,5683.121144014675,4922.924523226071,2536.118408203125
forecast_1645,2025-03-10 13:00:00,5814.96607161215,4752.08444832912,2510.461181640625
forecast_1646,2025-03-10 14:00:00,6391.123637136658,5068.657338075684,2903.65576171875
forecast_1647,2025-03-10 15:00:00,6687.604177497573,4282.665738405089,3382.19775390625
forecast_1648,2025-03-10 16:00:00,7140.21586542176,5896.043267841822,3635.262451171875
forecast_1649,2025-03-10 17:00:00,7349.227398118061,6570.328268819162,4181.103515625
forecast_1650,2025-03-10 18:00:00,7102.69550381955,7331.6261690003985,4271.9794921875
forecast_1651,2025-03-10 19:00:00,7533.262248468528,8206.025229695251,4657.5556640625
forecast_1652,2025-03-10 20:00:00,8534.854187153505,9191.42151649682,5391.68359375
forecast_1653,2025-03-10 21:00:00,9622.684708482533,10892.499629551397,6713.3916015625
forecast_1654,2025-03-10 22:00:00,11516.957995565133,12025.647918501918,8346.1748046875
forecast_1655,2025-03-10 23:00:00,14025.877144149592,14078.731138485873,10467.46875
forecast_1656,2025-03-11 00:00:00,15561.87858464853,16123.936237065094,12418.4189453125
forecast_1657,2025-03-11 01:00:00,17402.127982187645,16894.77247833479,13700.919921875
forecast_1658,2025-03-11 02:00:00,18188.558706199008,17570.650744349605,16343.4033203125
forecast_1659,2025-03-11 03:00:00,18419.78121110919,18236.49730897945,17059.36328125
forecast_1660,2025-03-11 04:00:00,18054.6947438027,17900.121871699674,15807.9326171875
forecast_1661,2025-03-11 05:00:00,18250.07637570103,17310.175771958908,14705.509765625
forecast_1662,2025-03-11 06:00:00,16714.385382901768,15276.083121622345,10482.5810546875
forecast_1663,2025-03-11 07:00:00,13167.915360132552,11364.207467389464,6591.21484375
forecast_1664,2025-03-11 08:00:00,9576.771525425924,8040.294393384022,5130.9990234375
forecast_1665,2025-03-11 09:00:00,7330.341761031461,5520.201353870962,4916.0224609375
forecast_1666,2025-03-11 10:00:00,5487.823334259689,3651.63536895015,3527.68017578125
forecast_1667,2025-03-11 11:00:00,4520.495012629526,3211.70588260715,2557.253662109375
forecast_1668,2025-03-11 12:00:00,3847.301246694403,2367.175068280242,2151.264892578125
forecast_1669,2025-03-11 13:00:00,3336.495825159517,1802.8493019466296,1978.775390625
forecast_1670,2025-03-11 14:00:00,3094.687403931499,1714.336648108678,1993.536376953125
forecast_1671,2025-03-11 15:00:00,3100.210345213185,1876.4003225192555,1930.403564453125
forecast_1672,2025-03-11 16:00:00,3484.722298802481,2308.8333549928075,2129.52880859375
forecast_1673,2025-03-11 17:00:00,3555.3521082182046,2068.407644794424,2421.803955078125
forecast_1674,2025-03-11 18:00:00,4173.630306627225,3609.62377617779,3173.651123046875
forecast_1675,2025-03-11 19:00:00,5773.997778613701,5471.164193231365,4218.115234375
forecast_1676,2025-03-11 20:00:00,7557.875686751464,7513.773062541148,5844.94873046875
forecast_1677,2025-03-11 21:00:00,11758.491772772566,11781.608233544724,9288.28515625
forecast_1678,2025-03-11 22:00:00,13706.221732169586,13940.228315841692,11487.19921875
forecast_1679,2025-03-11 23:00:00,15646.408726748181,16064.033695869008,13234.8955078125
forecast_1680,2025-03-12 00:00:00,18239.73835977455,16602.34878813282,16545.28515625
forecast_1681,2025-03-12 01:00:00,18102.44817601257,15785.89165767796,16535.66796875
forecast_1682,2025-03-12 02:00:00,16727.288461439868,16361.082860108203,14891.1015625
forecast_1683,2025-03-12 03:00:00,15776.178441609121,15676.033897761437,14052.298828125
forecast_1684,2025-03-12 04:00:00,15894.021006164523,17242.75481584587,16366.5830078125
forecast_1685,2025-03-12 05:00:00,16295.670958691939,16770.947899131177,16214.8154296875
forecast_1686,2025-03-12 06:00:00,17870.098456766525,18672.07790479034,16980.83203125
forecast_1687,2025-03-12 07:00:00,19498.83291467705,18777.172985713834,19376.8359375
forecast_1688,2025-03-12 08:00:00,19679.75350505699,18923.067159184713,20155.28125
forecast_1689,2025-03-12 09:00:00,19619.149538695703,19156.33908545812,20225.54296875
forecast_1690,2025-03-12 10:00:00,19470.74283469003,19322.431703752394,19507.35546875
forecast_1691,2025-03-12 11:00:00,18453.65806943814,18443.71050983498,18214.1015625
forecast_1692,2025-03-12 12:00:00,18084.315948781674,17992.958656698604,17221.931640625
forecast_1693,2025-03-12 13:00:00,17986.254577415868,17680.299521805428,16044.9970703125
forecast_1694,2025-03-12 14:00:00,17759.33363949716,17643.340879267074,15928.0029296875
forecast_1695,2025-03-12 15:00:00,17887.51761650767,18516.18889891902,15901.611328125
forecast_1696,2025-03-12 16:00:00,17874.96209531772,19145.327112824605,16451.69140625
forecast_1697,2025-03-12 17:00:00,18151.42198727865,19148.25397425356,16767.029296875
forecast_1698,2025-03-12 18:00:00,17549.64164076669,18757.09830773537,16979.57421875
forecast_1699,2025-03-12 19:00:00,17081.113059886426,17971.804062499396,17222.6015625
forecast_1700,2025-03-12 20:00:00,16188.19638822841,17396.653095925918,16208.0546875
forecast_1701,2025-03-12 21:00:00,16270.800802883947,16538.007396004563,16721.31640625
forecast_1702,2025-03-12 22:00:00,16128.491468878608,15493.959125089827,16429.04296875
forecast_1703,2025-03-12 23:00:00,15569.989015409345,15411.02557382312,15877.7001953125
forecast_1704,2025-03-13 00:00:00,15677.201178497678,15167.664068096832,16046.794921875
forecast_1705,2025-03-13 01:00:00,16102.070069955515,15198.417090886236,15731.220703125
forecast_1706,2025-03-13 02:00:00,16579.347104451514,14773.19474335308,15941.1953125
forecast_1707,2025-03-13 03:00:00,16817.593801204508,14830.16535511539,15746.2080078125
forecast_1708,2025-03-13 04:00:00,17169.75517416546,14552.640649108156,14568.3232421875
forecast_1709,2025-03-13 05:00:00,16576.09315513786,15715.248961346822,14193.5888671875
forecast_1710,2025-03-13 06:00:00,15415.406705710753,15272.683769020003,11738.05078125
forecast_1711,2025-03-13 07:00:00,13703.17687089922,13765.074915679326,10339.060546875
forecast_1712,2025-03-13 08:00:00,12887.625497596353,12507.758407288735,9323.3056640625
forecast_1713,2025-03-13 09:00:00,11556.796478753624,12390.366327718351,8847.9365234375
forecast_1714,2025-03-13 10:00:00,9835.154785138067,11234.6584836486,7259.1669921875
forecast_1715,2025-03-13 11:00:00,7490.677581605803,7599.046868039122,4190.54296875
forecast_1716,2025-03-13 12:00:00,5695.606033194858,5299.8001883084125,3146.572998046875
forecast_1717,2025-03-13 13:00:00,4592.357724468866,3866.166991646575,2613.427490234375
forecast_1718,2025-03-13 14:00:00,4241.065339385985,2761.4655255229295,2154.87451171875
forecast_1719,2025-03-13 15:00:00,3267.8817801248883,1556.9253264010426,2000.857177734375
forecast_1720,2025-03-13 16:00:00,3078.6998307623294,1604.5625119785805,2022.561767578125
forecast_1721,2025-03-13 17:00:00,2905.6189195172647,1685.8406732141361,2005.709716796875
forecast_1722,2025-03-13 18:00:00,3307.5627576814213,2122.5589061467417,2390.185302734375
forecast_1723,2025-03-13 19:00:00,2863.900369538852,2210.2870615672546,2358.67919921875
forecast_1724,2025-03-13 20:00:00,3368.213200500021,2703.547550710521,2872.8984375
forecast_1725,2025-03-13 21:00:00,4273.299561036327,3577.0574121810905,3345.563720703125
forecast_1726,2025-03-13 22:00:00,4606.291490055681,4144.961492892144,3643.75390625
forecast_1727,2025-03-13 23:00:00,4851.78828406904,4089.6025095727077,3742.79345703125
forecast_1728,2025-03-14 00:00:00,4876.9662904456945,3707.4654299373983,3885.744140625
forecast_1729,2025-03-14 01:00:00,4637.468329702633,3756.7189744846983,3434.82177734375
forecast_1730,2025-03-14 02:00:00,3692.9026456291367,2713.454135752022,3023.25830078125
forecast_1731,2025-03-14 03:00:00,3541.4045266450657,2472.1586501409993,2761.57373046875
forecast_1732,2025-03-14 04:00:00,2879.4125946209087,2205.7578541215044,2475.25927734375
forecast_1733,2025-03-14 05:00:00,2298.464253068978,2148.70658876359,2251.370361328125
forecast_1734,2025-03-14 06:00:00,2180.939050921028,1977.2497484851763,2346.0419921875
forecast_1735,2025-03-14 07:00:00,2067.8017223795823,1715.6346750012044,2270.363037109375
forecast_1736,2025-03-14 08:00:00,2235.389590264739,2318.51969477439,2405.95751953125
forecast_1737,2025-03-14 09:00:00,2295.4035287553716,1705.828596906619,2469.332275390625
forecast_1738,2025-03-14 10:00:00,2300.305659809713,1637.292511880512,2525.364501953125
forecast_1739,2025-03-14 11:00:00,2345.6062547585843,1456.4413354291703,2259.947265625
forecast_1740,2025-03-14 12:00:00,2567.1075367003796,1877.3070146309615,2212.79638671875
forecast_1741,2025-03-14 13:00:00,3072.0654235953343,2077.967025694733,2472.473388671875
forecast_1742,2025-03-14 14:00:00,3421.608296149395,2615.4866233106945,2669.908935546875
forecast_1743,2025-03-14 15:00:00,3525.609189795823,2743.480978549793,2840.3115234375
forecast_1744,2025-03-14 16:00:00,3402.2126306741075,2428.313209019654,2679.542724609375
forecast_1745,2025-03-14 17:00:00,3180.207779716322,2196.5038773695182,2732.0244140625
forecast_1746,2025-03-14 18:00:00,3279.587071492303,1828.898170575961,2951.259765625
forecast_1747,2025-03-14 19:00:00,3619.920650308405,2941.6557514483475,3014.31298828125
forecast_1748,2025-03-14 20:00:00,4291.746365625899,3212.2240709481352,3249.51220703125
forecast_1749,2025-03-14 21:00:00,4551.336666594758,3139.797125091467,3300.839111328125
forecast_1750,2025-03-14 22:00:00,4746.133726728252,3315.5968789426847,3055.906494140625
forecast_1751,2025-03-14 23:00:00,4901.775434798326,3381.451303804178,3227.783203125
forecast_1752,2025-03-15 00:00:00,4957.184636454407,3214.1939004456162,3214.333740234375
forecast_1753,2025-03-15 01:00:00,6568.084589447108,4497.203737320091,4428.35302734375
forecast_1754,2025-03-15 02:00:00,6464.873087939777,4064.0911876920964,3916.618408203125
forecast_1755,2025-03-15 03:00:00,6342.6221801563515,3985.0892864680372,3725.408935546875
forecast_1756,2025-03-15 04:00:00,6805.520413195629,4841.140776003557,3557.153076171875
forecast_1757,2025-03-15 05:00:00,6942.789379018465,5519.181667998919,3592.495361328125
forecast_1758,2025-03-15 06:00:00,6675.853482536779,5245.0428182143205,3586.35302734375
forecast_1759,2025-03-15 07:00:00,7830.71918778854,6610.42115687559,4002.07666015625
forecast_1760,2025-03-15 08:00:00,7646.164216722206,7655.388645249346,3976.36328125
forecast_1761,2025-03-15 09:00:00,8742.88243011341,8742.39976539891,4082.70751953125
forecast_1762,2025-03-15 10:00:00,8855.278084887279,8978.002394314728,4624.89990234375
forecast_1763,2025-03-15 11:00:00,9106.385748375167,8407.83825297701,4994.33837890625
forecast_1764,2025-03-15 12:00:00,8585.368913418346,8209.122606376306,4619.58349609375
forecast_1765,2025-03-15 13:00:00,7889.870004912254,7054.160756567923,5022.36865234375
forecast_1766,2025-03-15 14:00:00,7436.950337033804,6734.136798924581,4357.9140625
forecast_1767,2025-03-15 15:00:00,5872.533468082613,4318.248386939971,3704.6484375
forecast_1768,2025-03-15 16:00:00,5749.735339972045,4109.6083467245735,3322.532470703125
forecast_1769,2025-03-15 17:00:00,4727.335582716656,3392.2006606904915,3688.767578125
forecast_1770,2025-03-15 18:00:00,4492.894191081314,3752.0002274580493,3874.7265625
forecast_1771,2025-03-15 19:00:00,4736.654541658885,4074.7849140879616,3796.867919921875
forecast_1772,2025-03-15 20:00:00,4530.490279484831,4470.26084962096,3704.98388671875
forecast_1773,2025-03-15 21:00:00,4727.8205636059265,4084.5076811367667,4032.119140625
forecast_1774,2025-03-15 22:00:00,4473.320009676404,3638.332012634711,3853.609375
forecast_1775,2025-03-15 23:00:00,3882.196393560233,2729.535538586948,3371.00732421875
forecast_1776,2025-03-16 00:00:00,3668.7921442613087,2617.6951413359147,3079.22802734375
forecast_1777,2025-03-16 01:00:00,3545.8347736186033,2680.9242181364534,2641.64892578125
forecast_1778,2025-03-16 02:00:00,2961.557402826583,2181.790960901079,2469.59716796875
forecast_1779,2025-03-16 03:00:00,2762.038821906568,1787.4103785789518,2358.55419921875
forecast_1780,2025-03-16 04:00:00,2779.4673423848517,1859.1049150610975,2370.35009765625
forecast_1781,2025-03-16 05:00:00,2874.126046843976,1580.9142779638528,2448.92724609375
forecast_1782,2025-03-16 06:00:00,2927.7345246093073,1783.681514089586,2650.317626953125
forecast_1783,2025-03-16 07:00:00,3009.372478171208,1592.9964140458271,2648.08544921875
forecast_1784,2025-03-16 08:00:00,3035.747101732686,1201.873153342267,2697.777587890625
forecast_1785,2025-03-16 09:00:00,2847.3117727633694,1398.4458002563722,2698.766357421875
forecast_1786,2025-03-16 10:00:00,2981.0709242394532,1499.168301536119,2631.43115234375
forecast_1787,2025-03-16 11:00:00,3211.1792467890227,1178.421335402928,2594.890625
forecast_1788,2025-03-16 12:00:00,3399.570210630469,1544.0954213657878,2570.553466796875
forecast_1789,2025-03-16 13:00:00,4107.090181325153,1825.7827455681684,2928.34716796875
forecast_1790,2025-03-16 14:00:00,5158.572592883048,4474.773327985393,3156.589111328125
forecast_1791,2025-03-16 15:00:00,5791.6391188901125,6168.764596178582,4027.95751953125
forecast_1792,2025-03-16 16:00:00,7306.981578086347,7350.119964910167,5433.5791015625
forecast_1793,2025-03-16 17:00:00,8005.541557646534,8798.585412107426,5757.0029296875
forecast_1794,2025-03-16 18:00:00,9748.99715559566,11473.417172125739,8208.591796875
forecast_1795,2025-03-16 19:00:00,12633.12470387803,13801.102765785816,10274.53125
forecast_1796,2025-03-16 20:00:00,12748.35655982698,13940.991526795828,10045.5849609375
forecast_1797,2025-03-16 21:00:00,12568.981375887906,12315.69541823725,10886.7021484375
forecast_1798,2025-03-16 22:00:00,13731.958456873532,11863.100026223914,13074.9921875
forecast_1799,2025-03-16 23:00:00,12829.266481158329,11489.534796514912,10243.4580078125
forecast_1800,2025-03-17 00:00:00,12868.087561178876,12431.198140917868,8943.9501953125
forecast_1801,2025-03-17 01:00:00,14065.868253838467,14117.209624934208,11215.5986328125
forecast_1802,2025-03-17 02:00:00,14208.090873440613,12729.30566619241,12601.7294921875
forecast_1803,2025-03-17 03:00:00,14361.797513551981,13378.31425803222,11636.4033203125
forecast_1804,2025-03-17 04:00:00,13611.055406391944,12964.522653273563,9175.611328125
forecast_1805,2025-03-17 05:00:00,10607.234626741447,9655.573494049735,5007.52587890625
forecast_1806,2025-03-17 06:00:00,9560.87199484387,8708.931818276,6376.96923828125
forecast_1807,2025-03-17 07:00:00,6566.417549350326,6461.609121154401,3366.381591796875
forecast_1808,2025-03-17 08:00:00,5081.3133749972,3529.9130400190675,2710.197021484375
forecast_1809,2025-03-17 09:00:00,4288.675060396674,2598.411851080191,2575.319091796875
forecast_1810,2025-03-17 10:00:00,3526.9236417186485,1915.9767307048737,2492.876220703125
forecast_1811,2025-03-17 11:00:00,4793.893160707805,3391.120231256693,3396.535888671875
forecast_1812,2025-03-17 12:00:00,7311.804318577452,6151.0074818202675,4185.73193359375
forecast_1813,2025-03-17 13:00:00,8259.343646350775,8369.637727229583,4800.68310546875
forecast_1814,2025-03-17 14:00:00,9984.054720523258,9798.203889928182,7771.1630859375
forecast_1815,2025-03-17 15:00:00,10560.561154598565,9637.530042204611,8519.494140625
forecast_1816,2025-03-17 16:00:00,10340.123456500665,9487.217401998758,8817.8388671875
forecast_1817,2025-03-17 17:00:00,10875.795139371636,9185.883374898669,9230.443359375
forecast_1818,2025-03-17 18:00:00,10688.27246517382,9141.54755234285,9545.53125
forecast_1819,2025-03-17 19:00:00,11185.766142795646,9807.695551728983,10238.0166015625
forecast_1820,2025-03-17 20:00:00,12230.372117951702,10952.063146775436,10465.9267578125
forecast_1821,2025-03-17 21:00:00,13791.877600648475,12933.310912168045,13191.650390625
forecast_1822,2025-03-17 22:00:00,14175.136696959718,12553.722309697125,12618.095703125
forecast_1823,2025-03-17 23:00:00,12688.884666938931,11283.23535867274,11427.0556640625
forecast_1824,2025-03-18 00:00:00,10752.457483918799,9139.463942760878,7513.62255859375
forecast_1825,2025-03-18 01:00:00,10399.603669822372,10771.724727064397,7321.50146484375
forecast_1826,2025-03-18 02:00:00,8461.160884780655,7733.055416935938,6181.14599609375
forecast_1827,2025-03-18 03:00:00,6969.580019618823,7058.3248238423475,5306.17236328125
forecast_1828,2025-03-18 04:00:00,6334.9793780285945,6130.489242535494,4899.337890625
forecast_1829,2025-03-18 05:00:00,6013.884359462687,6621.839041554706,4519.8828125
forecast_1830,2025-03-18 06:00:00,5655.086652314824,5704.169350397276,3542.069091796875
forecast_1831,2025-03-18 07:00:00,5081.112825990696,2426.6613143155696,2922.727783203125
forecast_1832,2025-03-18 08:00:00,4705.405922500426,2701.748178887706,3283.422607421875
forecast_1833,2025-03-18 09:00:00,4728.409555827213,3376.193961539492,3444.03662109375
forecast_1834,2025-03-18 10:00:00,3895.044055113167,2786.8790617856,3323.83251953125
forecast_1835,2025-03-18 11:00:00,3522.568697769135,2011.8658767321215,3127.30419921875
forecast_1836,2025-03-18 12:00:00,4243.600132322859,2741.9732442615777,2567.7265625
forecast_1837,2025-03-18 13:00:00,6047.264560425496,5701.156686073416,3746.82177734375
forecast_1838,2025-03-18 14:00:00,7753.474020477972,6840.529320067338,4634.35693359375
forecast_1839,2025-03-18 15:00:00,8153.728192728399,8563.843905532456,3628.823486328125
forecast_1840,2025-03-18 16:00:00,11210.928086673863,12104.787429959362,6563.0966796875
forecast_1841,2025-03-18 17:00:00,13204.757967138428,14245.224338844237,9017.791015625
forecast_1842,2025-03-18 18:00:00,13264.590349058952,14279.268284088492,9416.06640625
forecast_1843,2025-03-18 19:00:00,13710.788257692275,14592.90329837832,11279.6650390625
forecast_1844,2025-03-18 20:00:00,13709.511379454005,13292.491884727326,11706.845703125
forecast_1845,2025-03-18 21:00:00,11341.543037853364,11336.322030250765,9738.03125
forecast_1846,2025-03-18 22:00:00,9467.672013587195,7878.336969987542,6891.3447265625
forecast_1847,2025-03-18 23:00:00,8024.206977282942,5966.157105225173,5232.5087890625
forecast_1848,2025-03-19 00:00:00,6951.669619722119,4978.309456884668,4502.06494140625
forecast_1849,2025-03-19 01:00:00,6245.921956103584,3985.9953809695185,4269.58935546875
forecast_1850,2025-03-19 02:00:00,5182.8146933070375,3894.9325088043774,3886.27197265625
forecast_1851,2025-03-19 03:00:00,5170.565241855631,3775.0886555891543,3842.735107421875
forecast_1852,2025-03-19 04:00:00,5413.607610181112,3374.8424660537794,3934.39697265625
forecast_1853,2025-03-19 05:00:00,4626.557514251806,2960.3937162530246,3701.735595703125
forecast_1854,2025-03-19 06:00:00,4595.1752623669645,3192.77241583904,3724.87353515625
forecast_1855,2025-03-19 07:00:00,5384.725873210391,4459.418814445444,4116.53271484375
forecast_1856,2025-03-19 08:00:00,6152.011117354074,5913.279470856004,4810.63916015625
forecast_1857,2025-03-19 09:00:00,6499.579109240371,6082.8871292603035,5065.203125
forecast_1858,2025-03-19 10:00:00,7057.36359602575,6784.36286529556,4956.3017578125
forecast_1859,2025-03-19 11:00:00,6870.147791089523,5844.262495066114,4710.66552734375
forecast_1860,2025-03-19 12:00:00,7406.72273021362,6057.718344305042,5158.71875
forecast_1861,2025-03-19 13:00:00,8333.660100065157,7403.69621700901,5836.7275390625
forecast_1862,2025-03-19 14:00:00,8922.826798109632,7787.833701400896,6452.70556640625
forecast_1863,2025-03-19 15:00:00,9193.56868212239,8811.378398146899,6850.90478515625
forecast_1864,2025-03-19 16:00:00,10844.737338708228,9632.39965141258,8486.7939453125
forecast_1865,2025-03-19 17:00:00,11741.354644580197,11037.389774269534,9713.08203125
forecast_1866,2025-03-19 18:00:00,12546.276569184012,12305.44877916606,11426.3251953125
forecast_1867,2025-03-19 19:00:00,13894.651628941585,13748.384169239576,13132.46875
forecast_1868,2025-03-19 20:00:00,14969.048929104985,14680.442905896394,14417.7734375
forecast_1869,2025-03-19 21:00:00,15349.251763844783,15529.13523153106,14941.955078125
forecast_1870,2025-03-19 22:00:00,17242.20145195022,17092.64436131501,16932.26171875
forecast_1871,2025-03-19 23:00:00,18125.744077339372,17822.32867668649,18321.513671875
forecast_1872,2025-03-20 00:00:00,18213.3084863049,17894.465546243446,18748.1171875
forecast_1873,2025-03-20 01:00:00,19431.257649571497,18917.09894791831,18647.41015625
forecast_1874,2025-03-20 02:00:00,19071.484647530087,18885.651184015376,18855.203125
forecast_1875,2025-03-20 03:00:00,18811.08693843955,18615.916673020263,18580.37109375
forecast_1876,2025-03-20 04:00:00,19179.662631772077,18750.986538234814,18889.095703125
forecast_1877,2025-03-20 05:00:00,19464.245024435622,18952.45335528264,19222.484375
forecast_1878,2025-03-20 06:00:00,19470.34748260826,19437.91110988852,19457.35546875
forecast_1879,2025-03-20 07:00:00,19599.001720460023,19669.78565710503,19463.26953125
forecast_1880,2025-03-20 08:00:00,19345.263645083352,19612.835415121684,19417.833984375
forecast_1881,2025-03-20 09:00:00,19420.846536739336,19441.68123147748,19590.23046875
forecast_1882,2025-03-20 10:00:00,18883.259618588905,19133.29954242005,19289.9765625
forecast_1883,2025-03-20 11:00:00,18235.83679629448,19057.739614198683,18802.099609375
forecast_1884,2025-03-20 12:00:00,17614.55508921856,18487.30936558958,18160.75390625
forecast_1885,2025-03-20 13:00:00,17025.380066860205,18193.356034245306,16579.0390625
forecast_1886,2025-03-20 14:00:00,17300.514169740163,18444.61354629889,16450.826171875
forecast_1887,2025-03-20 15:00:00,18035.963253468344,18859.77586787421,16464.150390625
forecast_1888,2025-03-20 16:00:00,18194.121615099386,19087.91763991888,17107.083984375
forecast_1889,2025-03-20 17:00:00,18662.737256758308,19323.476825347967,17836.603515625
forecast_1890,2025-03-20 18:00:00,18413.675826800485,19557.081896196818,18471.6953125
forecast_1891,2025-03-20 19:00:00,18017.585490409478,19523.442198882352,18828.224609375
forecast_1892,2025-03-20 20:00:00,18784.50379612823,19749.50085739133,19317.77734375
forecast_1893,2025-03-20 21:00:00,18399.377191972235,19584.102912468326,19575.091796875
forecast_1894,2025-03-20 22:00:00,18696.260350850487,19271.645949718186,19621.775390625
forecast_1895,2025-03-20 23:00:00,19312.523466302893,19230.295926424977,19996.83984375
forecast_1896,2025-03-21 00:00:00,20159.296170017962,19812.326457479307,20370.724609375
forecast_1897,2025-03-21 01:00:00,18878.229077739074,19746.22765156147,20106.615234375
forecast_1898,2025-03-21 02:00:00,19341.24280323713,19689.467754505553,19915.666015625
forecast_1899,2025-03-21 03:00:00,19467.21840630916,19524.792562297996,20101.921875
forecast_1900,2025-03-21 04:00:00,19202.227959694734,19658.233484923323,20182.39453125
forecast_1901,2025-03-21 05:00:00,19402.501511760773,19691.534572973207,20249.408203125
forecast_1902,2025-03-21 06:00:00,19312.350106020596,19668.49006372539,20206.33203125
forecast_1903,2025-03-21 07:00:00,19220.313378684983,19454.868112561933,20082.57421875
forecast_1904,2025-03-21 08:00:00,18878.84337200024,19407.974129940125,19680.703125
forecast_1905,2025-03-21 09:00:00,18874.083229103948,19834.94708152077,19507.078125
forecast_1906,2025-03-21 10:00:00,17951.22808111184,19840.25572469633,18640.240234375
forecast_1907,2025-03-21 11:00:00,17828.303755242992,19393.058919525756,17555.17578125
forecast_1908,2025-03-21 12:00:00,17935.947252670056,19164.247124246598,16542.484375
forecast_1909,2025-03-21 13:00:00,18387.70008856933,19183.348413057975,16804.630859375
forecast_1910,2025-03-21 14:00:00,18418.119491914196,19225.67550251584,15910.5810546875
forecast_1911,2025-03-21 15:00:00,18103.631736916665,18855.308702393893,14560.138671875
forecast_1912,2025-03-21 16:00:00,17183.363239529488,18642.842839607638,14101.9794921875
forecast_1913,2025-03-21 17:00:00,17191.60040158664,18576.310297792275,14142.873046875
forecast_1914,2025-03-21 18:00:00,17763.29628315152,18993.475655941893,15495.6298828125
forecast_1915,2025-03-21 19:00:00,17819.03776881479,19082.947654815325,17583.943359375
forecast_1916,2025-03-21 20:00:00,17780.219321224926,18734.183294992334,18216.259765625
forecast_1917,2025-03-21 21:00:00,17732.885450354992,18807.118316697735,18743.951171875
forecast_1918,2025-03-21 22:00:00,17914.061665914847,18430.441608269197,19041.208984375
forecast_1919,2025-03-21 23:00:00,18254.391830244007,18916.597394061217,19656.57421875
forecast_1920,2025-03-22 00:00:00,18686.894259469966,19613.468559976354,19567.880859375
forecast_1921,2025-03-22 01:00:00,18685.8339623489,19674.381670763152,19681.021484375
forecast_1922,2025-03-22 02:00:00,19145.748789635545,19546.303098665398,19956.05859375
forecast_1923,2025-03-22 03:00:00,19224.661124041417,19217.46315613213,19821.052734375
forecast_1924,2025-03-22 04:00:00,19291.445535155228,19358.977295963625,20053.38671875
forecast_1925,2025-03-22 05:00:00,19556.176704383615,19533.515943231105,20018.275390625
forecast_1926,2025-03-22 06:00:00,19690.281657058895,19715.053731361557,19888.28515625
forecast_1927,2025-03-22 07:00:00,19327.147202302905,19649.89281227805,19277.126953125
forecast_1928,2025-03-22 08:00:00,19471.172825490397,19557.84189490813,18964.45703125
forecast_1929,2025-03-22 09:00:00,19513.09667669412,19537.152954294572,19497.849609375
forecast_1930,2025-03-22 10:00:00,18123.24040808573,19494.49692065824,18265.96875
forecast_1931,2025-03-22 11:00:00,17157.64825443333,19139.746557866958,17022.326171875
forecast_1932,2025-03-22 12:00:00,16733.695273360252,18607.921815462953,15677.2001953125
forecast_1933,2025-03-22 13:00:00,16910.19657872398,18478.351944303657,15605.158203125
forecast_1934,2025-03-22 14:00:00,17116.34602915203,18665.210969970016,16154.974609375
forecast_1935,2025-03-22 15:00:00,17142.558275947613,18320.684010244022,16886.41796875
forecast_1936,2025-03-22 16:00:00,16777.35371738884,17245.2656117421,16845.30859375
forecast_1937,2025-03-22 17:00:00,16493.137215988045,16873.08193291086,16984.6953125
forecast_1938,2025-03-22 18:00:00,16428.984597929324,17219.324963816616,17332.8125
forecast_1939,2025-03-22 19:00:00,16442.85687456421,17871.67920414479,17551.912109375
forecast_1940,2025-03-22 20:00:00,16684.96474740514,17986.232289414613,17790.83203125
forecast_1941,2025-03-22 21:00:00,16980.439419747992,18243.09778133363,18587.7421875
forecast_1942,2025-03-22 22:00:00,17473.748221859976,18272.72080527286,19310.513671875
forecast_1943,2025-03-22 23:00:00,19315.661198636022,18907.209862673102,20194.255859375
forecast_1944,2025-03-23 00:00:00,19902.959981941174,19087.40709826215,20546.208984375
forecast_1945,2025-03-23 01:00:00,17946.889570558775,18076.675941414374,19629.1328125
forecast_1946,2025-03-23 02:00:00,17676.90741934058,18224.544197085732,19387.30078125
forecast_1947,2025-03-23 03:00:00,18897.471607388787,18423.9890378204,19669.75390625
forecast_1948,2025-03-23 04:00:00,19117.02959759898,18719.189585526834,19599.46875
forecast_1949,2025-03-23 05:00:00,19040.400882243415,18031.485795439447,19194.390625
forecast_1950,2025-03-23 06:00:00,17940.690615280666,15007.31859660342,16604.783203125
forecast_1951,2025-03-23 07:00:00,14477.13453566759,12842.429164576806,8296.080078125
forecast_1952,2025-03-23 08:00:00,9053.16600596442,8800.953290202604,3484.85400390625
forecast_1953,2025-03-23 09:00:00,6650.182900518045,6222.937377580396,2399.912109375
forecast_1954,2025-03-23 10:00:00,4465.744181331171,3875.8173787426413,2534.01025390625
forecast_1955,2025-03-23 11:00:00,3747.4638240055388,2831.2404533512135,2615.774169921875
forecast_1956,2025-03-23 12:00:00,3351.2966160526094,2587.946743498779,2758.858642578125
forecast_1957,2025-03-23 13:00:00,3063.34154505837,2471.9122675178696,2625.534912109375
forecast_1958,2025-03-23 14:00:00,4307.844444080543,3180.1921162818685,3268.468994140625
forecast_1959,2025-03-23 15:00:00,4863.184314124153,3875.122618882718,2940.314697265625
forecast_1960,2025-03-23 16:00:00,5666.968323343704,5094.520256641641,3131.89892578125
forecast_1961,2025-03-23 17:00:00,5065.3126786110515,5056.013711143178,3223.34326171875
forecast_1962,2025-03-23 18:00:00,5016.788653704783,4862.924909531403,3058.38037109375
forecast_1963,2025-03-23 19:00:00,5044.995757971727,5587.409271072605,3257.696533203125
forecast_1964,2025-03-23 20:00:00,7028.850173405428,8305.805620283187,4877.64208984375
forecast_1965,2025-03-23 21:00:00,9648.520918589107,10949.376118991238,6579.3662109375
forecast_1966,2025-03-23 22:00:00,11721.885237435024,14506.576611667771,9450.7470703125
forecast_1967,2025-03-23 23:00:00,13443.340975693496,14703.405232996662,13937.0439453125
forecast_1968,2025-03-24 00:00:00,14246.441080856897,14839.6668252312,15340.4951171875
forecast_1969,2025-03-24 01:00:00,14126.92330713618,14654.095721953026,13713.8388671875
forecast_1970,2025-03-24 02:00:00,14133.214559929285,15299.39172036066,14671.455078125
forecast_1971,2025-03-24 03:00:00,13443.321627476087,14404.375750194651,14853.4501953125
forecast_1972,2025-03-24 04:00:00,14456.58144662638,14941.365139948639,15264.3623046875
forecast_1973,2025-03-24 05:00:00,14307.341331128828,15224.064561942869,15912.2919921875
forecast_1974,2025-03-24 06:00:00,14805.94610460681,15484.159353280082,16212.6376953125
forecast_1975,2025-03-24 07:00:00,15223.390317482786,15960.933879926122,15968.1455078125
forecast_1976,2025-03-24 08:00:00,14376.741176168354,15822.058832117464,14543.6611328125
forecast_1977,2025-03-24 09:00:00,14209.464519176954,15705.21350554561,14033.693359375
forecast_1978,2025-03-24 10:00:00,14201.203586722995,15644.862760665788,14208.1533203125
forecast_1979,2025-03-24 11:00:00,14670.54540251731,16314.25920796678,13954.326171875
forecast_1980,2025-03-24 12:00:00,15083.666684209446,16873.723102047705,14087.234375
forecast_1981,2025-03-24 13:00:00,15462.256811445957,16242.876323157969,13496.5595703125
forecast_1982,2025-03-24 14:00:00,15310.475438349316,15985.35753112657,14369.337890625
forecast_1983,2025-03-24 15:00:00,14716.73049041766,14524.808034553727,13962.228515625
forecast_1984,2025-03-24 16:00:00,14320.690992407115,14634.648154462084,13578.212890625
forecast_1985,2025-03-24 17:00:00,13881.595257217012,14910.031360268285,13657.671875
forecast_1986,2025-03-24 18:00:00,13482.395455982187,14409.983724391232,13243.7998046875
forecast_1987,2025-03-24 19:00:00,13837.399596284493,15300.338591124937,13416.685546875
forecast_1988,2025-03-24 20:00:00,14818.72376989709,16105.472829300701,14139.890625
forecast_1989,2025-03-24 21:00:00,15991.491755614328,16775.9719457708,17405.02734375
forecast_1990,2025-03-24 22:00:00,16037.278542520267,16487.683960766193,18323.888671875
forecast_1991,2025-03-24 23:00:00,17535.902543200413,17882.56027238033,19594.21875
forecast_1992,2025-03-25 00:00:00,18312.19484773337,18578.071426734416,20037.72265625
forecast_1993,2025-03-25 01:00:00,18094.91435347071,18278.46690274358,19815.267578125
forecast_1994,2025-03-25 02:00:00,17644.78946030768,17707.308197473096,19089.68359375
forecast_1995,2025-03-25 03:00:00,16626.597859334972,16009.411648979602,16677.76171875
forecast_1996,2025-03-25 04:00:00,14773.08266377377,13133.481443321183,11816.7744140625
forecast_1997,2025-03-25 05:00:00,10947.291170426919,10679.236520390652,7690.25390625
forecast_1998,2025-03-25 06:00:00,9080.977412749184,8642.153101092139,7517.63134765625
forecast_1999,2025-03-25 07:00:00,8617.762546249527,9857.043193271624,6511.7490234375
forecast_2000,2025-03-25 08:00:00,8805.047452139235,10699.2987071251,5800.4892578125
forecast_2001,2025-03-25 09:00:00,9450.57566626026,11623.900237307776,6262.61181640625
forecast_2002,2025-03-25 10:00:00,10181.675921405644,13190.721758044698,7662.8251953125
forecast_2003,2025-03-25 11:00:00,11019.871780846777,14098.706268487074,9622.060546875
forecast_2004,2025-03-25 12:00:00,10915.622237612813,13687.679023517598,10659.205078125
forecast_2005,2025-03-25 13:00:00,12837.385990752224,15932.748536804258,14015.615234375
forecast_2006,2025-03-25 14:00:00,15188.100926904546,17255.034632570765,16765.58984375
forecast_2007,2025-03-25 15:00:00,16519.063073358073,17231.997622156436,18430.400390625
forecast_2008,2025-03-25 16:00:00,17060.026249901537,17494.86573160754,18209.892578125
forecast_2009,2025-03-25 17:00:00,17830.37222042559,17813.929122062276,18323.359375
forecast_2010,2025-03-25 18:00:00,18080.108143554506,18182.413746685008,18335.16796875
forecast_2011,2025-03-25 19:00:00,18122.841395729698,17725.309763641497,19210.615234375
forecast_2012,2025-03-25 20:00:00,18019.590569112952,17818.37380448659,19127.646484375
forecast_2013,2025-03-25 21:00:00,17943.25653754717,18598.678991304565,19658.099609375
forecast_2014,2025-03-25 22:00:00,18063.079042119658,19207.281523637525,19335.466796875
forecast_2015,2025-03-25 23:00:00,18401.560733229173,19535.544978289316,19306.75390625
forecast_2016,2025-03-26 00:00:00,19178.642492969164,20203.55317086038,20056.48828125
forecast_2017,2025-03-26 01:00:00,19165.039650923783,20095.033318626556,20462.193359375
forecast_2018,2025-03-26 02:00:00,18876.440924072325,19931.77936081162,20428.26953125
forecast_2019,2025-03-26 03:00:00,17618.575315260536,18979.741928972144,19008.166015625
forecast_2020,2025-03-26 04:00:00,15964.964282133682,16763.337530550103,16649.208984375
forecast_2021,2025-03-26 05:00:00,14584.65677223706,15579.840528183962,12835.1923828125
forecast_2022,2025-03-26 06:00:00,13649.37322581388,13232.95958270684,8839.306640625
forecast_2023,2025-03-26 07:00:00,10203.685092072948,9066.89299428339,4857.90576171875
forecast_2024,2025-03-26 08:00:00,6895.9590180955365,5806.697666125081,2997.51318359375
forecast_2025,2025-03-26 09:00:00,5768.455985807526,4513.151005833046,2950.64892578125
forecast_2026,2025-03-26 10:00:00,4745.667071165838,3682.6895980794034,3051.50390625
forecast_2027,2025-03-26 11:00:00,4747.957770556992,3450.989007830021,2890.98828125
forecast_2028,2025-03-26 12:00:00,4370.70394556202,4329.7241441716105,2697.01318359375
forecast_2029,2025-03-26 13:00:00,4342.699005968551,4516.524381337253,2758.6728515625
forecast_2030,2025-03-26 14:00:00,5178.355582609793,5087.218576447347,2803.261474609375
forecast_2031,2025-03-26 15:00:00,5021.331318966817,4980.7694184322245,3135.875
forecast_2032,2025-03-26 16:00:00,4700.150081912972,5212.03971798251,2915.072509765625
forecast_2033,2025-03-26 17:00:00,6004.811736819862,6116.358966959557,3435.65673828125
forecast_2034,2025-03-26 18:00:00,7186.459375217121,7237.58943198768,3748.84521484375
forecast_2035,2025-03-26 19:00:00,7597.812357442863,8537.126492803585,4188.55078125
forecast_2036,2025-03-26 20:00:00,8374.723535535031,10205.829251845716,5933.7509765625
forecast_2037,2025-03-26 21:00:00,10768.250760555908,12601.60298397606,8764.291015625
forecast_2038,2025-03-26 22:00:00,12885.11868208889,15982.74420502526,13355.75
forecast_2039,2025-03-26 23:00:00,15293.839428307263,18203.61731252739,17631.900390625
forecast_2040,2025-03-27 00:00:00,16637.110230061007,18926.815395683807,19442.51171875
forecast_2041,2025-03-27 01:00:00,18594.821655590735,19695.679248479377,20267.24609375
forecast_2042,2025-03-27 02:00:00,18771.964700960038,19701.749842238733,20527.841796875
forecast_2043,2025-03-27 03:00:00,18134.5601633143,18338.742276792822,20167.109375
forecast_2044,2025-03-27 04:00:00,17828.083094992122,18329.71627827851,19957.47265625
forecast_2045,2025-03-27 05:00:00,15674.80605460246,17214.27858781103,15445.234375
forecast_2046,2025-03-27 06:00:00,13772.33153562342,14531.095188394727,13568.451171875
forecast_2047,2025-03-27 07:00:00,14019.024925678867,16235.523055103344,14409.4140625
forecast_2048,2025-03-27 08:00:00,15346.651126372852,16326.098447552733,16738.458984375
forecast_2049,2025-03-27 09:00:00,14405.216165256228,16060.3473287053,15787.1201171875
forecast_2050,2025-03-27 10:00:00,12521.11873509441,14543.495304554928,13781.0810546875
forecast_2051,2025-03-27 11:00:00,12655.233966966258,13787.582167670069,13608.0205078125
forecast_2052,2025-03-27 12:00:00,10039.516331976389,11248.861866074225,7516.3984375
forecast_2053,2025-03-27 13:00:00,10408.066976751119,10793.034100043642,8306.470703125
forecast_2054,2025-03-27 14:00:00,10610.789691845694,10883.21479968329,8611.90234375
forecast_2055,2025-03-27 15:00:00,9993.055108248951,10285.181464533252,8126.61328125
forecast_2056,2025-03-27 16:00:00,8670.650124702908,9070.052342391347,6260.87353515625
forecast_2057,2025-03-27 17:00:00,8667.522034518417,8853.367956885992,6464.6943359375
forecast_2058,2025-03-27 18:00:00,9177.318968191203,9037.390571975735,6580.0732421875
forecast_2059,2025-03-27 19:00:00,9579.968135845626,9514.080986784382,6608.1435546875
forecast_2060,2025-03-27 20:00:00,10919.436198356336,11734.043093683234,8389.931640625
forecast_2061,2025-03-27 21:00:00,11407.34633398485,12469.739691367367,10682.4638671875
forecast_2062,2025-03-27 22:00:00,11076.800692525876,12119.729030828927,8882.837890625
forecast_2063,2025-03-27 23:00:00,11092.14808450839,11113.496503720551,8990.720703125
forecast_2064,2025-03-28 00:00:00,9845.751910237334,10118.061219338484,5232.85400390625
forecast_2065,2025-03-28 01:00:00,6747.460948104943,5200.639201321639,3263.86083984375
forecast_2066,2025-03-28 02:00:00,5530.975389774706,4155.842100263737,3155.37255859375
forecast_2067,2025-03-28 03:00:00,4783.849848250519,4219.9653380909895,2794.291748046875
forecast_2068,2025-03-28 04:00:00,4786.875654186373,4618.536452417282,3418.75537109375
forecast_2069,2025-03-28 05:00:00,4396.371463917965,4491.276784389002,3426.557861328125
forecast_2070,2025-03-28 06:00:00,4041.781316840303,3315.4091935399183,3151.309326171875
forecast_2071,2025-03-28 07:00:00,3584.198030311356,2486.516389352334,3153.41357421875
forecast_2072,2025-03-28 08:00:00,3340.964117742301,1857.0859695815707,3059.81103515625
forecast_2073,2025-03-28 09:00:00,3404.8813738328195,1954.3584128615505,3020.806640625
forecast_2074,2025-03-28 10:00:00,3690.147380106874,1932.4797590424432,3229.419189453125
forecast_2075,2025-03-28 11:00:00,3662.5428188587052,2369.8288437236843,3085.87646484375
forecast_2076,2025-03-28 12:00:00,3555.6825921456575,2331.272216336846,2986.94287109375
forecast_2077,2025-03-28 13:00:00,3908.066853890102,2539.7228423544993,2771.92138671875
forecast_2078,2025-03-28 14:00:00,3260.667856786868,2363.485169439159,2120.099853515625
forecast_2079,2025-03-28 15:00:00,3224.6981294090647,1987.1983075580056,2023.4927978515625
forecast_2080,2025-03-28 16:00:00,3551.6978406067046,2562.2992989077356,1449.166259765625
forecast_2081,2025-03-28 17:00:00,4694.602784679804,3064.085049293182,1557.9215087890625
forecast_2082,2025-03-28 18:00:00,5025.219255089815,4718.075742135941,2477.156005859375
forecast_2083,2025-03-28 19:00:00,6311.763583060991,6041.239909580233,3344.352294921875
forecast_2084,2025-03-28 20:00:00,7205.966794936345,8319.532601999374,4582.7509765625
forecast_2085,2025-03-28 21:00:00,7012.637402780912,6357.59132814974,4718.2255859375
forecast_2086,2025-03-28 22:00:00,6453.777063044186,5133.706882741623,4346.7685546875
forecast_2087,2025-03-28 23:00:00,6895.4689871292585,5441.633336217179,4874.85009765625
forecast_2088,2025-03-29 00:00:00,5781.797605812588,4899.121779972338,3766.305419921875
forecast_2089,2025-03-29 01:00:00,3618.9502609121555,2183.2331884938762,2838.317626953125
forecast_2090,2025-03-29 02:00:00,3407.4364527830294,1823.8833738704102,3161.581298828125
forecast_2091,2025-03-29 03:00:00,3984.541014403847,2932.3861958135158,3209.64404296875
forecast_2092,2025-03-29 04:00:00,4187.1734762025,4139.140785865226,3301.698486328125
forecast_2093,2025-03-29 05:00:00,5764.344393396832,6271.934407481882,4118.40478515625
forecast_2094,2025-03-29 06:00:00,6334.710815959052,7343.64346854757,4583.73291015625
forecast_2095,2025-03-29 07:00:00,7165.532679497017,7757.419630885074,4969.90771484375
forecast_2096,2025-03-29 08:00:00,7508.764727602313,9167.222165732957,6194.9970703125
forecast_2097,2025-03-29 09:00:00,7598.402829001048,8264.431829076166,6294.2392578125
forecast_2098,2025-03-29 10:00:00,8741.642378140317,9288.90271130134,7106.47802734375
forecast_2099,2025-03-29 11:00:00,10183.228528782973,10292.606840317396,8616.6650390625
forecast_2100,2025-03-29 12:00:00,11443.745004537035,11446.906059378329,9811.1279296875
forecast_2101,2025-03-29 13:00:00,12379.790294327988,12577.025003567716,10963.201171875
forecast_2102,2025-03-29 14:00:00,13520.113658199385,12688.199033621675,12137.060546875
forecast_2103,2025-03-29 15:00:00,14183.48298593171,13257.36655473668,12108.9853515625
forecast_2104,2025-03-29 16:00:00,14714.967374859076,13542.778592933228,12374.4169921875
forecast_2105,2025-03-29 17:00:00,14225.3005753412,13730.62480401446,11390.728515625
forecast_2106,2025-03-29 18:00:00,13923.40662916631,13247.290149986402,10849.794921875
forecast_2107,2025-03-29 19:00:00,13357.126240154179,12632.873194413854,10594.275390625
forecast_2108,2025-03-29 20:00:00,13038.69272141735,12544.52648819197,10547.248046875
forecast_2109,2025-03-29 21:00:00,13417.414476353872,12511.650383370375,11274.716796875
forecast_2110,2025-03-29 22:00:00,13572.981090692316,12501.913055620837,11682.8447265625
forecast_2111,2025-03-29 23:00:00,13761.546386374644,12471.581911167154,12072.103515625
forecast_2112,2025-03-30 00:00:00,13463.253878417356,11513.266459016999,12369.01953125
forecast_2113,2025-03-30 01:00:00,13329.493146861405,11385.685453681306,11314.244140625
forecast_2114,2025-03-30 02:00:00,13168.724117383514,11094.454431287266,11101.4931640625
forecast_2115,2025-03-30 03:00:00,12686.280389975858,10781.596216999153,10345.5927734375
forecast_2116,2025-03-30 04:00:00,12006.550927748023,10180.24968252478,9587.02734375
forecast_2117,2025-03-30 05:00:00,11599.280160675546,9760.30848030118,8923.3896484375
forecast_2118,2025-03-30 06:00:00,11195.36392485059,8932.121037807112,8584.28125
forecast_2119,2025-03-30 07:00:00,10947.935116677392,8706.22429555351,8271.5283203125
forecast_2120,2025-03-30 08:00:00,10594.981614296219,7725.980715314589,8276.3134765625
forecast_2121,2025-03-30 09:00:00,10468.874674194745,8205.271811790954,8216.833984375
forecast_2122,2025-03-30 10:00:00,10392.590554898088,8369.72190510554,7964.0107421875
forecast_2123,2025-03-30 11:00:00,10221.978635521691,8892.27084772437,7973.31005859375
forecast_2124,2025-03-30 12:00:00,10257.1820415517,8916.60581201331,7803.88134765625
forecast_2125,2025-03-30 13:00:00,9965.980485892738,9062.427875742831,7365.37109375
forecast_2126,2025-03-30 14:00:00,9429.110382308061,8715.423235563747,6890.7265625
forecast_2127,2025-03-30 15:00:00,8741.519200278355,8116.871051340542,6217.2685546875
forecast_2128,2025-03-30 16:00:00,8197.044205740061,6667.256433200437,5569.8330078125
forecast_2129,2025-03-30 17:00:00,7225.9529186609125,5800.982659789614,4809.8720703125
forecast_2130,2025-03-30 18:00:00,6637.063872147304,5052.841872033136,4240.09619140625
forecast_2131,2025-03-30 19:00:00,6656.439252161879,5564.611924046375,4130.7314453125
forecast_2132,2025-03-30 20:00:00,7392.570010095934,6610.977236783654,5351.73779296875
forecast_2133,2025-03-30 21:00:00,7802.904626897411,7616.335092508277,5585.0419921875
forecast_2134,2025-03-30 22:00:00,8639.812093366405,8982.5414197827,6118.212890625
forecast_2135,2025-03-30 23:00:00,10293.494638735858,10747.710001026906,6715.9775390625
forecast_2136,2025-03-31 00:00:00,11606.977208554874,11490.521192379249,7568.2412109375
forecast_2137,2025-03-31 01:00:00,14764.53927946516,14273.692919888535,12954.3505859375
forecast_2138,2025-03-31 02:00:00,15120.861305547533,13719.553947804125,13868.193359375
forecast_2139,2025-03-31 03:00:00,15138.239823394328,14925.584805662722,14335.783203125
forecast_2140,2025-03-31 04:00:00,15448.178954184572,15493.835438644452,14067.75
forecast_2141,2025-03-31 05:00:00,15415.2086520115,15691.377625716304,13411.705078125
forecast_2142,2025-03-31 06:00:00,16166.179405769402,15021.396181163385,13087.3515625
forecast_2143,2025-03-31 07:00:00,11480.347396854497,13515.972426588836,7892.6650390625
forecast_2144,2025-03-31 08:00:00,10257.991523546903,10246.828019295246,7977.55615234375
forecast_2145,2025-03-31 09:00:00,7629.224501929133,7438.194532638816,6109.77783203125
forecast_2146,2025-03-31 10:00:00,5729.392424246748,5065.119614130919,4383.025390625
forecast_2147,2025-03-31 11:00:00,4773.576085651587,4355.002031665057,3360.671875
forecast_2148,2025-03-31 12:00:00,4733.040379650462,3665.85916502543,3093.25732421875
forecast_2149,2025-03-31 13:00:00,5067.705470707814,3689.6501110688814,3205.03076171875
forecast_2150,2025-03-31 14:00:00,5497.597072526141,3776.7903104154816,3497.88623046875
forecast_2151,2025-03-31 15:00:00,5614.784018924067,3785.3054523649785,3456.50537109375
forecast_2152,2025-03-31 16:00:00,5481.721539457734,3208.882409274341,3361.678955078125
forecast_2153,2025-03-31 17:00:00,6513.8243132742045,4305.061921776312,4200.5732421875
forecast_2154,2025-03-31 18:00:00,7079.672450535976,5773.345184149024,4851.63427734375
forecast_2155,2025-03-31 19:00:00,8975.218009648992,7998.908463621932,6505.1396484375
forecast_2156,2025-03-31 20:00:00,11524.411659789497,11030.7054732309,8062.9560546875
forecast_2157,2025-03-31 21:00:00,13142.726386839837,13717.496920801861,9968.8349609375
forecast_2158,2025-03-31 22:00:00,14113.16753136188,13120.010950851196,10887.849609375
forecast_2159,2025-03-31 23:00:00,15338.855741850002,14450.383587276088,13675.599609375
forecast_2160,2025-04-01 00:00:00,14910.748796158685,13036.425684390633,11779.95703125
forecast_2161,2025-04-01 01:00:00,12390.760873028106,11742.61364351983,9259.0576171875
forecast_2162,2025-04-01 02:00:00,12152.886264254952,10776.089594134144,8928.9091796875
forecast_2163,2025-04-01 03:00:00,10987.9224669356,8049.618304474244,7247.9375
forecast_2164,2025-04-01 04:00:00,9976.69347598694,8678.636722366056,6339.0234375
forecast_2165,2025-04-01 05:00:00,9260.427820992212,8151.770446698391,5539.93115234375
forecast_2166,2025-04-01 06:00:00,8453.733240440175,7472.862813057213,4892.349609375
forecast_2167,2025-04-01 07:00:00,7683.997045648412,6649.356270292734,4351.84375
forecast_2168,2025-04-01 08:00:00,6394.335062283875,4997.988742287245,4616.62744140625
forecast_2169,2025-04-01 09:00:00,4620.177731025931,3248.865045534736,3432.69287109375
forecast_2170,2025-04-01 10:00:00,3193.193570931323,2648.216782439576,2872.09033203125
forecast_2171,2025-04-01 11:00:00,2696.3353899965487,1361.8263294150693,2103.46484375
forecast_2172,2025-04-01 12:00:00,2073.864306547516,799.031251132682,1825.8316650390625
forecast_2173,2025-04-01 13:00:00,1958.5025135203289,843.8827438103143,1941.0269775390625
forecast_2174,2025-04-01 14:00:00,2214.8171983710595,1667.7809141686557,2089.921142578125
forecast_2175,2025-04-01 15:00:00,3111.867542191804,1799.8589198747582,2378.620361328125
forecast_2176,2025-04-01 16:00:00,3764.12190812826,2112.541617477321,2190.452392578125
forecast_2177,2025-04-01 17:00:00,4033.4687156650753,2105.976635474881,2533.54443359375
forecast_2178,2025-04-01 18:00:00,3703.476363677545,2755.007157712603,2422.385986328125
forecast_2179,2025-04-01 19:00:00,3448.6810783392466,1988.2406182244497,2206.89892578125
forecast_2180,2025-04-01 20:00:00,3467.9603504849447,2160.5164013557155,2265.3212890625
forecast_2181,2025-04-01 21:00:00,3659.507323538509,2188.917707266217,2510.7919921875
forecast_2182,2025-04-01 22:00:00,3329.7449780677125,1833.6726171772555,2494.95068359375
forecast_2183,2025-04-01 23:00:00,3241.4758836336796,1897.3579279558653,2567.583251953125
forecast_2184,2025-04-02 00:00:00,3280.6281936809837,2035.0055409622994,2618.220458984375
forecast_2185,2025-04-02 01:00:00,2890.6259466220295,1395.569439499874,2401.322265625
forecast_2186,2025-04-02 02:00:00,2952.3503398473754,1739.5251234625887,2551.71240234375
forecast_2187,2025-04-02 03:00:00,2929.922196567928,1676.784054134148,2608.50732421875
forecast_2188,2025-04-02 04:00:00,2770.5023376650765,1538.2534427619757,2537.82470703125
forecast_2189,2025-04-02 05:00:00,2974.966975698594,1931.9281186577343,2434.669189453125
forecast_2190,2025-04-02 06:00:00,2991.4888094635153,2043.0786063732824,2570.054443359375
forecast_2191,2025-04-02 07:00:00,3036.7767874696406,1926.5506459386881,2666.223388671875
forecast_2192,2025-04-02 08:00:00,2554.768872880108,1477.498392828662,2295.660400390625
forecast_2193,2025-04-02 09:00:00,2138.840093978407,1021.6448444104383,1796.9677734375
forecast_2194,2025-04-02 10:00:00,2104.3368724506063,940.2492370972841,1958.299072265625
forecast_2195,2025-04-02 11:00:00,3000.1567237020663,1564.7098293794318,2151.42431640625
forecast_2196,2025-04-02 12:00:00,2381.964153795244,1558.5258878990485,2051.22216796875
forecast_2197,2025-04-02 13:00:00,2838.635772425519,1520.6934189599779,2194.99560546875
forecast_2198,2025-04-02 14:00:00,3051.0032985981506,1669.3944720470058,2294.44287109375
forecast_2199,2025-04-02 15:00:00,3361.7330484306603,1774.344481391787,2507.10009765625
forecast_2200,2025-04-02 16:00:00,3635.879589626115,1941.4552987903055,2757.760498046875
forecast_2201,2025-04-02 17:00:00,3385.5611030338646,1821.7561610173075,2782.486328125
forecast_2202,2025-04-02 18:00:00,2970.4801242942494,1755.9025690345798,2843.80126953125
forecast_2203,2025-04-02 19:00:00,3030.727701328918,1794.9381195456613,2748.473876953125
forecast_2204,2025-04-02 20:00:00,2659.4809306418374,2068.1230441070443,2661.481201171875
forecast_2205,2025-04-02 21:00:00,2351.8183669584173,1926.726265549848,2538.604736328125
forecast_2206,2025-04-02 22:00:00,2568.78178580248,1851.0124302161853,2394.99609375
forecast_2207,2025-04-02 23:00:00,2650.2290881907297,1664.134184828894,2526.77783203125
forecast_2208,2025-04-03 00:00:00,2525.7141548266723,1992.7206085251782,2372.11083984375
forecast_2209,2025-04-03 01:00:00,2946.9794795064695,1986.3379994848724,2478.79296875
forecast_2210,2025-04-03 02:00:00,2848.7111768017785,1930.8696882803001,2406.283935546875
forecast_2211,2025-04-03 03:00:00,2922.560164342407,2299.3442797148678,2501.944580078125
forecast_2212,2025-04-03 04:00:00,2819.656967262619,2529.7005689945045,2441.898193359375
forecast_2213,2025-04-03 05:00:00,3067.01726714541,2872.772746468313,2594.501220703125
forecast_2214,2025-04-03 06:00:00,3000.686945994206,2758.4392794116293,2606.99560546875
forecast_2215,2025-04-03 07:00:00,3116.659858322064,2841.043237615524,2560.169189453125
forecast_2216,2025-04-03 08:00:00,3314.0506128362395,3006.30657514539,2630.693115234375
forecast_2217,2025-04-03 09:00:00,2986.1195976102863,2143.640770456273,2397.92236328125
forecast_2218,2025-04-03 10:00:00,2545.381074311236,1581.7504748289796,2220.377685546875
forecast_2219,2025-04-03 11:00:00,2313.889387195041,1276.4792162254503,2123.755859375
forecast_2220,2025-04-03 12:00:00,2630.7387402209106,1364.3757018982476,2055.64306640625
forecast_2221,2025-04-03 13:00:00,2617.094820792994,1543.1778949897775,2066.440185546875
forecast_2222,2025-04-03 14:00:00,2594.5658705682663,1513.5355403886088,2044.1357421875
forecast_2223,2025-04-03 15:00:00,2490.8373487123827,1366.2204259613322,2059.780517578125
forecast_2224,2025-04-03 16:00:00,2698.0131391233945,1496.3378848098205,2225.65380859375
forecast_2225,2025-04-03 17:00:00,2617.523601317397,1388.8010736927608,2222.859130859375
forecast_2226,2025-04-03 18:00:00,2662.4204630528347,1417.0983623896534,2258.609375
forecast_2227,2025-04-03 19:00:00,2887.7953247412797,1843.5115711980006,2317.149169921875
forecast_2228,2025-04-03 20:00:00,3994.1750594368496,2731.138256959861,2569.711669921875
forecast_2229,2025-04-03 21:00:00,3787.6651051644403,3303.883291965412,2599.18310546875
forecast_2230,2025-04-03 22:00:00,4268.486565903953,4222.615288500945,3154.932373046875
forecast_2231,2025-04-03 23:00:00,5050.043705686472,5180.670303420153,4701.40771484375
forecast_2232,2025-04-04 00:00:00,5438.728989956666,7008.062378945923,4851.10009765625
forecast_2233,2025-04-04 01:00:00,6669.1420951744585,7153.838003062261,4666.0107421875
forecast_2234,2025-04-04 02:00:00,7778.819752124435,8420.79278466963,5228.3408203125
forecast_2235,2025-04-04 03:00:00,9126.834731618055,9249.785616934074,5469.9921875
forecast_2236,2025-04-04 04:00:00,9682.404503395786,9950.706651108903,5776.2529296875
forecast_2237,2025-04-04 05:00:00,10024.273211469223,10601.284095746973,6102.16552734375
forecast_2238,2025-04-04 06:00:00,9668.794933900579,9665.528791075334,5778.7001953125
forecast_2239,2025-04-04 07:00:00,9541.457781640966,8681.453262177492,5788.34375
forecast_2240,2025-04-04 08:00:00,8677.34272054875,7601.950470684074,5703.92041015625
forecast_2241,2025-04-04 09:00:00,6521.666568615074,5717.709306841107,4364.013671875
forecast_2242,2025-04-04 10:00:00,4340.191263742141,3875.930369619761,3026.330810546875
forecast_2243,2025-04-04 11:00:00,3388.099180594937,2595.4981937270786,2640.885498046875
forecast_2244,2025-04-04 12:00:00,3205.3035265208273,2143.7124682465437,2584.78662109375
forecast_2245,2025-04-04 13:00:00,3304.926800840183,882.6084594726562,2626.19482421875
forecast_2246,2025-04-04 14:00:00,3207.981420199914,2350.8672012749503,2645.41943359375
forecast_2247,2025-04-04 15:00:00,3798.343426495161,2545.4046067281192,2845.90576171875
forecast_2248,2025-04-04 16:00:00,4133.256303573597,2281.9357001380895,2692.76025390625
forecast_2249,2025-04-04 17:00:00,4198.4170132862455,2291.2459767573464,2656.010498046875
forecast_2250,2025-04-04 18:00:00,4459.106054387286,3153.249168226965,2837.91650390625
forecast_2251,2025-04-04 19:00:00,4227.172172062273,3876.924562566329,2672.530517578125
forecast_2252,2025-04-04 20:00:00,4769.815267031313,4953.926146614551,3343.16748046875
forecast_2253,2025-04-04 21:00:00,5247.858776770663,5385.226942059075,3821.02978515625
forecast_2254,2025-04-04 22:00:00,4776.072868850573,5182.514341165735,3878.14697265625
forecast_2255,2025-04-04 23:00:00,5715.964886842767,6331.657163378361,4625.4501953125
forecast_2256,2025-04-05 00:00:00,7634.752959646184,9037.614335405033,6015.1142578125
forecast_2257,2025-04-05 01:00:00,8825.77690356963,10076.347834636357,6002.5625
forecast_2258,2025-04-05 02:00:00,9969.052033659467,11709.727958888598,6714.31787109375
forecast_2259,2025-04-05 03:00:00,10896.299690770524,11662.762487210966,6653.80078125
forecast_2260,2025-04-05 04:00:00,10975.673813144876,12236.167359960398,7055.98583984375
forecast_2261,2025-04-05 05:00:00,10069.760491187168,11273.108870919037,6916.4296875
forecast_2262,2025-04-05 06:00:00,10405.7991205572,12068.329401554003,6787.5341796875
forecast_2263,2025-04-05 07:00:00,10262.973962147826,11847.46789165989,6506.2431640625
forecast_2264,2025-04-05 08:00:00,8835.550807017291,10680.829061691878,5704.23828125
forecast_2265,2025-04-05 09:00:00,8695.456098809354,10180.107907612997,6054.2568359375
forecast_2266,2025-04-05 10:00:00,7522.573198792261,8341.187502662637,4805.7060546875
forecast_2267,2025-04-05 11:00:00,8035.380000894478,8266.265606100944,5939.12890625
forecast_2268,2025-04-05 12:00:00,9154.257427719385,10458.182522150248,7910.79443359375
forecast_2269,2025-04-05 13:00:00,11931.442493604223,13246.490606967782,10421.3173828125
forecast_2270,2025-04-05 14:00:00,14413.313951676535,15628.58013146279,14239.169921875
forecast_2271,2025-04-05 15:00:00,14766.813753259037,14799.658492849312,15470.458984375
forecast_2272,2025-04-05 16:00:00,15329.979290922207,14880.927856471622,16195.0576171875
forecast_2273,2025-04-05 17:00:00,14497.284381741421,14591.292192185081,14882.53125
forecast_2274,2025-04-05 18:00:00,14755.44214191834,14927.118930542641,15571.275390625
forecast_2275,2025-04-05 19:00:00,14808.03927120008,15741.270394932064,14609.2373046875
forecast_2276,2025-04-05 20:00:00,15178.055359316357,15693.129840581998,15137.9970703125
forecast_2277,2025-04-05 21:00:00,15214.039126443822,15383.782123309174,16100.0986328125
forecast_2278,2025-04-05 22:00:00,14379.140838269519,14831.422269375216,15502.3095703125
forecast_2279,2025-04-05 23:00:00,15102.912548894552,15919.619987369984,16023.078125
forecast_2280,2025-04-06 00:00:00,15751.964869292071,16113.882602372838,16349.439453125
forecast_2281,2025-04-06 01:00:00,15962.0361554931,14829.743200946601,17047.02734375
forecast_2282,2025-04-06 02:00:00,16516.93660561475,15775.578454821527,17653.529296875
forecast_2283,2025-04-06 03:00:00,16653.865441205784,16559.175094728547,18188.35546875
forecast_2284,2025-04-06 04:00:00,16460.361752971803,16511.49448975191,17917.490234375
forecast_2285,2025-04-06 05:00:00,16388.400023422095,17218.10337546298,17927.283203125
forecast_2286,2025-04-06 06:00:00,16436.277651781536,17020.20589017526,17295.251953125
forecast_2287,2025-04-06 07:00:00,16535.14412161741,17042.23084932287,17269.447265625
forecast_2288,2025-04-06 08:00:00,16381.393063445606,17084.58558716296,17016.841796875
forecast_2289,2025-04-06 09:00:00,15334.594199968997,16049.761340059129,14754.0751953125
forecast_2290,2025-04-06 10:00:00,14380.038978789496,14565.773433552835,12703.310546875
forecast_2291,2025-04-06 11:00:00,13893.781668826105,13946.702593781012,11335.494140625
forecast_2292,2025-04-06 12:00:00,13135.434703520554,13858.757486355764,10324.3681640625
forecast_2293,2025-04-06 13:00:00,13208.224858590034,14223.320504751195,9870.888671875
forecast_2294,2025-04-06 14:00:00,13490.656642286092,14286.597591922813,9986.953125
forecast_2295,2025-04-06 15:00:00,13628.065453083862,14101.180855412871,10746.974609375
forecast_2296,2025-04-06 16:00:00,13770.049856112812,13542.604302907577,10786.029296875
forecast_2297,2025-04-06 17:00:00,13325.56378677543,13986.697114461438,11255.408203125
forecast_2298,2025-04-06 18:00:00,13258.452219579762,14051.189586645307,11011.9541015625
forecast_2299,2025-04-06 19:00:00,14471.922631543865,14990.691907199543,13630.71875
forecast_2300,2025-04-06 20:00:00,15018.908457912461,14617.498301341331,16027.7919921875
forecast_2301,2025-04-06 21:00:00,15087.004245105234,14810.193252522313,15933.423828125
forecast_2302,2025-04-06 22:00:00,14904.256419134515,14495.72035463481,16134.970703125
forecast_2303,2025-04-06 23:00:00,15262.331298537743,14661.917044087459,16763.669921875
forecast_2304,2025-04-07 00:00:00,15129.113384773766,14695.313771599085,16865.275390625
forecast_2305,2025-04-07 01:00:00,15326.044947480943,15155.12035830438,16086.185546875
forecast_2306,2025-04-07 02:00:00,15685.345233171007,15042.843134072818,16170.376953125
forecast_2307,2025-04-07 03:00:00,15678.58967912637,14963.356208355937,16225.4765625
forecast_2308,2025-04-07 04:00:00,15660.145978511988,15459.482399545495,15618.9892578125
forecast_2309,2025-04-07 05:00:00,15739.439466708569,15634.84577693396,15992.9033203125
forecast_2310,2025-04-07 06:00:00,15673.697322985972,15109.644974808662,16153.765625
forecast_2311,2025-04-07 07:00:00,15299.51021766588,15944.112367791311,15729.1953125
forecast_2312,2025-04-07 08:00:00,14044.836615253775,16096.833754496854,15076.5029296875
forecast_2313,2025-04-07 09:00:00,12882.001759020559,13845.697324606168,13640.0048828125
forecast_2314,2025-04-07 10:00:00,11459.250289276431,12733.160656081222,11429.0205078125
forecast_2315,2025-04-07 11:00:00,10413.845517143018,10794.960846259477,9067.7841796875
forecast_2316,2025-04-07 12:00:00,10311.023712314822,10594.269556163708,8587.4697265625
forecast_2317,2025-04-07 13:00:00,10931.472200950695,11248.718547653896,9638.333984375
forecast_2318,2025-04-07 14:00:00,12044.109520471957,12469.405451118788,11774.1220703125
forecast_2319,2025-04-07 15:00:00,13405.54281386041,14270.334075559453,13251.9892578125
forecast_2320,2025-04-07 16:00:00,14331.294970376406,14834.643248238746,13504.2392578125
forecast_2321,2025-04-07 17:00:00,15815.431403360668,16187.13114128125,15823.6748046875
forecast_2322,2025-04-07 18:00:00,16398.98508159966,17375.916401706483,16853.177734375
forecast_2323,2025-04-07 19:00:00,16527.583699167408,18043.936309814708,18616.61328125
forecast_2324,2025-04-07 20:00:00,17094.5214402976,18677.573777052337,18922.98046875
forecast_2325,2025-04-07 21:00:00,17572.51219932003,19242.88360994204,19051.85546875
forecast_2326,2025-04-07 22:00:00,17909.5759656474,19423.15130555293,19552.708984375
forecast_2327,2025-04-07 23:00:00,18850.29299493768,19729.873772781706,20029.259765625
forecast_2328,2025-04-08 00:00:00,19055.387346420124,19264.945971093475,20363.568359375
forecast_2329,2025-04-08 01:00:00,19067.491309351964,18988.594431869555,20152.58203125
forecast_2330,2025-04-08 02:00:00,19076.85610631355,19137.959281188923,20037.296875
forecast_2331,2025-04-08 03:00:00,18989.558301742483,19506.952406243072,20160.365234375
forecast_2332,2025-04-08 04:00:00,18884.82077570987,19615.908876616515,19776.00390625
forecast_2333,2025-04-08 05:00:00,18443.635337246593,19531.779383429785,19134.5
forecast_2334,2025-04-08 06:00:00,18053.291503346794,19641.11252254389,19306.412109375
forecast_2335,2025-04-08 07:00:00,18329.501570506385,19054.150847756573,19017.15234375
forecast_2336,2025-04-08 08:00:00,17910.58573975008,18414.25746160179,17633.73828125
forecast_2337,2025-04-08 09:00:00,16247.744278571485,16587.71333845183,14021.1767578125
forecast_2338,2025-04-08 10:00:00,15045.028418850408,15473.1172701695,12311.4130859375
forecast_2339,2025-04-08 11:00:00,14036.72805067684,14083.822341621892,10494.8173828125
forecast_2340,2025-04-08 12:00:00,13801.009727501885,13987.54032851389,8992.85546875
forecast_2341,2025-04-08 13:00:00,13686.247905016333,12709.851074219358,9701.197265625
forecast_2342,2025-04-08 14:00:00,12603.47381625522,11329.489657835606,8645.548828125
forecast_2343,2025-04-08 15:00:00,10918.012292817544,9918.323805668027,5861.1083984375
forecast_2344,2025-04-08 16:00:00,7451.152490420054,6501.717151876663,2873.8369140625
forecast_2345,2025-04-08 17:00:00,6407.5789303781285,4289.076099299742,2358.780029296875
forecast_2346,2025-04-08 18:00:00,5043.413489762985,3252.6583285530437,2421.526611328125
forecast_2347,2025-04-08 19:00:00,4306.3770219547005,3135.8444515107867,2625.03466796875
forecast_2348,2025-04-08 20:00:00,3402.8985410767295,2332.473599437123,2511.10546875
forecast_2349,2025-04-08 21:00:00,2995.767005855023,2053.5944275012976,2439.3662109375
forecast_2350,2025-04-08 22:00:00,2723.848254645404,1875.4057380058416,2703.880615234375
forecast_2351,2025-04-08 23:00:00,2855.7378746907316,2043.6353156071632,2613.88623046875
forecast_2352,2025-04-09 00:00:00,2985.407711015918,2310.706719623921,2738.188232421875
forecast_2353,2025-04-09 01:00:00,3054.495189822822,2446.101173744759,2766.455078125
forecast_2354,2025-04-09 02:00:00,3079.7227371479685,2440.3630266493783,2769.43408203125
forecast_2355,2025-04-09 03:00:00,3207.62488168123,2628.264923801823,2768.336181640625
forecast_2356,2025-04-09 04:00:00,3600.4098852283705,2834.3419278781703,2716.119140625
forecast_2357,2025-04-09 05:00:00,3368.399310865854,2861.1116957942677,2885.7431640625
forecast_2358,2025-04-09 06:00:00,3875.4742051779335,3150.1671320517617,2869.566162109375
forecast_2359,2025-04-09 07:00:00,4408.174283421533,3303.707474559242,2862.5400390625
forecast_2360,2025-04-09 08:00:00,4427.872753877533,4465.840248421589,3433.72607421875
forecast_2361,2025-04-09 09:00:00,4410.572686876836,3583.5862606544606,3097.158935546875
forecast_2362,2025-04-09 10:00:00,4031.37636550128,3984.737192549839,3031.019287109375
forecast_2363,2025-04-09 11:00:00,3955.1386713712727,3310.4914309220353,2987.13134765625
forecast_2364,2025-04-09 12:00:00,5106.706772319336,3990.733188125682,3252.67578125
forecast_2365,2025-04-09 13:00:00,5452.166849031079,4446.455532231366,3402.139892578125
forecast_2366,2025-04-09 14:00:00,6296.47555668704,5579.8425066238115,3768.448486328125
forecast_2367,2025-04-09 15:00:00,7676.274113465771,7336.824208395866,4659.18115234375
forecast_2368,2025-04-09 16:00:00,9113.350640326604,9126.770801545143,5953.00927734375
forecast_2369,2025-04-09 17:00:00,9669.202837473149,9944.873494032181,5965.61474609375
forecast_2370,2025-04-09 18:00:00,8975.128045466146,8884.005148353814,5092.029296875
forecast_2371,2025-04-09 19:00:00,7638.494017222485,6961.81400497758,3694.118408203125
forecast_2372,2025-04-09 20:00:00,7324.776848373997,7815.817608304424,3965.858642578125
forecast_2373,2025-04-09 21:00:00,9654.661054852277,9959.840897380673,8636.865234375
forecast_2374,2025-04-09 22:00:00,8769.176315856792,10962.221921279568,7832.0615234375
forecast_2375,2025-04-09 23:00:00,8326.78274643587,8917.912342938998,7015.0224609375
forecast_2376,2025-04-10 00:00:00,9730.786512047023,11153.397627479779,8501.4658203125
forecast_2377,2025-04-10 01:00:00,10050.517529136785,11770.139075587067,7537.5625
forecast_2378,2025-04-10 02:00:00,10842.109944785458,12654.058688815565,8860.248046875
forecast_2379,2025-04-10 03:00:00,11878.081863402094,13416.717274257766,8805.716796875
forecast_2380,2025-04-10 04:00:00,11417.162736423577,10843.712603291046,7699.84521484375
forecast_2381,2025-04-10 05:00:00,10804.020595696522,9401.556864209182,7411.9970703125
forecast_2382,2025-04-10 06:00:00,9314.504245378566,8084.402220182043,5057.35302734375
forecast_2383,2025-04-10 07:00:00,7197.077649533414,6013.92009251499,3810.40283203125
forecast_2384,2025-04-10 08:00:00,6205.564960057694,5067.189930625158,3514.387939453125
forecast_2385,2025-04-10 09:00:00,6655.739391895458,5470.432078370827,3942.75146484375
forecast_2386,2025-04-10 10:00:00,5725.767473989323,4473.429117747648,3685.64453125
forecast_2387,2025-04-10 11:00:00,4686.708004839415,3440.9346180051703,3009.84228515625
forecast_2388,2025-04-10 12:00:00,4483.675546876168,2603.963577064482,2864.15966796875
forecast_2389,2025-04-10 13:00:00,4398.909544320544,2811.2450361343726,2935.68408203125
forecast_2390,2025-04-10 14:00:00,3980.850331029248,2609.7764177665285,2774.68212890625
forecast_2391,2025-04-10 15:00:00,4515.583845176573,3611.794776601925,3295.706298828125
forecast_2392,2025-04-10 16:00:00,5176.843767947115,4130.346800239645,2832.039306640625
forecast_2393,2025-04-10 17:00:00,4572.344533216576,3942.284731709552,2624.939453125
forecast_2394,2025-04-10 18:00:00,4076.547485864451,3976.9430787184388,2671.495849609375
forecast_2395,2025-04-10 19:00:00,4485.438227707322,5287.247890516848,2794.622802734375
forecast_2396,2025-04-10 20:00:00,4476.545031863752,5490.469178532003,3263.83935546875
forecast_2397,2025-04-10 21:00:00,4439.951873028151,5668.180656481759,3329.95263671875
forecast_2398,2025-04-10 22:00:00,4631.0680229613445,6258.105791564712,3587.844482421875
forecast_2399,2025-04-10 23:00:00,4615.358563219455,5720.864971729698,3437.280517578125
forecast_2400,2025-04-11 00:00:00,4554.621688155239,5781.8694864049385,3589.746826171875
forecast_2401,2025-04-11 01:00:00,4224.6344619962,4391.258273593408,3210.239501953125
forecast_2402,2025-04-11 02:00:00,4398.631621952391,4394.424610484536,3271.553466796875
forecast_2403,2025-04-11 03:00:00,4496.73578545461,4401.292861284627,3280.241455078125
forecast_2404,2025-04-11 04:00:00,4192.61583748922,3895.7824197577656,3048.720458984375
forecast_2405,2025-04-11 05:00:00,4131.815540939735,3677.8582599901642,2927.404052734375
forecast_2406,2025-04-11 06:00:00,3828.631339303728,3379.564019949953,2777.775146484375
forecast_2407,2025-04-11 07:00:00,3954.27897157722,2652.933801072367,2564.447021484375
forecast_2408,2025-04-11 08:00:00,3030.4077082345025,2494.19065399812,2553.836181640625
forecast_2409,2025-04-11 09:00:00,2254.270426937056,1715.398219140017,1954.5572509765625
forecast_2410,2025-04-11 10:00:00,1667.7068617806794,1272.332925233864,1576.048828125
forecast_2411,2025-04-11 11:00:00,1322.114385620096,838.7742495672765,1431.155029296875
forecast_2412,2025-04-11 12:00:00,1438.725279892966,619.1758504711121,1425.01904296875
forecast_2413,2025-04-11 13:00:00,2144.51273238473,855.8005634052033,1472.523193359375
forecast_2414,2025-04-11 14:00:00,2617.183798988948,1302.006809923358,1639.4154052734375
forecast_2415,2025-04-11 15:00:00,2714.570510906323,1384.1926547079838,1724.182373046875
forecast_2416,2025-04-11 16:00:00,3523.089611897513,2209.6996819423666,2002.412109375
forecast_2417,2025-04-11 17:00:00,3504.6464778789996,2392.653313189775,2230.215576171875
forecast_2418,2025-04-11 18:00:00,4282.1744465864185,3452.0689381670722,2442.31689453125
forecast_2419,2025-04-11 19:00:00,3734.278386604392,3204.7546291947156,2515.3515625
forecast_2420,2025-04-11 20:00:00,5333.667858267293,5036.343088850803,2934.587890625
forecast_2421,2025-04-11 21:00:00,5410.17654246843,5403.35989931129,3196.14990234375
forecast_2422,2025-04-11 22:00:00,5235.605993402418,5054.719204410733,3491.86083984375
forecast_2423,2025-04-11 23:00:00,5128.801764040498,4576.047047684833,3579.62646484375
forecast_2424,2025-04-12 00:00:00,5140.195290501993,4540.872115581966,3657.104248046875
forecast_2425,2025-04-12 01:00:00,4276.851846101057,3327.368017046559,3164.874755859375
forecast_2426,2025-04-12 02:00:00,3964.349708719561,3086.053233138491,3029.6025390625
forecast_2427,2025-04-12 03:00:00,4812.497669980713,4790.318683683719,3197.63720703125
forecast_2428,2025-04-12 04:00:00,6073.866508047954,7306.0653202239555,3853.964111328125
forecast_2429,2025-04-12 05:00:00,7575.236900037734,8942.982484859798,4614.81201171875
forecast_2430,2025-04-12 06:00:00,8641.388819304013,10934.071485589393,5737.60205078125
forecast_2431,2025-04-12 07:00:00,10893.045067000463,12928.291163662196,8464.3935546875
forecast_2432,2025-04-12 08:00:00,11705.150180758841,14185.586072053442,9091.4814453125
forecast_2433,2025-04-12 09:00:00,12124.866765100287,14384.247386964644,11154.1181640625
forecast_2434,2025-04-12 10:00:00,11794.174527088895,13174.487121636694,11979.6142578125
forecast_2435,2025-04-12 11:00:00,12387.204966509864,13305.641476294264,12307.7412109375
forecast_2436,2025-04-12 12:00:00,13833.432490995408,13970.6028346013,14437.4375
forecast_2437,2025-04-12 13:00:00,15016.339197325735,15039.594499116962,16252.701171875
forecast_2438,2025-04-12 14:00:00,14278.121583561431,14168.788909075553,15339.9873046875
forecast_2439,2025-04-12 15:00:00,13202.316095397564,12671.651202569128,12885.8662109375
forecast_2440,2025-04-12 16:00:00,13220.439757578704,12592.171275523793,11825.787109375
forecast_2441,2025-04-12 17:00:00,13034.959670920154,11817.331530314568,11767.009765625
forecast_2442,2025-04-12 18:00:00,13335.21484994781,13596.539800885777,13376.609375
forecast_2443,2025-04-12 19:00:00,14147.310829264785,14934.381646507152,14150.115234375
forecast_2444,2025-04-12 20:00:00,16075.453006986078,16275.861737660158,16238.5703125
forecast_2445,2025-04-12 21:00:00,16459.575470113185,17175.992632049703,16555.962890625
forecast_2446,2025-04-12 22:00:00,16402.723042412483,17099.903759866258,17133.83203125
forecast_2447,2025-04-12 23:00:00,16849.350222913225,17729.57174719646,18350.3984375
forecast_2448,2025-04-13 00:00:00,16650.52431734604,17215.4452195322,18463.984375
forecast_2449,2025-04-13 01:00:00,15282.731534264474,16905.35025273935,16903.173828125
forecast_2450,2025-04-13 02:00:00,15009.188266617035,16652.900146091284,13270.265625
forecast_2451,2025-04-13 03:00:00,15347.259851421717,17521.71969699503,14192.419921875
forecast_2452,2025-04-13 04:00:00,17980.34829892984,19037.219758810053,16110.1435546875
forecast_2453,2025-04-13 05:00:00,17617.984971810984,18931.41175480132,15726.3876953125
forecast_2454,2025-04-13 06:00:00,17995.611927432044,17629.503273825663,17936.17578125
forecast_2455,2025-04-13 07:00:00,18634.271170702865,18294.211198827517,17387.51171875
forecast_2456,2025-04-13 08:00:00,18739.544806914346,18254.159926739812,17892.908203125
forecast_2457,2025-04-13 09:00:00,18509.67970240906,17853.75563780877,18035.99609375
forecast_2458,2025-04-13 10:00:00,18191.53579429632,18008.529334750056,17443.94140625
forecast_2459,2025-04-13 11:00:00,17857.744042306207,17522.278013401068,16583.59375
forecast_2460,2025-04-13 12:00:00,17733.09233615635,17674.883600040303,16039.9248046875
forecast_2461,2025-04-13 13:00:00,17534.886830483818,17411.495392711055,16559.35546875
forecast_2462,2025-04-13 14:00:00,17238.99777091055,17204.260518645304,16180.216796875
forecast_2463,2025-04-13 15:00:00,17460.813483365793,17148.445425408492,15866.556640625
forecast_2464,2025-04-13 16:00:00,17470.42311556787,17503.106109044864,16594.701171875
forecast_2465,2025-04-13 17:00:00,17775.55831608938,18453.76424592222,17455.939453125
forecast_2466,2025-04-13 18:00:00,18031.414586974275,19071.7398671333,17548.90234375
forecast_2467,2025-04-13 19:00:00,18734.46365603827,18445.751164225432,18461.076171875
forecast_2468,2025-04-13 20:00:00,18985.002805674267,18463.040787243044,19091.044921875
forecast_2469,2025-04-13 21:00:00,18380.773923783607,18489.588289136616,19321.693359375
forecast_2470,2025-04-13 22:00:00,17972.242472210117,18651.287261229936,19792.912109375
forecast_2471,2025-04-13 23:00:00,17531.247091172296,18384.276005913645,19693.94140625
forecast_2472,2025-04-14 00:00:00,16780.110048774117,17482.080318828623,19480.68359375
forecast_2473,2025-04-14 01:00:00,15440.411676840216,16578.87532434181,17167.349609375
forecast_2474,2025-04-14 02:00:00,14792.834102117198,16105.709696564958,15890.0341796875
forecast_2475,2025-04-14 03:00:00,13631.063734725849,14361.954385623643,13922.470703125
forecast_2476,2025-04-14 04:00:00,12930.704239925086,12902.1019276052,12898.7744140625
forecast_2477,2025-04-14 05:00:00,11426.07817907509,11450.149008668133,10150.8125
forecast_2478,2025-04-14 06:00:00,8757.017478601028,8137.712373726288,6635.25927734375
forecast_2479,2025-04-14 07:00:00,7361.662906661236,6592.808714861994,5273.76708984375
forecast_2480,2025-04-14 08:00:00,6838.738489822716,5348.015558820649,4298.6845703125
forecast_2481,2025-04-14 09:00:00,5854.440106739834,3752.671387951238,4679.65087890625
forecast_2482,2025-04-14 10:00:00,4825.247284721647,3264.345290590745,3234.845458984375
forecast_2483,2025-04-14 11:00:00,4779.827364953317,3579.2326911235596,3355.70458984375
forecast_2484,2025-04-14 12:00:00,4417.286627036745,2689.9589552934067,3245.819580078125
forecast_2485,2025-04-14 13:00:00,4496.127175542367,4158.802483954407,3891.159423828125
forecast_2486,2025-04-14 14:00:00,4387.218707390962,2545.059683577385,3128.56494140625
forecast_2487,2025-04-14 15:00:00,3483.047547729257,2294.719543164895,2603.265380859375
forecast_2488,2025-04-14 16:00:00,3493.3099688215816,2384.827782019139,3131.56494140625
forecast_2489,2025-04-14 17:00:00,3663.479747349304,2218.2891432471974,3423.82177734375
forecast_2490,2025-04-14 18:00:00,3767.628034791256,2825.5275245978582,3626.424560546875
forecast_2491,2025-04-14 19:00:00,4520.217365680875,3996.5031751698234,4050.336669921875
forecast_2492,2025-04-14 20:00:00,4861.134236395275,4486.936007354094,3764.469970703125
forecast_2493,2025-04-14 21:00:00,5660.133258791251,4341.156534786901,3397.934326171875
forecast_2494,2025-04-14 22:00:00,6802.0228868407075,6055.734808791727,4096.35205078125
forecast_2495,2025-04-14 23:00:00,7763.963464265771,7158.4680111891685,4725.85546875
forecast_2496,2025-04-15 00:00:00,8380.622968222264,7068.8127944463295,4725.1728515625
forecast_2497,2025-04-15 01:00:00,8306.706135724982,8097.313389827321,4768.77587890625
forecast_2498,2025-04-15 02:00:00,8429.64746593638,8633.822666976273,5653.16162109375
forecast_2499,2025-04-15 03:00:00,7722.184194221816,7226.385882217156,4917.869140625
forecast_2500,2025-04-15 04:00:00,7535.349428573823,6304.838273780762,5359.32568359375
forecast_2501,2025-04-15 05:00:00,6589.752933037509,4962.552866806534,4916.9453125
forecast_2502,2025-04-15 06:00:00,6267.843326212409,5936.77265381646,4821.23486328125
forecast_2503,2025-04-15 07:00:00,7032.7693675623095,7019.037948248667,5192.578125
forecast_2504,2025-04-15 08:00:00,7240.677645467162,7494.250990680463,5256.9228515625
forecast_2505,2025-04-15 09:00:00,7265.105701822044,7395.720267559495,5227.93115234375
forecast_2506,2025-04-15 10:00:00,7642.520158077432,8072.492237073779,5355.80029296875
forecast_2507,2025-04-15 11:00:00,8914.1715015095,7856.023264557626,4772.30224609375
forecast_2508,2025-04-15 12:00:00,9036.6557605499,7707.885901732305,4757.3896484375
forecast_2509,2025-04-15 13:00:00,9589.857079603931,8229.129190510816,4587.2783203125
forecast_2510,2025-04-15 14:00:00,9769.166258675961,9152.546899433393,4240.82177734375
forecast_2511,2025-04-15 15:00:00,10575.73414568686,9681.773355997764,5967.48828125
forecast_2512,2025-04-15 16:00:00,11360.232108249118,10334.014133646087,7305.88525390625
forecast_2513,2025-04-15 17:00:00,12091.096660341831,10604.725343991995,8253.177734375
forecast_2514,2025-04-15 18:00:00,12703.597365758498,11923.893254637822,9970.8466796875
forecast_2515,2025-04-15 19:00:00,13308.729503463177,13111.450229367758,11828.150390625
forecast_2516,2025-04-15 20:00:00,14547.253873744972,14698.211321704302,14375.2783203125
forecast_2517,2025-04-15 21:00:00,15064.815134995566,15009.38030874248,15766.0341796875
forecast_2518,2025-04-15 22:00:00,15782.095520027524,15885.675182808714,17674.404296875
forecast_2519,2025-04-15 23:00:00,16407.600042874594,16553.003336909198,18449.580078125
forecast_2520,2025-04-16 00:00:00,16741.246251207758,16409.76584576618,18790.703125
forecast_2521,2025-04-16 01:00:00,17774.372724268287,18176.615173991482,17930.73046875
forecast_2522,2025-04-16 02:00:00,18060.618167720968,17567.717143405232,17691.455078125
forecast_2523,2025-04-16 03:00:00,18777.115508710795,17999.98186217025,18347.6171875
forecast_2524,2025-04-16 04:00:00,17644.96385965882,18579.723586991204,16577.619140625
forecast_2525,2025-04-16 05:00:00,17713.44535788979,17445.877147063176,17285.05078125
forecast_2526,2025-04-16 06:00:00,17494.928544445287,17492.507871562797,16515.42578125
forecast_2527,2025-04-16 07:00:00,16338.810248655202,16426.61910170544,14740.861328125
forecast_2528,2025-04-16 08:00:00,14657.30980915049,15590.905471931665,12207.3466796875
forecast_2529,2025-04-16 09:00:00,13558.63635177253,14472.653780376515,12006.78125
forecast_2530,2025-04-16 10:00:00,11688.825071785686,13046.738294334933,10346.1904296875
forecast_2531,2025-04-16 11:00:00,10147.755172311294,10807.745432428757,9011.482421875
forecast_2532,2025-04-16 12:00:00,10807.474265220175,10965.53904720559,9497.912109375
forecast_2533,2025-04-16 13:00:00,12022.364780207588,12878.441790493616,11371.580078125
forecast_2534,2025-04-16 14:00:00,13713.603209876559,15188.836817172167,14066.3466796875
forecast_2535,2025-04-16 15:00:00,15435.001878246761,16865.409573511966,15559.1142578125
forecast_2536,2025-04-16 16:00:00,16580.685966322475,18149.382759140244,16206.994140625
forecast_2537,2025-04-16 17:00:00,17145.581217368654,18679.403971096654,17322.3828125
forecast_2538,2025-04-16 18:00:00,17394.616562710573,19045.488869032713,17647.0390625
forecast_2539,2025-04-16 19:00:00,17722.298910774472,19211.861533822324,19062.095703125
forecast_2540,2025-04-16 20:00:00,17835.302479827988,18730.74670894358,19195.080078125
forecast_2541,2025-04-16 21:00:00,18040.61862298091,18749.75968851851,19522.3984375
forecast_2542,2025-04-16 22:00:00,17882.667303141992,18619.869649261527,19331.451171875
forecast_2543,2025-04-16 23:00:00,18093.353364049075,18971.534072789233,19849.58984375
forecast_2544,2025-04-17 00:00:00,19385.91396855905,19399.150325202754,20270.76171875
forecast_2545,2025-04-17 01:00:00,19970.899706993558,19621.840029029598,20413.05859375
forecast_2546,2025-04-17 02:00:00,19871.66721178629,19239.574962927625,20518.130859375
forecast_2547,2025-04-17 03:00:00,19516.073453312707,19150.5129803651,20329.201171875
forecast_2548,2025-04-17 04:00:00,19413.536278005944,19035.92524577624,20109.46484375
forecast_2549,2025-04-17 05:00:00,19744.265344171148,19176.929649528694,20290.46484375
forecast_2550,2025-04-17 06:00:00,19288.224449199908,18348.066649794644,20097.83203125
forecast_2551,2025-04-17 07:00:00,16884.988013586004,16800.137285854773,16515.60546875
forecast_2552,2025-04-17 08:00:00,15644.554025109948,15381.22987098547,14177.619140625
forecast_2553,2025-04-17 09:00:00,13528.304886093292,14843.366238246357,12377.4228515625
forecast_2554,2025-04-17 10:00:00,12069.949363852924,13477.904632537015,11392.6611328125
forecast_2555,2025-04-17 11:00:00,12001.367873108782,13380.34319356517,11618.435546875
forecast_2556,2025-04-17 12:00:00,11799.987568688484,13574.457485603509,11622.1533203125
forecast_2557,2025-04-17 13:00:00,11127.468644917817,12597.115256484994,10941.6044921875
forecast_2558,2025-04-17 14:00:00,11929.27476198701,12633.926070144249,12030.31640625
forecast_2559,2025-04-17 15:00:00,13017.903072543091,13365.258883238248,13447.9814453125
forecast_2560,2025-04-17 16:00:00,13221.58745641919,13958.246187495339,14396.900390625
forecast_2561,2025-04-17 17:00:00,13904.657984345875,14985.814279593831,15565.3251953125
forecast_2562,2025-04-17 18:00:00,13818.358931278073,14965.46853006113,14636.46875
forecast_2563,2025-04-17 19:00:00,13365.694521189009,14568.118093923778,13542.1640625
forecast_2564,2025-04-17 20:00:00,13283.585304197317,13542.97717313929,13486.09375
forecast_2565,2025-04-17 21:00:00,13241.586873424883,13618.121351725229,13928.849609375
forecast_2566,2025-04-17 22:00:00,14459.136948220777,14463.643928800542,15137.25
forecast_2567,2025-04-17 23:00:00,14980.8208006436,15567.176386885236,15637.4267578125
forecast_2568,2025-04-18 00:00:00,15405.526893131815,17312.708337052616,17535.92578125
forecast_2569,2025-04-18 01:00:00,16392.70277049001,18292.855886834714,17916.541015625
forecast_2570,2025-04-18 02:00:00,17182.225318373024,18175.29954648649,19651.46875
forecast_2571,2025-04-18 03:00:00,17872.240020211415,18802.862871325728,19445.32421875
forecast_2572,2025-04-18 04:00:00,17732.572977218442,18093.3513120044,19253.1875
forecast_2573,2025-04-18 05:00:00,17029.434829994927,17889.322333106564,18827.853515625
forecast_2574,2025-04-18 06:00:00,14856.194866539896,15639.31751173198,14253.623046875
forecast_2575,2025-04-18 07:00:00,13740.380547060216,14195.744750622735,13608.759765625
forecast_2576,2025-04-18 08:00:00,13963.796690796624,15150.519417002546,12946.814453125
forecast_2577,2025-04-18 09:00:00,12825.211867402035,14780.879254764226,10915.544921875
forecast_2578,2025-04-18 10:00:00,11314.556833170724,13328.734078533835,9370.97265625
forecast_2579,2025-04-18 11:00:00,10902.272713381546,12111.462966191037,8683.5390625
forecast_2580,2025-04-18 12:00:00,11804.554813113715,11844.452434345338,8715.0830078125
forecast_2581,2025-04-18 13:00:00,11325.011580069484,10820.424571041527,8522.8427734375
forecast_2582,2025-04-18 14:00:00,10716.553132094323,10150.203635190137,8146.4423828125
forecast_2583,2025-04-18 15:00:00,10081.329098841747,8941.043943927622,7316.6630859375
forecast_2584,2025-04-18 16:00:00,9287.719738389465,8423.993001807088,6902.25927734375
forecast_2585,2025-04-18 17:00:00,9404.94858462455,8859.158234509767,6348.970703125
forecast_2586,2025-04-18 18:00:00,9937.28867468714,10376.765453098571,6496.5537109375
forecast_2587,2025-04-18 19:00:00,11410.838772537976,11207.551927744671,7548.24365234375
forecast_2588,2025-04-18 20:00:00,12349.252616465124,13000.263330494714,9251.7060546875
forecast_2589,2025-04-18 21:00:00,12428.288057108413,13128.415976487624,9952.1376953125
forecast_2590,2025-04-18 22:00:00,11986.445257834128,13017.507870763602,9790.0830078125
forecast_2591,2025-04-18 23:00:00,12558.201082224194,14513.188732667362,11886.9892578125
forecast_2592,2025-04-19 00:00:00,13859.373437101429,14698.016610480952,13911.234375
forecast_2593,2025-04-19 01:00:00,14375.093926186433,15395.181802062185,12612.111328125
forecast_2594,2025-04-19 02:00:00,13998.17676177013,15755.765848080415,13546.5498046875
forecast_2595,2025-04-19 03:00:00,15929.30292449921,16534.12145105076,15802.8642578125
forecast_2596,2025-04-19 04:00:00,16324.938849899607,16503.237323576555,16801.66015625
forecast_2597,2025-04-19 05:00:00,15738.015376686637,15371.991733646582,16180.1513671875
forecast_2598,2025-04-19 06:00:00,14903.688192239557,14976.599038576047,15482.603515625
forecast_2599,2025-04-19 07:00:00,13726.202617735178,15207.26258913739,14200.8388671875
forecast_2600,2025-04-19 08:00:00,13042.773974449508,15740.74503415955,13903.357421875
forecast_2601,2025-04-19 09:00:00,13261.936664386281,15361.598502336346,13708.826171875
forecast_2602,2025-04-19 10:00:00,13204.085700059532,15692.271976734814,14229.53125
forecast_2603,2025-04-19 11:00:00,14156.776833553424,16391.326528883754,14958.9345703125
forecast_2604,2025-04-19 12:00:00,14624.84702245113,16332.95583054834,15296.662109375
forecast_2605,2025-04-19 13:00:00,15713.13363547979,17508.15546167689,15846.828125
forecast_2606,2025-04-19 14:00:00,16684.883857318473,17955.623030052197,16481.64453125
forecast_2607,2025-04-19 15:00:00,16841.267530066816,18192.937121472423,16412.37109375
forecast_2608,2025-04-19 16:00:00,17377.14688101093,18299.213807545973,16641.544921875
forecast_2609,2025-04-19 17:00:00,17924.1501836697,18148.126309812018,18472.0234375
forecast_2610,2025-04-19 18:00:00,17656.704164655108,19088.538892833763,17877.548828125
forecast_2611,2025-04-19 19:00:00,17337.843192967473,18935.36741474348,18163.126953125
forecast_2612,2025-04-19 20:00:00,16332.130933101314,17649.084494879924,16184.1904296875
forecast_2613,2025-04-19 21:00:00,16574.384269357935,17710.03350719604,18653.173828125
forecast_2614,2025-04-19 22:00:00,15988.910132531144,15521.566891652816,18657.89453125
forecast_2615,2025-04-19 23:00:00,13173.871671843186,12780.675326853241,12237.833984375
forecast_2616,2025-04-20 00:00:00,11600.606186917545,11578.063600950361,10487.58203125
forecast_2617,2025-04-20 01:00:00,10666.517725476962,11341.363390440012,10032.482421875
forecast_2618,2025-04-20 02:00:00,9503.414722376792,9877.972069672165,6106.59814453125
forecast_2619,2025-04-20 03:00:00,6329.739144499306,6100.590473876567,3056.209228515625
forecast_2620,2025-04-20 04:00:00,5851.833269017884,4441.576258661037,3179.75341796875
forecast_2621,2025-04-20 05:00:00,4803.9959321766655,3689.695219243953,2950.104736328125
forecast_2622,2025-04-20 06:00:00,3911.7221975443144,2415.821017749653,2874.179931640625
forecast_2623,2025-04-20 07:00:00,3290.7112929694486,2643.519037472295,2815.4736328125
forecast_2624,2025-04-20 08:00:00,2552.9712413308976,1913.3924283605586,2036.765625
forecast_2625,2025-04-20 09:00:00,2134.650808079959,1585.6677007549886,1977.8355712890625
forecast_2626,2025-04-20 10:00:00,2112.666630787764,1514.5454571177152,1878.8775634765625
forecast_2627,2025-04-20 11:00:00,2143.3971713556843,1420.5546438682895,2098.17578125
forecast_2628,2025-04-20 12:00:00,1974.211388593928,1295.3519524008059,2092.83251953125
forecast_2629,2025-04-20 13:00:00,2409.939637118062,1499.800558691184,2052.372802734375
forecast_2630,2025-04-20 14:00:00,2690.9381795116374,1673.4252588413492,2177.50537109375
forecast_2631,2025-04-20 15:00:00,2597.655944730649,1370.248197180828,2158.53173828125
forecast_2632,2025-04-20 16:00:00,2255.8092887582807,1438.6781468620115,2051.560302734375
forecast_2633,2025-04-20 17:00:00,2291.3506879936654,1512.6691032135318,2191.02490234375
forecast_2634,2025-04-20 18:00:00,2475.7254576362166,1709.8530112816336,2180.116455078125
forecast_2635,2025-04-20 19:00:00,2902.770103681888,1826.3095563955965,2095.416748046875
forecast_2636,2025-04-20 20:00:00,2814.253835631792,1788.4526066794429,2110.7587890625
forecast_2637,2025-04-20 21:00:00,3061.3500276864534,2142.439305003063,2163.44677734375
forecast_2638,2025-04-20 22:00:00,3190.9941124447296,2259.4193559276064,2183.80615234375
forecast_2639,2025-04-20 23:00:00,3161.78760522187,2290.0554201823134,2313.892822265625
forecast_2640,2025-04-21 00:00:00,3135.8514545150083,2333.5049776888036,2268.15234375
forecast_2641,2025-04-21 01:00:00,3014.7173838470308,2322.6123468988,2284.47705078125
forecast_2642,2025-04-21 02:00:00,2967.5355144898735,1945.4425690351407,2014.4150390625
forecast_2643,2025-04-21 03:00:00,2851.6426567399776,1955.3532156268227,2064.099609375
forecast_2644,2025-04-21 04:00:00,2977.550549151885,2193.5855837457225,2247.29833984375
forecast_2645,2025-04-21 05:00:00,3089.6825393107156,2618.7045347620024,2298.41552734375
forecast_2646,2025-04-21 06:00:00,3603.332390816452,2924.6421528385818,2510.63232421875
forecast_2647,2025-04-21 07:00:00,4058.6888681718156,3585.782029015355,2420.098388671875
forecast_2648,2025-04-21 08:00:00,4304.089877657463,3684.988829908687,2526.60205078125
forecast_2649,2025-04-21 09:00:00,4679.900382664475,3461.428833563905,2619.11572265625
forecast_2650,2025-04-21 10:00:00,5231.862145179968,4052.6075077336723,2666.623779296875
forecast_2651,2025-04-21 11:00:00,5220.02469056002,4220.830687162259,2770.442626953125
forecast_2652,2025-04-21 12:00:00,5306.943104988861,4152.762913028391,2821.130126953125
forecast_2653,2025-04-21 13:00:00,5546.169097085825,5221.795642068904,3218.26416015625
forecast_2654,2025-04-21 14:00:00,5019.649472929983,5508.291995799998,3144.682373046875
forecast_2655,2025-04-21 15:00:00,4831.712634219806,4533.112802440297,2987.322265625
forecast_2656,2025-04-21 16:00:00,5078.0097712751085,3478.640999801958,3048.99755859375
forecast_2657,2025-04-21 17:00:00,5168.684090007886,3997.612624480891,2845.702880859375
forecast_2658,2025-04-21 18:00:00,5054.916641263553,4012.410947021828,2858.32861328125
forecast_2659,2025-04-21 19:00:00,5685.964305065312,5291.459795079637,3169.62255859375
forecast_2660,2025-04-21 20:00:00,6234.675670070303,7897.8741821672775,3824.987060546875
forecast_2661,2025-04-21 21:00:00,7265.630247614006,8255.547790318418,4616.7373046875
forecast_2662,2025-04-21 22:00:00,7188.479909175612,8585.479913020094,5138.939453125
forecast_2663,2025-04-21 23:00:00,8208.344569229357,9451.893851043147,5750.052734375
forecast_2664,2025-04-22 00:00:00,8139.89430042138,9650.077393905114,5789.8935546875
forecast_2665,2025-04-22 01:00:00,8668.894048288028,10583.821257399224,5668.828125
forecast_2666,2025-04-22 02:00:00,9476.833244520509,10630.975620693083,5874.06201171875
forecast_2667,2025-04-22 03:00:00,9093.32126638007,8459.57307295993,5673.5517578125
forecast_2668,2025-04-22 04:00:00,8835.46553854991,9231.927143510837,5287.82421875
forecast_2669,2025-04-22 05:00:00,7790.512927467608,8453.404226366783,4885.75
forecast_2670,2025-04-22 06:00:00,6780.825268962142,6633.807573452272,4267.796875
forecast_2671,2025-04-22 07:00:00,6607.429799972806,7270.585771711738,4317.34375
forecast_2672,2025-04-22 08:00:00,7322.742205162741,7691.194629952373,5068.986328125
forecast_2673,2025-04-22 09:00:00,7648.2390499221565,9494.60082147244,4473.4267578125
forecast_2674,2025-04-22 10:00:00,8764.636694324552,10162.117982739,5817.1064453125
forecast_2675,2025-04-22 11:00:00,10945.654884134723,14354.71460399183,8723.7822265625
forecast_2676,2025-04-22 12:00:00,12022.730537074716,14511.340977202051,10722.0234375
forecast_2677,2025-04-22 13:00:00,11196.495886807726,13300.206460282641,9953.0966796875
forecast_2678,2025-04-22 14:00:00,8935.518342080442,10634.151037757287,6816.5703125
forecast_2679,2025-04-22 15:00:00,7561.026543866832,7863.688077651187,4195.42626953125
forecast_2680,2025-04-22 16:00:00,6895.087317502937,5996.8649069456615,3584.339111328125
forecast_2681,2025-04-22 17:00:00,5893.006095725803,5334.282631791932,2981.04052734375
forecast_2682,2025-04-22 18:00:00,4862.332224375612,4912.557795692535,3099.9970703125
forecast_2683,2025-04-22 19:00:00,5760.2198479037725,6077.301876933145,3642.143798828125
forecast_2684,2025-04-22 20:00:00,6721.141196959637,6099.989234895049,4411.51171875
forecast_2685,2025-04-22 21:00:00,6071.865070319456,6805.420957387578,4257.3203125
forecast_2686,2025-04-22 22:00:00,6143.359436028643,7041.906255920947,3729.198486328125
forecast_2687,2025-04-22 23:00:00,5973.700247993604,7004.512730410044,3879.146484375
forecast_2688,2025-04-23 00:00:00,5913.656661946951,6647.741976820486,4262.41796875
forecast_2689,2025-04-23 01:00:00,7062.446287149063,8155.3347100446435,3969.793701171875
forecast_2690,2025-04-23 02:00:00,6783.622961623494,7746.784258074899,3937.672607421875
forecast_2691,2025-04-23 03:00:00,6583.248786471149,7594.5899488205305,4298.09326171875
forecast_2692,2025-04-23 04:00:00,6707.020828367909,7888.210256005664,4329.5009765625
forecast_2693,2025-04-23 05:00:00,6103.804631028928,6739.647242427863,3961.717529296875
forecast_2694,2025-04-23 06:00:00,5173.281774537869,6299.0036809598405,3627.40478515625
forecast_2695,2025-04-23 07:00:00,5276.070830884588,5514.444247419238,3418.06494140625
forecast_2696,2025-04-23 08:00:00,4560.296079181548,4341.06161084819,3214.44775390625
forecast_2697,2025-04-23 09:00:00,3937.518938026622,3611.6842550224437,2982.252197265625
forecast_2698,2025-04-23 10:00:00,3256.306046278117,2563.703068972357,2496.65380859375
forecast_2699,2025-04-23 11:00:00,2869.9928771641544,1921.4516338733952,2269.76953125
forecast_2700,2025-04-23 12:00:00,2534.3781472588003,1872.74294158982,2013.9417724609375
forecast_2701,2025-04-23 13:00:00,2684.200432189308,1680.3460222188382,2074.70068359375
forecast_2702,2025-04-23 14:00:00,2959.4857861637524,1886.746680330744,2211.2373046875
forecast_2703,2025-04-23 15:00:00,3045.7010863197256,2234.341802205763,2337.488525390625
forecast_2704,2025-04-23 16:00:00,3126.347831690151,2708.844315563157,2361.854248046875
forecast_2705,2025-04-23 17:00:00,4433.2303692002715,4587.158632438991,3005.221923828125
forecast_2706,2025-04-23 18:00:00,5258.450779334052,5934.9949300084545,3412.444091796875
forecast_2707,2025-04-23 19:00:00,5396.597358451672,5715.41335804024,3704.90380859375
forecast_2708,2025-04-23 20:00:00,5951.110844508453,6864.264148511986,4317.33544921875
forecast_2709,2025-04-23 21:00:00,6081.0743924920525,6667.417622988343,4761.68798828125
forecast_2710,2025-04-23 22:00:00,8691.403605413396,10314.782237743544,6344.74658203125
forecast_2711,2025-04-23 23:00:00,11189.471205664839,12904.5155450629,8961.478515625
forecast_2712,2025-04-24 00:00:00,13912.086203978997,16963.897120024798,12606.8984375
forecast_2713,2025-04-24 01:00:00,15323.748422802528,16960.341014782476,14154.376953125
forecast_2714,2025-04-24 02:00:00,16885.308409519443,17221.475211918398,17307.2890625
forecast_2715,2025-04-24 03:00:00,17140.620623230356,16945.713221274626,17827.076171875
forecast_2716,2025-04-24 04:00:00,17473.823806179204,17057.926789541874,18295.513671875
forecast_2717,2025-04-24 05:00:00,17332.61628280619,16663.43464907757,18277.091796875
forecast_2718,2025-04-24 06:00:00,16990.093509823935,16749.374500429825,17108.494140625
forecast_2719,2025-04-24 07:00:00,15918.900556889435,16135.181563721202,14892.6533203125
forecast_2720,2025-04-24 08:00:00,14148.441371469668,15007.095988306492,12101.923828125
forecast_2721,2025-04-24 09:00:00,11781.222700457593,13464.643510460244,10263.8837890625
forecast_2722,2025-04-24 10:00:00,10130.054479353083,10786.709535804675,9285.720703125
forecast_2723,2025-04-24 11:00:00,10448.637462205676,11839.557085603366,9587.0869140625
forecast_2724,2025-04-24 12:00:00,11177.39859933384,12823.973937220824,11577.279296875
forecast_2725,2025-04-24 13:00:00,12418.472910870707,13490.881128938352,13500.251953125
forecast_2726,2025-04-24 14:00:00,14330.013869003367,15235.245823804216,13746.2158203125
forecast_2727,2025-04-24 15:00:00,15562.440696139653,17399.664508962553,14163.3076171875
forecast_2728,2025-04-24 16:00:00,16040.614190633387,17573.965673518258,14639.78125
forecast_2729,2025-04-24 17:00:00,15995.101555397578,17953.020333446817,13818.220703125
forecast_2730,2025-04-24 18:00:00,16478.070325901448,17873.549035547912,13747.580078125
forecast_2731,2025-04-24 19:00:00,16873.1015715424,18473.65287579157,13779.1279296875
forecast_2732,2025-04-24 20:00:00,16794.52884100464,18102.0862471187,13773.326171875
forecast_2733,2025-04-24 21:00:00,16889.03321687612,17809.50365550114,15095.2890625
forecast_2734,2025-04-24 22:00:00,16326.314410226274,16704.4634311763,15192.166015625
forecast_2735,2025-04-24 23:00:00,15817.723746063508,16084.394225821788,15246.265625
forecast_2736,2025-04-25 00:00:00,15411.308436353887,15828.739467269352,15851.408203125
forecast_2737,2025-04-25 01:00:00,15041.252311589105,15732.551558387519,15254.8017578125
forecast_2738,2025-04-25 02:00:00,14871.094180899123,14665.658255021439,14209.6640625
forecast_2739,2025-04-25 03:00:00,14959.32686558357,14847.963701344732,13654.3251953125
forecast_2740,2025-04-25 04:00:00,14803.650975350909,14566.068289322697,13983.900390625
forecast_2741,2025-04-25 05:00:00,14846.120321901446,15369.104331051887,14669.654296875
forecast_2742,2025-04-25 06:00:00,14599.256135449872,15887.59887922512,14687.6513671875
forecast_2743,2025-04-25 07:00:00,13947.664743695157,14857.800715576783,13428.232421875
forecast_2744,2025-04-25 08:00:00,13177.044181279933,14047.068907626335,11278.1015625
forecast_2745,2025-04-25 09:00:00,12707.588554608457,13483.854291028645,9700.5078125
forecast_2746,2025-04-25 10:00:00,12747.883887054297,13191.117026629736,8745.4638671875
forecast_2747,2025-04-25 11:00:00,13099.412747239887,12902.562540715471,8573.8486328125
forecast_2748,2025-04-25 12:00:00,12982.208175525582,12137.950865832478,8260.123046875
forecast_2749,2025-04-25 13:00:00,12716.496745196335,12281.919495339036,8513.056640625
forecast_2750,2025-04-25 14:00:00,12501.2102473085,11838.985949655987,8807.857421875
forecast_2751,2025-04-25 15:00:00,12119.02849058944,11781.183796117908,8310.521484375
forecast_2752,2025-04-25 16:00:00,11712.514658644064,11243.12434923475,7807.9658203125
forecast_2753,2025-04-25 17:00:00,11641.698877094688,11718.53097792734,7442.17431640625
forecast_2754,2025-04-25 18:00:00,12137.187809298206,11781.96178102496,8276.638671875
forecast_2755,2025-04-25 19:00:00,13008.876891269654,12292.308364854403,9899.8583984375
forecast_2756,2025-04-25 20:00:00,13379.384220828899,12848.453065782274,11991.0107421875
forecast_2757,2025-04-25 21:00:00,14399.319989830408,13906.51958219515,12491.791015625
forecast_2758,2025-04-25 22:00:00,14514.825462787632,13051.891654693483,13761.701171875
forecast_2759,2025-04-25 23:00:00,13296.468176552866,11874.986507804704,12359.4951171875
forecast_2760,2025-04-26 00:00:00,12534.73273050859,11060.274645815414,11969.087890625
forecast_2761,2025-04-26 01:00:00,12098.127170355276,12497.319592968897,9045.271484375
forecast_2762,2025-04-26 02:00:00,13241.113761401437,13418.110443275711,10719.439453125
forecast_2763,2025-04-26 03:00:00,13891.080827959195,14759.454254675884,10639.6669921875
forecast_2764,2025-04-26 04:00:00,15777.398776562099,15706.753321737155,12325.0751953125
forecast_2765,2025-04-26 05:00:00,16401.707817706305,16366.915252888386,14575.751953125
forecast_2766,2025-04-26 06:00:00,15176.56054378853,15644.305319883031,14149.6689453125
forecast_2767,2025-04-26 07:00:00,14467.549006031808,15411.15103780817,13785.0126953125
forecast_2768,2025-04-26 08:00:00,14355.157101098208,15320.911681403593,14510.0654296875
forecast_2769,2025-04-26 09:00:00,11869.236156206001,12938.954736954978,11500.3466796875
forecast_2770,2025-04-26 10:00:00,11229.60919342484,12475.302965113795,10261.6953125
forecast_2771,2025-04-26 11:00:00,11547.189101784425,13410.772401358985,10030.318359375
forecast_2772,2025-04-26 12:00:00,12675.927048407484,13911.71996113894,11184.4296875
forecast_2773,2025-04-26 13:00:00,13455.30110442358,14327.903946773687,12026.267578125
forecast_2774,2025-04-26 14:00:00,13919.518691110465,15042.819969120044,11921.87890625
forecast_2775,2025-04-26 15:00:00,15033.321965927527,16269.943974605414,13557.3330078125
forecast_2776,2025-04-26 16:00:00,15321.569015268364,16617.939582327483,13991.9296875
forecast_2777,2025-04-26 17:00:00,15585.202114376945,17297.418665963207,14637.4482421875
forecast_2778,2025-04-26 18:00:00,16350.995852745926,18299.789376289853,16006.5390625
forecast_2779,2025-04-26 19:00:00,17394.609620672156,18855.29651158144,18296.986328125
forecast_2780,2025-04-26 20:00:00,18072.239866587668,19057.455157862823,19439.966796875
forecast_2781,2025-04-26 21:00:00,18503.124046975372,19386.13670921444,19943.71484375
forecast_2782,2025-04-26 22:00:00,19276.740970540694,19515.13641752667,20144.46484375
forecast_2783,2025-04-26 23:00:00,19364.146413617615,19344.63107488604,20259.36328125
forecast_2784,2025-04-27 00:00:00,19386.233322338252,19515.696893851175,20386.896484375
forecast_2785,2025-04-27 01:00:00,19206.44935338487,19501.122425938032,20146.95703125
forecast_2786,2025-04-27 02:00:00,19360.791181448833,19441.41160119098,20191.916015625
forecast_2787,2025-04-27 03:00:00,18852.50019846266,19257.438700184117,20086.94140625
forecast_2788,2025-04-27 04:00:00,19209.632032293783,19441.82807853556,19840.67578125
forecast_2789,2025-04-27 05:00:00,18852.489345853035,19043.445997299958,19566.662109375
forecast_2790,2025-04-27 06:00:00,19291.670022734797,19072.224939194246,19585.625
forecast_2791,2025-04-27 07:00:00,18513.497499752666,18779.16349574001,18517.267578125
forecast_2792,2025-04-27 08:00:00,18275.647495015663,18773.754980794383,18252.11328125
forecast_2793,2025-04-27 09:00:00,15722.3097538248,17298.209810845383,16707.111328125
forecast_2794,2025-04-27 10:00:00,14824.672119263469,17153.963104726303,14886.6220703125
forecast_2795,2025-04-27 11:00:00,15348.267619087597,16871.626822638063,14076.6796875
forecast_2796,2025-04-27 12:00:00,15978.015175409946,16782.111743403406,14383.662109375
forecast_2797,2025-04-27 13:00:00,16303.966392992152,17880.929652554856,15523.828125
forecast_2798,2025-04-27 14:00:00,16062.718825848438,17288.158673369682,14764.9580078125
forecast_2799,2025-04-27 15:00:00,15704.968977374148,16405.352182594524,13355.697265625
forecast_2800,2025-04-27 16:00:00,15574.872588784016,16077.650497146278,13798.0654296875
forecast_2801,2025-04-27 17:00:00,15311.678013925943,16039.69982389704,14242.4951171875
forecast_2802,2025-04-27 18:00:00,15048.616571280752,15268.384608426948,14685.8173828125
forecast_2803,2025-04-27 19:00:00,14875.621916850927,15226.88676110847,15185.826171875
forecast_2804,2025-04-27 20:00:00,15381.579533039749,15500.966624200446,15960.5546875
forecast_2805,2025-04-27 21:00:00,14842.525655566806,15251.602702871263,14545.330078125
forecast_2806,2025-04-27 22:00:00,14453.458868079506,14735.630592449415,13023.787109375
forecast_2807,2025-04-27 23:00:00,15384.69712524693,15319.072853451717,14986.3173828125
forecast_2808,2025-04-28 00:00:00,14874.810240593417,14425.58590326847,15067.115234375
forecast_2809,2025-04-28 01:00:00,15442.524485052509,16565.372628915615,15732.619140625
forecast_2810,2025-04-28 02:00:00,15420.327313422396,14267.55757763296,14881.103515625
forecast_2811,2025-04-28 03:00:00,14967.986647759135,14533.82530391118,13822.572265625
forecast_2812,2025-04-28 04:00:00,14027.103831538718,14388.571306191616,11823.4833984375
forecast_2813,2025-04-28 05:00:00,12050.318221700425,11923.32306638326,9902.380859375
forecast_2814,2025-04-28 06:00:00,10381.159593656987,10121.454376245982,7590.20947265625
forecast_2815,2025-04-28 07:00:00,9923.27851012682,9557.607572158817,6634.2958984375
forecast_2816,2025-04-28 08:00:00,8896.643815674479,8406.210725881392,6097.3173828125
forecast_2817,2025-04-28 09:00:00,7037.2370614507,6178.560914627031,4594.71630859375
forecast_2818,2025-04-28 10:00:00,7360.70468152753,6617.191139649291,4461.26318359375
forecast_2819,2025-04-28 11:00:00,8129.388087100384,8123.434009775747,5276.42333984375
forecast_2820,2025-04-28 12:00:00,9984.869942628,10366.903168251156,7094.07666015625
forecast_2821,2025-04-28 13:00:00,11326.610147063868,10378.248042964373,8363.9921875
forecast_2822,2025-04-28 14:00:00,12401.503343454098,11071.28169336134,8802.978515625
forecast_2823,2025-04-28 15:00:00,11407.579884828536,9972.600725927445,6832.5654296875
forecast_2824,2025-04-28 16:00:00,9268.602744594453,7747.954883180569,3939.384765625
forecast_2825,2025-04-28 17:00:00,7781.119283842327,5599.228296588004,3162.1748046875
forecast_2826,2025-04-28 18:00:00,6294.8748636917,4141.257566206177,3129.96142578125
forecast_2827,2025-04-28 19:00:00,5820.558753419313,4680.943703725545,2839.637939453125
forecast_2828,2025-04-28 20:00:00,5955.6857045517045,4748.7874600437435,3398.49169921875
forecast_2829,2025-04-28 21:00:00,6228.1553910135535,5375.123056284454,4065.24169921875
forecast_2830,2025-04-28 22:00:00,6565.042477405546,6043.560926402352,4339.17724609375
forecast_2831,2025-04-28 23:00:00,5671.44653346853,5794.249802566452,4057.705810546875
forecast_2832,2025-04-29 00:00:00,5086.747837425292,5000.4920904543615,3861.06396484375
forecast_2833,2025-04-29 01:00:00,4348.656832348843,4060.9003873143156,2903.119140625
forecast_2834,2025-04-29 02:00:00,4126.055037087952,3781.4330571112014,2933.106689453125
forecast_2835,2025-04-29 03:00:00,4339.2048215675895,3710.1778866742807,3011.002685546875
forecast_2836,2025-04-29 04:00:00,4963.3074000451315,3702.7576717778884,3164.178466796875
forecast_2837,2025-04-29 05:00:00,5177.152298377821,4350.255917559653,3314.60498046875
forecast_2838,2025-04-29 06:00:00,5944.847682628535,5284.337565181006,3595.97021484375
forecast_2839,2025-04-29 07:00:00,6789.230907885307,7972.50236367205,5172.98681640625
forecast_2840,2025-04-29 08:00:00,7165.713108204303,8653.677246705103,5354.9384765625
forecast_2841,2025-04-29 09:00:00,6851.552010268839,6881.155920033444,4818.9736328125
forecast_2842,2025-04-29 10:00:00,6635.799028488345,6389.720051443855,4314.9755859375
forecast_2843,2025-04-29 11:00:00,7222.109069398991,6664.146249091518,4344.7314453125
forecast_2844,2025-04-29 12:00:00,7405.2348061323655,7359.573615153234,4406.4052734375
forecast_2845,2025-04-29 13:00:00,7914.597127556754,7075.864138683099,4890.5302734375
forecast_2846,2025-04-29 14:00:00,7969.063899162213,6865.320228097589,4951.4140625
forecast_2847,2025-04-29 15:00:00,8071.344633994822,6850.120608650098,5137.951171875
forecast_2848,2025-04-29 16:00:00,9356.74895803877,7677.781041264954,6168.78125
forecast_2849,2025-04-29 17:00:00,9460.84125271427,7662.495994357523,5980.2255859375
forecast_2850,2025-04-29 18:00:00,10242.285175113888,8563.98710531158,6270.1826171875
forecast_2851,2025-04-29 19:00:00,11334.426497316774,11098.374978336851,7610.31396484375
forecast_2852,2025-04-29 20:00:00,14193.28645536436,14383.5732166327,12809.130859375
forecast_2853,2025-04-29 21:00:00,17048.343471278204,16720.88948846446,18374.5625
forecast_2854,2025-04-29 22:00:00,18118.214728535768,17475.321533955626,19876.240234375
forecast_2855,2025-04-29 23:00:00,19007.41639809942,18439.99456471811,20261.00390625
forecast_2856,2025-04-30 00:00:00,19217.834132884866,18624.3713440453,20456.275390625
forecast_2857,2025-04-30 01:00:00,19647.348083007066,19524.665660845258,20197.22265625
forecast_2858,2025-04-30 02:00:00,20485.81388187087,19770.241955135018,20669.900390625
forecast_2859,2025-04-30 03:00:00,20586.681373154912,19488.54053195641,20517.56640625
forecast_2860,2025-04-30 04:00:00,20304.362076876307,18918.02845683287,20477.17578125
forecast_2861,2025-04-30 05:00:00,20088.759331839818,19193.685105151697,20358.044921875
forecast_2862,2025-04-30 06:00:00,19779.86023070522,18944.772788987317,20261.546875
forecast_2863,2025-04-30 07:00:00,18147.83568706298,18216.452238824502,19946.50390625
forecast_2864,2025-04-30 08:00:00,17518.33054309428,17630.708492406295,19589.759765625
forecast_2865,2025-04-30 09:00:00,15930.145219564241,17780.284001385917,18282.494140625
forecast_2866,2025-04-30 10:00:00,14872.047288666578,16890.586472646777,17155.390625
forecast_2867,2025-04-30 11:00:00,13652.263597996436,15774.317977707284,15010.0205078125
forecast_2868,2025-04-30 12:00:00,12821.846784240217,13904.107380417789,12386.462890625
forecast_2869,2025-04-30 13:00:00,12765.582641698038,14243.957719998556,11189.646484375
forecast_2870,2025-04-30 14:00:00,12196.03944199261,12833.227935226692,10551.1552734375
forecast_2871,2025-04-30 15:00:00,11440.620681677985,12203.106255135786,10077.140625
forecast_2872,2025-04-30 16:00:00,10602.946922887193,10743.56234326194,8514.900390625
forecast_2873,2025-04-30 17:00:00,9669.468014108425,9108.05437678544,6596.6845703125
forecast_2874,2025-04-30 18:00:00,9178.3717575956,8029.721001673123,5681.353515625
forecast_2875,2025-04-30 19:00:00,9035.783259344815,8144.267950553862,6013.34765625
forecast_2876,2025-04-30 20:00:00,9561.286942386303,9417.862349406052,6857.4111328125
forecast_2877,2025-04-30 21:00:00,9770.94357882914,9647.544764914375,6960.76318359375
forecast_2878,2025-04-30 22:00:00,10928.954957296304,11519.536429866515,8775.21484375
forecast_2879,2025-04-30 23:00:00,12975.668768926456,13713.151880700392,12760.5419921875
forecast_2880,2025-05-01 00:00:00,14552.097878244127,15328.739377006314,15355.8154296875
forecast_2881,2025-05-01 01:00:00,16642.803233111692,16197.24680143971,17742.69140625
forecast_2882,2025-05-01 02:00:00,17503.57706862514,16467.591358312748,19499.421875
forecast_2883,2025-05-01 03:00:00,17818.83985500854,16694.62737567578,19898.18359375
forecast_2884,2025-05-01 04:00:00,18459.81637558203,17770.132024449304,20228.580078125
forecast_2885,2025-05-01 05:00:00,18773.471918550604,18222.84367287362,20432.822265625
forecast_2886,2025-05-01 06:00:00,19084.70882718757,18737.15822347015,20431.259765625
forecast_2887,2025-05-01 07:00:00,19047.350856775778,19256.037216371216,20486.974609375
forecast_2888,2025-05-01 08:00:00,18722.849023584957,19116.430796002645,20410.82421875
forecast_2889,2025-05-01 09:00:00,18073.99993472535,18313.51817675058,19896.875
forecast_2890,2025-05-01 10:00:00,17508.569744714965,17532.384565249515,18475.88671875
forecast_2891,2025-05-01 11:00:00,17116.49221310565,17633.850030273614,17815.53125
forecast_2892,2025-05-01 12:00:00,17324.487440414483,17251.07905698574,17059.44921875
forecast_2893,2025-05-01 13:00:00,17528.79614719856,17527.331375994407,17288.744140625
forecast_2894,2025-05-01 14:00:00,16269.636472674261,16666.65963942724,16919.560546875
forecast_2895,2025-05-01 15:00:00,16680.664690677313,16826.89328137329,18065.935546875
forecast_2896,2025-05-01 16:00:00,15965.478399818903,16346.21900914519,17416.619140625
forecast_2897,2025-05-01 17:00:00,15458.129230346018,16270.262785375342,14927.482421875
forecast_2898,2025-05-01 18:00:00,12972.757240568833,14933.794474138842,12033.322265625
forecast_2899,2025-05-01 19:00:00,12913.196759634313,13821.187230075402,14230.810546875
forecast_2900,2025-05-01 20:00:00,13661.202938676965,16228.208738415797,15336.9111328125
forecast_2901,2025-05-01 21:00:00,11651.790898696487,14085.979415574311,10184.314453125
forecast_2902,2025-05-01 22:00:00,13206.341539134493,16124.837290996085,12520.775390625
forecast_2903,2025-05-01 23:00:00,14799.866820142783,16325.265704844822,15084.923828125
forecast_2904,2025-05-02 00:00:00,16719.734210240844,17495.773365750232,17564.568359375
forecast_2905,2025-05-02 01:00:00,17079.2425850293,18181.061420889204,16483.7578125
forecast_2906,2025-05-02 02:00:00,17376.414815976965,18417.341617087488,17602.96875
forecast_2907,2025-05-02 03:00:00,16440.604054071646,17585.028423380405,15050.1044921875
forecast_2908,2025-05-02 04:00:00,16657.09042059293,17177.257531088057,16167.5625
forecast_2909,2025-05-02 05:00:00,16543.496511862097,17209.86207447919,16913.802734375
forecast_2910,2025-05-02 06:00:00,16021.631635828906,17379.768031741027,16910.49609375
forecast_2911,2025-05-02 07:00:00,15652.368509919253,17043.59761048311,15405.607421875
forecast_2912,2025-05-02 08:00:00,14793.464736352662,15705.387053630606,13010.7412109375
forecast_2913,2025-05-02 09:00:00,14343.727316098342,15191.137488100445,11439.630859375
forecast_2914,2025-05-02 10:00:00,13786.209683534202,14536.261841573485,10551.1728515625
forecast_2915,2025-05-02 11:00:00,12706.259982765696,13068.094360817197,8344.0
forecast_2916,2025-05-02 12:00:00,12346.041526727447,11930.170621987932,7153.38671875
forecast_2917,2025-05-02 13:00:00,11694.3068926915,11117.443550254495,6532.27734375
forecast_2918,2025-05-02 14:00:00,11104.038019581185,9837.228172819563,6587.2421875
forecast_2919,2025-05-02 15:00:00,10561.742890897935,9271.5568297838,5561.875
forecast_2920,2025-05-02 16:00:00,9495.275793637935,8071.091045131942,4426.0029296875
forecast_2921,2025-05-02 17:00:00,8486.048189181809,7230.59398453098,3703.22802734375
forecast_2922,2025-05-02 18:00:00,9408.872820677225,8646.68200363915,5961.4072265625
forecast_2923,2025-05-02 19:00:00,10060.008887730257,9637.505504558501,6736.07666015625
forecast_2924,2025-05-02 20:00:00,10971.901292359504,10520.20269027616,7971.13916015625
forecast_2925,2025-05-02 21:00:00,11460.588595928288,11758.646152358975,9376.896484375
forecast_2926,2025-05-02 22:00:00,12843.066422421676,11895.387092844867,10790.0927734375
forecast_2927,2025-05-02 23:00:00,13630.886898317527,14118.336020446251,12711.7373046875
forecast_2928,2025-05-03 00:00:00,12513.347071711152,12679.442007489526,12281.1845703125
forecast_2929,2025-05-03 01:00:00,13615.129342670829,14215.86131126256,13034.7158203125
forecast_2930,2025-05-03 02:00:00,12344.906819290278,12239.007969418275,10902.189453125
forecast_2931,2025-05-03 03:00:00,11281.498980631004,10655.058749930446,8624.326171875
forecast_2932,2025-05-03 04:00:00,10157.918182152353,9844.510458115778,6212.58984375
forecast_2933,2025-05-03 05:00:00,8225.154748653906,8687.638898400372,5699.134765625
forecast_2934,2025-05-03 06:00:00,6643.934729903097,6950.825006711044,3997.31982421875
forecast_2935,2025-05-03 07:00:00,6005.240031723377,6594.743540472604,3381.02197265625
forecast_2936,2025-05-03 08:00:00,7052.363778392497,6705.785415603401,5101.86572265625
forecast_2937,2025-05-03 09:00:00,7801.2570713039695,7386.586990973894,5287.29541015625
forecast_2938,2025-05-03 10:00:00,9240.014967089028,9965.023541979437,7743.36083984375
forecast_2939,2025-05-03 11:00:00,11124.536576457005,14147.554337721362,10395.8642578125
forecast_2940,2025-05-03 12:00:00,12219.632558010435,15371.387056219812,11258.79296875
forecast_2941,2025-05-03 13:00:00,13693.706696803249,15250.605763297113,13177.130859375
forecast_2942,2025-05-03 14:00:00,13232.17465867861,15434.112569760639,12211.2626953125
forecast_2943,2025-05-03 15:00:00,13018.676510443904,14307.50859724912,12593.1513671875
forecast_2944,2025-05-03 16:00:00,14132.363458010343,14977.659995577742,13385.544921875
forecast_2945,2025-05-03 17:00:00,13584.780172864466,15172.296566954234,13137.525390625
forecast_2946,2025-05-03 18:00:00,13378.41954972488,14201.789188442632,14808.498046875
forecast_2947,2025-05-03 19:00:00,14525.876171554257,15800.54240077829,15405.546875
forecast_2948,2025-05-03 20:00:00,15418.174169049667,16384.732475907997,17302.61328125
forecast_2949,2025-05-03 21:00:00,15468.085198293611,16174.612107242934,17297.58203125
forecast_2950,2025-05-03 22:00:00,15611.558000981277,16438.73488413141,17145.58203125
forecast_2951,2025-05-03 23:00:00,15751.575534504998,15741.700974411307,16956.947265625
forecast_2952,2025-05-04 00:00:00,15605.420765242292,16073.794223104329,17518.462890625
forecast_2953,2025-05-04 01:00:00,16064.223849360955,16640.3413493466,17101.837890625
forecast_2954,2025-05-04 02:00:00,15768.619693661833,16299.498732291568,16222.771484375
forecast_2955,2025-05-04 03:00:00,15720.132265254346,15485.179756068574,15586.044921875
forecast_2956,2025-05-04 04:00:00,15888.218419086632,15884.08549322403,15726.1796875
forecast_2957,2025-05-04 05:00:00,16350.062901481499,16358.58689398233,15814.173828125
forecast_2958,2025-05-04 06:00:00,16763.273924685305,16574.99904575356,15627.537109375
forecast_2959,2025-05-04 07:00:00,15851.669132525847,16045.22658837914,13949.0263671875
forecast_2960,2025-05-04 08:00:00,15204.795891897777,15765.634835199427,12393.5576171875
forecast_2961,2025-05-04 09:00:00,14946.392749594652,15524.60582394815,11064.341796875
forecast_2962,2025-05-04 10:00:00,14541.285107163218,14908.680309928137,9919.0693359375
forecast_2963,2025-05-04 11:00:00,14438.6913230004,14600.172670027832,9452.41796875
forecast_2964,2025-05-04 12:00:00,14881.133089578692,15237.020344555884,10543.505859375
forecast_2965,2025-05-04 13:00:00,15940.872550776792,16205.285466087975,12371.34375
forecast_2966,2025-05-04 14:00:00,16828.269795642183,17068.812118166214,13627.458984375
forecast_2967,2025-05-04 15:00:00,16943.026687043945,17073.11340009648,13884.193359375
forecast_2968,2025-05-04 16:00:00,16565.35022820394,17093.25892160499,13995.7080078125
forecast_2969,2025-05-04 17:00:00,15963.344939744611,17198.952021079447,13621.671875
forecast_2970,2025-05-04 18:00:00,15767.028869995507,16678.170694922715,13418.533203125
forecast_2971,2025-05-04 19:00:00,15321.884459020475,15739.630412153403,14135.330078125
forecast_2972,2025-05-04 20:00:00,14634.283679032227,14433.834667943058,14410.3173828125
forecast_2973,2025-05-04 21:00:00,12779.006308102278,11963.327213683915,10215.474609375
forecast_2974,2025-05-04 22:00:00,9152.902800149812,8176.466146441908,3722.57177734375
forecast_2975,2025-05-04 23:00:00,6706.922794874135,6268.301999572648,2583.37939453125
forecast_2976,2025-05-05 00:00:00,7799.066394338203,6297.469695776878,4161.2978515625
forecast_2977,2025-05-05 01:00:00,7618.547992241457,7428.26926694448,4964.2666015625
forecast_2978,2025-05-05 02:00:00,6304.245364332656,4718.380390525343,4016.68896484375
forecast_2979,2025-05-05 03:00:00,5883.132359303825,4239.912315449506,3490.47900390625
forecast_2980,2025-05-05 04:00:00,6111.10225117309,4392.200910683336,3264.757080078125
forecast_2981,2025-05-05 05:00:00,5091.81143407452,4088.385046404419,3274.287841796875
forecast_2982,2025-05-05 06:00:00,4874.227414054059,3295.541256598762,3151.86865234375
forecast_2983,2025-05-05 07:00:00,4369.758674797315,3149.4855446130473,3722.120361328125
forecast_2984,2025-05-05 08:00:00,3462.779788972707,2752.5333971084583,3305.02587890625
forecast_2985,2025-05-05 09:00:00,2932.5782539342963,2075.828814203575,2455.31884765625
forecast_2986,2025-05-05 10:00:00,2747.8557271885047,1844.3603726210513,2517.29248046875
forecast_2987,2025-05-05 11:00:00,2528.031209956287,1370.6580716408398,2117.35498046875
forecast_2988,2025-05-05 12:00:00,2933.585102792217,1764.3181701633362,2215.81298828125
forecast_2989,2025-05-05 13:00:00,2842.5361320939332,1857.9580892643305,2284.42919921875
forecast_2990,2025-05-05 14:00:00,2303.736930200766,1683.0502274356068,2113.45849609375
forecast_2991,2025-05-05 15:00:00,2105.9147073471922,1321.6979177865965,2252.56689453125
forecast_2992,2025-05-05 16:00:00,2182.236903875885,1417.0484570935491,2017.306640625
forecast_2993,2025-05-05 17:00:00,2850.7606588277695,2396.333078034695,2229.8427734375
forecast_2994,2025-05-05 18:00:00,3854.9776552849044,3255.8716336628154,2554.12841796875
forecast_2995,2025-05-05 19:00:00,4668.827387164866,3699.9112455433515,3678.64208984375
forecast_2996,2025-05-05 20:00:00,5243.014683181433,4953.766895314101,3438.830810546875
forecast_2997,2025-05-05 21:00:00,5654.304974678551,6123.628339976564,3925.128173828125
forecast_2998,2025-05-05 22:00:00,6523.875310739841,7024.7083940425855,4064.27978515625
forecast_2999,2025-05-05 23:00:00,5214.479144347828,4597.097015110236,3516.298095703125
forecast_3000,2025-05-06 00:00:00,4723.884153663939,4348.873139642144,3633.920654296875
forecast_3001,2025-05-06 01:00:00,4381.934734297814,3276.5611407651872,3158.4794921875
forecast_3002,2025-05-06 02:00:00,3673.5042710912912,3380.3210633922195,3365.19775390625
forecast_3003,2025-05-06 03:00:00,3701.9239226093077,3096.4347512449413,3140.259765625
forecast_3004,2025-05-06 04:00:00,3243.939111838755,2779.9980511883086,2767.92724609375
forecast_3005,2025-05-06 05:00:00,2737.128319745243,2240.164780964713,2472.1923828125
forecast_3006,2025-05-06 06:00:00,2852.428649311839,2713.0972717922996,2602.74755859375
forecast_3007,2025-05-06 07:00:00,2875.9393232117764,2502.8555022553264,2518.20166015625
forecast_3008,2025-05-06 08:00:00,3174.5940780638584,2252.494222379191,2462.264892578125
forecast_3009,2025-05-06 09:00:00,3008.770480468473,2443.520932164739,2342.94384765625
forecast_3010,2025-05-06 10:00:00,2587.8650985516797,2048.5400289368245,2184.60888671875
forecast_3011,2025-05-06 11:00:00,2807.895876332377,2203.3548334280094,2153.175048828125
forecast_3012,2025-05-06 12:00:00,2629.1714298400884,1772.7611802903143,1998.8509521484375
forecast_3013,2025-05-06 13:00:00,2952.7775293001446,1955.589960838333,2158.104248046875
forecast_3014,2025-05-06 14:00:00,3147.1711484037846,2212.4656588964417,2442.9326171875
forecast_3015,2025-05-06 15:00:00,3224.990607377499,2443.464219000788,2597.365234375
forecast_3016,2025-05-06 16:00:00,2652.689773830045,1413.4777624253143,2421.81005859375
forecast_3017,2025-05-06 17:00:00,2635.0981320434216,1704.8408410601878,2470.930419921875
forecast_3018,2025-05-06 18:00:00,2399.7997136946406,1694.074465193677,2270.85498046875
forecast_3019,2025-05-06 19:00:00,2911.3933213514224,2222.4795547495205,3040.18310546875
forecast_3020,2025-05-06 20:00:00,3245.354792988388,2420.8105816258867,2999.805419921875
forecast_3021,2025-05-06 21:00:00,3470.9193891456543,3132.322863713439,3238.26123046875
forecast_3022,2025-05-06 22:00:00,3778.1867694198,4044.5865220552073,3442.880859375
forecast_3023,2025-05-06 23:00:00,3651.541243406718,3244.5602338608514,3198.701904296875
forecast_3024,2025-05-07 00:00:00,3902.3569013342494,3970.5371350427863,3394.853515625
forecast_3025,2025-05-07 01:00:00,4090.98378310282,3897.626093978832,3311.78466796875
forecast_3026,2025-05-07 02:00:00,4453.00565758668,2497.6421739390744,3293.367919921875
forecast_3027,2025-05-07 03:00:00,4500.925160276047,4789.070588339793,3257.67822265625
forecast_3028,2025-05-07 04:00:00,4827.742833309258,3163.8230806994125,3687.23046875
forecast_3029,2025-05-07 05:00:00,5126.691547198296,4969.443805228533,3882.27001953125
forecast_3030,2025-05-07 06:00:00,5609.71248373012,5164.2855238808825,3989.82421875
forecast_3031,2025-05-07 07:00:00,5788.187162991029,5072.055679962612,4194.25146484375
forecast_3032,2025-05-07 08:00:00,5528.211643907758,4861.396497549021,3992.174560546875
forecast_3033,2025-05-07 09:00:00,4304.155771896052,3372.15453046822,3200.679931640625
forecast_3034,2025-05-07 10:00:00,3701.5399222349724,2269.4839792355006,2497.685546875
forecast_3035,2025-05-07 11:00:00,3236.788294218639,1676.175340283455,2244.4970703125
forecast_3036,2025-05-07 12:00:00,3318.532708163979,2014.5048329663143,2337.621826171875
forecast_3037,2025-05-07 13:00:00,4102.131366137757,2458.1023429516476,2580.577392578125
forecast_3038,2025-05-07 14:00:00,4155.722518855919,2753.738434361564,2794.24853515625
forecast_3039,2025-05-07 15:00:00,3853.7945765116765,2438.185311187958,2464.808837890625
forecast_3040,2025-05-07 16:00:00,4002.121922434231,2457.9512060209945,2221.75634765625
forecast_3041,2025-05-07 17:00:00,3701.4684314812334,2295.009740043829,2342.431884765625
forecast_3042,2025-05-07 18:00:00,4066.0225177811362,2367.860428923266,2478.62109375
forecast_3043,2025-05-07 19:00:00,4675.313001996624,3377.1574655854224,2560.572265625
forecast_3044,2025-05-07 20:00:00,4839.280783613989,3519.7439521966853,3288.909423828125
forecast_3045,2025-05-07 21:00:00,5680.694188892876,5323.970336707054,3537.45654296875
forecast_3046,2025-05-07 22:00:00,7205.370106664601,5800.619592692882,3961.345703125
forecast_3047,2025-05-07 23:00:00,8219.984461940672,8010.159029716274,4869.31396484375
forecast_3048,2025-05-08 00:00:00,8068.394630153325,7439.314151605583,5299.33251953125
forecast_3049,2025-05-08 01:00:00,7234.964487599924,7742.202253697662,4701.88037109375
forecast_3050,2025-05-08 02:00:00,8655.001280434411,9124.977763641005,5543.556640625
forecast_3051,2025-05-08 03:00:00,11167.39706461961,11918.031749815533,6367.70947265625
forecast_3052,2025-05-08 04:00:00,12846.87664171453,12420.468867168363,7126.9462890625
forecast_3053,2025-05-08 05:00:00,12694.908022726133,9134.736785759193,6957.38818359375
forecast_3054,2025-05-08 06:00:00,11554.86504773564,10112.92076699698,5667.1513671875
forecast_3055,2025-05-08 07:00:00,8097.899597303043,6419.21436802517,3935.048095703125
forecast_3056,2025-05-08 08:00:00,6471.623579415311,5540.3572208556625,3613.38525390625
forecast_3057,2025-05-08 09:00:00,5245.903088908302,3781.496560002476,3125.21533203125
forecast_3058,2025-05-08 10:00:00,3997.387780703986,2631.149058841237,2643.207763671875
forecast_3059,2025-05-08 11:00:00,3851.4917775377417,2305.1743094822705,2782.992919921875
forecast_3060,2025-05-08 12:00:00,3206.2722036519017,2222.921597244799,2164.053466796875
forecast_3061,2025-05-08 13:00:00,3111.852993720304,2147.5395395593414,2453.298095703125
forecast_3062,2025-05-08 14:00:00,4072.7900928017207,4261.849436347435,3000.587646484375
forecast_3063,2025-05-08 15:00:00,3781.2426177316775,2813.2206979057146,2827.53955078125
forecast_3064,2025-05-08 16:00:00,4697.34721923032,3197.348531264446,2961.09033203125
forecast_3065,2025-05-08 17:00:00,4986.727659530379,3711.1638653591062,2971.482666015625
forecast_3066,2025-05-08 18:00:00,5430.4340437205465,5022.381245010441,3076.682373046875
forecast_3067,2025-05-08 19:00:00,6301.004490133842,5939.872843680446,3313.33349609375
forecast_3068,2025-05-08 20:00:00,5981.9428082677605,5116.265200613852,3588.92822265625
forecast_3069,2025-05-08 21:00:00,5965.141244528165,5261.044463069206,3879.592529296875
forecast_3070,2025-05-08 22:00:00,5969.552212646526,6474.222005137498,4034.59521484375
forecast_3071,2025-05-08 23:00:00,6456.797576343654,6858.779842105711,4438.6826171875
forecast_3072,2025-05-09 00:00:00,7134.885510121521,8544.212836149534,5132.02099609375
forecast_3073,2025-05-09 01:00:00,8081.651739956029,9504.380990591697,5420.9326171875
forecast_3074,2025-05-09 02:00:00,9464.834402297056,9964.685476734834,5428.2822265625
forecast_3075,2025-05-09 03:00:00,8553.707818254868,8660.417942131755,5254.8056640625
forecast_3076,2025-05-09 04:00:00,7981.964529467175,8775.628317817496,4800.07958984375
forecast_3077,2025-05-09 05:00:00,6503.7453648402325,6640.296618456065,3797.61328125
forecast_3078,2025-05-09 06:00:00,5542.731527281741,5819.615379175462,3545.49072265625
forecast_3079,2025-05-09 07:00:00,5272.390455240402,4661.501373462463,3436.01708984375
forecast_3080,2025-05-09 08:00:00,4648.017606218023,4177.23128897943,3442.132080078125
forecast_3081,2025-05-09 09:00:00,3858.598152046715,3796.585086862081,2980.8583984375
forecast_3082,2025-05-09 10:00:00,4973.345340334026,4967.010453551533,2676.66845703125
forecast_3083,2025-05-09 11:00:00,5395.705537128131,5372.359377219177,2993.7734375
forecast_3084,2025-05-09 12:00:00,6897.297124053266,8292.391975296054,3613.80322265625
forecast_3085,2025-05-09 13:00:00,7109.6894290461905,9409.993909247929,4542.0966796875
forecast_3086,2025-05-09 14:00:00,9192.37016915705,11444.055935941815,8792.1435546875
forecast_3087,2025-05-09 15:00:00,11755.943667415006,13193.50292084953,10778.8193359375
forecast_3088,2025-05-09 16:00:00,12296.925811952686,14060.631076568536,11221.3701171875
forecast_3089,2025-05-09 17:00:00,12550.392804603758,13796.724048172786,12994.146484375
forecast_3090,2025-05-09 18:00:00,10818.482819276349,12276.969669045367,10767.3740234375
forecast_3091,2025-05-09 19:00:00,8727.684066761292,8998.984951661163,6653.5400390625
forecast_3092,2025-05-09 20:00:00,6817.116931894567,6086.880819460219,3639.460205078125
forecast_3093,2025-05-09 21:00:00,5232.592600573127,4092.6460235982645,2458.79833984375
forecast_3094,2025-05-09 22:00:00,6249.7895265404495,6799.010802412489,2999.01904296875
forecast_3095,2025-05-09 23:00:00,9659.915127503984,11731.326335585134,7282.49365234375
forecast_3096,2025-05-10 00:00:00,9785.489196232646,13988.699987154574,8675.7451171875
forecast_3097,2025-05-10 01:00:00,13991.450881743542,16082.802509952786,15338.5205078125
forecast_3098,2025-05-10 02:00:00,16816.34973766149,17430.97966208482,19347.46484375
forecast_3099,2025-05-10 03:00:00,16689.742001280385,17277.26551114856,19570.90234375
forecast_3100,2025-05-10 04:00:00,16741.27272791742,16843.662610936346,19028.69140625
forecast_3101,2025-05-10 05:00:00,17485.902419572307,17005.202183730253,18875.71484375
forecast_3102,2025-05-10 06:00:00,17631.481328813803,18268.933684526066,18574.65234375
forecast_3103,2025-05-10 07:00:00,18457.481033813485,19294.963361666698,19205.470703125
forecast_3104,2025-05-10 08:00:00,18923.00355151622,19115.55801671015,18556.306640625
forecast_3105,2025-05-10 09:00:00,19098.72033912811,19256.045712345258,19160.736328125
forecast_3106,2025-05-10 10:00:00,19038.91606075655,18523.811806887905,19247.40234375
forecast_3107,2025-05-10 11:00:00,19319.337937805823,18316.423461883256,19252.806640625
forecast_3108,2025-05-10 12:00:00,19605.740209628293,18169.57926371653,19224.494140625
forecast_3109,2025-05-10 13:00:00,18954.09892666525,17903.285890530795,18775.97265625
forecast_3110,2025-05-10 14:00:00,18079.061686044217,17646.49149266498,18828.884765625
forecast_3111,2025-05-10 15:00:00,17205.08879888589,17606.006226596262,18096.76953125
forecast_3112,2025-05-10 16:00:00,16266.059144910276,16723.174226972344,17170.05078125
forecast_3113,2025-05-10 17:00:00,15707.835496289568,16130.261917283822,17347.537109375
forecast_3114,2025-05-10 18:00:00,14480.90970651872,14734.604574117964,15685.326171875
forecast_3115,2025-05-10 19:00:00,12007.976510578086,13258.577867554299,11689.7705078125
forecast_3116,2025-05-10 20:00:00,12565.340615521314,13253.625683341039,12696.384765625
forecast_3117,2025-05-10 21:00:00,11524.32271816767,11838.977901531327,10732.5595703125
forecast_3118,2025-05-10 22:00:00,11995.362304320559,12783.664005701845,11914.365234375
forecast_3119,2025-05-10 23:00:00,12713.222186279168,13101.276546307025,11099.8564453125
forecast_3120,2025-05-11 00:00:00,12099.938463043669,11003.87115576867,9935.5810546875
forecast_3121,2025-05-11 01:00:00,10764.227251089267,11099.403513758418,8107.5693359375
forecast_3122,2025-05-11 02:00:00,9878.739919709973,10251.601873128438,6945.94921875
forecast_3123,2025-05-11 03:00:00,9518.731290452428,10092.792010385183,6994.3955078125
forecast_3124,2025-05-11 04:00:00,8560.861007036372,8343.396500904593,5822.017578125
forecast_3125,2025-05-11 05:00:00,8355.117070813209,8099.640390604258,5733.23681640625
forecast_3126,2025-05-11 06:00:00,8190.047952528808,7673.57690775147,4760.880859375
forecast_3127,2025-05-11 07:00:00,6303.471321158648,5997.103586311266,4162.90234375
forecast_3128,2025-05-11 08:00:00,5836.941781341127,5003.512723493701,3880.78369140625
forecast_3129,2025-05-11 09:00:00,4492.10716166381,3757.271788061571,3422.811279296875
forecast_3130,2025-05-11 10:00:00,3667.7513984580482,2810.384642005583,3078.345703125
forecast_3131,2025-05-11 11:00:00,3540.8866186953546,2351.187676341743,2856.541748046875
forecast_3132,2025-05-11 12:00:00,3738.109689414023,2663.389073532536,2917.381591796875
forecast_3133,2025-05-11 13:00:00,4239.311062196208,3548.981300542968,3348.867919921875
forecast_3134,2025-05-11 14:00:00,5345.140188804776,4438.958501851023,3349.97802734375
forecast_3135,2025-05-11 15:00:00,4865.29790277376,4035.8242375574523,3262.352783203125
forecast_3136,2025-05-11 16:00:00,4298.855345116572,3017.8565594455927,2790.365478515625
forecast_3137,2025-05-11 17:00:00,5316.556454760956,3991.047451503918,3405.56787109375
forecast_3138,2025-05-11 18:00:00,5038.387280997583,5144.381709927544,3191.8447265625
forecast_3139,2025-05-11 19:00:00,7060.907555021044,7021.216345726865,5363.66455078125
forecast_3140,2025-05-11 20:00:00,7959.647036018721,8610.93691912448,5858.08154296875
forecast_3141,2025-05-11 21:00:00,10020.701086696827,11474.202066642127,8131.6181640625
forecast_3142,2025-05-11 22:00:00,10837.733413777538,12055.073730648994,8352.572265625
forecast_3143,2025-05-11 23:00:00,13210.521746794562,14010.887155640408,10933.1396484375
forecast_3144,2025-05-12 00:00:00,15636.414982105627,15815.506619661415,15331.0341796875
forecast_3145,2025-05-12 01:00:00,15511.591519094543,16228.98294684605,14813.2919921875
forecast_3146,2025-05-12 02:00:00,16137.01496882701,16424.59881908686,15270.3876953125
forecast_3147,2025-05-12 03:00:00,16395.92176337611,16475.781448373687,17016.146484375
forecast_3148,2025-05-12 04:00:00,16465.650280192025,16049.245243107434,17002.212890625
forecast_3149,2025-05-12 05:00:00,16240.771777119073,15215.260630529334,15899.552734375
forecast_3150,2025-05-12 06:00:00,15467.190336820786,15065.488890580307,14559.279296875
forecast_3151,2025-05-12 07:00:00,14940.05254329547,14544.516873463412,14243.310546875
forecast_3152,2025-05-12 08:00:00,14149.4363525392,14489.212224544583,12704.265625
forecast_3153,2025-05-12 09:00:00,12099.034224022962,13031.784737007298,10137.6669921875
forecast_3154,2025-05-12 10:00:00,10777.971415617856,11483.404429486829,8140.64306640625
forecast_3155,2025-05-12 11:00:00,10104.097681966196,10310.656383218386,6777.8203125
forecast_3156,2025-05-12 12:00:00,9386.969021026754,9522.477466138342,6741.1689453125
forecast_3157,2025-05-12 13:00:00,9399.678206784054,8143.5490475029665,5876.16943359375
forecast_3158,2025-05-12 14:00:00,8999.97482981348,7902.116427413352,5572.0009765625
forecast_3159,2025-05-12 15:00:00,8812.422733878055,7482.242395733051,5622.19921875
forecast_3160,2025-05-12 16:00:00,8775.645555165804,7422.39256533111,5426.5283203125
forecast_3161,2025-05-12 17:00:00,8968.496456822788,7669.438884504238,5623.10107421875
forecast_3162,2025-05-12 18:00:00,9985.58792840645,9065.846740756782,7235.6787109375
forecast_3163,2025-05-12 19:00:00,11226.979520460842,10545.50248579393,8491.3701171875
forecast_3164,2025-05-12 20:00:00,13669.126514761854,13351.481328710372,11102.087890625
forecast_3165,2025-05-12 21:00:00,15739.560877232081,15399.396365821567,14827.1357421875
forecast_3166,2025-05-12 22:00:00,17769.48296307326,17439.894376347358,18080.5703125
forecast_3167,2025-05-12 23:00:00,19003.17996686761,17852.814206832052,19805.513671875
forecast_3168,2025-05-13 00:00:00,19233.593054406487,18362.256270930775,20125.853515625
forecast_3169,2025-05-13 01:00:00,20136.4550011929,18921.237885020888,19967.55859375
forecast_3170,2025-05-13 02:00:00,20473.622555056012,19114.7301807236,20534.423828125
forecast_3171,2025-05-13 03:00:00,20584.636640061777,19082.1475764022,20508.30078125
forecast_3172,2025-05-13 04:00:00,20472.741313399994,19167.614403636962,20447.787109375
forecast_3173,2025-05-13 05:00:00,19790.58899039759,18989.40489897752,20296.064453125
forecast_3174,2025-05-13 06:00:00,19277.018844204886,18686.792517002203,19988.45703125
forecast_3175,2025-05-13 07:00:00,17469.357395495736,18053.112392877643,19434.595703125
forecast_3176,2025-05-13 08:00:00,17370.130487028193,18164.174042701918,19534.33984375
forecast_3177,2025-05-13 09:00:00,16631.179868905834,18146.292981604412,18850.97265625
forecast_3178,2025-05-13 10:00:00,15669.230708690076,16889.502028312636,18143.75390625
forecast_3179,2025-05-13 11:00:00,14904.64725473109,15936.593346844973,17136.369140625
forecast_3180,2025-05-13 12:00:00,14868.644015830296,15449.646432304307,15796.701171875
forecast_3181,2025-05-13 13:00:00,14807.147018891445,15441.534924581667,15858.40625
forecast_3182,2025-05-13 14:00:00,14454.51487758949,15244.953809096336,15813.583984375
forecast_3183,2025-05-13 15:00:00,14177.064255655881,14820.475181727323,15459.146484375
forecast_3184,2025-05-13 16:00:00,13638.541946411917,14157.501274029475,14635.759765625
forecast_3185,2025-05-13 17:00:00,13724.349283717029,14690.016166810778,15067.896484375
forecast_3186,2025-05-13 18:00:00,14798.490085213143,15546.25435025564,16510.494140625
forecast_3187,2025-05-13 19:00:00,16196.967948690017,16543.521432271245,18189.54296875
forecast_3188,2025-05-13 20:00:00,17994.016666731564,17585.900922935958,19484.228515625
forecast_3189,2025-05-13 21:00:00,18866.321371145932,17893.432189915104,19760.87109375
forecast_3190,2025-05-13 22:00:00,19448.104224266863,18249.732838131593,20157.59375
forecast_3191,2025-05-13 23:00:00,19457.068673992406,18197.451267748274,20114.3984375
forecast_3192,2025-05-14 00:00:00,19429.005523491225,18368.14527748731,20071.42578125
forecast_3193,2025-05-14 01:00:00,19479.687829225913,18283.80611156537,19939.30859375
forecast_3194,2025-05-14 02:00:00,19801.24589210874,18508.665789648934,20080.12890625
forecast_3195,2025-05-14 03:00:00,20256.6174357008,18786.73084036646,20177.60546875
forecast_3196,2025-05-14 04:00:00,20291.146993265345,18932.165551537757,20095.7421875
forecast_3197,2025-05-14 05:00:00,20429.870354947656,19033.81417095004,19859.181640625
forecast_3198,2025-05-14 06:00:00,19811.020719673346,18329.17591677991,19042.171875
forecast_3199,2025-05-14 07:00:00,17658.464050217175,17213.913634187455,15391.6298828125
forecast_3200,2025-05-14 08:00:00,17044.213610938095,16639.948976875894,14260.8095703125
forecast_3201,2025-05-14 09:00:00,13921.079047556777,13590.093420540188,10933.923828125
forecast_3202,2025-05-14 10:00:00,11340.404421319705,10778.72281546211,7839.1025390625
forecast_3203,2025-05-14 11:00:00,9318.960360765359,8683.549406191916,5374.3505859375
forecast_3204,2025-05-14 12:00:00,8013.053273962425,7151.920381500274,4148.00146484375
forecast_3205,2025-05-14 13:00:00,7501.844619487252,7086.868463507831,4148.7041015625
forecast_3206,2025-05-14 14:00:00,7472.591881807709,6759.827391642802,4059.34423828125
forecast_3207,2025-05-14 15:00:00,7171.360078034403,6163.277919064328,3860.68701171875
forecast_3208,2025-05-14 16:00:00,7128.218483621685,6480.475381174073,3898.34228515625
forecast_3209,2025-05-14 17:00:00,7313.4681400359,6161.045682035758,4296.1826171875
forecast_3210,2025-05-14 18:00:00,7267.45319381797,7346.035822862607,4090.70361328125
forecast_3211,2025-05-14 19:00:00,8620.142057748752,8571.688014185705,5771.20947265625
forecast_3212,2025-05-14 20:00:00,9856.956563149697,10825.055838950968,5719.01171875
forecast_3213,2025-05-14 21:00:00,9855.483415903815,10793.451667355203,6786.1767578125
forecast_3214,2025-05-14 22:00:00,10180.449560933303,10793.62608465313,7035.6796875
forecast_3215,2025-05-14 23:00:00,10836.769217347639,11243.240027513319,7781.1796875
forecast_3216,2025-05-15 00:00:00,11862.310592924161,12218.350836460984,9816.365234375
forecast_3217,2025-05-15 01:00:00,11323.491090764954,12083.866952749398,8927.271484375
forecast_3218,2025-05-15 02:00:00,12643.057017681029,14035.847798635312,10215.3837890625
forecast_3219,2025-05-15 03:00:00,13861.83448578614,15317.836034085778,12248.623046875
forecast_3220,2025-05-15 04:00:00,15072.266164522884,16661.145159421678,15599.419921875
forecast_3221,2025-05-15 05:00:00,16121.686238406674,17474.078343794477,17460.4375
forecast_3222,2025-05-15 06:00:00,16465.183200491447,17711.77882271883,18453.11328125
forecast_3223,2025-05-15 07:00:00,16787.157324117667,17625.935812755175,19133.125
forecast_3224,2025-05-15 08:00:00,17336.97987967807,17196.36637098228,19246.513671875
forecast_3225,2025-05-15 09:00:00,16178.199948812962,16921.085312974035,17943.18359375
forecast_3226,2025-05-15 10:00:00,15176.576983713263,16222.952155573756,17225.712890625
forecast_3227,2025-05-15 11:00:00,15166.561428331437,15817.52326166629,16813.529296875
forecast_3228,2025-05-15 12:00:00,15495.053795026965,16708.90613777722,17925.615234375
forecast_3229,2025-05-15 13:00:00,15873.380277314918,17167.84421044402,17807.298828125
forecast_3230,2025-05-15 14:00:00,17655.924917066608,17994.537010541593,19197.28125
forecast_3231,2025-05-15 15:00:00,18211.609490192153,18572.43361651678,19988.19921875
forecast_3232,2025-05-15 16:00:00,17855.77953399387,18026.955318110493,20072.16796875
forecast_3233,2025-05-15 17:00:00,17533.52963515778,17703.86807759066,19911.76171875
forecast_3234,2025-05-15 18:00:00,17360.26758091747,17658.733293089885,19811.26171875
forecast_3235,2025-05-15 19:00:00,17900.026105429635,17646.21150402967,19974.53125
forecast_3236,2025-05-15 20:00:00,17656.496077497643,17858.813851460236,19926.458984375
forecast_3237,2025-05-15 21:00:00,17267.05589071184,17979.86522190537,19938.232421875
forecast_3238,2025-05-15 22:00:00,17904.191092692694,17935.778615030686,20252.302734375
forecast_3239,2025-05-15 23:00:00,18200.766146085483,18319.53810977712,20159.34375
forecast_3240,2025-05-16 00:00:00,17700.573389844678,17854.259253535427,20125.86328125
forecast_3241,2025-05-16 01:00:00,18578.21838783579,18347.559680549533,20347.345703125
forecast_3242,2025-05-16 02:00:00,18520.001825194486,18243.925689660944,20441.630859375
forecast_3243,2025-05-16 03:00:00,18276.651325883322,18101.846574727395,20417.75390625
forecast_3244,2025-05-16 04:00:00,18426.847302413542,17964.188863487234,20423.99609375
forecast_3245,2025-05-16 05:00:00,18653.679349852086,17713.718808826718,20300.5078125
forecast_3246,2025-05-16 06:00:00,18266.384819951258,17601.084547680097,20120.8515625
forecast_3247,2025-05-16 07:00:00,17594.80140615134,17420.714837205676,19637.802734375
forecast_3248,2025-05-16 08:00:00,16907.79546902206,17028.236952690968,19039.775390625
forecast_3249,2025-05-16 09:00:00,15671.440575656316,15793.562924417023,17479.73046875
forecast_3250,2025-05-16 10:00:00,13534.559719200464,14483.902394926026,13403.8828125
forecast_3251,2025-05-16 11:00:00,11945.538357206404,12462.354492311413,10836.490234375
forecast_3252,2025-05-16 12:00:00,10487.786465560246,10858.107559457134,9362.6953125
forecast_3253,2025-05-16 13:00:00,9540.956017653727,8991.884437868499,7413.3837890625
forecast_3254,2025-05-16 14:00:00,8758.485757107643,8070.314218098786,5928.96484375
forecast_3255,2025-05-16 15:00:00,7731.716913134844,7482.2835646459025,5197.5263671875
forecast_3256,2025-05-16 16:00:00,7536.447559940896,6951.4270325332145,5490.78515625
forecast_3257,2025-05-16 17:00:00,7723.586487876495,7683.937946170846,5525.37353515625
forecast_3258,2025-05-16 18:00:00,7236.935712502445,7571.487254208864,4988.6025390625
forecast_3259,2025-05-16 19:00:00,7670.117244634742,8140.090316445752,5693.1279296875
forecast_3260,2025-05-16 20:00:00,7786.277712826573,8332.865861865039,5417.0546875
forecast_3261,2025-05-16 21:00:00,6642.414002717231,7125.093232653485,5645.37255859375
forecast_3262,2025-05-16 22:00:00,5561.82829676897,5370.676134194125,3677.134765625
forecast_3263,2025-05-16 23:00:00,5863.065927075404,4586.2779725302225,4503.4501953125
forecast_3264,2025-05-17 00:00:00,5797.6710449198745,5276.809958828326,3672.766845703125
forecast_3265,2025-05-17 01:00:00,5727.413932617605,6215.119388132652,3047.620849609375
forecast_3266,2025-05-17 02:00:00,5751.700007268544,5745.181002765652,3452.1484375
forecast_3267,2025-05-17 03:00:00,6350.280287658168,5806.355474955203,3750.75
forecast_3268,2025-05-17 04:00:00,4935.812130891141,4573.774484418231,4099.3369140625
forecast_3269,2025-05-17 05:00:00,4338.003465790537,4418.554163513166,3233.398193359375
forecast_3270,2025-05-17 06:00:00,3551.7496540572756,3008.4300526801,2608.118896484375
forecast_3271,2025-05-17 07:00:00,3377.421663973425,2935.611050692044,2664.932373046875
forecast_3272,2025-05-17 08:00:00,4306.882784495643,3910.2620229667114,3083.66845703125
forecast_3273,2025-05-17 09:00:00,5155.90125316685,5311.636350687264,2905.62744140625
forecast_3274,2025-05-17 10:00:00,5658.487910370806,6683.561818972944,4040.62939453125
forecast_3275,2025-05-17 11:00:00,6320.727468501973,7098.2745938946255,4527.73046875
forecast_3276,2025-05-17 12:00:00,7529.67365944367,8436.300009795024,5312.630859375
forecast_3277,2025-05-17 13:00:00,8688.342907459595,9999.651683256621,6923.9208984375
forecast_3278,2025-05-17 14:00:00,10564.891018180935,11653.284626353136,9731.935546875
forecast_3279,2025-05-17 15:00:00,12219.73115552311,12813.38871401359,11508.5712890625
forecast_3280,2025-05-17 16:00:00,14439.613146175285,14666.24792074576,14470.6044921875
forecast_3281,2025-05-17 17:00:00,16203.17732096954,17814.37322189468,16951.345703125
forecast_3282,2025-05-17 18:00:00,18119.085303012216,18515.999395383566,18547.37109375
forecast_3283,2025-05-17 19:00:00,18798.080484672995,18830.684208588238,19265.853515625
forecast_3284,2025-05-17 20:00:00,19359.87832303844,18759.99198193845,19902.16015625
forecast_3285,2025-05-17 21:00:00,19770.019898478728,18718.662679359553,20172.052734375
forecast_3286,2025-05-17 22:00:00,19686.502600825002,19206.864568169796,19931.09765625
forecast_3287,2025-05-17 23:00:00,19684.9415367927,19434.653938577794,19960.76953125
forecast_3288,2025-05-18 00:00:00,19358.429783245738,19193.268353860025,20003.583984375
forecast_3289,2025-05-18 01:00:00,18660.14272658206,18882.28164561931,19594.57421875
forecast_3290,2025-05-18 02:00:00,18321.603594813245,18004.15309727614,19270.693359375
forecast_3291,2025-05-18 03:00:00,16802.02931219215,16686.0022795418,16559.150390625
forecast_3292,2025-05-18 04:00:00,14638.062229572266,14009.9444208831,12666.2763671875
forecast_3293,2025-05-18 05:00:00,13265.15609915081,12742.286310240577,10523.2724609375
forecast_3294,2025-05-18 06:00:00,9135.978935181261,9705.007542778352,4627.79833984375
forecast_3295,2025-05-18 07:00:00,6662.184040272504,6630.526177943209,3059.285888671875
forecast_3296,2025-05-18 08:00:00,5208.86377114458,3438.110507954243,2809.76318359375
forecast_3297,2025-05-18 09:00:00,3342.1421385148396,1757.0269180123178,2350.818115234375
forecast_3298,2025-05-18 10:00:00,2703.6860177380204,1786.3199604166907,2216.16943359375
forecast_3299,2025-05-18 11:00:00,3238.13772999998,2207.9938950799724,2506.53173828125
forecast_3300,2025-05-18 12:00:00,3661.4053224198833,2815.0106062244377,2745.151611328125
forecast_3301,2025-05-18 13:00:00,4856.834154972546,3933.108024343689,3045.59619140625
forecast_3302,2025-05-18 14:00:00,5554.127031622854,4593.166305948575,3265.321044921875
forecast_3303,2025-05-18 15:00:00,6381.131633833698,6108.807344451572,3861.91650390625
forecast_3304,2025-05-18 16:00:00,6926.044270668703,6743.275361272551,3994.38427734375
forecast_3305,2025-05-18 17:00:00,7917.095381710575,6735.945558405475,4279.2763671875
forecast_3306,2025-05-18 18:00:00,9022.546879048448,7948.416432355231,5229.44140625
forecast_3307,2025-05-18 19:00:00,9668.691178301358,9415.945920329337,6333.9501953125
forecast_3308,2025-05-18 20:00:00,11752.532144823614,11576.148610294244,8899.4609375
forecast_3309,2025-05-18 21:00:00,12845.554892837761,12325.649086603082,11716.505859375
forecast_3310,2025-05-18 22:00:00,13557.824664304997,12874.000985663877,12369.171875
forecast_3311,2025-05-18 23:00:00,14509.351471610451,13015.493529401678,14629.7265625
forecast_3312,2025-05-19 00:00:00,13609.756467146814,13142.554804661551,12386.251953125
forecast_3313,2025-05-19 01:00:00,14636.28844817822,14601.151192280007,12917.6025390625
forecast_3314,2025-05-19 02:00:00,13360.458120925814,13805.509289915371,11153.46875
forecast_3315,2025-05-19 03:00:00,13219.283161931371,12930.117552886697,11748.048828125
forecast_3316,2025-05-19 04:00:00,12131.065848145392,11107.089141419012,9946.513671875
forecast_3317,2025-05-19 05:00:00,11656.393583733214,11603.350544476598,9446.1171875
forecast_3318,2025-05-19 06:00:00,11448.55702620836,13035.163592826206,9250.359375
forecast_3319,2025-05-19 07:00:00,11609.312273511225,13636.483117057847,9863.83203125
forecast_3320,2025-05-19 08:00:00,12890.005565135856,15380.665864845327,12765.009765625
forecast_3321,2025-05-19 09:00:00,12264.320181820738,15133.421094653315,12589.3037109375
forecast_3322,2025-05-19 10:00:00,12512.147705455029,15104.584628704124,13182.3154296875
forecast_3323,2025-05-19 11:00:00,13502.14161478369,15384.969548313678,13467.890625
forecast_3324,2025-05-19 12:00:00,15053.274712786228,16836.135465206986,15050.892578125
forecast_3325,2025-05-19 13:00:00,16295.415737729123,17321.161554147853,16306.640625
forecast_3326,2025-05-19 14:00:00,17144.860672231487,17582.012951518926,16981.03515625
forecast_3327,2025-05-19 15:00:00,17816.199675245014,17672.352217116593,17124.31640625
forecast_3328,2025-05-19 16:00:00,18563.11895965756,17810.97390526564,18994.087890625
forecast_3329,2025-05-19 17:00:00,18944.125269913508,17642.353347984426,19567.376953125
forecast_3330,2025-05-19 18:00:00,18715.429453455086,18083.494913010505,19416.95703125
forecast_3331,2025-05-19 19:00:00,18586.355575840942,18937.230120086504,19224.95703125
forecast_3332,2025-05-19 20:00:00,18513.135799560838,18901.023751162837,19365.015625
forecast_3333,2025-05-19 21:00:00,18392.64176747908,18728.960067665706,19353.91796875
forecast_3334,2025-05-19 22:00:00,18491.223371331886,18426.861545521693,19545.5390625
forecast_3335,2025-05-19 23:00:00,17946.639391201963,18318.544402029787,19163.333984375
forecast_3336,2025-05-20 00:00:00,17726.2531691436,18060.13344770386,19176.03515625
forecast_3337,2025-05-20 01:00:00,17939.395366193392,18035.227446293764,18594.91015625
forecast_3338,2025-05-20 02:00:00,17856.28270637724,18283.135516761467,19403.431640625
forecast_3339,2025-05-20 03:00:00,17598.547873668882,17953.02760583688,19389.37109375
forecast_3340,2025-05-20 04:00:00,17984.58915583777,18167.334503320675,19400.4375
forecast_3341,2025-05-20 05:00:00,18205.9389726772,18023.456534291145,19535.943359375
forecast_3342,2025-05-20 06:00:00,18350.073061621046,18411.235703329967,19868.103515625
forecast_3343,2025-05-20 07:00:00,18340.04204346768,18642.955076471488,19881.076171875
forecast_3344,2025-05-20 08:00:00,18134.94739340644,18473.407596878787,19665.87109375
forecast_3345,2025-05-20 09:00:00,17235.08189866128,17858.096734975603,18526.865234375
forecast_3346,2025-05-20 10:00:00,16403.612653605116,16811.475858186805,16620.80078125
forecast_3347,2025-05-20 11:00:00,14769.311305443844,15309.311665564286,14742.998046875
forecast_3348,2025-05-20 12:00:00,13850.290655230081,14764.066982129105,14091.8076171875
forecast_3349,2025-05-20 13:00:00,13659.67266487491,14643.2015479365,14423.341796875
forecast_3350,2025-05-20 14:00:00,14215.995609310437,14366.606912493315,15428.9111328125
forecast_3351,2025-05-20 15:00:00,14990.80827306729,14811.589892997381,16518.630859375
forecast_3352,2025-05-20 16:00:00,15588.820341269824,15916.472067847722,17414.87109375
forecast_3353,2025-05-20 17:00:00,15497.795209684868,15803.580396629959,18234.548828125
forecast_3354,2025-05-20 18:00:00,15884.994127552789,16956.72247885353,18941.984375
forecast_3355,2025-05-20 19:00:00,17090.502216975612,17146.308475596,19681.859375
forecast_3356,2025-05-20 20:00:00,18244.465895726426,17762.022031128785,20064.71875
forecast_3357,2025-05-20 21:00:00,18135.354509869856,17418.03031191227,20217.75390625
forecast_3358,2025-05-20 22:00:00,18186.877955443706,17769.13211813762,20363.169921875
forecast_3359,2025-05-20 23:00:00,18766.270773786862,17881.182126573854,20444.927734375
forecast_3360,2025-05-21 00:00:00,18931.32907203944,17501.694424507565,20447.013671875
forecast_3361,2025-05-21 01:00:00,18866.048152794596,17467.061640947624,19870.130859375
forecast_3362,2025-05-21 02:00:00,17962.256617903502,16886.309949101284,19701.412109375
forecast_3363,2025-05-21 03:00:00,17287.2799192307,16429.973448881607,19346.984375
forecast_3364,2025-05-21 04:00:00,17185.153096614515,16590.446870377025,19032.87890625
forecast_3365,2025-05-21 05:00:00,17708.754750121338,15530.063071606362,19199.94140625
forecast_3366,2025-05-21 06:00:00,15652.521791038584,13973.338228058252,15159.904296875
forecast_3367,2025-05-21 07:00:00,10562.678986193183,10752.918383575812,6066.2119140625
forecast_3368,2025-05-21 08:00:00,8413.10200160446,6809.4323016372355,3533.288330078125
forecast_3369,2025-05-21 09:00:00,6207.106021180505,5050.689767497564,2713.267822265625
forecast_3370,2025-05-21 10:00:00,5038.737915578011,3688.3935280743717,2432.865966796875
forecast_3371,2025-05-21 11:00:00,4920.274647616297,3509.7216055499875,2857.826171875
forecast_3372,2025-05-21 12:00:00,4313.414814544423,2648.707887689048,2722.63720703125
forecast_3373,2025-05-21 13:00:00,3896.6493435992597,2413.6271641248604,2744.235595703125
forecast_3374,2025-05-21 14:00:00,3811.0404717142046,2501.861904671867,2722.13427734375
forecast_3375,2025-05-21 15:00:00,3612.809677050067,2338.8990945411797,2622.921875
forecast_3376,2025-05-21 16:00:00,3479.4505024268924,1708.7936456009293,2634.5439453125
forecast_3377,2025-05-21 17:00:00,3130.061076297508,1393.947841710385,2278.077880859375
forecast_3378,2025-05-21 18:00:00,3804.561124047803,2159.8777883015373,2718.999267578125
forecast_3379,2025-05-21 19:00:00,3189.9380288826,2492.3797407179045,2379.8876953125
forecast_3380,2025-05-21 20:00:00,4181.965084927224,3486.7179025686555,2825.103759765625
forecast_3381,2025-05-21 21:00:00,3972.2012552147958,3663.5007888721084,2652.84130859375
forecast_3382,2025-05-21 22:00:00,4221.855299946801,3337.671583739487,2712.249267578125
forecast_3383,2025-05-21 23:00:00,3508.646229592987,2395.6939162025046,2270.376220703125
forecast_3384,2025-05-22 00:00:00,2768.799011811131,2288.0894095770045,1939.5804443359375
forecast_3385,2025-05-22 01:00:00,3428.7040471961773,3114.5889043211614,1920.0035400390625
forecast_3386,2025-05-22 02:00:00,3283.8790950478115,2503.93539651817,1862.51171875
forecast_3387,2025-05-22 03:00:00,3335.3694085607553,3346.848981547747,2040.0726318359375
forecast_3388,2025-05-22 04:00:00,3333.703595145548,3055.298980234986,2013.4925537109375
forecast_3389,2025-05-22 05:00:00,3340.8992574221497,3097.8755733795306,1991.9603271484375
forecast_3390,2025-05-22 06:00:00,3325.6836600885936,2599.8724419837126,2105.755126953125
forecast_3391,2025-05-22 07:00:00,3333.515844013059,2637.5076594805437,2382.024169921875
forecast_3392,2025-05-22 08:00:00,3344.507886125205,2876.695106526744,2763.13427734375
forecast_3393,2025-05-22 09:00:00,3963.824005971249,4798.331637769043,3278.173828125
forecast_3394,2025-05-22 10:00:00,4095.502468252953,4889.451292029899,3277.126220703125
forecast_3395,2025-05-22 11:00:00,3700.6248323497275,4272.245495644191,3232.038330078125
forecast_3396,2025-05-22 12:00:00,3684.8607715374246,4095.735589850877,3132.05322265625
forecast_3397,2025-05-22 13:00:00,3704.52224706384,3829.48216026995,3056.96435546875
forecast_3398,2025-05-22 14:00:00,3873.9726718957086,3793.4012938332075,2989.037353515625
forecast_3399,2025-05-22 15:00:00,4014.985865428627,3443.049220979562,2911.692626953125
forecast_3400,2025-05-22 16:00:00,3661.5933282640335,2480.943068266919,2752.158203125
forecast_3401,2025-05-22 17:00:00,2698.0302777311654,1838.1524630075194,2511.36181640625
forecast_3402,2025-05-22 18:00:00,2578.6565009283204,1697.8632303364661,2457.529052734375
forecast_3403,2025-05-22 19:00:00,2225.3319021681336,1692.766478208375,2201.125
forecast_3404,2025-05-22 20:00:00,3083.720165309768,2332.7104724810824,2452.2001953125
forecast_3405,2025-05-22 21:00:00,3729.9362282704865,2533.8121769011213,2520.48681640625
forecast_3406,2025-05-22 22:00:00,3878.669177357688,2632.362874444795,2605.564453125
forecast_3407,2025-05-22 23:00:00,3886.7326931635007,2573.4378408733874,2447.45947265625
forecast_3408,2025-05-23 00:00:00,4063.878726171087,2806.8045166743323,2355.669189453125
forecast_3409,2025-05-23 01:00:00,3592.080943216325,2650.5204520688685,2360.877685546875
forecast_3410,2025-05-23 02:00:00,4233.85397747445,3090.995546563284,2493.4287109375
forecast_3411,2025-05-23 03:00:00,4260.379464151607,3589.204690351482,2458.61572265625
forecast_3412,2025-05-23 04:00:00,4060.8193588928025,3389.845938800794,2532.583251953125
forecast_3413,2025-05-23 05:00:00,4151.259899531626,3544.3795775454087,2675.88623046875
forecast_3414,2025-05-23 06:00:00,4620.770974571313,3913.207074396768,2518.239013671875
forecast_3415,2025-05-23 07:00:00,4689.273085953286,3990.011124445811,2417.939453125
forecast_3416,2025-05-23 08:00:00,4205.6277943961195,4039.797899014467,2463.642333984375
forecast_3417,2025-05-23 09:00:00,4477.293615682061,4032.562156360521,2598.425048828125
forecast_3418,2025-05-23 10:00:00,4504.143673167819,4206.47205375088,2631.516357421875
forecast_3419,2025-05-23 11:00:00,4535.9478055532,4763.556443439158,2706.65869140625
forecast_3420,2025-05-23 12:00:00,4358.07107631144,4189.394737345934,2706.9140625
forecast_3421,2025-05-23 13:00:00,3987.2784994058493,3425.5053087526044,2519.97021484375
forecast_3422,2025-05-23 14:00:00,3978.6987343313017,3525.1921305811957,2718.07861328125
forecast_3423,2025-05-23 15:00:00,3189.539821911626,2675.6137701446733,2424.08544921875
forecast_3424,2025-05-23 16:00:00,3404.459085858225,2787.9406416663905,2530.79296875
forecast_3425,2025-05-23 17:00:00,3467.7287320329633,3339.8763068571643,2679.25927734375
forecast_3426,2025-05-23 18:00:00,4151.429688877051,4699.879533158359,2957.662109375
forecast_3427,2025-05-23 19:00:00,4568.014813232567,4294.439978307904,3068.88427734375
forecast_3428,2025-05-23 20:00:00,4094.647534029924,4339.283146802816,2947.6318359375
forecast_3429,2025-05-23 21:00:00,4703.751860177545,4744.983566154147,2971.95263671875
forecast_3430,2025-05-23 22:00:00,5003.552174359616,5051.120519083992,2955.52783203125
forecast_3431,2025-05-23 23:00:00,4593.967968938092,4190.833645489443,2956.107177734375
forecast_3432,2025-05-24 00:00:00,4477.0405221288365,3884.1990206151645,2619.10986328125
forecast_3433,2025-05-24 01:00:00,5740.084610818956,6146.656936027469,2880.235595703125
forecast_3434,2025-05-24 02:00:00,5801.30967180482,5831.753552464292,2902.7685546875
forecast_3435,2025-05-24 03:00:00,5671.3385873051675,5684.300270319832,2998.40966796875
forecast_3436,2025-05-24 04:00:00,5614.548146553044,5615.601776813595,3194.325439453125
forecast_3437,2025-05-24 05:00:00,5824.994951197903,6573.558536229134,3184.295654296875
forecast_3438,2025-05-24 06:00:00,5862.837537764645,6776.3364967309035,3733.04052734375
forecast_3439,2025-05-24 07:00:00,5431.592986663545,6376.652385123149,3704.34423828125
forecast_3440,2025-05-24 08:00:00,5414.141532076414,6003.54585270475,3796.477783203125
forecast_3441,2025-05-24 09:00:00,5137.6410816014395,5790.335211808737,3760.236328125
forecast_3442,2025-05-24 10:00:00,5433.363296397938,5774.172170005364,3919.15380859375
forecast_3443,2025-05-24 11:00:00,5007.378042375311,5132.560338522218,4021.39404296875
forecast_3444,2025-05-24 12:00:00,5187.859465181342,5659.999346479746,4091.542236328125
forecast_3445,2025-05-24 13:00:00,5115.64721361146,5672.089037338368,4131.9013671875
forecast_3446,2025-05-24 14:00:00,5363.574502171903,5787.834558654563,4496.8642578125
forecast_3447,2025-05-24 15:00:00,5864.036076619661,6578.02205326139,4794.33203125
forecast_3448,2025-05-24 16:00:00,6816.009867236278,7965.298887892967,5618.4013671875
forecast_3449,2025-05-24 17:00:00,7532.748579505876,9393.614943902674,6578.16259765625
forecast_3450,2025-05-24 18:00:00,7404.4032135368625,8914.23937654023,6766.48291015625
forecast_3451,2025-05-24 19:00:00,7113.037016220567,8708.96179563129,6153.6044921875
forecast_3452,2025-05-24 20:00:00,7102.274309880766,8489.811049861906,6130.20751953125
forecast_3453,2025-05-24 21:00:00,7469.128299134193,9258.354810299064,6264.3798828125
forecast_3454,2025-05-24 22:00:00,6748.179465001288,7992.767744586824,5802.13232421875
forecast_3455,2025-05-24 23:00:00,6548.781653106593,6808.6052865280235,5414.490234375
forecast_3456,2025-05-25 00:00:00,6194.00347183072,5860.246013258426,4747.79150390625
forecast_3457,2025-05-25 01:00:00,5750.835320448627,5227.840211660897,4147.64306640625
forecast_3458,2025-05-25 02:00:00,5389.472983277267,4596.217654858798,3711.803466796875
forecast_3459,2025-05-25 03:00:00,4777.242033141413,3881.5015696041833,3383.91796875
forecast_3460,2025-05-25 04:00:00,4528.793872321002,3742.3646778720413,3352.33349609375
forecast_3461,2025-05-25 05:00:00,4693.981653256742,4193.001363962314,3635.83740234375
forecast_3462,2025-05-25 06:00:00,4763.759820385911,4346.247130069483,3544.36279296875
forecast_3463,2025-05-25 07:00:00,4345.274386628491,4182.332954517646,3361.38134765625
forecast_3464,2025-05-25 08:00:00,4038.2210304291457,3877.93779139812,2990.4150390625
forecast_3465,2025-05-25 09:00:00,3509.446290332078,2764.6659909563605,2471.04736328125
forecast_3466,2025-05-25 10:00:00,2585.158360158661,1713.712033854558,2243.30078125
forecast_3467,2025-05-25 11:00:00,2673.8248667256257,1252.629820337262,2141.541259765625
forecast_3468,2025-05-25 12:00:00,2734.606119434884,2112.850954705599,2254.65966796875
forecast_3469,2025-05-25 13:00:00,3999.104756911447,3203.647366377121,2831.4267578125
forecast_3470,2025-05-25 14:00:00,4401.858251661273,4154.536509874492,2416.431396484375
forecast_3471,2025-05-25 15:00:00,4402.705628421507,3454.5704566236946,2020.6995849609375
forecast_3472,2025-05-25 16:00:00,4731.406095461317,3207.1627867069537,2909.83056640625
forecast_3473,2025-05-25 17:00:00,4966.840159292307,5174.156819102534,2853.97900390625
forecast_3474,2025-05-25 18:00:00,5122.90224490497,5573.08576860457,3399.21875
forecast_3475,2025-05-25 19:00:00,4703.938569076243,4650.27974974027,3305.22265625
forecast_3476,2025-05-25 20:00:00,6880.683306712455,7427.737994327953,4522.6865234375
forecast_3477,2025-05-25 21:00:00,7704.3014019832635,8481.147411865226,5762.0810546875
forecast_3478,2025-05-25 22:00:00,8144.245026330291,9006.794341872039,6285.0625
forecast_3479,2025-05-25 23:00:00,8921.824830435777,9146.329946287078,5950.01806640625
forecast_3480,2025-05-26 00:00:00,10303.261781933757,9778.268968306002,7278.15380859375
forecast_3481,2025-05-26 01:00:00,10441.653483018305,10083.835063717252,6986.32958984375
forecast_3482,2025-05-26 02:00:00,9680.712295704943,9360.887237980023,5783.64111328125
forecast_3483,2025-05-26 03:00:00,9283.278424245764,8592.33874075792,5371.5673828125
forecast_3484,2025-05-26 04:00:00,8798.932374131486,7259.027007609363,4839.1689453125
forecast_3485,2025-05-26 05:00:00,7331.749294960476,6559.449939857868,4275.44677734375
forecast_3486,2025-05-26 06:00:00,6650.119562750628,5096.039567608064,3986.736328125
forecast_3487,2025-05-26 07:00:00,5118.180241837774,3963.048294021851,3394.794189453125
forecast_3488,2025-05-26 08:00:00,4098.998503904039,3179.670283328119,3020.051513671875
forecast_3489,2025-05-26 09:00:00,3396.305793682195,2373.8570664974077,2733.512939453125
forecast_3490,2025-05-26 10:00:00,2826.936147409275,2108.969791670727,2440.5302734375
forecast_3491,2025-05-26 11:00:00,2327.797867297521,1612.0489472946083,2070.685791015625
forecast_3492,2025-05-26 12:00:00,2072.297986113669,1111.0701054017159,1722.199462890625
forecast_3493,2025-05-26 13:00:00,3312.607823450883,2081.535878389808,2654.339111328125
forecast_3494,2025-05-26 14:00:00,3316.7641084831075,1968.49771197447,2866.175537109375
forecast_3495,2025-05-26 15:00:00,3495.3379372902564,2481.4555287981184,2326.529541015625
forecast_3496,2025-05-26 16:00:00,3056.049299178977,2180.3728646867976,2195.050537109375
forecast_3497,2025-05-26 17:00:00,3249.5392890821713,2238.7975599025017,2250.46044921875
forecast_3498,2025-05-26 18:00:00,3325.5892662840856,2336.9102321622368,2399.57275390625
forecast_3499,2025-05-26 19:00:00,3318.1983571674327,2747.2162431929373,2503.51513671875
forecast_3500,2025-05-26 20:00:00,3515.7423063831793,2885.2790528317964,2716.947998046875
forecast_3501,2025-05-26 21:00:00,4464.239725572952,3773.942912410501,3355.264892578125
forecast_3502,2025-05-26 22:00:00,5076.735690748597,5058.656706423357,3823.274169921875
forecast_3503,2025-05-26 23:00:00,6513.024684882088,6654.426275997917,4652.32568359375
forecast_3504,2025-05-27 00:00:00,7749.34466273551,7848.622590107392,5200.54150390625
forecast_3505,2025-05-27 01:00:00,8496.806601389557,8101.921142664311,4823.56005859375
forecast_3506,2025-05-27 02:00:00,8722.441392688219,8348.22568930237,5044.62255859375
forecast_3507,2025-05-27 03:00:00,8553.571241626923,7707.3340688795515,5078.33251953125
forecast_3508,2025-05-27 04:00:00,8062.731893494737,7177.1684475890515,4668.9521484375
forecast_3509,2025-05-27 05:00:00,6608.778813785622,5673.5847686355755,3831.56884765625
forecast_3510,2025-05-27 06:00:00,5983.092299253108,4827.1346784830985,3426.34375
forecast_3511,2025-05-27 07:00:00,4666.5523737124495,3612.1502983936207,3753.781982421875
forecast_3512,2025-05-27 08:00:00,3416.981376913639,2841.1384392070477,2701.43017578125
forecast_3513,2025-05-27 09:00:00,2627.2221948378037,2172.538164207151,2409.15771484375
forecast_3514,2025-05-27 10:00:00,2275.561046828868,1906.4081396468248,2372.38818359375
forecast_3515,2025-05-27 11:00:00,2020.2652559930639,1515.8855417149348,2060.275390625
forecast_3516,2025-05-27 12:00:00,2481.3187460501013,1725.953436991991,3192.620361328125
forecast_3517,2025-05-27 13:00:00,2167.900937939352,1468.6655945196358,2303.022705078125
forecast_3518,2025-05-27 14:00:00,2163.2482710598088,1425.114937838986,2415.61767578125
forecast_3519,2025-05-27 15:00:00,2035.5408390910764,1297.3299521376973,2081.7216796875
forecast_3520,2025-05-27 16:00:00,2080.6272420748714,1805.9203188468489,1897.2818603515625
forecast_3521,2025-05-27 17:00:00,2056.985703724652,1503.8674933918642,2057.64208984375
forecast_3522,2025-05-27 18:00:00,2096.709004544653,1551.5999953897397,2071.559814453125
forecast_3523,2025-05-27 19:00:00,2625.888241744606,1751.6588221210945,2141.5791015625
forecast_3524,2025-05-27 20:00:00,2637.6554030682073,1637.9766487257943,2329.58056640625
forecast_3525,2025-05-27 21:00:00,3206.68987882456,2917.350920360195,2748.503173828125
forecast_3526,2025-05-27 22:00:00,3409.3330724614716,3447.0899798419437,3219.867919921875
forecast_3527,2025-05-27 23:00:00,3638.450684572188,3786.3451497316464,3661.537109375
forecast_3528,2025-05-28 00:00:00,3943.235191668734,3939.247054720638,3864.85400390625
forecast_3529,2025-05-28 01:00:00,5185.99747624142,5069.458074072074,3417.65869140625
forecast_3530,2025-05-28 02:00:00,6052.330562604293,6037.579969698128,3789.170654296875
forecast_3531,2025-05-28 03:00:00,6624.250505514514,6342.9443352896415,3946.578125
forecast_3532,2025-05-28 04:00:00,6348.629587657547,5842.726376578407,3881.442626953125
forecast_3533,2025-05-28 05:00:00,5418.751699240813,5549.2394509594615,3303.01708984375
forecast_3534,2025-05-28 06:00:00,4747.775313446747,3674.353884581168,3030.526611328125
forecast_3535,2025-05-28 07:00:00,4053.021035863602,3398.996696788966,2708.841064453125
forecast_3536,2025-05-28 08:00:00,2802.4086622341406,2242.3409466866124,2194.02783203125
forecast_3537,2025-05-28 09:00:00,1914.0759425133938,1496.6740464611112,1697.837646484375
forecast_3538,2025-05-28 10:00:00,1541.1362316820098,1121.0434743313403,1399.164306640625
forecast_3539,2025-05-28 11:00:00,1997.9330816926058,1469.0530294457644,1951.908203125
forecast_3540,2025-05-28 12:00:00,2484.5415840034916,1346.9221169528414,2283.060546875
forecast_3541,2025-05-28 13:00:00,2722.978154956955,1927.8251237314932,1918.2847900390625
forecast_3542,2025-05-28 14:00:00,2192.2025073409295,1211.9372619911576,2128.145263671875
forecast_3543,2025-05-28 15:00:00,2181.207366635914,1682.3171482833477,2642.05029296875
forecast_3544,2025-05-28 16:00:00,2758.7183638848273,1707.2142141444192,2347.0185546875
forecast_3545,2025-05-28 17:00:00,3839.985636046979,2334.114701484751,2631.714111328125
forecast_3546,2025-05-28 18:00:00,3480.937268151474,2526.347385792028,2675.763671875
forecast_3547,2025-05-28 19:00:00,3297.392159781076,2870.2960033877825,2771.92529296875
forecast_3548,2025-05-28 20:00:00,2942.1089403016276,2756.7828711260036,2732.87548828125
forecast_3549,2025-05-28 21:00:00,3320.222453807949,2842.0611679383123,3039.126953125
forecast_3550,2025-05-28 22:00:00,3202.927422732553,3034.9368077298986,3309.810546875
forecast_3551,2025-05-28 23:00:00,4063.8468013264383,3435.5920055610477,3412.135986328125
forecast_3552,2025-05-29 00:00:00,4009.512714356323,3375.291453292687,3494.704345703125
forecast_3553,2025-05-29 01:00:00,3396.949977122418,3120.8041251986574,3195.969970703125
forecast_3554,2025-05-29 02:00:00,3392.0239858066734,2818.4103793718023,2854.56103515625
forecast_3555,2025-05-29 03:00:00,3621.389774200869,2893.0030121756063,2792.287841796875
forecast_3556,2025-05-29 04:00:00,3775.506707500609,2695.2011387834386,2705.87744140625
forecast_3557,2025-05-29 05:00:00,3483.991522632117,2502.4660326460844,2475.364501953125
forecast_3558,2025-05-29 06:00:00,2913.035446053203,2124.8673622790957,2566.63720703125
forecast_3559,2025-05-29 07:00:00,2373.582514923768,1867.4401640681713,2566.068359375
forecast_3560,2025-05-29 08:00:00,1926.7688106948508,1509.0857753660612,2053.421630859375
forecast_3561,2025-05-29 09:00:00,1812.5937830833368,1391.6094539602823,2021.366455078125
forecast_3562,2025-05-29 10:00:00,1917.3525103077186,1292.699965017904,1842.825439453125
forecast_3563,2025-05-29 11:00:00,2295.158902757412,1271.1840246842435,2219.366455078125
forecast_3564,2025-05-29 12:00:00,2591.2517119321296,1433.9071693954925,1951.613037109375
forecast_3565,2025-05-29 13:00:00,2549.63211670333,1446.5571557326018,1842.0224609375
forecast_3566,2025-05-29 14:00:00,2623.387546544407,1693.5425988762743,2012.456298828125
forecast_3567,2025-05-29 15:00:00,2618.488173167389,1711.9663598305606,2072.551025390625
forecast_3568,2025-05-29 16:00:00,2978.416931408238,1820.8343299334263,2210.48779296875
forecast_3569,2025-05-29 17:00:00,2716.9040891437126,1579.3107127532396,2108.726318359375
forecast_3570,2025-05-29 18:00:00,2887.20067957414,2098.977682518909,2231.677490234375
forecast_3571,2025-05-29 19:00:00,2943.9882888354705,2212.9759887307255,2084.785400390625
forecast_3572,2025-05-29 20:00:00,3234.666580808207,2554.046689963324,2086.788330078125
forecast_3573,2025-05-29 21:00:00,3263.8831032188336,2687.006667421236,2324.7578125
forecast_3574,2025-05-29 22:00:00,3234.1245932156257,3033.308324990139,2351.95361328125
forecast_3575,2025-05-29 23:00:00,2934.03858584709,2590.104627439488,2257.15771484375
forecast_3576,2025-05-30 00:00:00,3061.513873541511,2674.982081038495,2356.819091796875
forecast_3577,2025-05-30 01:00:00,2943.1940222477892,2256.6854985507553,2107.3564453125
forecast_3578,2025-05-30 02:00:00,3081.6124070258793,2624.567383670531,2371.3779296875
forecast_3579,2025-05-30 03:00:00,3158.237000491071,3124.73581743629,2340.040771484375
forecast_3580,2025-05-30 04:00:00,3149.791806604134,3130.2848551216002,2406.87109375
forecast_3581,2025-05-30 05:00:00,3250.5164906125883,3365.7073195894063,2388.181884765625
forecast_3582,2025-05-30 06:00:00,3644.941101923532,3814.8013277360474,2655.191650390625
forecast_3583,2025-05-30 07:00:00,3791.371423868136,3678.2783516569307,2638.98779296875
forecast_3584,2025-05-30 08:00:00,3668.984109265203,3381.2266848457907,2578.01904296875
forecast_3585,2025-05-30 09:00:00,3118.4180402351003,2793.0876994844,2518.34130859375
forecast_3586,2025-05-30 10:00:00,3061.251045000803,2492.9456031473746,2437.838134765625
forecast_3587,2025-05-30 11:00:00,2965.9543025665425,801.27294921875,2202.18798828125
forecast_3588,2025-05-30 12:00:00,2974.8171282117187,1669.9325497131401,2022.4193115234375
forecast_3589,2025-05-30 13:00:00,3113.4862888373564,1635.2839399040502,2076.823486328125
forecast_3590,2025-05-30 14:00:00,2760.3320944778225,1518.9909863894466,2051.950927734375
forecast_3591,2025-05-30 15:00:00,2712.348019176965,1433.1477818447606,2032.0552978515625
forecast_3592,2025-05-30 16:00:00,2374.7443906812223,1330.3978610547645,2029.2972412109375
forecast_3593,2025-05-30 17:00:00,2431.944934437809,1376.2918158296284,1970.2691650390625
forecast_3594,2025-05-30 18:00:00,2696.105619979801,1838.3621738531294,1868.9136962890625
forecast_3595,2025-05-30 19:00:00,2721.0043083823784,2029.5695521538341,1969.3529052734375
forecast_3596,2025-05-30 20:00:00,2847.435873389485,2298.2388046609085,2040.414794921875
forecast_3597,2025-05-30 21:00:00,3167.9677305621044,2957.9177641287088,2107.637939453125
forecast_3598,2025-05-30 22:00:00,3138.947453523828,2567.0195170502575,2260.63427734375
forecast_3599,2025-05-30 23:00:00,3092.240961191955,2783.9543369199473,2287.18896484375
forecast_3600,2025-05-31 00:00:00,3099.0023820795486,2790.6001067141315,2267.753173828125
forecast_3601,2025-05-31 01:00:00,2676.8143892225853,2421.3092275387,2494.563232421875
forecast_3602,2025-05-31 02:00:00,3069.912986918761,2523.7807241316505,2588.423095703125
forecast_3603,2025-05-31 03:00:00,3358.0919685234794,2171.324045790123,2490.61279296875
forecast_3604,2025-05-31 04:00:00,3348.80667226155,2413.1721347448247,2490.052978515625
forecast_3605,2025-05-31 05:00:00,3302.9098123757344,2479.412317064316,2487.25537109375
forecast_3606,2025-05-31 06:00:00,3121.485036110447,2506.8526495366496,2356.619873046875
forecast_3607,2025-05-31 07:00:00,3076.213733487437,2976.3811101513684,2664.506591796875
forecast_3608,2025-05-31 08:00:00,3297.2142548141373,3007.063022068153,2548.04150390625
forecast_3609,2025-05-31 09:00:00,2719.984365702925,2292.949114004241,2168.05322265625
forecast_3610,2025-05-31 10:00:00,2685.4981628421438,1871.427189588358,2113.2333984375
forecast_3611,2025-05-31 11:00:00,2982.6212835482456,2154.3786019808676,1902.376953125
forecast_3612,2025-05-31 12:00:00,3243.7626867132662,2352.2343579802946,1999.010986328125
forecast_3613,2025-05-31 13:00:00,3209.7774936902665,2055.5799820858097,2222.707275390625
forecast_3614,2025-05-31 14:00:00,3388.108750668127,2213.3754732015072,2231.443603515625
forecast_3615,2025-05-31 15:00:00,3354.063688461746,2663.8051362674896,2331.270751953125
forecast_3616,2025-05-31 16:00:00,2939.389311746426,2683.9504879593574,2221.693359375
forecast_3617,2025-05-31 17:00:00,3060.4985067074945,2438.5097634042227,2421.6328125
forecast_3618,2025-05-31 18:00:00,3369.499936129153,3210.568119778637,2258.572509765625
forecast_3619,2025-05-31 19:00:00,3219.0492038660213,2431.147914259826,2187.81787109375
forecast_3620,2025-05-31 20:00:00,3226.5946044912516,2815.306373144911,2206.9033203125
forecast_3621,2025-05-31 21:00:00,3200.060044664446,2992.698512516167,2240.396240234375
forecast_3622,2025-05-31 22:00:00,3088.5810165632697,2893.179599713029,2255.69482421875
forecast_3623,2025-05-31 23:00:00,3285.484560671784,2996.2374281294506,2324.995849609375
forecast_3624,2025-06-01 00:00:00,3085.3095281208143,2638.3098687801294,2419.475830078125
forecast_3625,2025-06-01 01:00:00,3034.000538502716,2369.306330900762,2248.96826171875
forecast_3626,2025-06-01 02:00:00,3216.5391246369873,2634.094569391229,2348.0068359375
forecast_3627,2025-06-01 03:00:00,3603.2791303552553,3158.5387200802925,2691.76806640625
forecast_3628,2025-06-01 04:00:00,4285.126160713104,3578.5065495408307,2938.03271484375
forecast_3629,2025-06-01 05:00:00,3716.2715389550517,3313.40860203337,2831.450439453125
forecast_3630,2025-06-01 06:00:00,3430.7839749490145,3034.1304977875725,2487.135986328125
forecast_3631,2025-06-01 07:00:00,3178.5039812130544,2775.224699206962,2480.63427734375
forecast_3632,2025-06-01 08:00:00,2335.646157578497,1622.2084999995484,1849.1197509765625
forecast_3633,2025-06-01 09:00:00,2169.8329948791015,1493.042749534207,1848.5628662109375
forecast_3634,2025-06-01 10:00:00,2202.8928701729,1307.5797128716513,1830.5006103515625
forecast_3635,2025-06-01 11:00:00,2087.3613939001634,1035.6213622890848,1754.1103515625
forecast_3636,2025-06-01 12:00:00,2426.1997005173616,1217.607843861331,1723.343994140625
forecast_3637,2025-06-01 13:00:00,2272.7729809148386,1190.9984362732089,1966.707763671875
forecast_3638,2025-06-01 14:00:00,2592.7273495573345,1354.3898916336839,1934.020263671875
forecast_3639,2025-06-01 15:00:00,2656.4873896518156,2024.1398494589555,2356.1640625
forecast_3640,2025-06-01 16:00:00,2012.9360384647694,1113.3196907342467,1714.701904296875
forecast_3641,2025-06-01 17:00:00,2154.276376662142,1254.7831423607095,1926.5023193359375
forecast_3642,2025-06-01 18:00:00,3709.5789812876965,2403.188010975354,2490.66552734375
forecast_3643,2025-06-01 19:00:00,4884.360465005842,4490.395770931971,3735.202392578125
forecast_3644,2025-06-01 20:00:00,5380.244994931283,5788.093748013375,4103.59765625
forecast_3645,2025-06-01 21:00:00,6099.03154542685,6644.723886886178,3769.947998046875
forecast_3646,2025-06-01 22:00:00,6582.374883869537,7204.796977855546,4218.1923828125
forecast_3647,2025-06-01 23:00:00,6666.513981138553,6170.034002601116,4093.374267578125
forecast_3648,2025-06-02 00:00:00,6905.4054459846775,6446.344105557531,4547.89501953125
forecast_3649,2025-06-02 01:00:00,6884.114253378719,6647.07512685673,4760.0244140625
forecast_3650,2025-06-02 02:00:00,6593.934563328255,5302.6726701439475,4880.39990234375
forecast_3651,2025-06-02 03:00:00,6875.371942057987,5837.316912749169,4166.5380859375
forecast_3652,2025-06-02 04:00:00,5692.0955667455,4182.6441012095975,3710.080078125
forecast_3653,2025-06-02 05:00:00,4745.636187589224,4001.5213891049475,3631.569580078125
forecast_3654,2025-06-02 06:00:00,4469.412492451902,3392.582607982456,3197.4912109375
forecast_3655,2025-06-02 07:00:00,3543.744458067547,2794.289809361122,3274.719970703125
forecast_3656,2025-06-02 08:00:00,3291.36891288049,2658.389721308361,3000.050048828125
forecast_3657,2025-06-02 09:00:00,3377.245170832657,2868.5005290375384,2192.768310546875
forecast_3658,2025-06-02 10:00:00,3210.707746091929,2936.0812603401237,2447.777587890625
forecast_3659,2025-06-02 11:00:00,3266.8205475968343,2661.439820164767,2302.26904296875
forecast_3660,2025-06-02 12:00:00,3389.3729777618137,2334.671668622644,2464.014404296875
forecast_3661,2025-06-02 13:00:00,3295.4919902947304,2153.0585578277546,2090.966796875
forecast_3662,2025-06-02 14:00:00,3200.983390387867,1800.707809063806,2055.65380859375
forecast_3663,2025-06-02 15:00:00,4481.083590600496,3478.5122989909964,2663.37451171875
forecast_3664,2025-06-02 16:00:00,5364.5360424283535,4352.540115162608,3046.396240234375
forecast_3665,2025-06-02 17:00:00,5714.215323838109,4896.34995887754,3220.86669921875
forecast_3666,2025-06-02 18:00:00,6222.974338026061,5905.644423042262,3782.485107421875
forecast_3667,2025-06-02 19:00:00,6177.795406945681,6331.905112109782,4023.796875
forecast_3668,2025-06-02 20:00:00,5886.545775826358,6436.420466003031,3760.18701171875
forecast_3669,2025-06-02 21:00:00,5784.947713718642,7143.0713186663315,3999.68798828125
forecast_3670,2025-06-02 22:00:00,5367.432691056969,5933.9324287951895,3688.672607421875
forecast_3671,2025-06-02 23:00:00,5098.667565740765,5075.572461486505,4327.97119140625
forecast_3672,2025-06-03 00:00:00,4226.025422108508,3968.365357889127,3701.922607421875
forecast_3673,2025-06-03 01:00:00,4506.1511515226,3888.0886288517804,3401.35693359375
forecast_3674,2025-06-03 02:00:00,4916.516484776758,4067.3219749015243,3237.506591796875
forecast_3675,2025-06-03 03:00:00,5010.201723998323,4820.761022876066,3624.90869140625
forecast_3676,2025-06-03 04:00:00,4666.47342140199,3943.830660540392,3282.518798828125
forecast_3677,2025-06-03 05:00:00,4671.0636415317,4476.366198251195,3405.16552734375
forecast_3678,2025-06-03 06:00:00,4105.574317152847,3850.8070090865167,3381.557861328125
forecast_3679,2025-06-03 07:00:00,3710.219369681818,3375.0983378133824,3734.68896484375
forecast_3680,2025-06-03 08:00:00,3654.6367687988723,3245.841862464623,3264.05078125
forecast_3681,2025-06-03 09:00:00,3898.9392843243922,3354.6860337894545,2859.188720703125
forecast_3682,2025-06-03 10:00:00,4823.673823235351,4628.013979518428,2973.953369140625
forecast_3683,2025-06-03 11:00:00,5611.110324849795,5430.628186639962,3346.66357421875
forecast_3684,2025-06-03 12:00:00,6369.508301021875,6628.413303216223,3740.38232421875
forecast_3685,2025-06-03 13:00:00,7005.4625492078785,7586.48867704749,4191.6357421875
forecast_3686,2025-06-03 14:00:00,8980.019614970737,8904.41767567592,5437.0107421875
forecast_3687,2025-06-03 15:00:00,10811.059501595864,10004.728571289434,7873.265625
forecast_3688,2025-06-03 16:00:00,12329.96352807213,10737.48012885532,8736.8505859375
forecast_3689,2025-06-03 17:00:00,12715.01572264846,11615.157285608562,9894.6376953125
forecast_3690,2025-06-03 18:00:00,13052.64643733358,12638.305448161898,10314.017578125
forecast_3691,2025-06-03 19:00:00,13811.940712220501,13310.42371983472,11473.8935546875
forecast_3692,2025-06-03 20:00:00,14527.976176129749,14413.277555868237,13542.630859375
forecast_3693,2025-06-03 21:00:00,15923.104893298689,16247.387400184694,15289.7060546875
forecast_3694,2025-06-03 22:00:00,15866.909926296215,15172.618179008648,16062.720703125
forecast_3695,2025-06-03 23:00:00,14799.510710134777,14264.227961676746,16468.50390625
forecast_3696,2025-06-04 00:00:00,14774.723259529275,14742.643336446288,17299.56640625
forecast_3697,2025-06-04 01:00:00,15193.459131405474,14839.442051844604,17022.0078125
forecast_3698,2025-06-04 02:00:00,15172.829433604631,14750.200938716316,15851.748046875
forecast_3699,2025-06-04 03:00:00,15911.144612708627,15262.23461569586,15913.7216796875
forecast_3700,2025-06-04 04:00:00,16484.45578645065,15568.562937158062,17151.64453125
forecast_3701,2025-06-04 05:00:00,16460.80302169459,16355.089392139555,17583.7109375
forecast_3702,2025-06-04 06:00:00,17412.15044828911,17740.54333771715,17942.42578125
forecast_3703,2025-06-04 07:00:00,17800.088492814622,18387.22269351172,18084.634765625
forecast_3704,2025-06-04 08:00:00,17551.69232861253,18036.051747323858,18266.837890625
forecast_3705,2025-06-04 09:00:00,17438.102755718715,17719.478114412013,17066.443359375
forecast_3706,2025-06-04 10:00:00,17441.654722971824,17155.635512306428,15518.2548828125
forecast_3707,2025-06-04 11:00:00,17147.170720217753,16966.07258603136,14984.1484375
forecast_3708,2025-06-04 12:00:00,16816.905665197843,16830.382696056935,14847.4609375
forecast_3709,2025-06-04 13:00:00,16369.264509291366,16123.604275666838,14679.2470703125
forecast_3710,2025-06-04 14:00:00,15566.309503647662,15766.602432900581,13692.158203125
forecast_3711,2025-06-04 15:00:00,14314.352868904782,14201.691111087714,11823.8828125
forecast_3712,2025-06-04 16:00:00,13980.574589616535,13254.182498850572,10650.2578125
forecast_3713,2025-06-04 17:00:00,13860.145295450508,13304.02234997751,11398.3955078125
forecast_3714,2025-06-04 18:00:00,13090.54563483414,11660.26067056671,10576.255859375
forecast_3715,2025-06-04 19:00:00,13491.032223137408,12433.67022537245,12794.0888671875
forecast_3716,2025-06-04 20:00:00,13433.641962326885,12595.285989667034,12842.3623046875
forecast_3717,2025-06-04 21:00:00,13879.791736672069,12977.852970006048,14928.482421875
forecast_3718,2025-06-04 22:00:00,12325.784097281969,12382.416904178279,12080.904296875
forecast_3719,2025-06-04 23:00:00,13827.155537512579,12773.572475923005,14644.5263671875
forecast_3720,2025-06-05 00:00:00,14690.745663454352,13918.400483455305,14698.3125
forecast_3721,2025-06-05 01:00:00,15377.336471462462,14083.220941651707,13047.66796875
forecast_3722,2025-06-05 02:00:00,14966.157363545146,14375.127087956069,12444.333984375
forecast_3723,2025-06-05 03:00:00,15128.87659585473,14999.237850073436,12395.0078125
forecast_3724,2025-06-05 04:00:00,15764.639372674948,14978.540474147661,12671.357421875
forecast_3725,2025-06-05 05:00:00,16331.028692631067,15461.508932006165,13277.732421875
forecast_3726,2025-06-05 06:00:00,15295.8267218998,14791.483865776932,11955.1044921875
forecast_3727,2025-06-05 07:00:00,14184.459821494267,14829.019936422013,12111.021484375
forecast_3728,2025-06-05 08:00:00,11972.60479308594,13590.21684586243,10277.2158203125
forecast_3729,2025-06-05 09:00:00,10028.143327950118,10129.813726508055,7372.4580078125
forecast_3730,2025-06-05 10:00:00,8287.678622732654,7978.620768058221,4974.26025390625
forecast_3731,2025-06-05 11:00:00,7846.554036169899,6938.934246461507,4196.92724609375
forecast_3732,2025-06-05 12:00:00,7770.267263047541,7342.143736699953,4434.3154296875
forecast_3733,2025-06-05 13:00:00,7508.127254950964,7269.213183836354,4321.2587890625
forecast_3734,2025-06-05 14:00:00,7569.638498255624,6687.287291532464,4741.6123046875
forecast_3735,2025-06-05 15:00:00,8286.477992217046,7463.899634959297,5766.8837890625
forecast_3736,2025-06-05 16:00:00,9942.083769480916,9791.130471579643,7480.9140625
forecast_3737,2025-06-05 17:00:00,11825.631516520798,11519.215309069616,10414.375
forecast_3738,2025-06-05 18:00:00,12803.974826871166,12339.55428899029,12068.7548828125
forecast_3739,2025-06-05 19:00:00,14805.755715241668,13641.844122879862,14973.513671875
forecast_3740,2025-06-05 20:00:00,16124.801560222108,15297.30314626055,17041.9453125
forecast_3741,2025-06-05 21:00:00,17157.432959050748,16214.114130020493,18375.138671875
forecast_3742,2025-06-05 22:00:00,18316.873260792396,17194.160725772203,19190.509765625
forecast_3743,2025-06-05 23:00:00,18891.2209567318,17202.595160526253,19381.013671875
forecast_3744,2025-06-06 00:00:00,19347.97192964333,17613.89640032078,20110.99609375
forecast_3745,2025-06-06 01:00:00,18771.777584571355,17923.65509100676,19630.9609375
forecast_3746,2025-06-06 02:00:00,19807.483334346456,18122.788454055262,19906.2421875
forecast_3747,2025-06-06 03:00:00,20307.996810774937,18419.739639733823,20338.19921875
forecast_3748,2025-06-06 04:00:00,20207.48280793859,18306.77708018454,20360.16796875
forecast_3749,2025-06-06 05:00:00,20194.12966845995,18556.51465559948,20331.23046875
forecast_3750,2025-06-06 06:00:00,19722.26728126292,18068.820167202397,20105.8203125
forecast_3751,2025-06-06 07:00:00,18462.113185103313,17820.649574577234,19605.77734375
forecast_3752,2025-06-06 08:00:00,17305.877300613127,17325.645411000754,19003.412109375
forecast_3753,2025-06-06 09:00:00,15261.071175844452,16333.59488458239,17975.818359375
forecast_3754,2025-06-06 10:00:00,13620.911646683318,14664.855285049687,15307.8984375
forecast_3755,2025-06-06 11:00:00,13415.548238961663,14807.02652256438,14017.529296875
forecast_3756,2025-06-06 12:00:00,13914.123912678919,14686.915370804894,14204.953125
forecast_3757,2025-06-06 13:00:00,13904.088696797211,14505.934627013707,14150.4716796875
forecast_3758,2025-06-06 14:00:00,14545.120022260935,15009.229879150387,14221.203125
forecast_3759,2025-06-06 15:00:00,14772.8304999954,14558.936015745887,14814.806640625
forecast_3760,2025-06-06 16:00:00,15002.173818082732,14970.257304929628,15676.0419921875
forecast_3761,2025-06-06 17:00:00,15018.50056538023,14440.427914547765,15581.2548828125
forecast_3762,2025-06-06 18:00:00,15286.042504739155,15261.252138478838,16582.5
forecast_3763,2025-06-06 19:00:00,15337.275684330103,16316.555486116047,17247.642578125
forecast_3764,2025-06-06 20:00:00,15945.15212879974,16721.410828310793,17690.193359375
forecast_3765,2025-06-06 21:00:00,16516.825936922956,16472.93031599837,18591.033203125
forecast_3766,2025-06-06 22:00:00,17254.141039282746,16684.91443244546,19536.130859375
forecast_3767,2025-06-06 23:00:00,17429.936329240325,16869.695682147772,19863.609375
forecast_3768,2025-06-07 00:00:00,17589.054700631692,16827.62694151955,19891.744140625
forecast_3769,2025-06-07 01:00:00,18453.470868013195,17427.577002314814,19703.916015625
forecast_3770,2025-06-07 02:00:00,18665.981214684525,17431.597686865185,19738.58203125
forecast_3771,2025-06-07 03:00:00,18413.741669086623,17416.304367655084,19701.58203125
forecast_3772,2025-06-07 04:00:00,18462.018244553008,17468.72905348136,19849.48046875
forecast_3773,2025-06-07 05:00:00,19647.506708314548,17655.06863785923,20119.802734375
forecast_3774,2025-06-07 06:00:00,19113.133835092674,17977.44855675349,19797.1875
forecast_3775,2025-06-07 07:00:00,17864.830243228458,17613.3934306772,18989.123046875
forecast_3776,2025-06-07 08:00:00,17620.443190912752,17118.181858633972,18562.7890625
forecast_3777,2025-06-07 09:00:00,15421.861407191194,15374.812639398531,15582.390625
forecast_3778,2025-06-07 10:00:00,11702.5652118702,11427.395638162892,9740.541015625
forecast_3779,2025-06-07 11:00:00,10380.480070021928,10429.883787605078,6667.99072265625
forecast_3780,2025-06-07 12:00:00,9041.953655304635,8959.042113781037,4599.564453125
forecast_3781,2025-06-07 13:00:00,7485.896024426058,6550.239757058109,4759.6494140625
forecast_3782,2025-06-07 14:00:00,7191.186437047538,6277.5220600423745,4258.5234375
forecast_3783,2025-06-07 15:00:00,6527.975154185874,5606.497031786246,4064.76318359375
forecast_3784,2025-06-07 16:00:00,6843.8980756089095,5302.010051097795,4097.72412109375
forecast_3785,2025-06-07 17:00:00,6904.323084723859,5474.191682448771,3925.911376953125
forecast_3786,2025-06-07 18:00:00,7579.438755494679,6760.455636850089,4632.89306640625
forecast_3787,2025-06-07 19:00:00,9370.342999003577,9503.636530432821,5681.89208984375
forecast_3788,2025-06-07 20:00:00,10546.437883887971,11905.571866018907,7604.6357421875
forecast_3789,2025-06-07 21:00:00,13441.324991961632,15381.176357483364,11899.158203125
forecast_3790,2025-06-07 22:00:00,14157.797001480365,14207.004304680273,12878.521484375
forecast_3791,2025-06-07 23:00:00,13234.405056167103,13757.013761575261,12867.197265625
forecast_3792,2025-06-08 00:00:00,12586.352891132827,13223.773826432842,10122.630859375
forecast_3793,2025-06-08 01:00:00,12643.697062586092,13517.51811347408,10859.720703125
forecast_3794,2025-06-08 02:00:00,11586.80635926958,12501.906861205007,8723.1376953125
forecast_3795,2025-06-08 03:00:00,10444.036554495387,11244.177064332991,6616.99853515625
forecast_3796,2025-06-08 04:00:00,9863.430734638478,10688.3488157022,5781.26318359375
forecast_3797,2025-06-08 05:00:00,9983.317955755832,9999.22104801903,5863.31787109375
forecast_3798,2025-06-08 06:00:00,7751.97920510648,8657.359518746458,4477.4111328125
forecast_3799,2025-06-08 07:00:00,6141.642951500943,5354.147745145658,3700.32568359375
forecast_3800,2025-06-08 08:00:00,5157.040816993739,4034.680747462731,2314.018798828125
forecast_3801,2025-06-08 09:00:00,4007.7215438926605,3144.5448404508575,2068.16357421875
forecast_3802,2025-06-08 10:00:00,3109.2267489080496,2423.537516164014,2032.238037109375
forecast_3803,2025-06-08 11:00:00,2836.726340949665,1834.1248393504154,2323.2421875
forecast_3804,2025-06-08 12:00:00,2252.388403718188,1400.0449798313782,2108.76708984375
forecast_3805,2025-06-08 13:00:00,1902.8819763449076,1190.6262025299434,2021.112548828125
forecast_3806,2025-06-08 14:00:00,2204.385674677717,1192.013798207089,1823.4644775390625
forecast_3807,2025-06-08 15:00:00,2301.190718794688,1271.9493391423073,1952.1878662109375
forecast_3808,2025-06-08 16:00:00,2714.5288155381622,1377.1146733288142,1847.804443359375
forecast_3809,2025-06-08 17:00:00,2454.8719686873865,1375.0638812618904,2012.2474365234375
forecast_3810,2025-06-08 18:00:00,3296.4494212804643,1839.8674684633322,2187.336181640625
forecast_3811,2025-06-08 19:00:00,3433.4312667646686,2473.8647678645575,2413.911865234375
forecast_3812,2025-06-08 20:00:00,3929.7878304233313,3312.988819329361,2647.221435546875
forecast_3813,2025-06-08 21:00:00,4227.886375923018,4721.563479826751,3404.237060546875
forecast_3814,2025-06-08 22:00:00,5492.633593190341,5730.835403733654,4417.84912109375
forecast_3815,2025-06-08 23:00:00,7858.251786373576,8416.52158229407,5858.5791015625
forecast_3816,2025-06-09 00:00:00,10503.231557042473,10731.04189437387,7927.19921875
forecast_3817,2025-06-09 01:00:00,10719.386353835707,11201.552505460506,7048.46337890625
forecast_3818,2025-06-09 02:00:00,11471.306267080094,11439.940380995855,7113.8056640625
forecast_3819,2025-06-09 03:00:00,10886.244141136418,10476.61902050244,6555.13818359375
forecast_3820,2025-06-09 04:00:00,10778.494565931462,9538.795400392824,5878.63037109375
forecast_3821,2025-06-09 05:00:00,9307.59579972347,8468.068753836007,5062.55224609375
forecast_3822,2025-06-09 06:00:00,7653.865642369363,6406.058621961257,4274.5693359375
forecast_3823,2025-06-09 07:00:00,5573.711107911668,4430.672257935934,3560.659423828125
forecast_3824,2025-06-09 08:00:00,5305.477655938919,4442.755952499016,4083.953857421875
forecast_3825,2025-06-09 09:00:00,4294.1280665658405,3824.8316572680906,3255.527099609375
forecast_3826,2025-06-09 10:00:00,3657.8949789374237,2938.1200257778323,2670.50634765625
forecast_3827,2025-06-09 11:00:00,3349.146954488885,2528.5072523058725,2218.19091796875
forecast_3828,2025-06-09 12:00:00,3157.802301952349,2109.1198486077897,2324.760009765625
forecast_3829,2025-06-09 13:00:00,3090.9329499532532,1972.256737386774,2173.42626953125
forecast_3830,2025-06-09 14:00:00,3309.187736740792,2110.743295201882,2385.525634765625
forecast_3831,2025-06-09 15:00:00,4438.841835180576,3235.7924557685997,2892.018310546875
forecast_3832,2025-06-09 16:00:00,4648.653549709995,4037.8229695531186,3942.91552734375
forecast_3833,2025-06-09 17:00:00,4580.648358618171,4177.941318528774,3699.84912109375
forecast_3834,2025-06-09 18:00:00,4989.18660646016,4171.5113252832025,3548.375
forecast_3835,2025-06-09 19:00:00,5674.785189355116,5207.454233993965,3510.10009765625
forecast_3836,2025-06-09 20:00:00,6528.35142304404,7001.986823867808,4605.09521484375
forecast_3837,2025-06-09 21:00:00,7427.409774080279,8882.847494027466,5669.04931640625
forecast_3838,2025-06-09 22:00:00,10243.955719660022,11024.117914373703,6946.27490234375
forecast_3839,2025-06-09 23:00:00,12014.56853695177,14084.743030190564,9970.5751953125
forecast_3840,2025-06-10 00:00:00,13460.524875431953,14655.647995330319,12191.935546875
forecast_3841,2025-06-10 01:00:00,14833.608871982347,16156.040889617527,14625.3779296875
forecast_3842,2025-06-10 02:00:00,15921.077900030738,17080.24112035724,16413.640625
forecast_3843,2025-06-10 03:00:00,16767.108729705447,17491.14445083892,17255.86328125
forecast_3844,2025-06-10 04:00:00,16556.693691582226,15884.88818513946,17176.75
forecast_3845,2025-06-10 05:00:00,17557.845289533994,15680.206875980146,18268.060546875
forecast_3846,2025-06-10 06:00:00,16343.652233367528,15597.015631196855,15501.7158203125
forecast_3847,2025-06-10 07:00:00,15373.717692354072,14957.31045649076,12759.3408203125
forecast_3848,2025-06-10 08:00:00,13599.138981938264,14713.40969744237,9216.1591796875
forecast_3849,2025-06-10 09:00:00,10000.333490251809,10284.26681617208,5884.58056640625
forecast_3850,2025-06-10 10:00:00,7347.248668853271,7062.378773700304,3884.932861328125
forecast_3851,2025-06-10 11:00:00,6608.796129627712,5084.158273921092,3551.39599609375
forecast_3852,2025-06-10 12:00:00,6593.765061085027,5547.053948539523,3454.883544921875
forecast_3853,2025-06-10 13:00:00,7130.883731592323,6324.496263626823,4056.25927734375
forecast_3854,2025-06-10 14:00:00,7781.012592732013,7081.891217389002,5068.81591796875
forecast_3855,2025-06-10 15:00:00,8500.534783413605,7803.8421860032995,5715.0791015625
forecast_3856,2025-06-10 16:00:00,8806.938850550441,8184.860528155318,5963.76953125
forecast_3857,2025-06-10 17:00:00,9641.269377528975,8872.097728719158,6555.2734375
forecast_3858,2025-06-10 18:00:00,10449.658985642545,9914.037381625443,7216.72021484375
forecast_3859,2025-06-10 19:00:00,11246.057298871016,10947.127352486643,7788.5576171875
forecast_3860,2025-06-10 20:00:00,12280.65850655071,13170.87632765279,9867.65625
forecast_3861,2025-06-10 21:00:00,13628.366936065344,14658.181189801426,13561.654296875
forecast_3862,2025-06-10 22:00:00,13969.155421809008,14656.395888517112,14420.4091796875
forecast_3863,2025-06-10 23:00:00,14495.125740893167,14147.91829668876,15700.626953125
forecast_3864,2025-06-11 00:00:00,14430.986519376762,13715.590461439713,15612.232421875
forecast_3865,2025-06-11 01:00:00,13938.320513396502,13910.633548888607,14428.775390625
forecast_3866,2025-06-11 02:00:00,15200.980136004531,14405.812766365525,14567.0703125
forecast_3867,2025-06-11 03:00:00,16418.08824019747,15765.238960120336,15385.541015625
forecast_3868,2025-06-11 04:00:00,16645.530112578243,15061.042812741078,15789.1044921875
forecast_3869,2025-06-11 05:00:00,17074.086251799243,14795.42417943116,15141.318359375
forecast_3870,2025-06-11 06:00:00,15558.598338467362,14189.805335007792,13025.4404296875
forecast_3871,2025-06-11 07:00:00,14962.641191796323,14066.663149898755,11302.0537109375
forecast_3872,2025-06-11 08:00:00,12849.716748316298,12679.611957251169,8237.2724609375
forecast_3873,2025-06-11 09:00:00,10151.342531905331,9950.13008268502,5691.896484375
forecast_3874,2025-06-11 10:00:00,8781.659887778693,7765.333339958922,4896.22607421875
forecast_3875,2025-06-11 11:00:00,8522.034148342815,7381.864489467391,4597.7216796875
forecast_3876,2025-06-11 12:00:00,8090.736993860719,6933.670351610837,4569.24951171875
forecast_3877,2025-06-11 13:00:00,7560.388675244843,6689.928184971018,4401.85302734375
forecast_3878,2025-06-11 14:00:00,7741.376076810284,7600.158895769416,4936.5361328125
forecast_3879,2025-06-11 15:00:00,7211.029078772231,6939.760285652042,3986.43115234375
forecast_3880,2025-06-11 16:00:00,6249.166495470771,5437.87248909088,2955.077880859375
forecast_3881,2025-06-11 17:00:00,6777.422090573849,5662.0304718968355,2770.444580078125
forecast_3882,2025-06-11 18:00:00,4498.901175317966,4153.606000620117,1963.666259765625
forecast_3883,2025-06-11 19:00:00,5329.928241489635,4617.135638628058,2128.935546875
forecast_3884,2025-06-11 20:00:00,5815.673196228712,5543.649684952135,3345.10205078125
forecast_3885,2025-06-11 21:00:00,6115.667465087954,7334.250979767409,4124.7587890625
forecast_3886,2025-06-11 22:00:00,6051.420301495702,7306.476218683856,4375.86474609375
forecast_3887,2025-06-11 23:00:00,6925.513685481927,7349.497122678889,4421.8408203125
forecast_3888,2025-06-12 00:00:00,7222.499118994816,7239.21449056249,4426.3623046875
forecast_3889,2025-06-12 01:00:00,6243.971039966782,5405.493530462936,3818.25390625
forecast_3890,2025-06-12 02:00:00,6220.0054970253295,5423.783383097925,3727.094482421875
forecast_3891,2025-06-12 03:00:00,5279.308969883381,4349.521618941988,3157.810302734375
forecast_3892,2025-06-12 04:00:00,4495.0270333690805,3421.1165320532427,3098.638427734375
forecast_3893,2025-06-12 05:00:00,4184.903625514116,2924.365451405507,3027.0078125
forecast_3894,2025-06-12 06:00:00,3117.5016578982522,2731.529877126057,2681.65380859375
forecast_3895,2025-06-12 07:00:00,2570.168637733266,2123.722356175208,2453.545654296875
forecast_3896,2025-06-12 08:00:00,1964.0961724632011,1619.1599178385047,1732.132080078125
forecast_3897,2025-06-12 09:00:00,1781.9335760035192,1271.2485944140544,1763.0882568359375
forecast_3898,2025-06-12 10:00:00,1814.691242337165,1148.5265989735663,1839.590576171875
forecast_3899,2025-06-12 11:00:00,1772.5083585178518,1116.583443001676,1705.685791015625
forecast_3900,2025-06-12 12:00:00,1886.9769698552677,1348.9035013175726,1860.7816162109375
forecast_3901,2025-06-12 13:00:00,2432.1976023062216,1484.4461820299205,1914.5736083984375
forecast_3902,2025-06-12 14:00:00,2350.877318871365,1613.377554847376,1920.3115234375
forecast_3903,2025-06-12 15:00:00,2515.712043174292,1332.099159185348,1936.397705078125
forecast_3904,2025-06-12 16:00:00,2559.8524287073496,1484.698306985907,2006.6566162109375
forecast_3905,2025-06-12 17:00:00,2798.342319809788,1917.7058293787218,1999.318359375
forecast_3906,2025-06-12 18:00:00,2878.7351528409104,2240.340929980951,2015.531005859375
forecast_3907,2025-06-12 19:00:00,3155.700221030484,2543.527501925917,2160.579833984375
forecast_3908,2025-06-12 20:00:00,3564.6879458044677,3476.573032490847,3147.39794921875
forecast_3909,2025-06-12 21:00:00,3432.942009192283,3345.985165671141,2769.010498046875
forecast_3910,2025-06-12 22:00:00,3563.5336318939635,4094.5359603808784,2979.407470703125
forecast_3911,2025-06-12 23:00:00,4273.338141018254,4351.0649766387505,3052.34619140625
forecast_3912,2025-06-13 00:00:00,4558.7244585237095,4828.252668673731,3220.20068359375
forecast_3913,2025-06-13 01:00:00,4890.61179229056,5942.46163272293,3250.319580078125
forecast_3914,2025-06-13 02:00:00,6133.746878977148,6791.142919473129,3824.21435546875
forecast_3915,2025-06-13 03:00:00,6772.890361547748,7431.547970218898,3838.07080078125
forecast_3916,2025-06-13 04:00:00,6552.659723897232,5808.1316511157775,3541.184814453125
forecast_3917,2025-06-13 05:00:00,5270.086184198792,4321.415956766015,3170.561279296875
forecast_3918,2025-06-13 06:00:00,4889.331488004671,4147.368117186046,3183.44873046875
forecast_3919,2025-06-13 07:00:00,3802.3275636046724,3137.519581735932,3452.55126953125
forecast_3920,2025-06-13 08:00:00,2972.452098795379,2144.6999834071635,2430.38671875
forecast_3921,2025-06-13 09:00:00,2868.7529612150047,1925.9503497062765,2360.156982421875
forecast_3922,2025-06-13 10:00:00,2334.1474268884685,2219.4938909715793,2205.26220703125
forecast_3923,2025-06-13 11:00:00,2434.901394768369,1809.142949976032,2187.577880859375
forecast_3924,2025-06-13 12:00:00,2196.8318823678806,1103.1782959138368,1962.745361328125
forecast_3925,2025-06-13 13:00:00,2463.2140760833927,1154.8675346805496,1952.357421875
forecast_3926,2025-06-13 14:00:00,2922.176931055417,1084.382146286714,2051.677734375
forecast_3927,2025-06-13 15:00:00,3330.7089818309787,1282.9761385372328,2584.61181640625
forecast_3928,2025-06-13 16:00:00,3542.7901474091423,2306.599739067755,2542.884033203125
forecast_3929,2025-06-13 17:00:00,3697.448025942802,2693.7493853330616,2166.989013671875
forecast_3930,2025-06-13 18:00:00,4127.170156594074,3912.234709117972,3263.533447265625
forecast_3931,2025-06-13 19:00:00,4134.669560777147,3491.1111429659154,3395.322998046875
forecast_3932,2025-06-13 20:00:00,4621.7876299203435,4940.46112728848,3196.823486328125
forecast_3933,2025-06-13 21:00:00,5137.578141325879,4815.597781908318,3386.52734375
forecast_3934,2025-06-13 22:00:00,5177.2321732641485,5410.823711689269,3969.647705078125
forecast_3935,2025-06-13 23:00:00,5865.91224020206,6348.446219110203,4423.6328125
forecast_3936,2025-06-14 00:00:00,5697.524143523159,6202.081446351203,4413.3349609375
forecast_3937,2025-06-14 01:00:00,8340.696292360599,9950.206107398555,5181.8388671875
forecast_3938,2025-06-14 02:00:00,8566.82877313942,9911.529156900855,5087.2353515625
forecast_3939,2025-06-14 03:00:00,8446.132797318929,10158.296233964182,4924.7734375
forecast_3940,2025-06-14 04:00:00,7134.0383607865815,9372.369923501556,4668.29052734375
forecast_3941,2025-06-14 05:00:00,5784.442899427931,7381.757808474645,3592.50341796875
forecast_3942,2025-06-14 06:00:00,4885.861691353566,4861.020740781583,3454.20947265625
forecast_3943,2025-06-14 07:00:00,3177.5134401464184,2995.4068529011774,2731.75048828125
forecast_3944,2025-06-14 08:00:00,3314.055093432602,2063.7987476640196,2667.636474609375
forecast_3945,2025-06-14 09:00:00,3762.367504553791,2587.2184131467266,2664.35009765625
forecast_3946,2025-06-14 10:00:00,3220.942271326644,1656.8336731239583,2870.759765625
forecast_3947,2025-06-14 11:00:00,2931.1954933973134,2476.509887563474,2581.470458984375
forecast_3948,2025-06-14 12:00:00,2810.572203018499,2208.2765261497916,2506.84521484375
forecast_3949,2025-06-14 13:00:00,2867.99192940553,2332.212648412172,2332.99755859375
forecast_3950,2025-06-14 14:00:00,3218.6991161942256,2640.9242641258506,2511.115478515625
forecast_3951,2025-06-14 15:00:00,3047.937698893658,2174.8466445064487,2459.21435546875
forecast_3952,2025-06-14 16:00:00,3228.2788166132423,2137.5186499733536,2508.80126953125
forecast_3953,2025-06-14 17:00:00,3142.2323886779895,2406.8018548610466,2533.85009765625
forecast_3954,2025-06-14 18:00:00,2991.2418999981446,2730.5175273067534,2569.33203125
forecast_3955,2025-06-14 19:00:00,3084.806590647704,3110.5478228589964,2590.274658203125
forecast_3956,2025-06-14 20:00:00,3291.439231123769,3333.9085626344036,2521.79296875
forecast_3957,2025-06-14 21:00:00,3269.8225526465894,3348.1068966314865,2689.744384765625
forecast_3958,2025-06-14 22:00:00,3452.4450071007786,4014.0006666377644,3175.57373046875
forecast_3959,2025-06-14 23:00:00,4709.2228754885955,4854.258053807201,4021.11865234375
forecast_3960,2025-06-15 00:00:00,5245.394827943146,5547.299240496916,5119.13232421875
forecast_3961,2025-06-15 01:00:00,7426.795802938965,7568.039588629059,5512.8916015625
forecast_3962,2025-06-15 02:00:00,8094.433399486072,7269.853879157177,5841.7568359375
forecast_3963,2025-06-15 03:00:00,7883.032537147229,7507.659549655255,5672.51171875
forecast_3964,2025-06-15 04:00:00,7463.620687985387,6198.200510971689,5489.67724609375
forecast_3965,2025-06-15 05:00:00,7353.466194560406,6117.72985937617,4950.83837890625
forecast_3966,2025-06-15 06:00:00,7535.012546178165,6728.72718453094,5648.3369140625
forecast_3967,2025-06-15 07:00:00,6047.930175696434,5145.006107859015,4483.845703125
forecast_3968,2025-06-15 08:00:00,4934.92344420856,4033.135671172966,3352.766357421875
forecast_3969,2025-06-15 09:00:00,3846.844540115624,3088.2944086081043,3010.647705078125
forecast_3970,2025-06-15 10:00:00,3312.983865795529,2614.7285474155324,2794.336181640625
forecast_3971,2025-06-15 11:00:00,3319.706094464399,1923.245902516937,2857.083984375
forecast_3972,2025-06-15 12:00:00,3532.8828889452407,2352.481362529923,3018.63330078125
forecast_3973,2025-06-15 13:00:00,3808.3762528919096,2929.048569647508,2887.49755859375
forecast_3974,2025-06-15 14:00:00,4206.358090502776,2974.3795499302014,3157.39404296875
forecast_3975,2025-06-15 15:00:00,4452.282747288767,3125.405519382841,3249.18603515625
forecast_3976,2025-06-15 16:00:00,5475.2126922371845,4754.973753477647,3829.790283203125
forecast_3977,2025-06-15 17:00:00,6047.514055721528,4887.473542526894,3864.92138671875
forecast_3978,2025-06-15 18:00:00,7183.146605388836,6671.177030508375,4510.8935546875
forecast_3979,2025-06-15 19:00:00,8558.801802474303,8598.162730949567,5551.0830078125
forecast_3980,2025-06-15 20:00:00,9367.923741724455,10363.924469118661,6195.8134765625
forecast_3981,2025-06-15 21:00:00,9140.438696706842,10870.65446204786,6629.30859375
forecast_3982,2025-06-15 22:00:00,9379.887885182456,11565.615225590831,7521.76708984375
forecast_3983,2025-06-15 23:00:00,10769.438060879107,12639.062346688668,8887.869140625
forecast_3984,2025-06-16 00:00:00,11253.583617905817,12933.6490232484,11363.0908203125
forecast_3985,2025-06-16 01:00:00,10336.02047278396,11512.51968041714,8862.5439453125
forecast_3986,2025-06-16 02:00:00,10042.364441638954,11546.56809472213,8618.7021484375
forecast_3987,2025-06-16 03:00:00,10354.162085410608,12148.562561677276,8096.57421875
forecast_3988,2025-06-16 04:00:00,9263.798394819363,11206.514024882654,6369.60107421875
forecast_3989,2025-06-16 05:00:00,8205.80043911222,8403.467576918458,5442.1396484375
forecast_3990,2025-06-16 06:00:00,7235.72588835557,8605.505877916385,5011.08642578125
forecast_3991,2025-06-16 07:00:00,8015.381247912964,10272.359651883284,5974.75341796875
forecast_3992,2025-06-16 08:00:00,8338.134709442174,10007.419863561432,5607.9208984375
forecast_3993,2025-06-16 09:00:00,8459.697899348568,11095.25837940586,5453.26318359375
forecast_3994,2025-06-16 10:00:00,7811.215533787783,10034.401623710248,4774.2607421875
forecast_3995,2025-06-16 11:00:00,8070.724220178663,10144.856561453595,5621.4482421875
forecast_3996,2025-06-16 12:00:00,10177.557672140192,11716.112113068626,8141.6279296875
forecast_3997,2025-06-16 13:00:00,9828.79321133688,11855.103994821855,7431.90087890625
forecast_3998,2025-06-16 14:00:00,11468.572424628283,14372.014420512462,10616.2314453125
forecast_3999,2025-06-16 15:00:00,13005.245726447569,14192.34424313178,10464.47265625
forecast_4000,2025-06-16 16:00:00,12562.815129438433,12557.884835041801,10460.6513671875
forecast_4001,2025-06-16 17:00:00,13926.445460694234,14455.271238582522,12969.013671875
forecast_4002,2025-06-16 18:00:00,14549.809298991644,14996.488010423891,14521.416015625
forecast_4003,2025-06-16 19:00:00,13822.191859549657,14234.523149066821,13702.4248046875
forecast_4004,2025-06-16 20:00:00,13546.670144742893,13823.333601063605,12176.583984375
forecast_4005,2025-06-16 21:00:00,14165.111832450406,14708.335347713893,12558.75390625
forecast_4006,2025-06-16 22:00:00,15241.540546569497,17173.038537382417,14871.1611328125
forecast_4007,2025-06-16 23:00:00,16585.605699823896,18224.49783269682,17964.1015625
forecast_4008,2025-06-17 00:00:00,16710.59414676889,18717.747266672086,19266.7109375
forecast_4009,2025-06-17 01:00:00,16486.373509013385,17272.58946889067,18943.5703125
forecast_4010,2025-06-17 02:00:00,16893.912503690342,17367.442660043904,19258.94921875
forecast_4011,2025-06-17 03:00:00,16592.665408801247,17077.276481402347,18498.005859375
forecast_4012,2025-06-17 04:00:00,16747.905778585002,17182.02240221706,18571.6171875
forecast_4013,2025-06-17 05:00:00,16844.033877687558,17629.180540156565,18431.369140625
forecast_4014,2025-06-17 06:00:00,16138.854967674273,17801.927266361978,17637.111328125
forecast_4015,2025-06-17 07:00:00,15290.853948751777,17402.672853987882,16367.330078125
forecast_4016,2025-06-17 08:00:00,14918.375914406384,16431.809036255792,15839.5908203125
forecast_4017,2025-06-17 09:00:00,13873.12794188126,16137.52615546607,14428.6064453125
forecast_4018,2025-06-17 10:00:00,12966.38629229459,14983.71267238026,12535.837890625
forecast_4019,2025-06-17 11:00:00,12231.998593200495,13293.559895301963,11103.5029296875
forecast_4020,2025-06-17 12:00:00,11566.289068339065,12248.533436957272,10317.6044921875
forecast_4021,2025-06-17 13:00:00,11250.99946641898,11400.509305794323,10177.3505859375
forecast_4022,2025-06-17 14:00:00,10813.763383138386,11038.763426220828,10052.1416015625
forecast_4023,2025-06-17 15:00:00,9950.735930250332,9630.263694006464,8517.396484375
forecast_4024,2025-06-17 16:00:00,9666.822271253073,9761.071051680796,8134.97021484375
forecast_4025,2025-06-17 17:00:00,8588.555736521404,8741.434681305216,7206.2509765625
forecast_4026,2025-06-17 18:00:00,8228.222971524081,8505.184453837828,6313.353515625
forecast_4027,2025-06-17 19:00:00,7009.308478769877,7353.656524305042,4544.7744140625
forecast_4028,2025-06-17 20:00:00,7674.777087028954,8102.800318196281,4599.4697265625
forecast_4029,2025-06-17 21:00:00,7599.736143435273,8769.24618694191,5151.9091796875
forecast_4030,2025-06-17 22:00:00,7458.962923526711,9019.146793390295,5059.9814453125
forecast_4031,2025-06-17 23:00:00,7224.345412976212,9424.598765809893,4844.76806640625
forecast_4032,2025-06-18 00:00:00,7668.315942172823,9332.62173673477,4980.25
forecast_4033,2025-06-18 01:00:00,8177.900097703659,10032.289684958065,4805.85400390625
forecast_4034,2025-06-18 02:00:00,9065.313174315435,10576.222045297007,5240.1044921875
forecast_4035,2025-06-18 03:00:00,9724.497137757371,10995.556810212935,5668.72119140625
forecast_4036,2025-06-18 04:00:00,9718.408933529376,10697.729784862144,5492.47021484375
forecast_4037,2025-06-18 05:00:00,9689.793371664957,11173.831197819618,5589.12744140625
forecast_4038,2025-06-18 06:00:00,9823.889035197157,11724.588548066171,7214.6220703125
forecast_4039,2025-06-18 07:00:00,8840.845608075919,10301.258349113228,5483.04931640625
forecast_4040,2025-06-18 08:00:00,8004.301951532548,9724.27720155312,5305.0654296875
forecast_4041,2025-06-18 09:00:00,6623.207358580483,6935.938613395968,4410.150390625
forecast_4042,2025-06-18 10:00:00,5509.634947629531,5547.7911820350255,3709.01806640625
forecast_4043,2025-06-18 11:00:00,4782.5976427258975,3962.568164503417,3520.21044921875
forecast_4044,2025-06-18 12:00:00,4815.812704182962,4150.031785299116,3346.515625
forecast_4045,2025-06-18 13:00:00,4343.954763487466,3363.8562407825852,3152.388427734375
forecast_4046,2025-06-18 14:00:00,4517.7417099684135,3331.036873705589,3104.525634765625
forecast_4047,2025-06-18 15:00:00,4569.377720368351,4220.783998981748,3142.587890625
forecast_4048,2025-06-18 16:00:00,4875.12083496278,4406.752296208389,3337.02197265625
forecast_4049,2025-06-18 17:00:00,5081.777411736619,3996.4476831274897,3331.161376953125
forecast_4050,2025-06-18 18:00:00,5624.426780706809,4411.661571133175,3576.33251953125
forecast_4051,2025-06-18 19:00:00,6742.59828090652,6046.887928354918,4325.7568359375
forecast_4052,2025-06-18 20:00:00,7520.283375352741,7203.807346447877,4595.3564453125
forecast_4053,2025-06-18 21:00:00,9560.352584681488,10562.506779792871,5797.5791015625
forecast_4054,2025-06-18 22:00:00,11038.423174184798,12017.02026867552,7259.4033203125
forecast_4055,2025-06-18 23:00:00,12317.487381556472,13776.69398374166,9184.7392578125
forecast_4056,2025-06-19 00:00:00,13297.265404434784,14067.808749920614,10912.1513671875
forecast_4057,2025-06-19 01:00:00,13266.541389766255,14398.66395823643,10504.5791015625
forecast_4058,2025-06-19 02:00:00,13237.982701921836,14385.037125222316,9734.0791015625
forecast_4059,2025-06-19 03:00:00,12650.92809630233,14086.984443428186,9492.515625
forecast_4060,2025-06-19 04:00:00,13022.12046491799,14184.800931368945,9571.783203125
forecast_4061,2025-06-19 05:00:00,12679.189179447822,13523.164007763698,8718.990234375
forecast_4062,2025-06-19 06:00:00,10962.613216446713,11306.224033106751,6404.322265625
forecast_4063,2025-06-19 07:00:00,8867.348322768059,6859.830864465817,4497.1591796875
forecast_4064,2025-06-19 08:00:00,7386.9801563161745,6637.036489737485,3914.05224609375
forecast_4065,2025-06-19 09:00:00,5785.4145433598505,5087.2247989705575,3270.71923828125
forecast_4066,2025-06-19 10:00:00,4199.3453005726005,3045.0470098886676,2635.868896484375
forecast_4067,2025-06-19 11:00:00,2666.1386346725494,1567.8802742300927,1864.6878662109375
forecast_4068,2025-06-19 12:00:00,2464.84107483015,790.5543250867127,1893.520263671875
forecast_4069,2025-06-19 13:00:00,2515.2596750127514,807.3762612803608,2047.615966796875
forecast_4070,2025-06-19 14:00:00,2988.62646291759,902.6906318912052,2260.360595703125
forecast_4071,2025-06-19 15:00:00,3286.063979578037,743.79248046875,2259.494384765625
forecast_4072,2025-06-19 16:00:00,3955.6525450868558,1288.2823987088768,2349.485595703125
forecast_4073,2025-06-19 17:00:00,3668.0665283787635,1943.8784531193223,3109.84130859375
forecast_4074,2025-06-19 18:00:00,4527.69545557546,2885.9397570626943,3280.859375
forecast_4075,2025-06-19 19:00:00,5422.05212001049,6159.416240635974,3649.34912109375
forecast_4076,2025-06-19 20:00:00,5634.384976248168,6274.62090667737,3730.052734375
forecast_4077,2025-06-19 21:00:00,6002.889862894506,7191.606002122272,4034.31005859375
forecast_4078,2025-06-19 22:00:00,7646.680768749029,8966.79420467703,4661.0302734375
forecast_4079,2025-06-19 23:00:00,8688.0980165418,10226.19650052598,5910.5322265625
forecast_4080,2025-06-20 00:00:00,9275.330279079142,10695.35210872084,6465.5048828125
forecast_4081,2025-06-20 01:00:00,10576.88651956019,12109.496168614352,7057.93994140625
forecast_4082,2025-06-20 02:00:00,11219.514920190373,11849.928902520636,8514.4873046875
forecast_4083,2025-06-20 03:00:00,11596.818503928196,13537.595555209906,9755.5234375
forecast_4084,2025-06-20 04:00:00,11855.072318530008,13459.035450385803,10790.4736328125
forecast_4085,2025-06-20 05:00:00,11776.728015731303,13850.699791709563,10069.470703125
forecast_4086,2025-06-20 06:00:00,11409.584919781792,12524.953337793462,8750.548828125
forecast_4087,2025-06-20 07:00:00,10877.751939976959,12056.711694163303,8199.765625
forecast_4088,2025-06-20 08:00:00,10475.779948111573,11648.63614827492,7413.47412109375
forecast_4089,2025-06-20 09:00:00,10639.88861859349,12135.164797930713,9100.8330078125
forecast_4090,2025-06-20 10:00:00,11152.060917924704,13328.519139923297,12221.572265625
forecast_4091,2025-06-20 11:00:00,12471.222031206864,14840.356247587113,15933.0751953125
forecast_4092,2025-06-20 12:00:00,14036.608885658494,16264.782521196314,17597.447265625
forecast_4093,2025-06-20 13:00:00,15507.621147584134,16748.860507426427,18632.875
forecast_4094,2025-06-20 14:00:00,15800.992440082775,17081.47784450771,18565.185546875
forecast_4095,2025-06-20 15:00:00,16829.476836020152,17939.01372509837,18905.55859375
forecast_4096,2025-06-20 16:00:00,17449.826375498003,18370.922440092087,19321.994140625
forecast_4097,2025-06-20 17:00:00,17752.005504811983,18094.870207313466,19162.677734375
forecast_4098,2025-06-20 18:00:00,18419.011186348413,18008.251935904966,19288.76953125
forecast_4099,2025-06-20 19:00:00,18587.352265599155,17871.264924535644,20025.974609375
forecast_4100,2025-06-20 20:00:00,18933.02532879144,17840.152116856392,20077.41015625
forecast_4101,2025-06-20 21:00:00,18490.15943112955,17989.47026645249,19932.958984375
forecast_4102,2025-06-20 22:00:00,18535.064033395396,17433.31045003466,19990.568359375
forecast_4103,2025-06-20 23:00:00,18422.217168095565,18010.659993939356,19979.81640625
forecast_4104,2025-06-21 00:00:00,18301.150562642953,18126.109779280574,20017.560546875
forecast_4105,2025-06-21 01:00:00,17568.692530715714,18304.909369737303,19392.279296875
forecast_4106,2025-06-21 02:00:00,17242.361860331937,18131.845574074967,18874.57421875
forecast_4107,2025-06-21 03:00:00,16677.689009805385,18120.100034782583,19362.74609375
forecast_4108,2025-06-21 04:00:00,15784.841941078703,18026.45366726687,18638.423828125
forecast_4109,2025-06-21 05:00:00,15785.264850798414,17530.97683360218,18429.462890625
forecast_4110,2025-06-21 06:00:00,15768.521836766873,17187.463632594445,17764.666015625
forecast_4111,2025-06-21 07:00:00,15433.65711961353,16826.481203266696,16193.2158203125
forecast_4112,2025-06-21 08:00:00,15099.304021475795,15455.997774972191,16436.451171875
forecast_4113,2025-06-21 09:00:00,14772.326782388762,14614.498038263873,15036.181640625
forecast_4114,2025-06-21 10:00:00,12969.753968183812,13243.43382535327,12369.2333984375
forecast_4115,2025-06-21 11:00:00,11512.028566874593,11723.868431413452,9933.8935546875
forecast_4116,2025-06-21 12:00:00,9493.967944218373,9412.540368586326,7193.8984375
forecast_4117,2025-06-21 13:00:00,9961.688968271126,11984.829134733951,8056.09228515625
forecast_4118,2025-06-21 14:00:00,10928.068315700813,13032.005516211733,9952.2900390625
forecast_4119,2025-06-21 15:00:00,8700.156405081754,11232.758232338902,7919.6650390625
forecast_4120,2025-06-21 16:00:00,9863.90548398493,12506.252125870902,9034.7216796875
forecast_4121,2025-06-21 17:00:00,11600.513585024952,13373.798063734283,9783.8408203125
forecast_4122,2025-06-21 18:00:00,11220.605625384138,12768.624546916502,11098.220703125
forecast_4123,2025-06-21 19:00:00,10154.070589915114,11143.47378592431,8085.2685546875
forecast_4124,2025-06-21 20:00:00,13867.601389513693,14774.536390439654,12317.4658203125
forecast_4125,2025-06-21 21:00:00,14846.182235453947,16673.109441764464,15649.375
forecast_4126,2025-06-21 22:00:00,14604.971887890737,16239.080950845202,15361.208984375
forecast_4127,2025-06-21 23:00:00,14465.424997438768,15685.496603275698,14741.9638671875
forecast_4128,2025-06-22 00:00:00,15619.587164001103,16210.483641241968,16918.23046875
forecast_4129,2025-06-22 01:00:00,15706.938096164895,15028.698264792774,16353.3642578125
forecast_4130,2025-06-22 02:00:00,16244.391827760051,16585.79725967793,15667.6484375
forecast_4131,2025-06-22 03:00:00,15128.563328154485,15573.993090688447,13174.9501953125
forecast_4132,2025-06-22 04:00:00,14751.7878651383,15706.929870518143,11883.943359375
forecast_4133,2025-06-22 05:00:00,12985.1981233874,14233.621473854171,9025.521484375
forecast_4134,2025-06-22 06:00:00,11901.720410893504,12899.244400418,7572.9609375
forecast_4135,2025-06-22 07:00:00,11317.812893314425,11086.655163654234,6277.25830078125
forecast_4136,2025-06-22 08:00:00,9958.033990155554,10568.851777018303,5541.06494140625
forecast_4137,2025-06-22 09:00:00,8730.679552739184,9937.629844301544,5084.0888671875
forecast_4138,2025-06-22 10:00:00,7562.298157547446,8598.164049793744,4504.81884765625
forecast_4139,2025-06-22 11:00:00,7400.449793470703,7977.589613262107,4562.3974609375
forecast_4140,2025-06-22 12:00:00,7404.195747864459,7383.675822236518,4400.16064453125
forecast_4141,2025-06-22 13:00:00,7021.268210781796,6227.175507261477,3787.33203125
forecast_4142,2025-06-22 14:00:00,6404.909720122314,5321.958825463424,3455.339111328125
forecast_4143,2025-06-22 15:00:00,5386.5683045615115,4436.7011165441345,3264.281494140625
forecast_4144,2025-06-22 16:00:00,5025.668482225343,3673.251166977774,3372.41162109375
forecast_4145,2025-06-22 17:00:00,4940.15791422489,3506.0242474937127,3362.96923828125
forecast_4146,2025-06-22 18:00:00,5652.636256057317,4972.662131424109,3584.867919921875
forecast_4147,2025-06-22 19:00:00,6284.416572506997,5371.524376644493,3950.87255859375
forecast_4148,2025-06-22 20:00:00,6800.692722418335,6486.552332843354,4421.76611328125
forecast_4149,2025-06-22 21:00:00,7956.237391499585,7205.598061758726,4763.00927734375
forecast_4150,2025-06-22 22:00:00,8101.135658506191,7325.980237082911,4745.1767578125
forecast_4151,2025-06-22 23:00:00,8093.267856791253,7814.081113163018,4903.1259765625
forecast_4152,2025-06-23 00:00:00,8054.038372449248,7358.90469408419,5179.5830078125
forecast_4153,2025-06-23 01:00:00,6532.380106416062,5381.298707356264,4273.0009765625
forecast_4154,2025-06-23 02:00:00,5986.171662761238,4956.303412634914,3572.462158203125
forecast_4155,2025-06-23 03:00:00,5736.48668461008,4387.893320815804,3294.27783203125
forecast_4156,2025-06-23 04:00:00,5792.831144337184,4601.434924356168,3230.40185546875
forecast_4157,2025-06-23 05:00:00,4878.951560460919,4073.2671415564037,3063.401611328125
forecast_4158,2025-06-23 06:00:00,4249.8861434970195,3920.652974800056,2685.334716796875
forecast_4159,2025-06-23 07:00:00,3334.8645271106047,2631.480653975844,3084.5751953125
forecast_4160,2025-06-23 08:00:00,2320.5784396778486,1906.0756861414554,2082.816162109375
forecast_4161,2025-06-23 09:00:00,1900.7013599892466,1394.243354989365,1683.4525146484375
forecast_4162,2025-06-23 10:00:00,2108.5867193187905,1191.5765448718937,1803.4029541015625
forecast_4163,2025-06-23 11:00:00,2573.1407071711883,1397.7464800247922,1819.9085693359375
forecast_4164,2025-06-23 12:00:00,2749.05756497777,1237.7656972149086,1938.125732421875
forecast_4165,2025-06-23 13:00:00,2913.201557871619,1215.0528772210323,1977.0435791015625
forecast_4166,2025-06-23 14:00:00,2722.0419651688135,1224.849934748845,1958.939453125
forecast_4167,2025-06-23 15:00:00,2538.552452764283,1178.6772669790364,1902.390625
forecast_4168,2025-06-23 16:00:00,2044.8624252749207,1024.6842585091304,1809.54296875
forecast_4169,2025-06-23 17:00:00,1868.4610058876347,819.8478805523054,1833.649169921875
forecast_4170,2025-06-23 18:00:00,1927.779499208071,1087.0729818990062,1943.8529052734375
forecast_4171,2025-06-23 19:00:00,2317.7638711726436,1100.873080456815,1994.236083984375
forecast_4172,2025-06-23 20:00:00,2468.08407255642,1377.9174274779461,2134.783447265625
forecast_4173,2025-06-23 21:00:00,2504.9370312777774,1615.199691727118,1953.7252197265625
forecast_4174,2025-06-23 22:00:00,2555.8174117438166,1914.4920060593695,2256.3427734375
forecast_4175,2025-06-23 23:00:00,2530.847198566909,1869.5165308723313,2536.564453125
forecast_4176,2025-06-24 00:00:00,2479.3231171523976,2054.081842105463,2472.471923828125
forecast_4177,2025-06-24 01:00:00,3158.7080749663737,2495.2909646160515,2873.383056640625
forecast_4178,2025-06-24 02:00:00,2943.979547151417,2530.2683165691583,2263.97705078125
forecast_4179,2025-06-24 03:00:00,2856.0390997024915,2242.003983874035,2494.360595703125
forecast_4180,2025-06-24 04:00:00,2997.717507871369,2413.072587301523,2776.656982421875
forecast_4181,2025-06-24 05:00:00,3074.781520871255,2330.9848007775417,2243.369873046875
forecast_4182,2025-06-24 06:00:00,3106.259999403409,2544.450358866883,2501.13916015625
forecast_4183,2025-06-24 07:00:00,2799.1709198836334,2601.40726804237,2281.978759765625
forecast_4184,2025-06-24 08:00:00,3027.6705520401547,3043.745804642195,2295.440673828125
forecast_4185,2025-06-24 09:00:00,3611.9461872425495,3412.561366918134,2317.81005859375
forecast_4186,2025-06-24 10:00:00,3913.318724577174,4361.58857542962,2438.28564453125
forecast_4187,2025-06-24 11:00:00,3850.1105965076827,3636.4485931504946,2644.11669921875
forecast_4188,2025-06-24 12:00:00,4368.969171605055,4456.9536701318975,2690.391357421875
forecast_4189,2025-06-24 13:00:00,4497.892202604862,4132.673068235148,2583.390380859375
forecast_4190,2025-06-24 14:00:00,3813.1211039676446,3637.592849349472,2581.45361328125
forecast_4191,2025-06-24 15:00:00,4061.9971125062734,3747.0537716735284,2515.640625
forecast_4192,2025-06-24 16:00:00,4019.067732179669,4364.112702701924,2426.86572265625
forecast_4193,2025-06-24 17:00:00,4165.551763332829,4892.908269059172,2477.0009765625
forecast_4194,2025-06-24 18:00:00,4065.7642484727594,4250.442173744072,2339.214599609375
forecast_4195,2025-06-24 19:00:00,4533.94386662376,5177.58305414409,2475.20703125
forecast_4196,2025-06-24 20:00:00,5319.328093349459,6221.990545744223,2769.89404296875
forecast_4197,2025-06-24 21:00:00,5321.871442478308,5929.151098930355,2900.0400390625
forecast_4198,2025-06-24 22:00:00,5842.621802789089,6799.0125800052,3151.05126953125
forecast_4199,2025-06-24 23:00:00,5873.929376582149,6846.843988967071,3140.100341796875
forecast_4200,2025-06-25 00:00:00,6116.504759064324,8150.1988218990655,3035.915283203125
forecast_4201,2025-06-25 01:00:00,5315.323289984671,6139.066768689887,2662.937744140625
forecast_4202,2025-06-25 02:00:00,5757.6809661580155,6684.8042196515535,3111.187744140625
forecast_4203,2025-06-25 03:00:00,5509.901989471484,5609.14794544679,2912.192138671875
forecast_4204,2025-06-25 04:00:00,5903.525656876245,5764.839277938149,2791.38720703125
forecast_4205,2025-06-25 05:00:00,5338.990158831545,5164.6539546187,2659.967041015625
forecast_4206,2025-06-25 06:00:00,4936.253315213011,5120.168013198343,2646.87744140625
forecast_4207,2025-06-25 07:00:00,5105.535933766181,5536.258140307747,2618.712890625
forecast_4208,2025-06-25 08:00:00,4133.272814823985,4095.2316158645526,2503.02880859375
forecast_4209,2025-06-25 09:00:00,4241.043950594415,4084.898152558296,2544.289306640625
forecast_4210,2025-06-25 10:00:00,3696.588044481872,3887.3104695105144,2499.400390625
forecast_4211,2025-06-25 11:00:00,3644.666919429498,3680.009515538793,2375.458251953125
forecast_4212,2025-06-25 12:00:00,3259.2753380762188,2644.9381759490416,2352.811279296875
forecast_4213,2025-06-25 13:00:00,3402.3785833178954,3293.9333108428027,2315.73193359375
forecast_4214,2025-06-25 14:00:00,2860.731822054182,2638.7427841351146,2192.34326171875
forecast_4215,2025-06-25 15:00:00,2953.8659217955055,2235.8888091275376,2177.81884765625
forecast_4216,2025-06-25 16:00:00,2852.7804861106797,2556.027163333836,2344.67041015625
forecast_4217,2025-06-25 17:00:00,3674.596729501014,3265.098305938215,2253.54345703125
forecast_4218,2025-06-25 18:00:00,3516.1433840676364,3031.793252517938,2528.548583984375
forecast_4219,2025-06-25 19:00:00,3908.2489625136295,3510.656969609737,2838.71923828125
forecast_4220,2025-06-25 20:00:00,4737.212666644347,5264.522309298841,3177.288818359375
forecast_4221,2025-06-25 21:00:00,5056.5010011797185,5572.1971592113805,3920.998779296875
forecast_4222,2025-06-25 22:00:00,6685.932545023892,8068.729175929663,5761.6357421875
forecast_4223,2025-06-25 23:00:00,7201.451061463197,9167.993074929873,6628.5458984375
forecast_4224,2025-06-26 00:00:00,8039.9955641044635,10115.553661908736,6039.94189453125
forecast_4225,2025-06-26 01:00:00,9693.739888888376,11198.290583647551,7226.1865234375
forecast_4226,2025-06-26 02:00:00,12153.109800394657,13593.084385572101,9964.564453125
forecast_4227,2025-06-26 03:00:00,14421.861316066974,15761.606001599086,13119.3173828125
forecast_4228,2025-06-26 04:00:00,14327.200357400514,14512.898362371807,13363.501953125
forecast_4229,2025-06-26 05:00:00,14196.133017694588,14640.849251437072,13307.4189453125
forecast_4230,2025-06-26 06:00:00,12919.756241128325,13634.35175998633,11391.849609375
forecast_4231,2025-06-26 07:00:00,11836.266404710243,12883.672347204125,10027.8359375
forecast_4232,2025-06-26 08:00:00,10732.223755899726,12108.770989349567,8070.4345703125
forecast_4233,2025-06-26 09:00:00,10339.105527195628,11871.141814238767,6937.15234375
forecast_4234,2025-06-26 10:00:00,7992.916252131559,8544.197063015701,5787.05859375
forecast_4235,2025-06-26 11:00:00,7352.752235445087,7592.551309097012,5111.44921875
forecast_4236,2025-06-26 12:00:00,7241.141709768937,7331.885522370458,4715.5322265625
forecast_4237,2025-06-26 13:00:00,6584.670407865904,6700.16893652074,4596.67578125
forecast_4238,2025-06-26 14:00:00,6533.824625603744,6753.1624796045835,4667.806640625
forecast_4239,2025-06-26 15:00:00,6817.562815273499,6641.977483924045,4749.34765625
forecast_4240,2025-06-26 16:00:00,6927.570523921013,7126.9707506699315,4609.4853515625
forecast_4241,2025-06-26 17:00:00,7241.250489082391,7139.707860302355,4808.3603515625
forecast_4242,2025-06-26 18:00:00,7349.1396306770475,6647.240258951021,4976.0888671875
forecast_4243,2025-06-26 19:00:00,7355.728277894426,6245.269146512382,4887.6259765625
forecast_4244,2025-06-26 20:00:00,7409.413377622348,6069.449382772924,5061.2724609375
forecast_4245,2025-06-26 21:00:00,7569.447280080418,6983.081528247857,5109.47119140625
forecast_4246,2025-06-26 22:00:00,7433.713164988488,7149.228909405853,5258.61865234375
forecast_4247,2025-06-26 23:00:00,7478.622243121015,6129.398302867692,5206.4970703125
forecast_4248,2025-06-27 00:00:00,6687.463387635151,6156.085249039668,4765.0478515625
forecast_4249,2025-06-27 01:00:00,6447.912128663797,6391.316659672442,4315.2607421875
forecast_4250,2025-06-27 02:00:00,5938.234531765497,6359.048196491065,4326.3203125
forecast_4251,2025-06-27 03:00:00,6356.756366045824,5700.744581361533,4248.7802734375
forecast_4252,2025-06-27 04:00:00,6823.9484917365935,5818.971542492728,4295.67822265625
forecast_4253,2025-06-27 05:00:00,6524.373870942641,5906.211252407144,4080.85546875
forecast_4254,2025-06-27 06:00:00,5437.361321623537,4596.676416873379,3876.397705078125
forecast_4255,2025-06-27 07:00:00,5181.437866579287,3899.3199678206624,3376.947265625
forecast_4256,2025-06-27 08:00:00,4174.825119128754,3404.8684519834583,3139.98583984375
forecast_4257,2025-06-27 09:00:00,3625.8245306747613,3080.5042563388224,2881.965087890625
forecast_4258,2025-06-27 10:00:00,3316.483300040252,2462.716807520278,2828.81982421875
forecast_4259,2025-06-27 11:00:00,2177.518302747164,1360.656069840648,1619.458740234375
forecast_4260,2025-06-27 12:00:00,1874.7442385546033,1263.4713603452124,1661.031005859375
forecast_4261,2025-06-27 13:00:00,2225.09243706178,1086.8073299172468,2109.24560546875
forecast_4262,2025-06-27 14:00:00,2782.777208160705,1704.7576270982147,2127.25390625
forecast_4263,2025-06-27 15:00:00,2807.086024645514,1988.36067273326,2581.47705078125
forecast_4264,2025-06-27 16:00:00,2807.563333372793,2124.062793568755,2219.132080078125
forecast_4265,2025-06-27 17:00:00,2648.640097853874,2048.612345926512,2216.378173828125
forecast_4266,2025-06-27 18:00:00,2804.1083455895305,2619.0163367711,1978.539306640625
forecast_4267,2025-06-27 19:00:00,3340.3814506855297,2684.794846799323,2781.328125
forecast_4268,2025-06-27 20:00:00,3527.1143746016623,2862.8430005222926,3273.184326171875
forecast_4269,2025-06-27 21:00:00,5186.449222182257,6044.373470792407,4852.0205078125
forecast_4270,2025-06-27 22:00:00,6116.765835984173,7461.320036209479,4878.591796875
forecast_4271,2025-06-27 23:00:00,7057.3350132904725,8353.777867234567,5664.26806640625
forecast_4272,2025-06-28 00:00:00,7404.924206858688,7995.227819170892,5935.7802734375
forecast_4273,2025-06-28 01:00:00,9508.090436831848,9252.086157505892,6247.3076171875
forecast_4274,2025-06-28 02:00:00,10990.900857796827,11598.159182663874,7423.5224609375
forecast_4275,2025-06-28 03:00:00,10658.700497798276,11968.605669753917,8026.06396484375
forecast_4276,2025-06-28 04:00:00,10584.529891994287,11614.197952128796,7578.3603515625
forecast_4277,2025-06-28 05:00:00,10341.093640219966,11056.277131800896,6800.33837890625
forecast_4278,2025-06-28 06:00:00,8904.095027940562,10599.390348933981,5819.0498046875
forecast_4279,2025-06-28 07:00:00,9229.23720547314,10303.694778392699,5402.0283203125
forecast_4280,2025-06-28 08:00:00,6190.690113217214,7718.833053145345,3596.87109375
forecast_4281,2025-06-28 09:00:00,5985.078735389354,6317.710608387089,3819.942138671875
forecast_4282,2025-06-28 10:00:00,4726.660809141588,4827.185891411322,3197.573486328125
forecast_4283,2025-06-28 11:00:00,3951.0127965571455,4245.589081719355,3089.26123046875
forecast_4284,2025-06-28 12:00:00,3122.9838573891257,2834.2998790109773,2754.238037109375
forecast_4285,2025-06-28 13:00:00,2832.7689424814844,2667.8346522161055,2601.62548828125
forecast_4286,2025-06-28 14:00:00,3615.781783245964,2885.154452108158,3054.96728515625
forecast_4287,2025-06-28 15:00:00,3950.7678708262365,3101.281334491323,3234.115234375
forecast_4288,2025-06-28 16:00:00,4530.775198409976,3189.955788107043,3139.799560546875
forecast_4289,2025-06-28 17:00:00,4505.035170298128,3815.0215134165696,3163.584716796875
forecast_4290,2025-06-28 18:00:00,5027.371332616405,3735.163968595168,3398.059326171875
forecast_4291,2025-06-28 19:00:00,5786.107136481607,5950.327447262819,4393.8115234375
forecast_4292,2025-06-28 20:00:00,7247.249653336916,8256.31599920528,5740.89990234375
forecast_4293,2025-06-28 21:00:00,7112.423469988812,9053.748157166096,5101.14697265625
forecast_4294,2025-06-28 22:00:00,7447.949858419842,10023.369433540574,5207.13818359375
forecast_4295,2025-06-28 23:00:00,8492.423347197824,10431.308556195623,6367.2587890625
forecast_4296,2025-06-29 00:00:00,8467.61581646419,10553.271043572779,6126.5654296875
forecast_4297,2025-06-29 01:00:00,9262.719317119445,10707.9331949231,6299.82373046875
forecast_4298,2025-06-29 02:00:00,10619.627515656892,12065.917271422735,7391.67431640625
forecast_4299,2025-06-29 03:00:00,11379.700076484682,12874.250563471316,8827.9658203125
forecast_4300,2025-06-29 04:00:00,11459.76991818397,12978.757620363582,9985.3134765625
forecast_4301,2025-06-29 05:00:00,11972.622009242234,13811.944811279092,11429.2607421875
forecast_4302,2025-06-29 06:00:00,12167.00207851773,13724.810413691843,10890.01953125
forecast_4303,2025-06-29 07:00:00,10799.398245110497,12299.291129177684,9145.521484375
forecast_4304,2025-06-29 08:00:00,10140.313473006336,11650.661768463147,7444.43115234375
forecast_4305,2025-06-29 09:00:00,8908.463610273371,9785.250853757629,5194.1572265625
forecast_4306,2025-06-29 10:00:00,6955.790245544287,7194.159799322878,3985.594970703125
forecast_4307,2025-06-29 11:00:00,6048.334245421582,5002.366879299669,3429.085205078125
forecast_4308,2025-06-29 12:00:00,5502.111315783846,4271.646826171746,3440.27685546875
forecast_4309,2025-06-29 13:00:00,5222.413694646089,2935.8231025806213,3193.35107421875
forecast_4310,2025-06-29 14:00:00,4884.978595281356,3047.9013975186213,3228.74755859375
forecast_4311,2025-06-29 15:00:00,4840.95761122498,2780.389649128728,3273.51220703125
forecast_4312,2025-06-29 16:00:00,5182.888097032142,3181.8285599413894,3306.71435546875
forecast_4313,2025-06-29 17:00:00,5605.939278919146,2744.049847739918,3384.260986328125
forecast_4314,2025-06-29 18:00:00,5831.459455670936,3812.1353669345062,3577.74169921875
forecast_4315,2025-06-29 19:00:00,6751.952021244575,5569.123716103832,3816.26708984375
forecast_4316,2025-06-29 20:00:00,7708.569591892484,6845.589919321686,4503.34423828125
forecast_4317,2025-06-29 21:00:00,8490.542395062861,10130.578045219272,5688.61474609375
forecast_4318,2025-06-29 22:00:00,9214.112139255887,10585.719931185991,6536.072265625
forecast_4319,2025-06-29 23:00:00,9832.306938808902,10886.362257655599,7263.7421875
forecast_4320,2025-06-30 00:00:00,9782.439963048111,10924.356032067008,7033.58740234375
forecast_4321,2025-06-30 01:00:00,9500.99142068749,10561.882551038068,6224.86669921875
forecast_4322,2025-06-30 02:00:00,8894.403635809856,10177.313628511138,5985.5908203125
forecast_4323,2025-06-30 03:00:00,9590.9253856221,10094.924778816181,5923.70703125
forecast_4324,2025-06-30 04:00:00,9716.47280534577,10741.687890417455,5906.0830078125
forecast_4325,2025-06-30 05:00:00,9954.984448712054,11261.809948330536,5640.6904296875
forecast_4326,2025-06-30 06:00:00,10009.912066624576,10837.49019353476,5500.4951171875
forecast_4327,2025-06-30 07:00:00,9662.465653775129,10916.323667245839,5267.74267578125
forecast_4328,2025-06-30 08:00:00,9208.613983391017,9661.734965834883,4543.18359375
forecast_4329,2025-06-30 09:00:00,7629.290423014825,7836.079263266022,3928.797607421875
forecast_4330,2025-06-30 10:00:00,6199.113037880936,5323.99126887197,3402.401611328125
forecast_4331,2025-06-30 11:00:00,5228.221680401808,3533.1039193576917,3172.21923828125
forecast_4332,2025-06-30 12:00:00,5301.335741271399,4374.020057668617,3419.623046875
forecast_4333,2025-06-30 13:00:00,5820.973946354909,4529.776507334307,3261.796142578125
forecast_4334,2025-06-30 14:00:00,6778.222526231797,6735.354385792563,4368.3134765625
forecast_4335,2025-06-30 15:00:00,7696.687460565467,6925.199325237409,5169.5556640625
forecast_4336,2025-06-30 16:00:00,8420.12163968504,7111.579207891172,5964.75
forecast_4337,2025-06-30 17:00:00,9213.354516242049,8618.09913381667,6403.439453125
forecast_4338,2025-06-30 18:00:00,9680.649835016626,8964.552624714817,7211.12890625
forecast_4339,2025-06-30 19:00:00,11655.456933296127,11326.406646979402,9893.56640625
forecast_4340,2025-06-30 20:00:00,12598.15401270485,13289.919646102848,11555.5771484375
forecast_4341,2025-06-30 21:00:00,12875.820600794912,13787.513587115995,12802.51171875
forecast_4342,2025-06-30 22:00:00,13337.183173604864,13166.55240800596,12186.771484375
forecast_4343,2025-06-30 23:00:00,14225.115409397473,13485.024979965074,13356.158203125
forecast_4344,2025-07-01 00:00:00,12295.00687268216,13302.99150103033,9556.5810546875
forecast_4345,2025-07-01 01:00:00,11770.880394602063,12839.903067218867,9610.787109375
forecast_4346,2025-07-01 02:00:00,10669.47104891616,11864.79639261553,7430.33447265625
forecast_4347,2025-07-01 03:00:00,10877.231874397377,12198.058969072174,7597.96630859375
forecast_4348,2025-07-01 04:00:00,10014.348217306026,11661.498090819301,7657.515625
forecast_4349,2025-07-01 05:00:00,9949.44803322843,12200.9573350972,7862.44287109375
forecast_4350,2025-07-01 06:00:00,11321.175393644691,12611.438628593562,7518.8076171875
forecast_4351,2025-07-01 07:00:00,10711.49796441488,12205.569979822574,6688.3818359375
forecast_4352,2025-07-01 08:00:00,9916.508562936,11877.503368745138,6643.65234375
forecast_4353,2025-07-01 09:00:00,8630.8038312577,8775.23574397047,5331.59912109375
forecast_4354,2025-07-01 10:00:00,7976.216542524326,8286.708989888572,4596.5693359375
forecast_4355,2025-07-01 11:00:00,7431.943276433334,7354.617899083469,4489.03662109375
forecast_4356,2025-07-01 12:00:00,7542.39129204982,6879.127961290033,4692.57763671875
forecast_4357,2025-07-01 13:00:00,7671.007555007178,6782.510601646768,4899.19140625
forecast_4358,2025-07-01 14:00:00,7462.401867627688,5798.255236687724,4861.13232421875
forecast_4359,2025-07-01 15:00:00,6659.53281026872,5221.437638436686,4613.45849609375
forecast_4360,2025-07-01 16:00:00,6709.736187195702,5458.948055171944,4433.33642578125
forecast_4361,2025-07-01 17:00:00,7368.028779496446,5788.3239049369495,4539.5732421875
forecast_4362,2025-07-01 18:00:00,7795.807022716017,7086.742920321302,4442.8076171875
forecast_4363,2025-07-01 19:00:00,7359.028349455076,7295.418051316907,4609.30859375
forecast_4364,2025-07-01 20:00:00,8292.24572665655,9273.449326423372,6406.4267578125
forecast_4365,2025-07-01 21:00:00,9922.550955102048,11469.277558311538,8180.1142578125
forecast_4366,2025-07-01 22:00:00,9928.825507132056,11313.981001866781,8864.2724609375
forecast_4367,2025-07-01 23:00:00,11625.961693513742,12532.55666653429,10172.130859375
forecast_4368,2025-07-02 00:00:00,13097.317355722307,14183.149297054426,11546.0810546875
forecast_4369,2025-07-02 01:00:00,14071.66540434078,14341.31093590366,12381.408203125
forecast_4370,2025-07-02 02:00:00,15098.203743316506,15208.918184204818,13977.9501953125
forecast_4371,2025-07-02 03:00:00,16104.072953597783,15482.490010438476,16087.2138671875
forecast_4372,2025-07-02 04:00:00,16395.45658351484,16161.192917640588,16750.654296875
forecast_4373,2025-07-02 05:00:00,16329.24572863285,16207.488854179075,16872.623046875
forecast_4374,2025-07-02 06:00:00,15933.64226243552,16243.407142807915,16477.23828125
forecast_4375,2025-07-02 07:00:00,16350.50406763006,15579.380563051793,16594.140625
forecast_4376,2025-07-02 08:00:00,14296.728384359527,14847.494389390129,14427.740234375
forecast_4377,2025-07-02 09:00:00,12330.060655887537,12379.701573933284,10163.708984375
forecast_4378,2025-07-02 10:00:00,10596.286661519496,11437.051623322119,7686.97802734375
forecast_4379,2025-07-02 11:00:00,9127.593791516127,7929.978616186151,5470.29345703125
forecast_4380,2025-07-02 12:00:00,7902.901264049591,7620.049986693581,4923.60009765625
forecast_4381,2025-07-02 13:00:00,6932.859613867795,6184.355369564139,4861.626953125
forecast_4382,2025-07-02 14:00:00,6862.181241907098,5796.26153475501,4500.54638671875
forecast_4383,2025-07-02 15:00:00,6469.874403574367,5543.487664728686,4517.31591796875
forecast_4384,2025-07-02 16:00:00,6412.628009983428,5362.002671985257,4354.9365234375
forecast_4385,2025-07-02 17:00:00,6002.651499103795,4399.5304745858075,3901.983154296875
forecast_4386,2025-07-02 18:00:00,5338.581092623634,3813.2799918840183,3824.616455078125
forecast_4387,2025-07-02 19:00:00,5384.2885306974495,4580.383309384311,3699.251220703125
forecast_4388,2025-07-02 20:00:00,6812.350588451048,8115.942796139445,5131.0908203125
forecast_4389,2025-07-02 21:00:00,7889.772715952805,9872.75180381372,6123.3095703125
forecast_4390,2025-07-02 22:00:00,8231.212264902642,10783.51721207865,5903.21728515625
forecast_4391,2025-07-02 23:00:00,9494.49993883247,11924.451895378239,6964.1044921875
forecast_4392,2025-07-03 00:00:00,10655.612165395294,12530.87352405521,8416.533203125
forecast_4393,2025-07-03 01:00:00,11657.942911566432,12810.32853730831,8913.6748046875
forecast_4394,2025-07-03 02:00:00,12589.253909942963,13922.599559155617,9675.01171875
forecast_4395,2025-07-03 03:00:00,13561.536776284884,14470.530641132425,11287.2294921875
forecast_4396,2025-07-03 04:00:00,13455.212188777898,14373.196006128177,11420.4326171875
forecast_4397,2025-07-03 05:00:00,13879.055323812661,14915.43142086189,12173.232421875
forecast_4398,2025-07-03 06:00:00,14502.394774595286,14926.660558772941,12770.177734375
forecast_4399,2025-07-03 07:00:00,15603.826026448569,15587.908027039397,14539.798828125
forecast_4400,2025-07-03 08:00:00,14905.081985267703,15010.994967180615,14580.9609375
forecast_4401,2025-07-03 09:00:00,14250.926016771931,14681.331450637432,14291.201171875
forecast_4402,2025-07-03 10:00:00,13164.969668591899,12907.3206015618,12370.8818359375
forecast_4403,2025-07-03 11:00:00,11529.500313795786,10424.413298409125,9374.3427734375
forecast_4404,2025-07-03 12:00:00,10461.988171021147,10433.307254387335,8608.623046875
forecast_4405,2025-07-03 13:00:00,10631.597254841978,9755.31015475126,9001.2705078125
forecast_4406,2025-07-03 14:00:00,10291.363315922783,9200.112286451928,9248.451171875
forecast_4407,2025-07-03 15:00:00,9970.920146368375,9264.689827797865,8796.6435546875
forecast_4408,2025-07-03 16:00:00,10047.294446335272,8997.182801706142,8796.9169921875
forecast_4409,2025-07-03 17:00:00,9525.156010619263,8942.040049662384,8186.6455078125
forecast_4410,2025-07-03 18:00:00,9835.454206777804,9126.020216011737,8526.423828125
forecast_4411,2025-07-03 19:00:00,11306.196968035549,11091.25247728354,9971.5830078125
forecast_4412,2025-07-03 20:00:00,11918.799186190838,12484.556336155829,11121.201171875
forecast_4413,2025-07-03 21:00:00,13095.468431059562,13968.701508396081,12616.8203125
forecast_4414,2025-07-03 22:00:00,13803.248665057115,14275.185741270154,12416.30859375
forecast_4415,2025-07-03 23:00:00,13925.873371864582,14634.796032557955,14193.244140625
forecast_4416,2025-07-04 00:00:00,14575.094519818846,15730.156575160712,15336.583984375
forecast_4417,2025-07-04 01:00:00,16030.464532315887,16378.003939659693,17147.09765625
forecast_4418,2025-07-04 02:00:00,16259.914644580494,16587.458885523978,18178.0234375
forecast_4419,2025-07-04 03:00:00,16880.67063555635,16888.955053001846,19241.986328125
forecast_4420,2025-07-04 04:00:00,17897.706730338505,17394.44911771246,20025.04296875
forecast_4421,2025-07-04 05:00:00,18665.00036191406,17231.0205053986,20414.73046875
forecast_4422,2025-07-04 06:00:00,19209.99922927314,17350.20647787824,20535.25390625
forecast_4423,2025-07-04 07:00:00,19151.711152013162,17706.323413005903,20620.427734375
forecast_4424,2025-07-04 08:00:00,18599.54143632477,17588.936698758487,20397.13671875
forecast_4425,2025-07-04 09:00:00,18453.686960703086,17121.540976882512,20088.15625
forecast_4426,2025-07-04 10:00:00,17241.97900750091,16256.743765722815,19620.435546875
forecast_4427,2025-07-04 11:00:00,16568.28258333644,16197.606321778283,19327.302734375
forecast_4428,2025-07-04 12:00:00,15670.815418278555,15784.352909157942,18896.0
forecast_4429,2025-07-04 13:00:00,14590.49749226301,15182.090714916225,18228.298828125
forecast_4430,2025-07-04 14:00:00,14307.150053603968,14839.7993215663,18132.41015625
forecast_4431,2025-07-04 15:00:00,14897.441099578791,16149.104763145953,18529.681640625
forecast_4432,2025-07-04 16:00:00,14198.9190505832,16091.299069547342,18241.68359375
forecast_4433,2025-07-04 17:00:00,15624.795236083359,17132.81249583887,19618.8671875
forecast_4434,2025-07-04 18:00:00,15670.629010942788,16443.846821652347,19133.685546875
forecast_4435,2025-07-04 19:00:00,16070.868571137315,16392.353300379466,19117.93359375
forecast_4436,2025-07-04 20:00:00,17055.211867781472,16939.187145541015,19978.29296875
forecast_4437,2025-07-04 21:00:00,17517.981878695726,17274.263365627725,20225.91015625
forecast_4438,2025-07-04 22:00:00,17541.528071182543,17313.672249390413,20268.2734375
forecast_4439,2025-07-04 23:00:00,19021.905478148812,17481.729640439848,20464.76171875
forecast_4440,2025-07-05 00:00:00,18668.75316474098,17453.841447644438,20323.47265625
forecast_4441,2025-07-05 01:00:00,16599.64693201681,17252.695965183226,19642.560546875
forecast_4442,2025-07-05 02:00:00,16614.624709624397,17178.49020038076,19364.048828125
forecast_4443,2025-07-05 03:00:00,16098.239210539085,16942.39801787201,18598.677734375
forecast_4444,2025-07-05 04:00:00,15745.723461301657,17072.927772960873,17907.232421875
forecast_4445,2025-07-05 05:00:00,16391.664607381266,16618.085655079107,17811.849609375
forecast_4446,2025-07-05 06:00:00,15814.083768891516,16408.91783051368,16762.19921875
forecast_4447,2025-07-05 07:00:00,15762.52501817625,15797.292166510242,16011.6923828125
forecast_4448,2025-07-05 08:00:00,15038.649451103925,15952.984073881407,14887.7998046875
forecast_4449,2025-07-05 09:00:00,13507.017089679997,15122.963684322936,13681.8359375
forecast_4450,2025-07-05 10:00:00,12995.027928385776,14446.994586139761,12670.173828125
forecast_4451,2025-07-05 11:00:00,11643.074584701691,13203.05539884681,11186.3564453125
forecast_4452,2025-07-05 12:00:00,11523.390562683013,12753.161442847473,11327.5458984375
forecast_4453,2025-07-05 13:00:00,11812.772103972064,12736.719293450238,11666.921875
forecast_4454,2025-07-05 14:00:00,12473.59387555386,11986.662364751428,12506.111328125
forecast_4455,2025-07-05 15:00:00,12490.15132956002,11553.83575212294,13299.884765625
forecast_4456,2025-07-05 16:00:00,12514.098554370295,11419.825743946258,13637.005859375
forecast_4457,2025-07-05 17:00:00,12168.72172513474,10810.740264060973,12511.1796875
forecast_4458,2025-07-05 18:00:00,12874.080143385841,12147.298751329521,13094.173828125
forecast_4459,2025-07-05 19:00:00,14506.093697802176,14665.0224081356,15043.615234375
forecast_4460,2025-07-05 20:00:00,15762.45782529992,15374.282399251051,16809.2578125
forecast_4461,2025-07-05 21:00:00,17056.031967688486,16356.133291766831,18287.72265625
forecast_4462,2025-07-05 22:00:00,17077.87692632598,17023.402848396312,18729.0703125
forecast_4463,2025-07-05 23:00:00,17096.629624707522,16480.499866502345,18850.529296875
forecast_4464,2025-07-06 00:00:00,17070.421002279,16816.91359218783,18781.71875
forecast_4465,2025-07-06 01:00:00,18541.253516625005,16763.842095437052,19042.390625
forecast_4466,2025-07-06 02:00:00,19180.282819163258,17260.367205770817,19205.00390625
forecast_4467,2025-07-06 03:00:00,19347.580889410892,17467.048668833857,19462.240234375
forecast_4468,2025-07-06 04:00:00,19443.13206113136,17477.528747261684,19705.48046875
forecast_4469,2025-07-06 05:00:00,19173.48285986411,17687.06280717806,19736.90234375
forecast_4470,2025-07-06 06:00:00,18474.79315587708,17677.840087550943,19527.423828125
forecast_4471,2025-07-06 07:00:00,17747.402308606415,17412.482320878495,18655.16796875
forecast_4472,2025-07-06 08:00:00,16652.541254266464,16967.60169323036,17130.94140625
forecast_4473,2025-07-06 09:00:00,14777.540582128848,15800.95329481596,14538.494140625
forecast_4474,2025-07-06 10:00:00,13611.25252458085,14869.80276615868,11435.490234375
forecast_4475,2025-07-06 11:00:00,11928.31268736843,11531.672380763901,8594.365234375
forecast_4476,2025-07-06 12:00:00,9864.429626693916,9578.072918704394,6466.8857421875
forecast_4477,2025-07-06 13:00:00,8184.914897838346,7452.478026790929,4982.04150390625
forecast_4478,2025-07-06 14:00:00,6886.705486897346,6392.834461095018,4701.3056640625
forecast_4479,2025-07-06 15:00:00,6358.706040556086,5010.692545661093,4527.26318359375
forecast_4480,2025-07-06 16:00:00,5946.484989601973,4556.201949129756,3836.057373046875
forecast_4481,2025-07-06 17:00:00,5856.700500423004,4579.79198372005,3582.51708984375
forecast_4482,2025-07-06 18:00:00,6306.7091376926555,5147.798826123695,3969.77099609375
forecast_4483,2025-07-06 19:00:00,7211.351183551555,6334.105003513692,4473.73779296875
forecast_4484,2025-07-06 20:00:00,8905.337103405871,9169.841559862634,5598.15087890625
forecast_4485,2025-07-06 21:00:00,10402.531978417637,10882.910516371243,7067.29541015625
forecast_4486,2025-07-06 22:00:00,11027.797553323286,11415.14647489979,8496.587890625
forecast_4487,2025-07-06 23:00:00,12636.464885796344,11939.550947370933,10812.884765625
forecast_4488,2025-07-07 00:00:00,13038.75834236561,11925.300259382657,11296.09765625
forecast_4489,2025-07-07 01:00:00,12739.944855139096,11254.584324791584,10269.06640625
forecast_4490,2025-07-07 02:00:00,11687.222705320182,10057.049864058221,8452.6845703125
forecast_4491,2025-07-07 03:00:00,10560.02858330922,9213.254204645822,6822.41259765625
forecast_4492,2025-07-07 04:00:00,8857.219267319846,8421.618656739474,5159.8623046875
forecast_4493,2025-07-07 05:00:00,7061.231634113084,6070.044415148957,4001.114501953125
forecast_4494,2025-07-07 06:00:00,5225.751097180551,3478.627973958304,3578.985595703125
forecast_4495,2025-07-07 07:00:00,3653.2553046016847,2616.314892643415,2930.29736328125
forecast_4496,2025-07-07 08:00:00,2707.3010110371815,2172.307692845893,2672.86767578125
forecast_4497,2025-07-07 09:00:00,2074.0757808975472,1743.4618007628505,1869.0546875
forecast_4498,2025-07-07 10:00:00,1610.0117798198391,1147.0336419981663,1627.807861328125
forecast_4499,2025-07-07 11:00:00,2109.981206034331,1371.3648695250893,1701.304931640625
forecast_4500,2025-07-07 12:00:00,2596.417575894463,1425.5836250199204,1943.8284912109375
forecast_4501,2025-07-07 13:00:00,2619.3604348658146,1444.2700322441701,1963.1741943359375
forecast_4502,2025-07-07 14:00:00,2514.9296883806383,1512.3946586474544,2002.2327880859375
forecast_4503,2025-07-07 15:00:00,2719.4258590003674,1634.4884542463392,2111.71728515625
forecast_4504,2025-07-07 16:00:00,2609.734539307172,1803.564053629752,2273.20654296875
forecast_4505,2025-07-07 17:00:00,2506.182882170224,1297.3820717413096,2094.63037109375
forecast_4506,2025-07-07 18:00:00,2179.3533518582653,1011.4838689344384,2193.51953125
forecast_4507,2025-07-07 19:00:00,2303.7560028571143,1007.912111905024,2225.689453125
forecast_4508,2025-07-07 20:00:00,2668.9981797389028,1332.7200540436233,2051.311767578125
forecast_4509,2025-07-07 21:00:00,2915.4727288364766,1689.7123680173368,1957.3115234375
forecast_4510,2025-07-07 22:00:00,3297.74038426654,2399.9436181623196,2073.453857421875
forecast_4511,2025-07-07 23:00:00,3036.0474311880325,1867.324688024748,1883.427490234375
forecast_4512,2025-07-08 00:00:00,3115.4381869927315,1749.2371773326104,1991.980712890625
forecast_4513,2025-07-08 01:00:00,2444.3841904324004,1415.6800308712704,1997.740234375
forecast_4514,2025-07-08 02:00:00,2660.7261375952244,2071.337565348286,2163.65234375
forecast_4515,2025-07-08 03:00:00,2498.2152647635553,1598.7259964927239,1885.416015625
forecast_4516,2025-07-08 04:00:00,2179.953160852624,1524.6103389826944,1730.588134765625
forecast_4517,2025-07-08 05:00:00,2127.087002509459,1651.4767519171428,1795.5595703125
forecast_4518,2025-07-08 06:00:00,1995.5584575186372,1447.4200305883523,1569.22021484375
forecast_4519,2025-07-08 07:00:00,2124.2075365045926,1753.216321967051,2052.822998046875
forecast_4520,2025-07-08 08:00:00,1852.9302513489888,1360.9491530589744,1699.649658203125
forecast_4521,2025-07-08 09:00:00,1752.9344493960493,1426.417203881449,1660.069091796875
forecast_4522,2025-07-08 10:00:00,1945.4243900053234,1385.209696429868,1876.4486083984375
forecast_4523,2025-07-08 11:00:00,2521.8785521671625,1659.3020003987426,1968.654052734375
forecast_4524,2025-07-08 12:00:00,2485.4810849106675,1698.9134762269427,2133.842041015625
forecast_4525,2025-07-08 13:00:00,2636.8342032301834,1768.6315007915073,2184.31396484375
forecast_4526,2025-07-08 14:00:00,2813.899802422844,1793.769120547755,2119.54931640625
forecast_4527,2025-07-08 15:00:00,2530.141393877571,1692.679642529935,1994.6029052734375
forecast_4528,2025-07-08 16:00:00,2367.9762800135654,1363.2356485797363,2070.541748046875
forecast_4529,2025-07-08 17:00:00,2265.5279348246195,1032.5334353630037,2121.655029296875
forecast_4530,2025-07-08 18:00:00,2319.3895419425194,1149.7078892075524,2163.389892578125
forecast_4531,2025-07-08 19:00:00,2572.488056865483,1588.8621964270733,2233.40966796875
forecast_4532,2025-07-08 20:00:00,2624.971169055265,1528.3066079807154,1994.333984375
forecast_4533,2025-07-08 21:00:00,2798.856094673878,2186.7271483834297,2075.74072265625
forecast_4534,2025-07-08 22:00:00,3207.7179809663494,2077.6860298914876,2155.44140625
forecast_4535,2025-07-08 23:00:00,3309.8980477592568,2354.4406514098027,2251.700439453125
forecast_4536,2025-07-09 00:00:00,3035.8186615730474,2239.8352908511006,2362.567626953125
forecast_4537,2025-07-09 01:00:00,3006.831811325882,2252.37068692902,2266.27294921875
forecast_4538,2025-07-09 02:00:00,2927.337180118444,2399.156657338456,2281.199951171875
forecast_4539,2025-07-09 03:00:00,2888.1497830934186,2342.824573909068,2300.453369140625
forecast_4540,2025-07-09 04:00:00,3020.5282714795803,2603.09770578573,2253.552001953125
forecast_4541,2025-07-09 05:00:00,3002.525686801618,2645.4099625408544,2341.211181640625
forecast_4542,2025-07-09 06:00:00,2872.411884863876,2544.607223845381,2347.44775390625
forecast_4543,2025-07-09 07:00:00,2912.2720693978563,2942.2972221783702,2242.011962890625
forecast_4544,2025-07-09 08:00:00,2856.8679403071346,2657.534149115724,2154.316650390625
forecast_4545,2025-07-09 09:00:00,2730.6895896005053,2292.084684499463,2161.246826171875
forecast_4546,2025-07-09 10:00:00,2668.5688305418626,1970.94666897026,2119.61572265625
forecast_4547,2025-07-09 11:00:00,2961.291698405954,2105.1323215848874,2174.29248046875
forecast_4548,2025-07-09 12:00:00,3194.0026800977616,2014.7782594236771,2217.266845703125
forecast_4549,2025-07-09 13:00:00,3242.7417018451033,2029.5092748857355,2297.248046875
forecast_4550,2025-07-09 14:00:00,3274.9827695255526,1872.213408099929,2322.14453125
forecast_4551,2025-07-09 15:00:00,3153.0005993958857,1727.3894142315621,2270.460205078125
forecast_4552,2025-07-09 16:00:00,2849.83590413457,1222.0094343469104,2158.580078125
forecast_4553,2025-07-09 17:00:00,2813.9708941066965,1390.7676215875517,2201.60302734375
forecast_4554,2025-07-09 18:00:00,3027.1128581997664,1804.4961156188633,2302.62158203125
forecast_4555,2025-07-09 19:00:00,2757.48110487971,2248.205805685521,2176.611572265625
forecast_4556,2025-07-09 20:00:00,3219.401237279687,2475.7664582755433,2096.25927734375
forecast_4557,2025-07-09 21:00:00,3800.1057627971572,3572.2435849929784,2305.26806640625
forecast_4558,2025-07-09 22:00:00,3592.8743435402275,3593.797103884453,2498.62451171875
forecast_4559,2025-07-09 23:00:00,3784.6847225249867,3881.2001539772723,2577.77001953125
forecast_4560,2025-07-10 00:00:00,3811.1434494648947,3839.4633981180186,2705.07861328125
forecast_4561,2025-07-10 01:00:00,3867.9876827733515,3715.1741506740454,2671.107421875
forecast_4562,2025-07-10 02:00:00,3921.097406217503,3817.0017400362394,2718.593017578125
forecast_4563,2025-07-10 03:00:00,4075.921049649485,4006.7033342299,2821.4111328125
forecast_4564,2025-07-10 04:00:00,3905.515424294511,3833.3779520478893,2929.66943359375
forecast_4565,2025-07-10 05:00:00,4673.235281948482,5236.169081218662,3196.55419921875
forecast_4566,2025-07-10 06:00:00,4736.464027533457,5939.621165595902,3343.99755859375
forecast_4567,2025-07-10 07:00:00,5317.9841539378685,6570.379687330553,3564.498046875
forecast_4568,2025-07-10 08:00:00,5687.681615361661,7086.448825184567,3933.22119140625
forecast_4569,2025-07-10 09:00:00,5850.47672623562,7114.679528455309,4151.3876953125
forecast_4570,2025-07-10 10:00:00,5935.131568867868,6396.7889891728555,4105.1396484375
forecast_4571,2025-07-10 11:00:00,6188.594207034374,6229.966808219871,4167.8125
forecast_4572,2025-07-10 12:00:00,6017.817276903659,5915.893028371084,4659.22802734375
forecast_4573,2025-07-10 13:00:00,5866.798817282724,5388.801979177504,4712.44921875
forecast_4574,2025-07-10 14:00:00,5437.039270161843,5375.324276797179,4322.40087890625
forecast_4575,2025-07-10 15:00:00,5295.790564439053,5135.741851944087,4112.4248046875
forecast_4576,2025-07-10 16:00:00,5727.648758314733,5044.872962638717,4075.620361328125
forecast_4577,2025-07-10 17:00:00,5962.140163508273,5260.433925808685,3800.65625
forecast_4578,2025-07-10 18:00:00,5541.9610348660935,5901.366160204299,3919.73583984375
forecast_4579,2025-07-10 19:00:00,5384.238605831265,7156.336650140889,4215.75341796875
forecast_4580,2025-07-10 20:00:00,5650.72452935245,7138.417394261647,4153.0322265625
forecast_4581,2025-07-10 21:00:00,6189.5892302125885,8261.720888769443,4477.35986328125
forecast_4582,2025-07-10 22:00:00,6017.519234759149,8477.38170473716,4532.234375
forecast_4583,2025-07-10 23:00:00,6113.327025264774,8497.068137057322,4407.921875
forecast_4584,2025-07-11 00:00:00,5947.19324192613,8274.59347823736,4440.69921875
forecast_4585,2025-07-11 01:00:00,7142.493745746928,8114.348406719894,4167.8623046875
forecast_4586,2025-07-11 02:00:00,6800.956932348575,8121.5769499529015,4215.90087890625
forecast_4587,2025-07-11 03:00:00,6657.134159615322,8018.61311428299,4206.9619140625
forecast_4588,2025-07-11 04:00:00,6509.3143261760415,7967.293392343308,4251.08935546875
forecast_4589,2025-07-11 05:00:00,6860.56317954072,8754.51146999263,4544.38623046875
forecast_4590,2025-07-11 06:00:00,7121.524787335861,8690.12150379207,4783.98681640625
forecast_4591,2025-07-11 07:00:00,7267.016826133955,9394.087611949832,4861.29296875
forecast_4592,2025-07-11 08:00:00,7314.514297763606,9111.304712375466,5152.52978515625
forecast_4593,2025-07-11 09:00:00,6746.986932509606,9047.511011785538,5245.08349609375
forecast_4594,2025-07-11 10:00:00,6964.146873529862,8071.26404875897,4798.6533203125
forecast_4595,2025-07-11 11:00:00,6706.169123025538,8075.56654624383,4878.8330078125
forecast_4596,2025-07-11 12:00:00,7138.440761348196,8734.498273419798,5931.74462890625
forecast_4597,2025-07-11 13:00:00,7077.627580901639,7976.820279626332,5866.38916015625
forecast_4598,2025-07-11 14:00:00,6199.197549552695,7441.862145496913,5532.5888671875
forecast_4599,2025-07-11 15:00:00,5990.81286552444,5735.763507712994,4980.3955078125
forecast_4600,2025-07-11 16:00:00,5600.184305398743,5038.251175480232,4271.4970703125
forecast_4601,2025-07-11 17:00:00,5849.43620545459,5272.644435367445,3794.03076171875
forecast_4602,2025-07-11 18:00:00,5253.321178568318,5767.395328452159,3817.098388671875
forecast_4603,2025-07-11 19:00:00,5300.373752779153,6558.591183095672,3818.56103515625
forecast_4604,2025-07-11 20:00:00,5574.91311262558,6867.479522746202,3759.67578125
forecast_4605,2025-07-11 21:00:00,5844.8401476940235,7612.505619135094,3876.65673828125
forecast_4606,2025-07-11 22:00:00,5627.601678548617,7096.335224320628,3636.98974609375
forecast_4607,2025-07-11 23:00:00,5500.433940179182,7208.374178067713,3624.409423828125
forecast_4608,2025-07-12 00:00:00,5641.649648126269,7044.222087184626,3596.46044921875
forecast_4609,2025-07-12 01:00:00,6482.359390142752,7184.186957906465,3553.00341796875
forecast_4610,2025-07-12 02:00:00,5558.724669956962,5965.187380143765,3281.731689453125
forecast_4611,2025-07-12 03:00:00,5081.5000797398625,4782.591170468986,3171.06689453125
forecast_4612,2025-07-12 04:00:00,4386.087568913248,4154.138989431718,3007.697998046875
forecast_4613,2025-07-12 05:00:00,4355.683833454387,3996.3539531201714,2985.29931640625
forecast_4614,2025-07-12 06:00:00,4541.050315753924,4404.8446192603915,2773.80712890625
forecast_4615,2025-07-12 07:00:00,3813.7615140276894,3500.4562351915492,2363.65966796875
forecast_4616,2025-07-12 08:00:00,3375.7329539933935,3119.238556999427,2222.472412109375
forecast_4617,2025-07-12 09:00:00,3392.8336473689083,3345.3366612976406,2276.06005859375
forecast_4618,2025-07-12 10:00:00,2803.8283324011427,2577.7882854721947,2204.670166015625
forecast_4619,2025-07-12 11:00:00,2515.35349981139,2281.89647643427,2044.721435546875
forecast_4620,2025-07-12 12:00:00,2599.385901450235,1795.1578985504475,2012.7197265625
forecast_4621,2025-07-12 13:00:00,2574.815411102649,1540.318315845748,1953.9332275390625
forecast_4622,2025-07-12 14:00:00,2569.8478519483488,1516.8506566833707,1948.638916015625
forecast_4623,2025-07-12 15:00:00,2443.610980528484,1269.9206926739316,1949.826904296875
forecast_4624,2025-07-12 16:00:00,2069.7441828288593,1314.836453356157,1895.1715087890625
forecast_4625,2025-07-12 17:00:00,2031.0965643636814,1245.697834303915,1966.885986328125
forecast_4626,2025-07-12 18:00:00,2155.844815465978,1145.0923924192039,2027.550048828125
forecast_4627,2025-07-12 19:00:00,2743.2956168058518,1460.5471617333205,2044.0931396484375
forecast_4628,2025-07-12 20:00:00,2468.046102883435,1379.049256718809,2040.8388671875
forecast_4629,2025-07-12 21:00:00,2613.6143906334905,2122.4688043954234,2526.993896484375
forecast_4630,2025-07-12 22:00:00,3068.5905823186613,2766.7592585484767,2634.597900390625
forecast_4631,2025-07-12 23:00:00,3691.4210814879943,2999.324709425447,2785.211669921875
forecast_4632,2025-07-13 00:00:00,4175.52310332756,3546.47643209568,3087.962890625
forecast_4633,2025-07-13 01:00:00,3637.531999964038,3353.244571675,2823.279052734375
forecast_4634,2025-07-13 02:00:00,3967.821414272185,3391.6929593166446,2817.309814453125
forecast_4635,2025-07-13 03:00:00,4049.0570095651346,3342.1690115450947,2794.7724609375
forecast_4636,2025-07-13 04:00:00,3731.225157252915,3156.1835456280487,2780.466064453125
forecast_4637,2025-07-13 05:00:00,3741.794630209286,2747.1572108306536,2491.51220703125
forecast_4638,2025-07-13 06:00:00,3330.802587797686,2571.2806804451834,2217.848876953125
forecast_4639,2025-07-13 07:00:00,3072.695090110833,2424.8940106938835,2253.04345703125
forecast_4640,2025-07-13 08:00:00,2742.2078239396833,2446.235689386229,2576.300048828125
forecast_4641,2025-07-13 09:00:00,2664.122855257473,2106.913132241778,2262.74169921875
forecast_4642,2025-07-13 10:00:00,2680.282851214648,2098.703543966394,2051.7919921875
forecast_4643,2025-07-13 11:00:00,2674.3636743695533,1888.2894166748522,2154.75244140625
forecast_4644,2025-07-13 12:00:00,2717.6300740053957,1233.640969484596,2360.995849609375
forecast_4645,2025-07-13 13:00:00,2499.576895965154,1270.7505885304342,2135.20703125
forecast_4646,2025-07-13 14:00:00,2397.0864090809073,680.5442480937559,1995.516845703125
forecast_4647,2025-07-13 15:00:00,2236.4732953715047,680.6607314890646,1887.4251708984375
forecast_4648,2025-07-13 16:00:00,2747.427584672526,1763.5040400418861,2109.71435546875
forecast_4649,2025-07-13 17:00:00,3644.661166426049,3106.787295667116,2685.575439453125
forecast_4650,2025-07-13 18:00:00,4089.718472355121,3636.6899697745553,3123.51708984375
forecast_4651,2025-07-13 19:00:00,4328.15752173526,4688.248100128394,3902.73291015625
forecast_4652,2025-07-13 20:00:00,5002.604289411649,5324.735260274458,4371.220703125
forecast_4653,2025-07-13 21:00:00,5668.262792503459,5677.566686152947,4576.818359375
forecast_4654,2025-07-13 22:00:00,5560.226356198053,5271.942597485552,3474.38671875
forecast_4655,2025-07-13 23:00:00,6018.324698914039,5051.363407354927,3358.035888671875
forecast_4656,2025-07-14 00:00:00,5578.868532679837,4390.209683551029,2778.153076171875
forecast_4657,2025-07-14 01:00:00,6069.34969553882,5944.942448131087,3895.09619140625
forecast_4658,2025-07-14 02:00:00,5829.060123327403,5783.050712848175,5083.28759765625
forecast_4659,2025-07-14 03:00:00,7398.954879609593,8218.113760612203,6074.3017578125
forecast_4660,2025-07-14 04:00:00,6967.891785111115,6867.8713686718775,6205.66748046875
forecast_4661,2025-07-14 05:00:00,7080.895129401746,7801.708590977166,4883.93896484375
forecast_4662,2025-07-14 06:00:00,7693.367058282189,9619.904290032306,5205.1943359375
forecast_4663,2025-07-14 07:00:00,7705.116491529005,9188.780538455514,5914.2900390625
forecast_4664,2025-07-14 08:00:00,6879.348251422522,7855.010402077465,5554.0693359375
forecast_4665,2025-07-14 09:00:00,6829.201534491507,7590.803801587094,6464.0244140625
forecast_4666,2025-07-14 10:00:00,6441.7248933186675,6863.252360799563,5199.470703125
forecast_4667,2025-07-14 11:00:00,6101.3283827183095,7274.414905646161,5236.43017578125
forecast_4668,2025-07-14 12:00:00,5394.546250246605,6173.312741382556,4709.85302734375
forecast_4669,2025-07-14 13:00:00,6262.946314723773,7186.135994116465,4775.90087890625
forecast_4670,2025-07-14 14:00:00,6848.908763414178,7822.37828254428,5112.89453125
forecast_4671,2025-07-14 15:00:00,6697.227014588653,7611.320068348134,5274.8203125
forecast_4672,2025-07-14 16:00:00,7161.842891798612,8932.03247739665,6454.775390625
forecast_4673,2025-07-14 17:00:00,7426.251716079896,9217.258784323494,6546.21826171875
forecast_4674,2025-07-14 18:00:00,7595.326390275724,7986.708613146212,6058.7138671875
forecast_4675,2025-07-14 19:00:00,7030.8255174935,7890.511478444373,5368.2177734375
forecast_4676,2025-07-14 20:00:00,7274.185347814692,7370.253279033874,4897.55712890625
forecast_4677,2025-07-14 21:00:00,7351.734912194542,7309.160146020345,4904.56884765625
forecast_4678,2025-07-14 22:00:00,8523.206077749437,9466.723309543566,5562.99951171875
forecast_4679,2025-07-14 23:00:00,8704.86739884998,10529.480453468648,6310.03271484375
forecast_4680,2025-07-15 00:00:00,8813.9326635736,11619.449877099356,6273.380859375
forecast_4681,2025-07-15 01:00:00,13923.472785968335,13684.746813910799,11131.2041015625
forecast_4682,2025-07-15 02:00:00,14093.200257918535,14440.966073766454,13319.638671875
forecast_4683,2025-07-15 03:00:00,14357.55299087075,13587.451549808746,13136.095703125
forecast_4684,2025-07-15 04:00:00,12960.552938186893,12716.151392886934,11556.361328125
forecast_4685,2025-07-15 05:00:00,12559.572239082585,12117.900744516935,10726.8095703125
forecast_4686,2025-07-15 06:00:00,11051.309803583988,11078.739678871789,8596.9248046875
forecast_4687,2025-07-15 07:00:00,10809.661576958413,10458.350104790337,7911.7744140625
forecast_4688,2025-07-15 08:00:00,9066.755981294184,8452.766940069017,6813.23974609375
forecast_4689,2025-07-15 09:00:00,7943.200084664241,7391.22906316984,6080.5029296875
forecast_4690,2025-07-15 10:00:00,6639.069553400926,6156.819789104271,4765.03369140625
forecast_4691,2025-07-15 11:00:00,6678.110148971211,5634.052051958454,4706.79541015625
forecast_4692,2025-07-15 12:00:00,5873.403669428109,5405.471857472336,4460.74609375
forecast_4693,2025-07-15 13:00:00,5187.624907002462,4875.814559923868,4131.6748046875
forecast_4694,2025-07-15 14:00:00,4750.787835620796,4337.6520502633975,3612.46875
forecast_4695,2025-07-15 15:00:00,5351.270882445066,4938.226238351641,3797.564453125
forecast_4696,2025-07-15 16:00:00,6078.530086829736,5475.77593395676,4082.13623046875
forecast_4697,2025-07-15 17:00:00,5714.214602328102,4922.180811114056,4210.939453125
forecast_4698,2025-07-15 18:00:00,5790.08056527425,3783.185281491769,3904.61474609375
forecast_4699,2025-07-15 19:00:00,5552.064451383407,4578.423306262579,3887.270263671875
forecast_4700,2025-07-15 20:00:00,5326.41034289374,5039.178361891843,4164.6416015625
forecast_4701,2025-07-15 21:00:00,6099.597463430411,6477.329261504906,4725.4638671875
forecast_4702,2025-07-15 22:00:00,6982.101569333872,7443.482066847352,5427.30859375
forecast_4703,2025-07-15 23:00:00,8419.759129250517,9680.816185330697,6143.7802734375
forecast_4704,2025-07-16 00:00:00,10136.851369070951,13305.192251181526,7875.21630859375
forecast_4705,2025-07-16 01:00:00,12359.826917793298,14599.553058383042,9987.1640625
forecast_4706,2025-07-16 02:00:00,13429.604940391564,15932.683729628672,13713.869140625
forecast_4707,2025-07-16 03:00:00,14360.51861160278,16279.839333428785,15550.798828125
forecast_4708,2025-07-16 04:00:00,15634.166706810112,16080.231964361617,16816.50390625
forecast_4709,2025-07-16 05:00:00,15627.079973016567,15303.462354867277,16862.587890625
forecast_4710,2025-07-16 06:00:00,14428.804107575566,13799.573224124872,14757.4580078125
forecast_4711,2025-07-16 07:00:00,12448.974331088368,13223.656537011293,10238.7607421875
forecast_4712,2025-07-16 08:00:00,10811.50353769435,12303.755079382805,8217.052734375
forecast_4713,2025-07-16 09:00:00,8161.398840051338,7857.78218606474,5923.81884765625
forecast_4714,2025-07-16 10:00:00,7844.945878963959,7676.540348704671,5809.47119140625
forecast_4715,2025-07-16 11:00:00,7045.978992619974,7290.251124470132,5196.52734375
forecast_4716,2025-07-16 12:00:00,6380.536965587542,6878.391345462003,4967.88134765625
forecast_4717,2025-07-16 13:00:00,6310.839842275336,6932.916796316033,4671.3896484375
forecast_4718,2025-07-16 14:00:00,6012.662582846803,6059.289012206064,3860.82275390625
forecast_4719,2025-07-16 15:00:00,5722.649374224749,5797.461454122009,3476.229736328125
forecast_4720,2025-07-16 16:00:00,5606.7119109708665,6580.41791925083,3619.41650390625
forecast_4721,2025-07-16 17:00:00,5898.19680415266,6270.621957284412,3856.57080078125
forecast_4722,2025-07-16 18:00:00,6239.547633783663,7739.654750424277,4293.95654296875
forecast_4723,2025-07-16 19:00:00,7847.664082111658,9462.167742019123,4734.41015625
forecast_4724,2025-07-16 20:00:00,7085.913441234418,8978.861773236116,4895.82568359375
forecast_4725,2025-07-16 21:00:00,8317.25775706063,10913.371037096163,5759.71923828125
forecast_4726,2025-07-16 22:00:00,11306.119231572997,13478.104546647166,9615.0595703125
forecast_4727,2025-07-16 23:00:00,12338.413806005734,14290.0950874897,13531.595703125
forecast_4728,2025-07-17 00:00:00,12619.85631991124,14485.380647060678,15719.873046875
forecast_4729,2025-07-17 01:00:00,14987.258216959952,16221.822769571087,19082.623046875
forecast_4730,2025-07-17 02:00:00,15445.842206551195,17052.17762113468,19354.53125
forecast_4731,2025-07-17 03:00:00,15104.875714760028,15958.137242825045,18758.57421875
forecast_4732,2025-07-17 04:00:00,14811.395778998969,15747.399511329259,18014.1328125
forecast_4733,2025-07-17 05:00:00,14851.4312836676,16168.326149327431,17912.953125
forecast_4734,2025-07-17 06:00:00,14582.219246210567,15968.87336764942,16780.482421875
forecast_4735,2025-07-17 07:00:00,14149.566910574562,14754.61610774025,17098.255859375
forecast_4736,2025-07-17 08:00:00,15550.20885979872,15363.32008545525,18258.146484375
forecast_4737,2025-07-17 09:00:00,14576.091871481845,13499.335236261484,17308.41015625
forecast_4738,2025-07-17 10:00:00,13501.360678528807,15098.420800039974,15423.4873046875
forecast_4739,2025-07-17 11:00:00,13274.282909411031,14529.821116589257,14335.3671875
forecast_4740,2025-07-17 12:00:00,11592.452017713425,12629.861727587719,11871.115234375
forecast_4741,2025-07-17 13:00:00,10953.589309756964,12659.753621769834,11895.634765625
forecast_4742,2025-07-17 14:00:00,10342.018465925914,12441.009396346506,11333.751953125
forecast_4743,2025-07-17 15:00:00,10162.825857466014,11776.382451259755,9829.677734375
forecast_4744,2025-07-17 16:00:00,9792.742716821349,10083.157730424042,8487.3828125
forecast_4745,2025-07-17 17:00:00,10100.070210752969,11197.386679637264,7794.1328125
forecast_4746,2025-07-17 18:00:00,9737.24411820146,10430.089873343357,6768.21484375
forecast_4747,2025-07-17 19:00:00,8366.679727011297,9913.407946355386,5709.8798828125
forecast_4748,2025-07-17 20:00:00,9422.918440954956,10554.84832393418,6442.74755859375
forecast_4749,2025-07-17 21:00:00,9800.917240164694,12336.1320893873,7723.6767578125
forecast_4750,2025-07-17 22:00:00,11128.652021634156,13988.262854452652,8770.95703125
forecast_4751,2025-07-17 23:00:00,11729.504392637817,13752.958054201808,11608.8642578125
forecast_4752,2025-07-18 00:00:00,11399.060293847946,14345.238346568527,11886.3017578125
forecast_4753,2025-07-18 01:00:00,11804.892446042042,14433.146618756546,15154.876953125
forecast_4754,2025-07-18 02:00:00,11653.712453753693,12713.16611214846,13412.736328125
forecast_4755,2025-07-18 03:00:00,11799.686303867707,13932.072057941992,14200.654296875
forecast_4756,2025-07-18 04:00:00,12520.948153062684,13654.876955385114,13188.607421875
forecast_4757,2025-07-18 05:00:00,11159.953046826442,13593.495267076196,11382.984375
forecast_4758,2025-07-18 06:00:00,10880.547231993505,13401.689928605787,10824.3056640625
forecast_4759,2025-07-18 07:00:00,11294.106037751211,14234.157582809408,10817.666015625
forecast_4760,2025-07-18 08:00:00,10786.704697772004,13249.833898919353,9382.4462890625
forecast_4761,2025-07-18 09:00:00,9751.336268015948,12579.688940107913,9635.939453125
forecast_4762,2025-07-18 10:00:00,7920.911562430403,9921.518716530976,6780.6357421875
forecast_4763,2025-07-18 11:00:00,6321.040334423269,7502.682191438554,4706.5888671875
forecast_4764,2025-07-18 12:00:00,5640.096567674469,4625.375533907122,3327.619140625
forecast_4765,2025-07-18 13:00:00,4708.5201990855,3190.6953208825425,3140.642333984375
forecast_4766,2025-07-18 14:00:00,5392.643933613245,5155.757702120445,3549.098388671875
forecast_4767,2025-07-18 15:00:00,6866.68154785331,7277.074805930139,4531.083984375
forecast_4768,2025-07-18 16:00:00,5072.740909164518,4788.163287310015,3714.60009765625
forecast_4769,2025-07-18 17:00:00,5622.608731548404,5641.77214099697,4687.74462890625
forecast_4770,2025-07-18 18:00:00,7460.640214574637,9197.306153756475,5921.8525390625
forecast_4771,2025-07-18 19:00:00,7887.825498019073,7239.708205922899,5257.5947265625
forecast_4772,2025-07-18 20:00:00,8717.371746763354,10882.748369540186,7020.95703125
forecast_4773,2025-07-18 21:00:00,8719.81318657893,9952.154730997067,6769.43212890625
forecast_4774,2025-07-18 22:00:00,9167.2992714051,9863.501715681703,8945.431640625
forecast_4775,2025-07-18 23:00:00,8807.801070695776,11400.633377473838,7826.17822265625
forecast_4776,2025-07-19 00:00:00,10891.783422095563,12076.91871388512,9867.146484375
forecast_4777,2025-07-19 01:00:00,9672.541655745701,11805.382263128238,9087.59765625
forecast_4778,2025-07-19 02:00:00,8591.906051694037,8845.18588487511,6628.56787109375
forecast_4779,2025-07-19 03:00:00,8479.422468917735,8047.135218106582,5836.0966796875
forecast_4780,2025-07-19 04:00:00,8227.654703664783,8394.259455591924,5816.36328125
forecast_4781,2025-07-19 05:00:00,8063.011414898041,8759.325732131387,5082.9326171875
forecast_4782,2025-07-19 06:00:00,8158.090528595643,8539.758984654885,5087.09765625
forecast_4783,2025-07-19 07:00:00,7176.6575436645435,9450.940551009811,5017.0146484375
forecast_4784,2025-07-19 08:00:00,6723.83393900575,7836.231699759627,4476.3076171875
forecast_4785,2025-07-19 09:00:00,7160.343900305976,7986.009782205436,4346.7822265625
forecast_4786,2025-07-19 10:00:00,7550.159667408666,8925.290553568033,5179.26025390625
forecast_4787,2025-07-19 11:00:00,7801.938613521201,10829.112630408568,5773.767578125
forecast_4788,2025-07-19 12:00:00,9272.31394460237,12311.708243521054,6915.91796875
forecast_4789,2025-07-19 13:00:00,10515.646630821262,11871.673865394161,8239.572265625
forecast_4790,2025-07-19 14:00:00,10231.997159948758,12643.387536333828,9656.517578125
forecast_4791,2025-07-19 15:00:00,11243.652306849795,13094.427127932733,11470.220703125
forecast_4792,2025-07-19 16:00:00,11239.684164341832,13262.871987031855,11700.77734375
forecast_4793,2025-07-19 17:00:00,10596.2453441601,11670.135155669825,10838.814453125
forecast_4794,2025-07-19 18:00:00,10105.651313074704,10636.949801293558,8894.521484375
forecast_4795,2025-07-19 19:00:00,10948.032291056828,11713.147732126617,9397.7626953125
forecast_4796,2025-07-19 20:00:00,11389.159963019243,12937.829949518113,10025.3583984375
forecast_4797,2025-07-19 21:00:00,10568.088222733739,12796.102592715068,9912.0751953125
forecast_4798,2025-07-19 22:00:00,11470.993228271132,13957.8166450537,12277.9501953125
forecast_4799,2025-07-19 23:00:00,10789.565195904031,13742.478530375878,9854.78515625
forecast_4800,2025-07-20 00:00:00,12776.99117862658,14513.728259177282,12536.310546875
forecast_4801,2025-07-20 01:00:00,12299.948202494019,14813.756620790438,13556.2841796875
forecast_4802,2025-07-20 02:00:00,11791.943339213278,14837.85709379365,13927.373046875
forecast_4803,2025-07-20 03:00:00,12038.949619388997,14757.008521094549,13315.994140625
forecast_4804,2025-07-20 04:00:00,11635.232891781328,13595.391077848135,12463.75
forecast_4805,2025-07-20 05:00:00,10774.42921313283,12861.065475663263,10380.7744140625
forecast_4806,2025-07-20 06:00:00,11187.559743313232,12409.427150580066,10141.345703125
forecast_4807,2025-07-20 07:00:00,10340.721468305026,12369.183958131644,9221.615234375
forecast_4808,2025-07-20 08:00:00,10499.564720092207,12872.906940616394,8388.986328125
forecast_4809,2025-07-20 09:00:00,9855.863331430424,11816.583605426818,7221.20068359375
forecast_4810,2025-07-20 10:00:00,8489.373454690376,10061.25993168327,6331.1689453125
forecast_4811,2025-07-20 11:00:00,8633.731296535192,8553.294506893784,5606.0107421875
forecast_4812,2025-07-20 12:00:00,8015.6906577472955,7848.024481826749,5391.86962890625
forecast_4813,2025-07-20 13:00:00,8012.6406317177225,6818.7009907287,5077.75
forecast_4814,2025-07-20 14:00:00,7669.090966685949,5812.963723111527,4538.837890625
forecast_4815,2025-07-20 15:00:00,7088.647070146014,5670.310514905823,4424.91015625
forecast_4816,2025-07-20 16:00:00,7099.022390314753,5426.625914064589,4391.1845703125
forecast_4817,2025-07-20 17:00:00,7080.977878692203,6356.230525422616,4467.69677734375
forecast_4818,2025-07-20 18:00:00,7293.338606670227,5916.957545237508,4476.60595703125
forecast_4819,2025-07-20 19:00:00,7889.1247396849885,8051.459659854905,4972.51904296875
forecast_4820,2025-07-20 20:00:00,9091.625550429559,9356.668987225452,5718.44580078125
forecast_4821,2025-07-20 21:00:00,10444.26262945462,12679.67544833323,7661.0341796875
forecast_4822,2025-07-20 22:00:00,11195.036759571522,13830.86759459473,9323.111328125
forecast_4823,2025-07-20 23:00:00,12219.721565294734,13914.91615851157,10856.875
forecast_4824,2025-07-21 00:00:00,12629.971958412905,14287.760531669328,11986.9619140625
forecast_4825,2025-07-21 01:00:00,12441.253411966387,13947.553144637879,9872.16015625
forecast_4826,2025-07-21 02:00:00,11579.22458974665,13891.841956581726,10148.38671875
forecast_4827,2025-07-21 03:00:00,12490.084686163176,14207.751048993896,9925.8740234375
forecast_4828,2025-07-21 04:00:00,12336.189346990466,13826.07134560179,9469.806640625
forecast_4829,2025-07-21 05:00:00,11699.08940558484,13697.049688329347,8920.298828125
forecast_4830,2025-07-21 06:00:00,12143.17839178564,13712.04446187104,8233.525390625
forecast_4831,2025-07-21 07:00:00,11368.811675214469,13087.608128276956,7906.8720703125
forecast_4832,2025-07-21 08:00:00,9557.786910665855,11614.657980135547,7041.0361328125
forecast_4833,2025-07-21 09:00:00,8593.194199358564,10505.242028817316,7038.6708984375
forecast_4834,2025-07-21 10:00:00,8168.59022013376,9112.125792179526,6350.13671875
forecast_4835,2025-07-21 11:00:00,8077.218066704234,7925.871879826568,5794.7470703125
forecast_4836,2025-07-21 12:00:00,7141.872717239306,6978.519853284275,5383.76025390625
forecast_4837,2025-07-21 13:00:00,7132.336611186047,6416.360665341077,4865.87109375
forecast_4838,2025-07-21 14:00:00,7330.518168201908,6715.143786536746,5412.3310546875
forecast_4839,2025-07-21 15:00:00,7013.896048660181,5334.975836026721,4459.0830078125
forecast_4840,2025-07-21 16:00:00,6574.479448743951,5613.768341389391,4445.19384765625
forecast_4841,2025-07-21 17:00:00,7476.295999603841,7042.324931829235,5106.29443359375
forecast_4842,2025-07-21 18:00:00,8797.113954914483,7975.674979688238,5814.07958984375
forecast_4843,2025-07-21 19:00:00,8830.149058019448,9315.810577510696,6304.65966796875
forecast_4844,2025-07-21 20:00:00,11848.902440607575,13057.523484251757,7806.9931640625
forecast_4845,2025-07-21 21:00:00,12041.163847216354,13263.423277757065,9534.4248046875
forecast_4846,2025-07-21 22:00:00,12584.640744489992,14041.892724442105,10078.986328125
forecast_4847,2025-07-21 23:00:00,12846.32854167779,13746.916206482978,10200.708984375
forecast_4848,2025-07-22 00:00:00,12977.559058440991,13687.066295572695,10341.580078125
forecast_4849,2025-07-22 01:00:00,13950.266375048057,15327.745665345792,12451.154296875
forecast_4850,2025-07-22 02:00:00,13695.958806661281,14997.072781232304,12491.966796875
forecast_4851,2025-07-22 03:00:00,13472.370413813784,14747.620043106492,12479.8330078125
forecast_4852,2025-07-22 04:00:00,13700.85883218753,14956.232010859709,12297.830078125
forecast_4853,2025-07-22 05:00:00,14028.147116057335,14713.007066493965,12003.3984375
forecast_4854,2025-07-22 06:00:00,13717.273397816818,14869.273956052439,11389.9267578125
forecast_4855,2025-07-22 07:00:00,11974.163687752549,13985.02623665506,9242.125
forecast_4856,2025-07-22 08:00:00,10883.863095322244,12226.28145197636,7108.36962890625
forecast_4857,2025-07-22 09:00:00,9061.46607493547,9781.548117671962,5106.4296875
forecast_4858,2025-07-22 10:00:00,6973.501063656229,6798.798133460822,3940.23974609375
forecast_4859,2025-07-22 11:00:00,5559.3260531126125,5170.723068327619,3348.82373046875
forecast_4860,2025-07-22 12:00:00,4880.231582337193,3784.8104636954167,2948.6328125
forecast_4861,2025-07-22 13:00:00,3785.3013736403177,2672.5329409652113,2772.018798828125
forecast_4862,2025-07-22 14:00:00,3577.233981287961,2234.924483551035,2922.00634765625
forecast_4863,2025-07-22 15:00:00,3769.967182470372,2738.6526454891577,2954.38916015625
forecast_4864,2025-07-22 16:00:00,4306.835038547037,3496.013431697452,3173.038818359375
forecast_4865,2025-07-22 17:00:00,4546.677229374494,3496.5369477077465,3073.218017578125
forecast_4866,2025-07-22 18:00:00,4664.68029449148,3557.344482686994,3249.76220703125
forecast_4867,2025-07-22 19:00:00,4690.799621945813,4063.2007500386467,3308.03173828125
forecast_4868,2025-07-22 20:00:00,5357.771412025166,6025.939647286486,4322.6796875
forecast_4869,2025-07-22 21:00:00,5700.081592121316,6441.806245518829,4134.06005859375
forecast_4870,2025-07-22 22:00:00,7115.211028613481,7376.077191818317,4360.0927734375
forecast_4871,2025-07-22 23:00:00,8299.824175969741,8022.513251241762,4900.28515625
forecast_4872,2025-07-23 00:00:00,9230.46283420045,9195.146449914526,5618.93603515625
forecast_4873,2025-07-23 01:00:00,10219.595135998556,9862.87481121562,5613.78125
forecast_4874,2025-07-23 02:00:00,10477.30809251064,10843.977814197096,6584.00146484375
forecast_4875,2025-07-23 03:00:00,10665.505513093198,10977.125956228865,6630.13525390625
forecast_4876,2025-07-23 04:00:00,10481.916869441295,10145.695368168948,6340.05859375
forecast_4877,2025-07-23 05:00:00,9428.872185483284,9190.41034444168,5437.4609375
forecast_4878,2025-07-23 06:00:00,8683.645246415386,8256.666783072691,4875.02978515625
forecast_4879,2025-07-23 07:00:00,7684.641461791212,5892.365873494295,4289.0087890625
forecast_4880,2025-07-23 08:00:00,6431.570689242573,5037.987163214655,3558.864013671875
forecast_4881,2025-07-23 09:00:00,4512.931355898541,3720.9622669463906,2794.33203125
forecast_4882,2025-07-23 10:00:00,2877.7713953503217,2416.8026853714036,2136.883056640625
forecast_4883,2025-07-23 11:00:00,2503.7647867017745,1253.009159738237,1862.4339599609375
forecast_4884,2025-07-23 12:00:00,2652.9014271220362,1107.9730852754628,1909.9058837890625
forecast_4885,2025-07-23 13:00:00,2434.115597474479,971.9968313033855,1903.650634765625
forecast_4886,2025-07-23 14:00:00,2557.2159589815847,1121.063718880521,2037.9521484375
forecast_4887,2025-07-23 15:00:00,3302.6275738275726,1449.579576662552,2230.492431640625
forecast_4888,2025-07-23 16:00:00,3795.375218706707,1956.0009540161516,2519.755126953125
forecast_4889,2025-07-23 17:00:00,3246.8251842766613,1567.6520883188864,2577.483642578125
forecast_4890,2025-07-23 18:00:00,3246.3782536819326,1877.9958250792251,2064.719970703125
forecast_4891,2025-07-23 19:00:00,3769.1594574226187,2810.7082718182382,2623.88623046875
forecast_4892,2025-07-23 20:00:00,4274.827158232063,4425.352902978787,3943.72900390625
forecast_4893,2025-07-23 21:00:00,4168.9705227037175,4498.022331859487,3929.08251953125
forecast_4894,2025-07-23 22:00:00,5117.79022188837,5005.6866635194565,4146.2900390625
forecast_4895,2025-07-23 23:00:00,6889.577687394063,5751.465108665843,4380.5634765625
forecast_4896,2025-07-24 00:00:00,7818.941829530791,6932.791078613933,5121.32080078125
forecast_4897,2025-07-24 01:00:00,8798.740628378213,7613.9321443593435,5357.0693359375
forecast_4898,2025-07-24 02:00:00,9364.848162838001,8426.925359843453,5841.5751953125
forecast_4899,2025-07-24 03:00:00,9848.261702907785,9001.750866834602,6102.68798828125
forecast_4900,2025-07-24 04:00:00,10184.865449323235,8941.544205620843,5864.9169921875
forecast_4901,2025-07-24 05:00:00,9471.99680326285,8656.62087215569,5234.37109375
forecast_4902,2025-07-24 06:00:00,8100.2688042240625,7671.0944718326555,4306.7021484375
forecast_4903,2025-07-24 07:00:00,6168.157975602008,5002.705813898747,3529.80615234375
forecast_4904,2025-07-24 08:00:00,4386.949082279455,3387.2124320554435,2978.42529296875
forecast_4905,2025-07-24 09:00:00,3098.964409196069,2324.0842598342706,2436.173828125
forecast_4906,2025-07-24 10:00:00,2294.0143295900834,1642.9632132533586,2282.43701171875
forecast_4907,2025-07-24 11:00:00,2093.106450462625,1279.9009789016354,1932.7001953125
forecast_4908,2025-07-24 12:00:00,1934.3534813054957,936.1979699731248,1762.280029296875
forecast_4909,2025-07-24 13:00:00,1663.3067364381918,843.1018119452339,1734.724609375
forecast_4910,2025-07-24 14:00:00,1989.257132540573,470.5918884277344,2157.6240234375
forecast_4911,2025-07-24 15:00:00,2154.090250388698,739.1231689453125,2270.649658203125
forecast_4912,2025-07-24 16:00:00,2222.8814073035,1326.048038937894,2799.846923828125
forecast_4913,2025-07-24 17:00:00,2095.7742056502684,1425.0258915547133,2333.924560546875
forecast_4914,2025-07-24 18:00:00,2378.7005824858875,1335.0858431808583,2194.546142578125
forecast_4915,2025-07-24 19:00:00,3089.2985622024607,1898.979324426714,2728.486083984375
forecast_4916,2025-07-24 20:00:00,2881.714190530057,2256.6745839545447,2766.825439453125
forecast_4917,2025-07-24 21:00:00,3202.9173108682953,2767.4344994177795,3056.72509765625
forecast_4918,2025-07-24 22:00:00,3766.047985922716,3295.130985781568,3220.75146484375
forecast_4919,2025-07-24 23:00:00,4325.064747203675,3997.5390324918735,3663.569091796875
forecast_4920,2025-07-25 00:00:00,4432.189615139103,4462.723619335196,4236.337890625
forecast_4921,2025-07-25 01:00:00,4714.670894367726,4226.906394493544,4038.6171875
forecast_4922,2025-07-25 02:00:00,5661.3272206792935,4798.5341439962385,4228.31005859375
forecast_4923,2025-07-25 03:00:00,6022.417855133874,4686.515882563059,3959.165283203125
forecast_4924,2025-07-25 04:00:00,6446.306417350452,4852.896952004541,4000.003173828125
forecast_4925,2025-07-25 05:00:00,6269.699697818371,4870.879570394753,3947.33203125
forecast_4926,2025-07-25 06:00:00,5674.99587468692,4199.456472056843,3573.83154296875
forecast_4927,2025-07-25 07:00:00,4894.255482632452,3502.938784241042,3295.09130859375
forecast_4928,2025-07-25 08:00:00,3946.079408850841,2901.635887923432,3045.29736328125
forecast_4929,2025-07-25 09:00:00,3318.977036931286,2192.762901187364,2768.778076171875
forecast_4930,2025-07-25 10:00:00,2536.391852527601,1530.410574720262,2563.948974609375
forecast_4931,2025-07-25 11:00:00,2084.4861046078213,1169.5963088400372,1841.510498046875
forecast_4932,2025-07-25 12:00:00,1965.2335186924242,1192.546121524043,1678.3677978515625
forecast_4933,2025-07-25 13:00:00,1937.8864171265934,680.5573023624682,1582.5130615234375
forecast_4934,2025-07-25 14:00:00,2053.1001853711164,902.933602506306,1837.3238525390625
forecast_4935,2025-07-25 15:00:00,2193.41061420956,1074.5891582576364,1873.657470703125
forecast_4936,2025-07-25 16:00:00,2510.038433960211,1033.2381015813216,2079.602294921875
forecast_4937,2025-07-25 17:00:00,2553.1019607737258,1074.8425192039497,2183.963623046875
forecast_4938,2025-07-25 18:00:00,2848.827051486959,1304.9952071744578,2138.970458984375
forecast_4939,2025-07-25 19:00:00,3183.756205941898,2593.1942471166494,2506.85205078125
forecast_4940,2025-07-25 20:00:00,3622.4542325179855,3061.4561523656857,2886.739501953125
forecast_4941,2025-07-25 21:00:00,4338.888233911586,3767.478783314678,3373.634765625
forecast_4942,2025-07-25 22:00:00,5490.509582130787,5571.30441593188,3964.52685546875
forecast_4943,2025-07-25 23:00:00,6882.523056021882,6010.51115108665,4657.08447265625
forecast_4944,2025-07-26 00:00:00,6991.61805646567,6625.411802676589,4872.7861328125
forecast_4945,2025-07-26 01:00:00,8465.63777939336,7417.460765760969,4935.525390625
forecast_4946,2025-07-26 02:00:00,8160.903246622348,6968.052461761768,4926.61181640625
forecast_4947,2025-07-26 03:00:00,7894.449208350221,6844.191315767917,4865.82177734375
forecast_4948,2025-07-26 04:00:00,7982.607482632886,6426.4202775404265,4592.95556640625
forecast_4949,2025-07-26 05:00:00,6401.979405073434,4896.32502095398,3946.18408203125
forecast_4950,2025-07-26 06:00:00,5506.648044610616,3744.2718857368664,3573.44287109375
forecast_4951,2025-07-26 07:00:00,4381.298495324645,3641.3302184241784,3406.90576171875
forecast_4952,2025-07-26 08:00:00,3985.5905353431126,3012.3910370959948,3069.07763671875
forecast_4953,2025-07-26 09:00:00,2993.345786540969,2455.8974701992856,2456.17529296875
forecast_4954,2025-07-26 10:00:00,2322.9149232159994,1496.3259872626645,2464.48193359375
forecast_4955,2025-07-26 11:00:00,2708.3768731411237,1468.298054789514,2475.23193359375
forecast_4956,2025-07-26 12:00:00,2516.90662589324,1496.4428901962183,2217.031005859375
forecast_4957,2025-07-26 13:00:00,2152.5502375358374,1385.1748394552078,1899.532470703125
forecast_4958,2025-07-26 14:00:00,2153.3745771176928,1339.859025561228,1989.771728515625
forecast_4959,2025-07-26 15:00:00,1950.732591822234,1102.5943357414558,1988.510498046875
forecast_4960,2025-07-26 16:00:00,2111.184553415308,1026.488796006368,1954.394287109375
forecast_4961,2025-07-26 17:00:00,2248.4579383246273,855.9071794482361,1869.696533203125
forecast_4962,2025-07-26 18:00:00,2408.41165220437,1196.7347806434625,2139.57666015625
forecast_4963,2025-07-26 19:00:00,2648.2278298908723,1272.8232845611078,2121.455810546875
forecast_4964,2025-07-26 20:00:00,3147.2443941906754,2681.1071293059713,2905.08203125
forecast_4965,2025-07-26 21:00:00,3651.3962212783554,3835.4209447462977,3178.489990234375
forecast_4966,2025-07-26 22:00:00,4830.28941570983,5499.906375182483,3862.196044921875
forecast_4967,2025-07-26 23:00:00,6580.813947738277,6852.644428737681,4877.46630859375
forecast_4968,2025-07-27 00:00:00,7180.472676097073,7620.372933900551,5251.8095703125
forecast_4969,2025-07-27 01:00:00,9830.026863171464,10461.99262024913,5968.63134765625
forecast_4970,2025-07-27 02:00:00,10318.644270850567,9749.725245805043,6175.33642578125
forecast_4971,2025-07-27 03:00:00,10346.68708667157,9313.980621822993,6563.54443359375
forecast_4972,2025-07-27 04:00:00,9564.431895230398,8540.180180963904,5779.314453125
forecast_4973,2025-07-27 05:00:00,8442.79851694995,7171.845483203052,4797.63134765625
forecast_4974,2025-07-27 06:00:00,7248.846842061256,6668.454424303046,4168.3330078125
forecast_4975,2025-07-27 07:00:00,5641.77288191667,4976.1000421932895,3735.70654296875
forecast_4976,2025-07-27 08:00:00,4421.582522045511,3767.802663281816,3386.44677734375
forecast_4977,2025-07-27 09:00:00,3991.517216589468,3269.132830127691,3025.08251953125
forecast_4978,2025-07-27 10:00:00,3012.134642222153,2424.2452972119063,2622.56494140625
forecast_4979,2025-07-27 11:00:00,2782.171966064878,1698.4664703853427,2518.32373046875
forecast_4980,2025-07-27 12:00:00,2979.165895424941,1217.1450527570182,2420.556640625
forecast_4981,2025-07-27 13:00:00,2768.812323510185,1106.2456728694015,2278.59423828125
forecast_4982,2025-07-27 14:00:00,2816.3184907291006,1412.7654242100036,2517.474365234375
forecast_4983,2025-07-27 15:00:00,3314.2191041980122,1451.5364207470113,2496.968017578125
forecast_4984,2025-07-27 16:00:00,3365.2228159206134,1765.326939482095,2564.100341796875
forecast_4985,2025-07-27 17:00:00,4018.6413912627086,2069.320520266608,2830.88916015625
forecast_4986,2025-07-27 18:00:00,4304.091235268545,3115.4601158691935,2920.870361328125
forecast_4987,2025-07-27 19:00:00,5571.392135801882,4421.317284930564,3343.26708984375
forecast_4988,2025-07-27 20:00:00,7185.726074474603,5544.271985730598,3949.15966796875
forecast_4989,2025-07-27 21:00:00,7669.7766048666745,6654.507235496418,4517.62109375
forecast_4990,2025-07-27 22:00:00,8708.976235113196,7631.934977252433,5421.80078125
forecast_4991,2025-07-27 23:00:00,9414.066813619234,8528.671448459852,5659.31201171875
forecast_4992,2025-07-28 00:00:00,10290.010332454814,9891.753333825753,7049.37890625
forecast_4993,2025-07-28 01:00:00,11539.09570542289,11396.61255999385,7373.71728515625
forecast_4994,2025-07-28 02:00:00,11460.666008568069,10793.433650173927,7727.95166015625
forecast_4995,2025-07-28 03:00:00,11907.800858992621,10674.124073061834,7907.1904296875
forecast_4996,2025-07-28 04:00:00,11007.006476792347,10142.133738029635,7032.61865234375
forecast_4997,2025-07-28 05:00:00,10541.626647766152,9489.047803180458,6007.05078125
forecast_4998,2025-07-28 06:00:00,9709.17048361446,7869.290061754917,4874.60498046875
forecast_4999,2025-07-28 07:00:00,7295.345260857483,6332.073635948114,4066.106201171875
forecast_5000,2025-07-28 08:00:00,5932.681839620149,4876.038046617217,3622.69482421875
forecast_5001,2025-07-28 09:00:00,4272.073943624007,3607.9896216908046,2896.103271484375
forecast_5002,2025-07-28 10:00:00,2986.0214783438814,2265.118220175619,2315.232177734375
forecast_5003,2025-07-28 11:00:00,2418.6137646908037,1423.584221276641,2012.3177490234375
forecast_5004,2025-07-28 12:00:00,2244.948758353205,1040.400987551293,1952.7808837890625
forecast_5005,2025-07-28 13:00:00,2263.780929601682,810.6873029027511,1890.1624755859375
forecast_5006,2025-07-28 14:00:00,2858.251284302315,1367.271789643983,2560.506591796875
forecast_5007,2025-07-28 15:00:00,2214.6659944781486,1140.1956385669182,1985.4808349609375
forecast_5008,2025-07-28 16:00:00,2309.9676105369517,732.6844482421875,2485.58154296875
forecast_5009,2025-07-28 17:00:00,2801.9282812000592,989.1121826171875,2609.329345703125
forecast_5010,2025-07-28 18:00:00,2659.723797682845,1612.9581094826467,2390.95361328125
forecast_5011,2025-07-28 19:00:00,2556.9132780430205,2373.636867229003,2994.404052734375
forecast_5012,2025-07-28 20:00:00,2948.3370155522925,2882.2873274676267,3057.87353515625
forecast_5013,2025-07-28 21:00:00,3495.2874255304077,3716.0066405985144,3874.535888671875
forecast_5014,2025-07-28 22:00:00,3842.3847942864068,3181.9803272284216,3408.791748046875
forecast_5015,2025-07-28 23:00:00,4162.990169427958,3235.2176635066826,3866.40087890625
forecast_5016,2025-07-29 00:00:00,4663.760037978171,3664.5515233580572,4198.30419921875
forecast_5017,2025-07-29 01:00:00,5362.5212702601675,4307.647489298555,4020.917236328125
forecast_5018,2025-07-29 02:00:00,5503.941046015694,4287.223339051575,3967.698486328125
forecast_5019,2025-07-29 03:00:00,5672.672771017695,4100.3942573971835,3897.28369140625
forecast_5020,2025-07-29 04:00:00,5033.636314181982,3672.600790714145,3669.751953125
forecast_5021,2025-07-29 05:00:00,4133.556310982941,3410.316667835505,3149.3955078125
forecast_5022,2025-07-29 06:00:00,3873.4657097103104,3005.167790876557,2751.399658203125
forecast_5023,2025-07-29 07:00:00,3656.892049372351,2654.9781279240106,3226.919189453125
forecast_5024,2025-07-29 08:00:00,2793.081717498605,1734.7180352259038,2605.249755859375
forecast_5025,2025-07-29 09:00:00,2345.5228674643904,1396.7506850678078,2048.198486328125
forecast_5026,2025-07-29 10:00:00,1966.7429655030421,1430.0833545867717,1884.0009765625
forecast_5027,2025-07-29 11:00:00,2110.150603963962,1024.3915430799175,2136.23876953125
forecast_5028,2025-07-29 12:00:00,1983.5639712944608,1235.4993553265429,1922.549072265625
forecast_5029,2025-07-29 13:00:00,1984.210205601943,1338.700527690469,1933.9287109375
forecast_5030,2025-07-29 14:00:00,2395.0620763624584,1161.3216151416075,2111.106201171875
forecast_5031,2025-07-29 15:00:00,2245.0335125531756,1361.702375473343,2085.02685546875
forecast_5032,2025-07-29 16:00:00,2676.9296855331927,1341.0300860282155,2226.338134765625
forecast_5033,2025-07-29 17:00:00,2362.5504018257134,1469.7351267394133,1924.5826416015625
forecast_5034,2025-07-29 18:00:00,2498.275157392925,1433.3225102398956,1975.5921630859375
forecast_5035,2025-07-29 19:00:00,2924.0003411856105,1384.8793362859406,2039.197021484375
forecast_5036,2025-07-29 20:00:00,3458.6460617132075,2310.0864953184227,3103.987548828125
forecast_5037,2025-07-29 21:00:00,3334.114842571341,2434.8847396502906,2792.543212890625
forecast_5038,2025-07-29 22:00:00,3528.082181439769,3274.8798488444745,3269.576904296875
forecast_5039,2025-07-29 23:00:00,3417.685355566396,3016.7931878611107,3274.083740234375
forecast_5040,2025-07-30 00:00:00,3792.8548843673507,2934.7375652122164,3313.293701171875
forecast_5041,2025-07-30 01:00:00,3858.9659580046673,2990.3337784064365,2848.65673828125
forecast_5042,2025-07-30 02:00:00,3959.486304742514,3383.5760921201286,2895.17333984375
forecast_5043,2025-07-30 03:00:00,3722.2894303376033,3520.804931190811,2922.687255859375
forecast_5044,2025-07-30 04:00:00,3256.185316621588,3164.481270161238,3044.64208984375
forecast_5045,2025-07-30 05:00:00,3192.7123663371594,3080.102156387188,2762.313720703125
forecast_5046,2025-07-30 06:00:00,3090.8271357523786,3064.744010329913,2359.871337890625
forecast_5047,2025-07-30 07:00:00,3061.4942069949757,2999.1898286911073,2642.56982421875
forecast_5048,2025-07-30 08:00:00,2127.292801067029,1657.5146367504676,1895.244873046875
forecast_5049,2025-07-30 09:00:00,1799.9053674610034,1246.4972480860295,1686.456787109375
forecast_5050,2025-07-30 10:00:00,1822.2568717133156,1325.232679191553,1797.445556640625
forecast_5051,2025-07-30 11:00:00,2614.1768362088987,1522.2194193890737,1756.734130859375
forecast_5052,2025-07-30 12:00:00,3064.9594086897214,1723.1527231511989,1883.9613037109375
forecast_5053,2025-07-30 13:00:00,3132.749239958476,1604.0875175097106,2055.801025390625
forecast_5054,2025-07-30 14:00:00,3351.2747425005555,1807.8210322851405,2146.190673828125
forecast_5055,2025-07-30 15:00:00,3353.9375204993967,1722.955672844923,2116.98388671875
forecast_5056,2025-07-30 16:00:00,2561.3608266766933,1517.8725809321336,2190.841064453125
forecast_5057,2025-07-30 17:00:00,2707.303072655106,1202.8786659610112,1952.505615234375
forecast_5058,2025-07-30 18:00:00,2317.701892779362,911.3343932990916,1881.2064208984375
forecast_5059,2025-07-30 19:00:00,2591.758253165176,1155.2584931110382,1936.625
forecast_5060,2025-07-30 20:00:00,3283.682734899485,1786.0419279057776,2359.02197265625
forecast_5061,2025-07-30 21:00:00,3612.243925087938,2594.661021430823,3003.55615234375
forecast_5062,2025-07-30 22:00:00,3859.2046637424705,2600.049861456795,2940.369384765625
forecast_5063,2025-07-30 23:00:00,4337.2267067536495,1625.6663395454327,3138.763671875
forecast_5064,2025-07-31 00:00:00,4454.627203645043,3355.4231999991807,3341.375
forecast_5065,2025-07-31 01:00:00,4617.279394201169,3851.492166252546,3372.494873046875
forecast_5066,2025-07-31 02:00:00,5697.331888498486,4862.652017124317,3504.17919921875
forecast_5067,2025-07-31 03:00:00,5494.344644964101,5039.955621539456,3608.68505859375
forecast_5068,2025-07-31 04:00:00,5789.542123422556,6054.620352863006,3889.733642578125
forecast_5069,2025-07-31 05:00:00,5232.201703422992,6149.714306445651,3912.451171875
forecast_5070,2025-07-31 06:00:00,5464.470216035782,5578.638760642183,3838.256591796875
forecast_5071,2025-07-31 07:00:00,4706.5022002112955,4222.924929084231,3372.229736328125
forecast_5072,2025-07-31 08:00:00,4434.16297325893,3514.022232137691,3141.23583984375
forecast_5073,2025-07-31 09:00:00,3668.694874864773,3088.984450587921,2491.840087890625
forecast_5074,2025-07-31 10:00:00,3171.789679355802,2291.4685252848503,2593.13232421875
forecast_5075,2025-07-31 11:00:00,3556.2210372539485,2000.284951130286,2451.16748046875
forecast_5076,2025-07-31 12:00:00,3274.980560864048,1688.1440507990394,2324.830810546875
forecast_5077,2025-07-31 13:00:00,3315.8661657154025,1526.1099644110918,2287.59375
forecast_5078,2025-07-31 14:00:00,3110.5932934506645,1320.1044076106546,2164.101318359375
forecast_5079,2025-07-31 15:00:00,2791.4143608222726,1378.809513024848,2146.826904296875
forecast_5080,2025-07-31 16:00:00,2766.280352252026,1204.6853592860361,2060.880615234375
forecast_5081,2025-07-31 17:00:00,2908.1006793091956,1153.3253814120972,2059.6552734375
forecast_5082,2025-07-31 18:00:00,2202.62486327786,1082.5463591471985,1793.770263671875
forecast_5083,2025-07-31 19:00:00,2289.5955007120447,1024.3170933330266,1984.2552490234375
forecast_5084,2025-07-31 20:00:00,2952.4410962186107,1578.064276916679,2505.230712890625
forecast_5085,2025-07-31 21:00:00,2739.31093398746,1755.4598362678666,2525.354736328125
forecast_5086,2025-07-31 22:00:00,3074.916289677735,2031.6796972082543,2548.14306640625
forecast_5087,2025-07-31 23:00:00,3385.875836709839,1190.3399658203125,2651.448486328125
forecast_5088,2025-08-01 00:00:00,3268.070385585751,2571.822199241864,2788.132080078125
forecast_5089,2025-08-01 01:00:00,3949.4737268952986,3199.44763629134,3149.811767578125
forecast_5090,2025-08-01 02:00:00,3999.2323238423587,3110.623025238119,3030.104248046875
forecast_5091,2025-08-01 03:00:00,3929.848327113492,3257.835426706664,3005.77197265625
forecast_5092,2025-08-01 04:00:00,3858.707190697165,2809.5609304548125,2871.30859375
forecast_5093,2025-08-01 05:00:00,3380.8344592997546,2882.880959566459,2602.305419921875
forecast_5094,2025-08-01 06:00:00,2712.5529072641975,2506.5212565382594,2250.4638671875
forecast_5095,2025-08-01 07:00:00,1917.4453063072842,1696.0181105200925,1982.6859130859375
forecast_5096,2025-08-01 08:00:00,1629.7002966159437,1153.5685850152759,1757.591064453125
forecast_5097,2025-08-01 09:00:00,1595.8164824831063,896.0256021727402,1640.2093505859375
forecast_5098,2025-08-01 10:00:00,1582.017209745533,945.6259176807314,1614.2027587890625
forecast_5099,2025-08-01 11:00:00,2037.726663137461,1508.8022936285097,1699.4046630859375
forecast_5100,2025-08-01 12:00:00,2292.9440712308024,1199.4939292099139,1699.9742431640625
forecast_5101,2025-08-01 13:00:00,2137.213745853877,885.3920409610371,1850.0863037109375
forecast_5102,2025-08-01 14:00:00,2318.675452069149,1016.0886909876849,1970.8226318359375
forecast_5103,2025-08-01 15:00:00,2270.9894522915984,866.2606477844724,1851.6868896484375
forecast_5104,2025-08-01 16:00:00,2068.437097150639,1072.7159909250051,1896.495849609375
forecast_5105,2025-08-01 17:00:00,2025.2279742574206,986.1435272708175,1969.198486328125
forecast_5106,2025-08-01 18:00:00,2181.39275129436,1432.3571963401196,2185.197998046875
forecast_5107,2025-08-01 19:00:00,3024.961557825626,1858.61779947883,2031.8861083984375
forecast_5108,2025-08-01 20:00:00,2611.8960796370893,1890.997577888806,1824.5943603515625
forecast_5109,2025-08-01 21:00:00,2779.1717948230607,2276.0775507145045,2079.49951171875
forecast_5110,2025-08-01 22:00:00,3522.887701988633,3007.6784585611517,3366.953857421875
forecast_5111,2025-08-01 23:00:00,3477.336653603033,2914.2532620573993,3070.080810546875
forecast_5112,2025-08-02 00:00:00,3620.414061086285,3867.1138036242064,4061.309326171875
forecast_5113,2025-08-02 01:00:00,5590.789516080353,5486.176172657415,4582.47900390625
forecast_5114,2025-08-02 02:00:00,6570.329239846667,6143.288970694395,4749.2099609375
forecast_5115,2025-08-02 03:00:00,7622.470124088872,7130.49209033576,4666.4296875
forecast_5116,2025-08-02 04:00:00,8119.399288026978,7456.224090525514,4958.7333984375
forecast_5117,2025-08-02 05:00:00,8510.409379577015,7909.034332710391,5188.4755859375
forecast_5118,2025-08-02 06:00:00,8576.977649292992,9452.484475199471,5032.64990234375
forecast_5119,2025-08-02 07:00:00,8141.429557797939,8641.86886159291,4710.7158203125
forecast_5120,2025-08-02 08:00:00,6959.083548061815,6759.006067706703,4334.3662109375
forecast_5121,2025-08-02 09:00:00,5801.36413125087,5465.09100337513,3760.578857421875
forecast_5122,2025-08-02 10:00:00,4059.7868329410903,3731.5286642358133,3142.683837890625
forecast_5123,2025-08-02 11:00:00,3538.849859186959,2395.146494097884,2802.015625
forecast_5124,2025-08-02 12:00:00,3022.2710981158566,1637.3139673896558,2256.72119140625
forecast_5125,2025-08-02 13:00:00,2846.370971115472,1455.9875658222509,2279.396728515625
forecast_5126,2025-08-02 14:00:00,2566.188300109573,1088.6390498496744,2122.760986328125
forecast_5127,2025-08-02 15:00:00,3765.610039094092,2083.865318428671,2603.8994140625
forecast_5128,2025-08-02 16:00:00,2824.3171424322672,1421.8986762788331,2106.85986328125
forecast_5129,2025-08-02 17:00:00,3206.1717936402056,1585.6564016338382,2081.602294921875
forecast_5130,2025-08-02 18:00:00,3154.1041554912917,1763.8028532484939,2198.647705078125
forecast_5131,2025-08-02 19:00:00,3499.363973796505,2739.2881510864627,3009.13916015625
forecast_5132,2025-08-02 20:00:00,3402.3528281968975,2951.223749111778,3334.24267578125
forecast_5133,2025-08-02 21:00:00,4176.748643331405,3432.2135854069447,3946.002685546875
forecast_5134,2025-08-02 22:00:00,4320.913873944819,3448.8611403356863,3360.26953125
forecast_5135,2025-08-02 23:00:00,4698.242439858406,4120.919665391875,4762.197265625
forecast_5136,2025-08-03 00:00:00,4478.315709744474,3960.771579707425,4001.9609375
forecast_5137,2025-08-03 01:00:00,6298.598203195603,5351.822778736519,4055.829345703125
forecast_5138,2025-08-03 02:00:00,6384.477874757844,5360.537783409294,4208.2958984375
forecast_5139,2025-08-03 03:00:00,6216.957179718505,5113.783181066243,3899.729736328125
forecast_5140,2025-08-03 04:00:00,5548.408209556879,3953.835116200534,3646.584716796875
forecast_5141,2025-08-03 05:00:00,4913.58389049162,3882.121477106795,3507.4453125
forecast_5142,2025-08-03 06:00:00,4085.7959548380422,3272.41662030101,3335.151123046875
forecast_5143,2025-08-03 07:00:00,3647.7795497837033,2890.0682297762546,3081.44189453125
forecast_5144,2025-08-03 08:00:00,3916.617274501715,2590.5890431597363,2746.994384765625
forecast_5145,2025-08-03 09:00:00,3376.729121541255,2153.7644181426003,2705.19287109375
forecast_5146,2025-08-03 10:00:00,2807.680316011141,1806.7125105526065,2377.822998046875
forecast_5147,2025-08-03 11:00:00,2435.218198734722,789.5052490234375,2238.26025390625
forecast_5148,2025-08-03 12:00:00,2301.5441027903516,947.6014502087919,1743.383544921875
forecast_5149,2025-08-03 13:00:00,2393.783384618554,892.9284697591895,1820.0347900390625
forecast_5150,2025-08-03 14:00:00,2502.75411798743,1333.2396077076053,2151.826416015625
forecast_5151,2025-08-03 15:00:00,3560.8257952527856,1023.3030945278318,2756.35595703125
forecast_5152,2025-08-03 16:00:00,3552.892488438176,1433.9506027528432,2278.8564453125
forecast_5153,2025-08-03 17:00:00,3897.1436212250137,2758.0150418062667,2551.28955078125
forecast_5154,2025-08-03 18:00:00,4583.1763402015,4930.397526226903,3204.609130859375
forecast_5155,2025-08-03 19:00:00,5883.7225312867085,6702.652527612103,4015.723388671875
forecast_5156,2025-08-03 20:00:00,5874.665924402505,6806.0847308754655,3811.041015625
forecast_5157,2025-08-03 21:00:00,8329.020919523451,8227.337005875635,5056.2666015625
forecast_5158,2025-08-03 22:00:00,8424.234706375548,7694.775128858166,5127.763671875
forecast_5159,2025-08-03 23:00:00,7182.220626257105,6780.236297854935,4440.2373046875
forecast_5160,2025-08-04 00:00:00,7305.658271381042,7738.6676515418385,4609.50341796875
forecast_5161,2025-08-04 01:00:00,6612.362850218347,6625.703285553725,3727.76953125
forecast_5162,2025-08-04 02:00:00,5949.510727028859,6597.236087055873,4017.067626953125
forecast_5163,2025-08-04 03:00:00,5698.691988428798,6965.33031397878,3491.58203125
forecast_5164,2025-08-04 04:00:00,7066.469815029284,8596.598552570664,3610.50537109375
forecast_5165,2025-08-04 05:00:00,7488.8745924777195,9594.698447779745,4450.841796875
forecast_5166,2025-08-04 06:00:00,6308.959547685015,6973.101871472158,4726.92724609375
forecast_5167,2025-08-04 07:00:00,6585.814358871139,8070.048084755893,4608.6015625
forecast_5168,2025-08-04 08:00:00,6558.105199562725,8899.20486095044,4800.07861328125
forecast_5169,2025-08-04 09:00:00,6929.272587080533,7740.655986248867,4653.7978515625
forecast_5170,2025-08-04 10:00:00,6710.479738929537,8722.912738211915,5410.87646484375
forecast_5171,2025-08-04 11:00:00,5718.380070229097,6264.981838650128,5734.2158203125
forecast_5172,2025-08-04 12:00:00,5444.268632667445,7000.001248283357,5351.154296875
forecast_5173,2025-08-04 13:00:00,4981.632359028108,5628.596373748993,4798.32763671875
forecast_5174,2025-08-04 14:00:00,4194.673174416473,4803.830608365321,3778.332763671875
forecast_5175,2025-08-04 15:00:00,3483.9627159501433,3638.342789041773,3245.358154296875
forecast_5176,2025-08-04 16:00:00,4302.65851281637,4841.557519186334,3779.80615234375
forecast_5177,2025-08-04 17:00:00,4519.468691737977,4087.5196890044085,3813.57421875
forecast_5178,2025-08-04 18:00:00,4083.7958449362177,3536.3792812694255,3867.89697265625
forecast_5179,2025-08-04 19:00:00,4629.593165902188,5190.15678345075,4430.01318359375
forecast_5180,2025-08-04 20:00:00,5709.650040454172,6288.122458313439,4802.91455078125
forecast_5181,2025-08-04 21:00:00,7496.72887058468,7625.4912925802255,8586.4521484375
forecast_5182,2025-08-04 22:00:00,6229.852430285729,7318.978525193541,7399.0048828125
forecast_5183,2025-08-04 23:00:00,6404.793162597655,6548.584322831252,8826.2392578125
forecast_5184,2025-08-05 00:00:00,6127.9388799633725,7171.20406490115,7218.02734375
forecast_5185,2025-08-05 01:00:00,6233.997535422346,5318.371949563743,4790.7998046875
forecast_5186,2025-08-05 02:00:00,6153.905073741982,5131.309180336277,4338.638671875
forecast_5187,2025-08-05 03:00:00,5637.0929990150125,4696.490538448015,3916.081298828125
forecast_5188,2025-08-05 04:00:00,4998.801958508028,4558.666651247276,3581.737548828125
forecast_5189,2025-08-05 05:00:00,4578.5088225617565,3856.030933184554,3393.617919921875
forecast_5190,2025-08-05 06:00:00,3982.402957408897,3361.770607034951,3349.589111328125
forecast_5191,2025-08-05 07:00:00,4409.710419707739,3689.7784997176377,3468.981689453125
forecast_5192,2025-08-05 08:00:00,4193.153783485592,3721.23776225741,3286.921142578125
forecast_5193,2025-08-05 09:00:00,4073.9376567666795,3310.1315862937404,3139.611328125
forecast_5194,2025-08-05 10:00:00,4039.9985103919307,3546.2478145695045,3260.73583984375
forecast_5195,2025-08-05 11:00:00,4143.586346899618,3691.161194370439,3421.462890625
forecast_5196,2025-08-05 12:00:00,4566.218774239351,3354.4609357433733,3652.46826171875
forecast_5197,2025-08-05 13:00:00,5925.904389641002,5496.272302896983,4347.7587890625
forecast_5198,2025-08-05 14:00:00,7469.213880941262,7837.118058020945,5788.447265625
forecast_5199,2025-08-05 15:00:00,7228.469744751716,7766.681003410771,6279.3564453125
forecast_5200,2025-08-05 16:00:00,7180.746345887756,7883.729065877998,6833.9755859375
forecast_5201,2025-08-05 17:00:00,7208.635800855593,7216.300701572842,6501.9228515625
forecast_5202,2025-08-05 18:00:00,6366.655512497204,7257.2446348467565,4663.0400390625
forecast_5203,2025-08-05 19:00:00,6835.825802051347,6495.75650156305,4640.83642578125
forecast_5204,2025-08-05 20:00:00,7482.941892043459,8111.024118090764,5139.91064453125
forecast_5205,2025-08-05 21:00:00,7375.475633525839,8327.790203893259,5114.8662109375
forecast_5206,2025-08-05 22:00:00,8721.25497763377,10811.598021000842,6259.01904296875
forecast_5207,2025-08-05 23:00:00,10306.59294794286,12618.90988316043,7890.97119140625
forecast_5208,2025-08-06 00:00:00,9993.799027770476,12668.068258389856,8294.6298828125
forecast_5209,2025-08-06 01:00:00,11019.556841077694,13659.118764663426,13281.517578125
forecast_5210,2025-08-06 02:00:00,11876.961681168916,14503.635844102098,15990.787109375
forecast_5211,2025-08-06 03:00:00,11912.08906648228,14594.183433007813,15462.794921875
forecast_5212,2025-08-06 04:00:00,11246.244077870857,12917.113814828159,14434.177734375
forecast_5213,2025-08-06 05:00:00,11927.260769338527,15084.018425041182,15983.7841796875
forecast_5214,2025-08-06 06:00:00,12310.190425028115,15571.205655160491,16837.240234375
forecast_5215,2025-08-06 07:00:00,11881.861776084674,15337.155823500549,17728.41796875
forecast_5216,2025-08-06 08:00:00,11994.20476919187,14431.289723873497,16812.13671875
forecast_5217,2025-08-06 09:00:00,13513.142390416726,14986.151284080526,18874.509765625
forecast_5218,2025-08-06 10:00:00,14272.9627063208,15435.715242256238,18883.474609375
forecast_5219,2025-08-06 11:00:00,13629.014305470351,14500.91253750313,18134.025390625
forecast_5220,2025-08-06 12:00:00,14378.036601350894,15054.160406440651,18099.79296875
forecast_5221,2025-08-06 13:00:00,13678.642223892037,15813.41120369328,18238.12890625
forecast_5222,2025-08-06 14:00:00,13918.609006402927,16560.480180630457,18160.134765625
forecast_5223,2025-08-06 15:00:00,13626.863933737954,15853.91370399794,18438.205078125
forecast_5224,2025-08-06 16:00:00,14335.614205720549,16077.198438880143,19046.83203125
forecast_5225,2025-08-06 17:00:00,13990.227788336735,16197.806079080645,19227.5625
forecast_5226,2025-08-06 18:00:00,14637.186706443099,16399.28282308471,19178.431640625
forecast_5227,2025-08-06 19:00:00,14883.735583071757,16617.64182279376,19391.140625
forecast_5228,2025-08-06 20:00:00,14621.681181502227,15833.803680269508,18155.228515625
forecast_5229,2025-08-06 21:00:00,14289.67800633463,16122.711222774222,19131.21875
forecast_5230,2025-08-06 22:00:00,15002.506632275556,16325.435102308023,19077.822265625
forecast_5231,2025-08-06 23:00:00,15028.988221294825,16554.57773223119,19290.345703125
forecast_5232,2025-08-07 00:00:00,14850.749986471403,16782.915171714725,19378.34765625
forecast_5233,2025-08-07 01:00:00,14491.411971367364,16613.836602467934,17941.95703125
forecast_5234,2025-08-07 02:00:00,15111.682666761517,17053.08506382486,18167.0546875
forecast_5235,2025-08-07 03:00:00,15108.518384950508,17002.86980312212,18115.541015625
forecast_5236,2025-08-07 04:00:00,15481.547779525727,16829.692421857042,18108.22265625
forecast_5237,2025-08-07 05:00:00,15927.523513144246,16883.999869623807,18020.0625
forecast_5238,2025-08-07 06:00:00,15236.41898390618,16079.416909618843,17399.09765625
forecast_5239,2025-08-07 07:00:00,15034.969429546178,14667.232885502974,16169.771484375
forecast_5240,2025-08-07 08:00:00,11981.884219234067,12778.818752730684,10978.1015625
forecast_5241,2025-08-07 09:00:00,9603.166337643659,9339.917711805647,5908.07421875
forecast_5242,2025-08-07 10:00:00,7436.886624523719,5797.394965533909,3845.305908203125
forecast_5243,2025-08-07 11:00:00,5729.46827879129,4381.208659952263,2839.596923828125
forecast_5244,2025-08-07 12:00:00,5134.29305797676,3289.3733437808714,2831.78271484375
forecast_5245,2025-08-07 13:00:00,4433.969956784511,2697.9434322188554,2839.496826171875
forecast_5246,2025-08-07 14:00:00,4932.75711699428,3109.3093303716732,2916.89599609375
forecast_5247,2025-08-07 15:00:00,4004.6411551830324,2752.611714690636,2633.521484375
forecast_5248,2025-08-07 16:00:00,3979.5087791205287,2470.982362801546,2490.630859375
forecast_5249,2025-08-07 17:00:00,4139.708428841915,2618.470507546686,2634.794189453125
forecast_5250,2025-08-07 18:00:00,3162.8893424424778,2157.705951218243,2693.41552734375
forecast_5251,2025-08-07 19:00:00,3025.696157079118,1771.8501798896668,2500.063232421875
forecast_5252,2025-08-07 20:00:00,3828.6986819221884,2803.354105266272,2889.607421875
forecast_5253,2025-08-07 21:00:00,4537.94180972403,4085.3591769856826,3742.427001953125
forecast_5254,2025-08-07 22:00:00,5649.187153223023,5635.551812706599,4051.92626953125
forecast_5255,2025-08-07 23:00:00,6491.271685342309,6571.626335171639,4534.7509765625
forecast_5256,2025-08-08 00:00:00,7064.085987790575,7283.528613772316,4756.7646484375
forecast_5257,2025-08-08 01:00:00,7465.040902688577,7327.9804537254395,4490.07666015625
forecast_5258,2025-08-08 02:00:00,7565.2466283051945,7889.976905492619,4573.3447265625
forecast_5259,2025-08-08 03:00:00,7580.980590320514,7700.053952462326,4563.5986328125
forecast_5260,2025-08-08 04:00:00,6657.506943270775,4472.434771399225,4115.80029296875
forecast_5261,2025-08-08 05:00:00,5847.602962560513,5015.010871044129,3600.473876953125
forecast_5262,2025-08-08 06:00:00,4919.365585644928,3905.063746390844,3366.965576171875
forecast_5263,2025-08-08 07:00:00,4388.576166931313,3380.7996709003646,3127.60986328125
forecast_5264,2025-08-08 08:00:00,3242.17619144463,2581.2814601884174,2627.30908203125
forecast_5265,2025-08-08 09:00:00,2279.9964356727796,1593.6330733156565,2168.53173828125
forecast_5266,2025-08-08 10:00:00,1925.0260377490783,1284.7890763481905,2032.593505859375
forecast_5267,2025-08-08 11:00:00,1850.4878345822713,1476.21315751758,1907.288818359375
forecast_5268,2025-08-08 12:00:00,2421.0973671257134,1436.2586780141442,1893.7034912109375
forecast_5269,2025-08-08 13:00:00,2545.564497937252,1503.0940910057302,1991.72265625
forecast_5270,2025-08-08 14:00:00,2721.4286410009468,1741.2433897651827,2221.91259765625
forecast_5271,2025-08-08 15:00:00,2727.653967432965,1812.5757113284328,2281.76611328125
forecast_5272,2025-08-08 16:00:00,2407.6237274608507,1700.895174500904,2161.200439453125
forecast_5273,2025-08-08 17:00:00,2412.9367391823034,1681.9562572500492,2155.319580078125
forecast_5274,2025-08-08 18:00:00,2006.6655970370773,1361.753385916728,1937.872802734375
forecast_5275,2025-08-08 19:00:00,2780.0782589493765,2018.4594508196492,2037.9091796875
forecast_5276,2025-08-08 20:00:00,3099.260464727239,2481.8052805747084,2532.876220703125
forecast_5277,2025-08-08 21:00:00,3259.395912987253,2666.7017430034048,3312.71533203125
forecast_5278,2025-08-08 22:00:00,3562.684818073537,3759.2498135574824,3821.197265625
forecast_5279,2025-08-08 23:00:00,4232.56787124901,4781.705721647587,4631.8994140625
forecast_5280,2025-08-09 00:00:00,4928.39973478769,5084.707314291669,4829.7509765625
forecast_5281,2025-08-09 01:00:00,3990.700124898245,3044.753285316052,4096.6083984375
forecast_5282,2025-08-09 02:00:00,4656.183136155256,4625.7566142112955,3792.62060546875
forecast_5283,2025-08-09 03:00:00,4688.449541005681,4412.0008250077735,3944.114013671875
forecast_5284,2025-08-09 04:00:00,5426.46349083832,4672.67011823514,3909.41455078125
forecast_5285,2025-08-09 05:00:00,6373.58630707544,5624.466306923832,4472.6708984375
forecast_5286,2025-08-09 06:00:00,6525.694346185213,5879.952021916933,4985.0009765625
forecast_5287,2025-08-09 07:00:00,5360.613494324834,4853.771261815868,4192.03076171875
forecast_5288,2025-08-09 08:00:00,5499.509017397923,4668.118433623651,3554.39599609375
forecast_5289,2025-08-09 09:00:00,5216.379802894258,4364.638883982532,3302.91796875
forecast_5290,2025-08-09 10:00:00,5264.759027709062,4522.417987888291,3902.020751953125
forecast_5291,2025-08-09 11:00:00,4447.175342055161,3789.5258656929805,3085.824951171875
forecast_5292,2025-08-09 12:00:00,3788.724725561357,3075.8681706187735,2958.14892578125
forecast_5293,2025-08-09 13:00:00,3172.511749923286,2642.7026143689664,2747.39697265625
forecast_5294,2025-08-09 14:00:00,2628.070550710442,2389.478547947683,2615.87841796875
forecast_5295,2025-08-09 15:00:00,2938.4735276645865,2468.916620476829,2670.68994140625
forecast_5296,2025-08-09 16:00:00,3437.304114490249,2314.833782842826,2641.44091796875
forecast_5297,2025-08-09 17:00:00,2961.8548788395524,2249.7688236076247,2936.41748046875
forecast_5298,2025-08-09 18:00:00,3316.456502992579,3370.569637234506,3075.65087890625
forecast_5299,2025-08-09 19:00:00,3516.636917346903,3161.885434984528,3164.65869140625
forecast_5300,2025-08-09 20:00:00,3442.1925166693727,2730.962521358875,2781.60791015625
forecast_5301,2025-08-09 21:00:00,3862.5598204672942,2567.550526355419,3208.941650390625
forecast_5302,2025-08-09 22:00:00,3713.5386248091277,2187.368278288872,2967.375244140625
forecast_5303,2025-08-09 23:00:00,4126.391676261501,3663.653019433935,3037.51806640625
forecast_5304,2025-08-10 00:00:00,3979.1397650057406,4121.684972583236,3721.70947265625
forecast_5305,2025-08-10 01:00:00,3619.1906168933365,3003.9353909848865,2690.130859375
forecast_5306,2025-08-10 02:00:00,3262.5662591840855,3000.56704935741,3047.63623046875
forecast_5307,2025-08-10 03:00:00,2885.0627245952337,2528.2456240886977,2409.0966796875
forecast_5308,2025-08-10 04:00:00,2745.2365741636477,2289.660350996693,2369.126953125
forecast_5309,2025-08-10 05:00:00,3031.9532280150015,2773.9203536482705,2472.1171875
forecast_5310,2025-08-10 06:00:00,3166.9328968250666,2805.7050772091216,2663.82177734375
forecast_5311,2025-08-10 07:00:00,3259.035618763925,3162.739088264909,3155.85986328125
forecast_5312,2025-08-10 08:00:00,2765.2398193100025,2376.7291479142787,2264.8125
forecast_5313,2025-08-10 09:00:00,2441.5885981983647,2262.6296400522397,2234.76904296875
forecast_5314,2025-08-10 10:00:00,2205.696673534092,2108.2072446118036,2172.31640625
forecast_5315,2025-08-10 11:00:00,2287.31947609538,2099.378874283638,2081.99365234375
forecast_5316,2025-08-10 12:00:00,2883.5536338358397,2174.858804262941,2198.575927734375
forecast_5317,2025-08-10 13:00:00,2938.3381878852833,1942.5869393016974,2151.00146484375
forecast_5318,2025-08-10 14:00:00,2990.498069537607,1910.7692696886377,2343.390625
forecast_5319,2025-08-10 15:00:00,3053.2277840061106,1922.3333371949286,2365.473876953125
forecast_5320,2025-08-10 16:00:00,2937.773222683166,1650.3919931914047,2382.830078125
forecast_5321,2025-08-10 17:00:00,2423.722935175856,1639.510658568005,2377.018310546875
forecast_5322,2025-08-10 18:00:00,2188.36643248888,1124.606171021328,2193.857421875
forecast_5323,2025-08-10 19:00:00,2063.9451197935396,1408.6491347746282,2148.573974609375
forecast_5324,2025-08-10 20:00:00,2109.39763542719,1564.344451483336,1979.893310546875
forecast_5325,2025-08-10 21:00:00,2649.538394405934,2097.37978562268,2059.681396484375
forecast_5326,2025-08-10 22:00:00,2768.5326333102244,2358.9003968043585,2173.045166015625
forecast_5327,2025-08-10 23:00:00,2958.6577989607276,2630.546554435059,2502.751220703125
forecast_5328,2025-08-11 00:00:00,3655.4543638728273,2954.628597610953,2920.99560546875
forecast_5329,2025-08-11 01:00:00,2411.4002282044703,1986.6108822962476,2064.866943359375
forecast_5330,2025-08-11 02:00:00,2561.7346985789354,2057.4923710568155,2397.052734375
forecast_5331,2025-08-11 03:00:00,2546.0867870233255,2214.6431366471757,2079.921875
forecast_5332,2025-08-11 04:00:00,2500.168926058619,2202.72046530839,2076.18212890625
forecast_5333,2025-08-11 05:00:00,2657.734502847431,2397.909071980648,2134.618896484375
forecast_5334,2025-08-11 06:00:00,2375.872679388033,2016.6654123239666,2006.8505859375
forecast_5335,2025-08-11 07:00:00,2249.1366195971386,1948.6626806478719,2029.6763916015625
forecast_5336,2025-08-11 08:00:00,1893.1452314313142,1317.453490338315,1976.9573974609375
forecast_5337,2025-08-11 09:00:00,1994.2579158931287,1377.702336456729,1911.637939453125
forecast_5338,2025-08-11 10:00:00,1831.4370943637173,1131.456428351778,1822.594482421875
forecast_5339,2025-08-11 11:00:00,1703.6024011772545,1088.1943209324072,1762.4580078125
forecast_5340,2025-08-11 12:00:00,1655.359344997678,1076.5744793217082,1767.461181640625
forecast_5341,2025-08-11 13:00:00,2029.9974036793656,1239.180467148763,1904.8658447265625
forecast_5342,2025-08-11 14:00:00,1894.9581439770334,1286.5190875791122,1800.7789306640625
forecast_5343,2025-08-11 15:00:00,2037.1077676196796,1495.082901929556,1910.8209228515625
forecast_5344,2025-08-11 16:00:00,2080.4597941037937,1171.137986999317,1918.1304931640625
forecast_5345,2025-08-11 17:00:00,2085.652094899334,1359.6921746121216,2033.482421875
forecast_5346,2025-08-11 18:00:00,2520.408556915014,1819.7206210516233,2210.103759765625
forecast_5347,2025-08-11 19:00:00,2703.2451637390486,1974.2481816944087,2136.654541015625
forecast_5348,2025-08-11 20:00:00,2608.394752463438,1794.5609413164477,1981.6851806640625
forecast_5349,2025-08-11 21:00:00,2417.4068828852483,766.0427166806501,2373.58935546875
forecast_5350,2025-08-11 22:00:00,2962.415998644609,2937.5396038787885,3069.120849609375
forecast_5351,2025-08-11 23:00:00,2583.434149922675,2337.903386932645,2228.10302734375
forecast_5352,2025-08-12 00:00:00,2722.884568842926,2495.628875307358,2891.451904296875
forecast_5353,2025-08-12 01:00:00,3235.5126969475737,2608.2489940900196,2576.520263671875
forecast_5354,2025-08-12 02:00:00,4043.591922264958,3193.657066472592,2785.725830078125
forecast_5355,2025-08-12 03:00:00,4139.136256640006,4150.012546546828,2945.57763671875
forecast_5356,2025-08-12 04:00:00,4111.673032692694,3852.845091136707,2849.05224609375
forecast_5357,2025-08-12 05:00:00,3722.4901303265215,3196.7927346292963,2625.09375
forecast_5358,2025-08-12 06:00:00,3419.0210635892936,2852.1558796633244,2557.2548828125
forecast_5359,2025-08-12 07:00:00,2983.6897438801684,2833.9051525470777,2928.170166015625
forecast_5360,2025-08-12 08:00:00,2213.6415434045293,1953.856893779399,2019.292724609375
forecast_5361,2025-08-12 09:00:00,1953.7753553921361,1590.7103260239433,1954.775390625
forecast_5362,2025-08-12 10:00:00,2400.7128700856592,1477.5947988755343,2005.9613037109375
forecast_5363,2025-08-12 11:00:00,2383.401815093539,1625.377723113474,1991.716064453125
forecast_5364,2025-08-12 12:00:00,2512.0951731779364,1716.0090406687875,2134.70068359375
forecast_5365,2025-08-12 13:00:00,2766.5399702535333,1450.6245116257314,2188.364013671875
forecast_5366,2025-08-12 14:00:00,2826.7800984524556,1628.369421519934,2132.811767578125
forecast_5367,2025-08-12 15:00:00,2955.918800330716,1340.6329231413408,2291.860595703125
forecast_5368,2025-08-12 16:00:00,2926.6181569755113,1628.4346585914618,2472.449951171875
forecast_5369,2025-08-12 17:00:00,3206.927113060213,2273.0710817469767,2408.205078125
forecast_5370,2025-08-12 18:00:00,3224.802582132107,1807.9864305563297,2253.550048828125
forecast_5371,2025-08-12 19:00:00,3628.8712594573835,2247.5711031937594,2401.134521484375
forecast_5372,2025-08-12 20:00:00,3390.963677003082,2467.8735073676235,2394.224609375
forecast_5373,2025-08-12 21:00:00,3282.495124710739,2755.2479089368253,2515.29443359375
forecast_5374,2025-08-12 22:00:00,3794.4021069628916,2888.770225404777,2734.3193359375
forecast_5375,2025-08-12 23:00:00,4311.200317785198,4135.215079341158,3555.015625
forecast_5376,2025-08-13 00:00:00,4687.863572177016,5683.567730406541,4026.944580078125
forecast_5377,2025-08-13 01:00:00,3634.7442109958747,4136.506442058153,3829.350830078125
forecast_5378,2025-08-13 02:00:00,4263.1720544366435,4418.013831833436,3634.58203125
forecast_5379,2025-08-13 03:00:00,5056.741055315586,4626.498849085292,3491.61083984375
forecast_5380,2025-08-13 04:00:00,5332.430783949383,4743.210633894936,3852.06396484375
forecast_5381,2025-08-13 05:00:00,4892.487188367906,4562.12356232638,3936.47802734375
forecast_5382,2025-08-13 06:00:00,4415.983086254315,5336.116186415255,4199.26416015625
forecast_5383,2025-08-13 07:00:00,5313.168945322101,5879.766864179123,3804.608154296875
forecast_5384,2025-08-13 08:00:00,5587.7135275183555,7196.780745511003,3890.639404296875
forecast_5385,2025-08-13 09:00:00,5878.246099211048,7319.417728885307,4157.126953125
forecast_5386,2025-08-13 10:00:00,6736.327226499951,9042.89256708627,4479.36328125
forecast_5387,2025-08-13 11:00:00,6600.939949950094,9190.388439493603,4279.81640625
forecast_5388,2025-08-13 12:00:00,6262.626187897702,8832.355592368272,4237.3876953125
forecast_5389,2025-08-13 13:00:00,7120.802983888112,9303.140694737229,4556.03125
forecast_5390,2025-08-13 14:00:00,7476.906553023218,9958.032313435375,6292.4228515625
forecast_5391,2025-08-13 15:00:00,7376.2895222017705,10450.738676771794,8038.66943359375
forecast_5392,2025-08-13 16:00:00,8534.894172727227,10468.313007581884,9673.287109375
forecast_5393,2025-08-13 17:00:00,9676.991581783685,11115.81881773663,9519.240234375
forecast_5394,2025-08-13 18:00:00,10649.28918265285,12780.34379001872,11290.373046875
forecast_5395,2025-08-13 19:00:00,12245.076844128402,15310.96358466703,14871.2626953125
forecast_5396,2025-08-13 20:00:00,14461.907653415807,16920.389209139437,18552.572265625
forecast_5397,2025-08-13 21:00:00,16242.112362646267,17663.847547586098,20084.26171875
forecast_5398,2025-08-13 22:00:00,17017.360879980115,18221.657104962884,20336.392578125
forecast_5399,2025-08-13 23:00:00,17495.675138693317,18417.268683069444,20328.728515625
forecast_5400,2025-08-14 00:00:00,17261.865914931794,18324.770818779933,20247.26171875
forecast_5401,2025-08-14 01:00:00,18149.95269032002,18126.682142250873,20278.44921875
forecast_5402,2025-08-14 02:00:00,16977.836842982942,18310.210230984158,19968.50390625
forecast_5403,2025-08-14 03:00:00,15805.176983941463,17689.80162945399,19498.353515625
forecast_5404,2025-08-14 04:00:00,14619.242199894465,16805.12262725845,19020.822265625
forecast_5405,2025-08-14 05:00:00,14239.074670422338,16049.65879489617,18247.0234375
forecast_5406,2025-08-14 06:00:00,13821.382892098933,16056.035186214103,18018.47265625
forecast_5407,2025-08-14 07:00:00,13507.077739828459,16220.911545341147,17792.19140625
forecast_5408,2025-08-14 08:00:00,13259.422626939358,16648.96187656834,17766.93359375
forecast_5409,2025-08-14 09:00:00,12961.066937802088,15597.266467365997,16673.50390625
forecast_5410,2025-08-14 10:00:00,12412.778623384838,14756.030080037139,14792.712890625
forecast_5411,2025-08-14 11:00:00,11511.614847091845,11693.992658887124,12685.9189453125
forecast_5412,2025-08-14 12:00:00,10601.506279639972,10786.181552280705,10584.4716796875
forecast_5413,2025-08-14 13:00:00,10205.997644642852,11234.754367487281,8404.1845703125
forecast_5414,2025-08-14 14:00:00,10078.88763707666,11506.064019530364,12681.9912109375
forecast_5415,2025-08-14 15:00:00,10489.781249918804,12388.547664215066,9256.1630859375
forecast_5416,2025-08-14 16:00:00,10734.585995105459,11907.028108511535,10480.341796875
forecast_5417,2025-08-14 17:00:00,10342.178464965215,11774.86049411805,10594.0244140625
forecast_5418,2025-08-14 18:00:00,10562.123795307714,11905.209186415896,10546.79296875
forecast_5419,2025-08-14 19:00:00,11099.73342658488,12003.307625368987,10091.759765625
forecast_5420,2025-08-14 20:00:00,11042.753879228592,12751.393973388807,10587.0537109375
forecast_5421,2025-08-14 21:00:00,11981.604885115124,14265.427895364632,11453.2294921875
forecast_5422,2025-08-14 22:00:00,13479.739858860428,15426.364801122672,13777.099609375
forecast_5423,2025-08-14 23:00:00,15222.574784658796,16444.295656448005,15275.0283203125
forecast_5424,2025-08-15 00:00:00,13354.093567848347,15314.933457251693,13111.0283203125
forecast_5425,2025-08-15 01:00:00,14965.369826303566,13787.84877099678,11991.234375
forecast_5426,2025-08-15 02:00:00,15212.389947797361,14152.331457728764,12567.8076171875
forecast_5427,2025-08-15 03:00:00,15392.953357346336,13962.902252527032,13195.494140625
forecast_5428,2025-08-15 04:00:00,16234.915593355854,14148.38623501475,13019.1640625
forecast_5429,2025-08-15 05:00:00,14516.21637061629,13023.66469934469,9654.4638671875
forecast_5430,2025-08-15 06:00:00,12190.436028906628,10955.722659033354,6769.8076171875
forecast_5431,2025-08-15 07:00:00,9569.623674813007,8246.954000012543,4326.4990234375
forecast_5432,2025-08-15 08:00:00,7249.736674349228,6128.409801577292,3179.89892578125
forecast_5433,2025-08-15 09:00:00,4808.217222041052,4231.927775679444,2455.12451171875
forecast_5434,2025-08-15 10:00:00,3673.00867476696,2993.357611606467,2367.973388671875
forecast_5435,2025-08-15 11:00:00,2738.455246539341,2019.9308671079273,2233.52783203125
forecast_5436,2025-08-15 12:00:00,2862.127512141182,1858.090195022242,2366.24072265625
forecast_5437,2025-08-15 13:00:00,3042.312332990612,1894.8409243207664,2594.92919921875
forecast_5438,2025-08-15 14:00:00,2962.4433905800315,1855.5213011644182,2409.001953125
forecast_5439,2025-08-15 15:00:00,3061.0596402107794,1667.2526137379327,2357.98681640625
forecast_5440,2025-08-15 16:00:00,2825.047217530781,1684.0341558693735,2388.023193359375
forecast_5441,2025-08-15 17:00:00,3009.1487896077087,1784.0610863882505,2249.99072265625
forecast_5442,2025-08-15 18:00:00,2741.549530455929,1782.698179050781,2360.25146484375
forecast_5443,2025-08-15 19:00:00,3604.1190853273206,2562.9748241792017,2628.942138671875
forecast_5444,2025-08-15 20:00:00,4299.850110945204,3095.422890251313,3463.059814453125
forecast_5445,2025-08-15 21:00:00,4443.192260199271,4340.905404541842,3693.95654296875
forecast_5446,2025-08-15 22:00:00,6567.358601453836,6070.58122342775,4043.016845703125
forecast_5447,2025-08-15 23:00:00,7004.31421953,7207.530256338721,4856.02685546875
forecast_5448,2025-08-16 00:00:00,7957.353849252952,8660.312948726489,5638.1484375
forecast_5449,2025-08-16 01:00:00,10128.96753343139,10717.224950922562,5676.5771484375
forecast_5450,2025-08-16 02:00:00,10072.960820362916,11513.148790847954,6525.79443359375
forecast_5451,2025-08-16 03:00:00,10467.203081176423,12881.877139433658,6693.63525390625
forecast_5452,2025-08-16 04:00:00,10803.777797652645,12627.037740858867,6954.73681640625
forecast_5453,2025-08-16 05:00:00,9920.427128573865,11937.10602443581,6491.375
forecast_5454,2025-08-16 06:00:00,10542.670946269303,11071.101769568544,6053.0419921875
forecast_5455,2025-08-16 07:00:00,10087.947528787441,10063.554789049696,5345.9296875
forecast_5456,2025-08-16 08:00:00,9702.339410093136,9721.37195975794,4825.1728515625
forecast_5457,2025-08-16 09:00:00,9248.770120143687,9297.53169342357,4827.1943359375
forecast_5458,2025-08-16 10:00:00,7761.786735932358,8100.297155213838,4634.2783203125
forecast_5459,2025-08-16 11:00:00,7107.432864595234,7720.2859995768495,4588.5234375
forecast_5460,2025-08-16 12:00:00,6927.00820137978,7631.466490627072,4663.9208984375
forecast_5461,2025-08-16 13:00:00,7035.487889278407,7421.290034322483,5072.8095703125
forecast_5462,2025-08-16 14:00:00,7824.796928770145,8307.059836881497,6008.2958984375
forecast_5463,2025-08-16 15:00:00,8794.20087992163,9202.420268781862,6789.4287109375
forecast_5464,2025-08-16 16:00:00,8815.704411725415,8901.569806717893,7078.42431640625
forecast_5465,2025-08-16 17:00:00,9192.388373293237,9627.047506741128,7216.19921875
forecast_5466,2025-08-16 18:00:00,10344.49085627898,10525.484288335596,8123.578125
forecast_5467,2025-08-16 19:00:00,12017.007116861805,11470.697274795592,9571.060546875
forecast_5468,2025-08-16 20:00:00,13099.912416636289,14386.507979506416,12466.634765625
forecast_5469,2025-08-16 21:00:00,14676.142688270607,15664.37319436698,15860.6279296875
forecast_5470,2025-08-16 22:00:00,15659.428910967348,16093.483769562126,16882.19140625
forecast_5471,2025-08-16 23:00:00,16314.635087738694,16368.340749902562,18226.73046875
forecast_5472,2025-08-17 00:00:00,16844.484298621304,17130.62687968563,18929.693359375
forecast_5473,2025-08-17 01:00:00,17819.988445784566,17612.50760384586,19310.326171875
forecast_5474,2025-08-17 02:00:00,18124.528546816255,17336.647991358852,19262.58203125
forecast_5475,2025-08-17 03:00:00,18109.945481527895,17733.060446503117,18965.013671875
forecast_5476,2025-08-17 04:00:00,18132.108360061546,17899.361992334867,18907.169921875
forecast_5477,2025-08-17 05:00:00,19087.762361120942,18337.818890033515,19202.10546875
forecast_5478,2025-08-17 06:00:00,18637.353721123967,17681.85476330154,18481.564453125
forecast_5479,2025-08-17 07:00:00,17066.356577563274,16472.938690780597,15826.884765625
forecast_5480,2025-08-17 08:00:00,16316.008640275579,15772.390146954753,12760.7177734375
forecast_5481,2025-08-17 09:00:00,12657.679978000724,13327.843145994055,8237.580078125
forecast_5482,2025-08-17 10:00:00,9179.858456853457,10289.452074210341,5741.8115234375
forecast_5483,2025-08-17 11:00:00,7268.624799327548,7545.891051206681,4183.8818359375
forecast_5484,2025-08-17 12:00:00,6038.411223854809,5632.161875974777,3626.84912109375
forecast_5485,2025-08-17 13:00:00,5125.540776339395,4595.718869820594,3430.49169921875
forecast_5486,2025-08-17 14:00:00,5236.978565038008,4316.427952179739,3354.051513671875
forecast_5487,2025-08-17 15:00:00,5181.567422682824,3751.5724922344175,3361.132080078125
forecast_5488,2025-08-17 16:00:00,5652.829808094044,4069.8738790425664,3599.60400390625
forecast_5489,2025-08-17 17:00:00,5511.391023929427,4149.244422700029,3297.899169921875
forecast_5490,2025-08-17 18:00:00,5294.782891677896,4054.5012340510852,3392.96533203125
forecast_5491,2025-08-17 19:00:00,5913.579328447257,5242.233370885702,4326.03271484375
forecast_5492,2025-08-17 20:00:00,6920.437978625687,6455.008340737908,4961.20068359375
forecast_5493,2025-08-17 21:00:00,7441.051177388485,7296.525495340102,4643.30712890625
forecast_5494,2025-08-17 22:00:00,7260.868136541609,6978.230284242504,4788.2783203125
forecast_5495,2025-08-17 23:00:00,7076.139101861287,6801.107244827264,4984.81640625
forecast_5496,2025-08-18 00:00:00,7612.909695160049,7070.633084622914,5465.04541015625
forecast_5497,2025-08-18 01:00:00,9072.588478475544,8794.514394831334,5941.7998046875
forecast_5498,2025-08-18 02:00:00,8562.461269781554,8175.551780875394,5210.7802734375
forecast_5499,2025-08-18 03:00:00,8900.313997439313,9461.175308095384,5853.279296875
forecast_5500,2025-08-18 04:00:00,9415.401174612052,9784.33778328865,5688.8251953125
forecast_5501,2025-08-18 05:00:00,9841.190850691244,10158.42972124349,5884.7548828125
forecast_5502,2025-08-18 06:00:00,9223.400697955483,9910.184466567483,5460.5908203125
forecast_5503,2025-08-18 07:00:00,9127.080711887118,10211.836705143949,5381.02734375
forecast_5504,2025-08-18 08:00:00,10084.917933016884,10737.315918893408,5968.4287109375
forecast_5505,2025-08-18 09:00:00,8790.238133379611,9367.653661468386,5947.41357421875
forecast_5506,2025-08-18 10:00:00,7466.603179837772,7158.419156174614,5862.72119140625
forecast_5507,2025-08-18 11:00:00,6470.519507882603,6338.2761476138085,4684.31494140625
forecast_5508,2025-08-18 12:00:00,6352.632727076791,6085.847813396003,4440.2158203125
forecast_5509,2025-08-18 13:00:00,5602.471704203463,5858.8788578906215,3947.577392578125
forecast_5510,2025-08-18 14:00:00,5443.400888624121,5284.904599980649,4076.721435546875
forecast_5511,2025-08-18 15:00:00,6381.012494243238,6032.982567044504,4808.31298828125
forecast_5512,2025-08-18 16:00:00,7334.803861908584,7649.531429624918,6098.0791015625
forecast_5513,2025-08-18 17:00:00,7785.546409152235,9160.463315478573,5948.74365234375
forecast_5514,2025-08-18 18:00:00,8239.041864077153,9868.754581305278,6409.63720703125
forecast_5515,2025-08-18 19:00:00,10531.871781965168,11818.035990758519,8194.6298828125
forecast_5516,2025-08-18 20:00:00,12796.850899899608,13229.245263186962,11195.533203125
forecast_5517,2025-08-18 21:00:00,13784.469903197787,14375.725113374916,12628.705078125
forecast_5518,2025-08-18 22:00:00,15447.650762235124,16022.333021570548,16490.12890625
forecast_5519,2025-08-18 23:00:00,15108.392472604271,15904.605948294617,16624.072265625
forecast_5520,2025-08-19 00:00:00,16208.633046491457,16579.828691930055,18259.08203125
forecast_5521,2025-08-19 01:00:00,16250.670145302098,17107.751167186678,19133.001953125
forecast_5522,2025-08-19 02:00:00,16930.94653086314,17541.206128171823,19312.822265625
forecast_5523,2025-08-19 03:00:00,16952.5497692317,16803.710133935325,19411.16796875
forecast_5524,2025-08-19 04:00:00,16458.81530031455,17033.481082290287,19437.837890625
forecast_5525,2025-08-19 05:00:00,15946.591638381906,17000.705497331706,19225.17578125
forecast_5526,2025-08-19 06:00:00,16528.223548898823,17414.774492317145,19368.576171875
forecast_5527,2025-08-19 07:00:00,16048.342555523523,16740.15980204387,18732.32421875
forecast_5528,2025-08-19 08:00:00,15708.867794241074,17316.58487310867,17956.609375
forecast_5529,2025-08-19 09:00:00,15020.24427704018,17345.876648845144,17012.65625
forecast_5530,2025-08-19 10:00:00,13439.168729656209,15492.67093793175,14710.673828125
forecast_5531,2025-08-19 11:00:00,12591.815966168038,13241.143494081942,12913.1962890625
forecast_5532,2025-08-19 12:00:00,11484.94259880403,12399.929618327817,10870.5146484375
forecast_5533,2025-08-19 13:00:00,10879.459279655972,12219.38148352679,9095.2978515625
forecast_5534,2025-08-19 14:00:00,10137.707243528746,11405.241488512554,8739.4296875
forecast_5535,2025-08-19 15:00:00,9658.911427027826,10583.250423872698,8686.302734375
forecast_5536,2025-08-19 16:00:00,9591.943574019215,10076.61595036537,8054.8916015625
forecast_5537,2025-08-19 17:00:00,10604.876739511808,10224.855324629858,8420.89453125
forecast_5538,2025-08-19 18:00:00,10679.077418681816,11235.122652772287,9564.2294921875
forecast_5539,2025-08-19 19:00:00,11990.33185649968,13318.672225904607,10803.384765625
forecast_5540,2025-08-19 20:00:00,14210.841928228903,15734.799871868658,14081.1611328125
forecast_5541,2025-08-19 21:00:00,14759.170660013777,16091.83808410296,16261.142578125
forecast_5542,2025-08-19 22:00:00,15706.352779161338,16059.580505255277,17881.826171875
forecast_5543,2025-08-19 23:00:00,15835.642925220964,16525.797986788362,18878.009765625
forecast_5544,2025-08-20 00:00:00,16561.807820608614,17847.807845113388,20091.98046875
forecast_5545,2025-08-20 01:00:00,17394.62618787248,17810.784854737958,19877.83984375
forecast_5546,2025-08-20 02:00:00,17257.193261170156,18023.200617964714,19875.0546875
forecast_5547,2025-08-20 03:00:00,17357.774187904946,17796.83596681141,19973.953125
forecast_5548,2025-08-20 04:00:00,17233.891075970158,17674.043302906863,20059.328125
forecast_5549,2025-08-20 05:00:00,17434.21385102151,17551.601287893987,19885.19140625
forecast_5550,2025-08-20 06:00:00,17262.373219659465,17243.566744950476,19427.2890625
forecast_5551,2025-08-20 07:00:00,15981.698683778519,16172.179601466052,17814.880859375
forecast_5552,2025-08-20 08:00:00,14498.15176198932,15705.354469386275,15803.1435546875
forecast_5553,2025-08-20 09:00:00,12785.820092678718,13634.193558498382,11771.6962890625
forecast_5554,2025-08-20 10:00:00,10075.316869761627,10013.117640595898,8063.4873046875
forecast_5555,2025-08-20 11:00:00,8888.257132807394,9554.702019855298,6262.408203125
forecast_5556,2025-08-20 12:00:00,7277.20883698389,7712.017827063182,4655.828125
forecast_5557,2025-08-20 13:00:00,6480.172330489548,6713.925721592287,4665.23583984375
forecast_5558,2025-08-20 14:00:00,6178.733087715802,6273.351773720499,4494.3017578125
forecast_5559,2025-08-20 15:00:00,5494.1063324413135,5174.769047251506,4616.9521484375
forecast_5560,2025-08-20 16:00:00,5493.402315746959,5316.918249653003,4260.10791015625
forecast_5561,2025-08-20 17:00:00,5791.76756011776,4906.68142180766,4047.067138671875
forecast_5562,2025-08-20 18:00:00,5515.862202553199,4562.688078334353,3362.20849609375
forecast_5563,2025-08-20 19:00:00,5957.977945695011,5342.597340208127,3679.78955078125
forecast_5564,2025-08-20 20:00:00,6205.191691572611,6611.987914637548,4291.689453125
forecast_5565,2025-08-20 21:00:00,6766.403509804687,8532.07115920081,4936.0205078125
forecast_5566,2025-08-20 22:00:00,7884.3735022329565,9601.778843115892,6423.34521484375
forecast_5567,2025-08-20 23:00:00,9136.670843281561,11413.252679330388,6891.234375
forecast_5568,2025-08-21 00:00:00,10802.464102567435,13177.238136889466,7913.8046875
forecast_5569,2025-08-21 01:00:00,11236.704759252905,13469.701022772075,8356.25
forecast_5570,2025-08-21 02:00:00,13273.094888872889,15555.307623929355,8774.9482421875
forecast_5571,2025-08-21 03:00:00,13998.097067148447,14475.495380902643,9735.025390625
forecast_5572,2025-08-21 04:00:00,14676.789527446646,14971.129978370154,11294.7275390625
forecast_5573,2025-08-21 05:00:00,13811.390540773617,13734.08560184885,9661.232421875
forecast_5574,2025-08-21 06:00:00,10988.144193313394,10887.524367481163,6565.14990234375
forecast_5575,2025-08-21 07:00:00,9988.047900584566,8742.099108963495,5705.1123046875
forecast_5576,2025-08-21 08:00:00,7137.444701010871,6240.654225736754,3834.475830078125
forecast_5577,2025-08-21 09:00:00,5148.177932536986,4290.231735054349,2827.787109375
forecast_5578,2025-08-21 10:00:00,4029.6089238805853,3408.527535979584,2466.069091796875
forecast_5579,2025-08-21 11:00:00,3107.3602015258175,2637.559529314046,2284.779296875
forecast_5580,2025-08-21 12:00:00,2554.511301388522,1491.3852555891249,2055.94970703125
forecast_5581,2025-08-21 13:00:00,2443.9477508882405,807.4781824244845,1994.5341796875
forecast_5582,2025-08-21 14:00:00,2308.623055609503,994.6632922307009,1974.1376953125
forecast_5583,2025-08-21 15:00:00,2183.5050470338388,995.6836936378251,1972.311767578125
forecast_5584,2025-08-21 16:00:00,2289.5148904125253,1054.322383255595,2081.978759765625
forecast_5585,2025-08-21 17:00:00,2313.6786863673856,1129.5899305102625,1999.1978759765625
forecast_5586,2025-08-21 18:00:00,2574.344505520971,1382.9582800908627,2233.00927734375
forecast_5587,2025-08-21 19:00:00,3066.2873492523163,1929.3485848102946,2720.115966796875
forecast_5588,2025-08-21 20:00:00,3660.681072833978,3206.2655887812525,3752.16845703125
forecast_5589,2025-08-21 21:00:00,3871.1065196207096,3888.661045801024,3625.845703125
forecast_5590,2025-08-21 22:00:00,4277.9297031747265,4207.107833610557,3948.94580078125
forecast_5591,2025-08-21 23:00:00,4611.805186339859,4145.250170229313,3915.01220703125
forecast_5592,2025-08-22 00:00:00,5182.531070410943,4421.048911070911,4376.00634765625
forecast_5593,2025-08-22 01:00:00,5618.3736151139165,4453.3399807067835,4054.61962890625
forecast_5594,2025-08-22 02:00:00,6098.975080619641,5385.4720139602,4083.932373046875
forecast_5595,2025-08-22 03:00:00,7963.794128534302,7028.031530832638,4686.9443359375
forecast_5596,2025-08-22 04:00:00,8445.663733537309,8381.536333012333,5193.8486328125
forecast_5597,2025-08-22 05:00:00,8747.859902892189,8970.675983916142,5408.794921875
forecast_5598,2025-08-22 06:00:00,9310.725780861096,9001.256765012684,5137.45947265625
forecast_5599,2025-08-22 07:00:00,9229.467992483585,9136.08068842205,4988.3095703125
forecast_5600,2025-08-22 08:00:00,8356.940594885022,8109.676648770539,4348.83203125
forecast_5601,2025-08-22 09:00:00,6859.576681283685,6839.711544398465,3936.969482421875
forecast_5602,2025-08-22 10:00:00,5486.458212273035,5548.397382657219,3557.89208984375
forecast_5603,2025-08-22 11:00:00,4186.381378204329,3872.6859258300947,3022.40625
forecast_5604,2025-08-22 12:00:00,3540.6813278751138,2716.861955281359,2829.31591796875
forecast_5605,2025-08-22 13:00:00,3740.5310506833666,2776.707927139654,2802.62255859375
forecast_5606,2025-08-22 14:00:00,3961.362063702458,3019.410478067827,3089.975830078125
forecast_5607,2025-08-22 15:00:00,3902.806147414051,2579.6898711627778,2853.306640625
forecast_5608,2025-08-22 16:00:00,4633.627967054728,2750.9854050116696,3163.046142578125
forecast_5609,2025-08-22 17:00:00,5584.010016293975,2992.443363128883,3463.95947265625
forecast_5610,2025-08-22 18:00:00,5940.650430519281,4211.7025748235255,3836.239013671875
forecast_5611,2025-08-22 19:00:00,8672.250828715485,8167.587788152495,6033.33251953125
forecast_5612,2025-08-22 20:00:00,10461.349729347236,10035.91943361842,5786.51513671875
forecast_5613,2025-08-22 21:00:00,11392.74034773565,12086.46684593202,7145.7548828125
forecast_5614,2025-08-22 22:00:00,12714.64119503349,13014.207273138873,8427.763671875
forecast_5615,2025-08-22 23:00:00,13937.991650365231,14794.614877193688,10664.404296875
forecast_5616,2025-08-23 00:00:00,15024.573918317574,15463.559571228343,12468.6689453125
forecast_5617,2025-08-23 01:00:00,15085.657493115119,15117.126154656517,11852.5615234375
forecast_5618,2025-08-23 02:00:00,14930.953362669425,14594.120468674111,11487.2626953125
forecast_5619,2025-08-23 03:00:00,15020.98074890084,14237.364411823766,10949.556640625
forecast_5620,2025-08-23 04:00:00,14549.235745415695,12399.234269479892,9786.150390625
forecast_5621,2025-08-23 05:00:00,12888.064108291474,11740.316421783586,7667.3916015625
forecast_5622,2025-08-23 06:00:00,11362.90895977106,9834.440804333712,5547.33837890625
forecast_5623,2025-08-23 07:00:00,9295.413405693964,7304.071497899575,4153.9326171875
forecast_5624,2025-08-23 08:00:00,6602.5183853603885,5348.509528287094,3301.36181640625
forecast_5625,2025-08-23 09:00:00,4931.605844532291,3155.2671021886727,2893.909423828125
forecast_5626,2025-08-23 10:00:00,3280.1907720756235,2721.6790990536056,2521.368896484375
forecast_5627,2025-08-23 11:00:00,2351.350601047431,1551.389330798147,1929.8941650390625
forecast_5628,2025-08-23 12:00:00,1903.3162447796542,901.9017091572196,1741.511474609375
forecast_5629,2025-08-23 13:00:00,2061.031611198949,765.6244423320696,1982.854248046875
forecast_5630,2025-08-23 14:00:00,2155.0643490483453,1109.5917794513002,1896.6669921875
forecast_5631,2025-08-23 15:00:00,2363.260018446801,906.5773881946058,1950.0689697265625
forecast_5632,2025-08-23 16:00:00,2094.692418423069,999.0868151649955,1668.9710693359375
forecast_5633,2025-08-23 17:00:00,1846.1797546241341,794.6153531789544,1862.9888916015625
forecast_5634,2025-08-23 18:00:00,2820.6752965793394,1592.6033689025467,2349.559814453125
forecast_5635,2025-08-23 19:00:00,3476.395011954939,2815.4609236181623,2916.04150390625
forecast_5636,2025-08-23 20:00:00,4028.8403134386795,4157.762018505717,4200.73681640625
forecast_5637,2025-08-23 21:00:00,4253.388082042286,3931.816921821855,3664.19921875
forecast_5638,2025-08-23 22:00:00,5157.214878307152,3812.2714492763107,3567.110107421875
forecast_5639,2025-08-23 23:00:00,5538.860525762622,4364.273314579728,3728.336669921875
forecast_5640,2025-08-24 00:00:00,5309.932188989729,4463.631438140323,3884.446044921875
forecast_5641,2025-08-24 01:00:00,4703.971547796897,3844.4310330811986,3461.802001953125
forecast_5642,2025-08-24 02:00:00,4401.186534783183,3543.39826276007,3228.615966796875
forecast_5643,2025-08-24 03:00:00,4261.405877391655,3254.0845465566517,3093.0771484375
forecast_5644,2025-08-24 04:00:00,3855.8754254053947,3239.0833838781155,3116.735595703125
forecast_5645,2025-08-24 05:00:00,3836.900966690615,3226.844911288799,2993.44580078125
forecast_5646,2025-08-24 06:00:00,3624.682766373581,3031.570009577497,2730.570556640625
forecast_5647,2025-08-24 07:00:00,3684.0830064641327,2957.3520418048647,3059.960205078125
forecast_5648,2025-08-24 08:00:00,3276.454784347574,2872.995670811723,2637.607421875
forecast_5649,2025-08-24 09:00:00,2589.341091158414,2310.059872446067,2006.529296875
forecast_5650,2025-08-24 10:00:00,2071.8598741714,1713.3375417042691,1912.823486328125
forecast_5651,2025-08-24 11:00:00,1856.063992456181,1374.8873825989276,1928.142822265625
forecast_5652,2025-08-24 12:00:00,1848.0470118704147,1164.1087166792609,2069.48291015625
forecast_5653,2025-08-24 13:00:00,2413.770398919955,1365.157914852091,2220.506103515625
forecast_5654,2025-08-24 14:00:00,3070.1065953096013,1993.3436990588225,2634.11474609375
forecast_5655,2025-08-24 15:00:00,3642.276708489172,1977.234640284638,2283.75537109375
forecast_5656,2025-08-24 16:00:00,4302.430377082078,2155.0416760621197,2688.940185546875
forecast_5657,2025-08-24 17:00:00,3530.6779781862924,2623.1107723225005,3015.1474609375
forecast_5658,2025-08-24 18:00:00,3978.992071906675,2722.912580959599,3027.287841796875
forecast_5659,2025-08-24 19:00:00,4005.293909666536,3149.72899526516,3195.489013671875
forecast_5660,2025-08-24 20:00:00,4135.960710634133,3184.6331373467897,3717.490234375
forecast_5661,2025-08-24 21:00:00,3990.5719511250427,3458.675329090032,3082.646484375
forecast_5662,2025-08-24 22:00:00,4362.148740404138,3423.9420660208402,3279.656982421875
forecast_5663,2025-08-24 23:00:00,4487.490966781092,3871.959704872891,3614.100830078125
forecast_5664,2025-08-25 00:00:00,4374.873269692994,3973.2867708320678,3915.401123046875
forecast_5665,2025-08-25 01:00:00,5500.864852342385,4738.627051197887,3538.25927734375
forecast_5666,2025-08-25 02:00:00,5099.198485624289,4703.088166993476,3611.676513671875
forecast_5667,2025-08-25 03:00:00,5948.897522556286,4919.97195969775,3721.51220703125
forecast_5668,2025-08-25 04:00:00,6087.415607060192,5185.232314024144,3756.58984375
forecast_5669,2025-08-25 05:00:00,6220.337140610811,5046.704112490859,3838.045654296875
forecast_5670,2025-08-25 06:00:00,5992.362025937773,4852.05714801047,3632.78955078125
forecast_5671,2025-08-25 07:00:00,5573.251395151408,4414.737910046972,3460.999267578125
forecast_5672,2025-08-25 08:00:00,4918.016982416073,4246.9755165837105,3303.43701171875
forecast_5673,2025-08-25 09:00:00,4197.011691959025,3135.865137166226,2931.99560546875
forecast_5674,2025-08-25 10:00:00,3040.0120375801644,2566.353097181624,2600.551025390625
forecast_5675,2025-08-25 11:00:00,3160.75082406611,2219.4863810424745,2745.864990234375
forecast_5676,2025-08-25 12:00:00,4388.627135647035,2486.419682024892,2994.82177734375
forecast_5677,2025-08-25 13:00:00,3798.797419424773,2523.081634299007,3231.015625
forecast_5678,2025-08-25 14:00:00,3229.0584632335667,2352.1057902105877,2708.54931640625
forecast_5679,2025-08-25 15:00:00,3859.7544573611854,3174.8636340919584,3248.3017578125
forecast_5680,2025-08-25 16:00:00,4068.752430169622,3635.6676159885415,3061.69384765625
forecast_5681,2025-08-25 17:00:00,4916.097796515917,4055.825864165554,3442.907470703125
forecast_5682,2025-08-25 18:00:00,6027.566385453041,4840.186024984289,4349.65966796875
forecast_5683,2025-08-25 19:00:00,7590.554917422382,8799.185180341292,5427.32275390625
forecast_5684,2025-08-25 20:00:00,9425.18501848125,11343.975688662395,6437.5693359375
forecast_5685,2025-08-25 21:00:00,11355.140148088562,13081.00754588994,8922.1123046875
forecast_5686,2025-08-25 22:00:00,11551.21951502264,13668.953208915602,12049.431640625
forecast_5687,2025-08-25 23:00:00,12088.225329199158,13987.108338540824,13766.345703125
forecast_5688,2025-08-26 00:00:00,12212.35138400463,14914.147294067992,15487.7705078125
forecast_5689,2025-08-26 01:00:00,13123.104936975844,16052.48792245075,15476.2861328125
forecast_5690,2025-08-26 02:00:00,13140.591081654908,16120.450119184188,16085.4658203125
forecast_5691,2025-08-26 03:00:00,13895.631835578992,16311.491485660263,16731.3671875
forecast_5692,2025-08-26 04:00:00,13711.1173479278,15931.033362989967,16575.98046875
forecast_5693,2025-08-26 05:00:00,13583.33211007592,15863.99075069931,16200.9296875
forecast_5694,2025-08-26 06:00:00,13646.08059144544,15877.676225801179,16335.4345703125
forecast_5695,2025-08-26 07:00:00,12124.174111860098,16038.866152199244,15266.3388671875
forecast_5696,2025-08-26 08:00:00,12842.613174990212,16201.677267663343,15208.7451171875
forecast_5697,2025-08-26 09:00:00,12346.397499591927,15281.993441363096,14422.1826171875
forecast_5698,2025-08-26 10:00:00,11858.062589392002,14371.648461314726,13290.1357421875
forecast_5699,2025-08-26 11:00:00,12804.775857063069,15519.17582037299,14730.134765625
forecast_5700,2025-08-26 12:00:00,12962.612794056333,14648.180582881758,14915.640625
forecast_5701,2025-08-26 13:00:00,12103.234028962024,15040.344424505749,13619.3203125
forecast_5702,2025-08-26 14:00:00,13520.971362338847,15407.650122881932,15321.34375
forecast_5703,2025-08-26 15:00:00,13422.814809989744,14438.804671271142,15182.4482421875
forecast_5704,2025-08-26 16:00:00,12424.568070834353,12902.909807815693,13462.328125
forecast_5705,2025-08-26 17:00:00,12796.929770712177,13765.608925477818,13334.576171875
forecast_5706,2025-08-26 18:00:00,11230.492594309198,12013.83463504168,10523.703125
forecast_5707,2025-08-26 19:00:00,10102.295144570484,10846.991573023151,8124.3828125
forecast_5708,2025-08-26 20:00:00,9539.07375065158,11610.366822445212,7192.18115234375
forecast_5709,2025-08-26 21:00:00,9189.308364207625,10938.510039426696,7091.71630859375
forecast_5710,2025-08-26 22:00:00,9013.721035075814,12113.362762955394,7113.4208984375
forecast_5711,2025-08-26 23:00:00,9656.672551405314,10757.348629999999,6567.0927734375
forecast_5712,2025-08-27 00:00:00,9739.935130821574,10487.837500726704,6674.0087890625
forecast_5713,2025-08-27 01:00:00,9508.112501686599,9469.045031311653,5627.498046875
forecast_5714,2025-08-27 02:00:00,9208.002277359297,7770.66376820603,4488.92236328125
forecast_5715,2025-08-27 03:00:00,7400.613085898284,6628.089892284291,3949.132080078125
forecast_5716,2025-08-27 04:00:00,5693.030753713656,5062.294057548337,3721.03466796875
forecast_5717,2025-08-27 05:00:00,4522.8003362602685,3550.8552098126206,3513.171142578125
forecast_5718,2025-08-27 06:00:00,3473.50737409618,2724.2721154738483,2699.56201171875
forecast_5719,2025-08-27 07:00:00,3145.6602079455724,2504.4937420156557,2929.7060546875
forecast_5720,2025-08-27 08:00:00,2676.366750725938,2029.2040007047635,2388.878662109375
forecast_5721,2025-08-27 09:00:00,2036.330515743094,1533.6736212998667,1759.7515869140625
forecast_5722,2025-08-27 10:00:00,2291.9647568763585,1869.6158494520282,2066.430419921875
forecast_5723,2025-08-27 11:00:00,2457.3364271570713,1901.0980678797214,2333.201416015625
forecast_5724,2025-08-27 12:00:00,2901.786926164368,2043.296042202257,2542.28955078125
forecast_5725,2025-08-27 13:00:00,2942.9123097587,2384.670254254387,2564.549560546875
forecast_5726,2025-08-27 14:00:00,2946.8115071245397,2401.7046487531516,2342.53955078125
forecast_5727,2025-08-27 15:00:00,2911.5722585595176,2530.8267751331114,2397.94970703125
forecast_5728,2025-08-27 16:00:00,2658.0100492471392,2146.729184301939,2419.19091796875
forecast_5729,2025-08-27 17:00:00,2531.3759576439697,1798.8748561661157,2241.08837890625
forecast_5730,2025-08-27 18:00:00,2385.9253799142666,1722.037365973618,2310.67626953125
forecast_5731,2025-08-27 19:00:00,2529.400817910349,1900.4807937520231,2233.2470703125
forecast_5732,2025-08-27 20:00:00,2786.123313674575,1650.3351676105294,2219.49365234375
forecast_5733,2025-08-27 21:00:00,2679.4987815228947,1730.645158061826,2107.454833984375
forecast_5734,2025-08-27 22:00:00,3232.49935691526,1851.3363037275458,2281.11962890625
forecast_5735,2025-08-27 23:00:00,3580.8638966001636,2387.0928131578444,2796.23193359375
forecast_5736,2025-08-28 00:00:00,3535.649108577659,2297.191149185681,2567.58642578125
forecast_5737,2025-08-28 01:00:00,3971.9509587456805,3219.967266386732,3012.573486328125
forecast_5738,2025-08-28 02:00:00,4243.874118309635,4287.952391418092,3467.801513671875
forecast_5739,2025-08-28 03:00:00,4352.452934782359,4116.999938049821,3304.42578125
forecast_5740,2025-08-28 04:00:00,4972.347975922759,4776.1163454175785,3367.22607421875
forecast_5741,2025-08-28 05:00:00,4769.999458903638,5206.354721795118,3232.89697265625
forecast_5742,2025-08-28 06:00:00,4910.463843164287,5732.882588187093,3284.874267578125
forecast_5743,2025-08-28 07:00:00,5091.710874047827,5220.870131501492,3344.72998046875
forecast_5744,2025-08-28 08:00:00,4194.978258482661,4443.223351707612,2971.15673828125
forecast_5745,2025-08-28 09:00:00,4013.200432759423,3958.476684821029,2739.396484375
forecast_5746,2025-08-28 10:00:00,3607.4693076755657,2978.3323747043623,2519.462890625
forecast_5747,2025-08-28 11:00:00,3494.8115851254906,2408.500760970027,2385.68115234375
forecast_5748,2025-08-28 12:00:00,3752.226546240545,2900.0975083257204,2871.880126953125
forecast_5749,2025-08-28 13:00:00,4187.155231017923,3399.73913177333,2901.460205078125
forecast_5750,2025-08-28 14:00:00,3977.417775667604,3174.1854964696554,3265.989501953125
forecast_5751,2025-08-28 15:00:00,4354.714753948296,3000.805346046777,3178.53564453125
forecast_5752,2025-08-28 16:00:00,4883.732049685392,3601.6488771815416,3354.1640625
forecast_5753,2025-08-28 17:00:00,4864.358036756569,4969.853372370289,3693.07080078125
forecast_5754,2025-08-28 18:00:00,4942.730850717002,5357.3726417393445,3706.944580078125
forecast_5755,2025-08-28 19:00:00,5914.415291367024,6032.5342942943225,3917.727783203125
forecast_5756,2025-08-28 20:00:00,8263.000883780125,9709.302708991652,5375.1064453125
forecast_5757,2025-08-28 21:00:00,9881.786486009089,12449.030736134207,6962.7734375
forecast_5758,2025-08-28 22:00:00,12146.646975551721,16267.215073661766,11291.419921875
forecast_5759,2025-08-28 23:00:00,14407.156946048635,17324.853046735676,15861.7158203125
forecast_5760,2025-08-29 00:00:00,14588.312270210095,17531.637741952643,17850.130859375
forecast_5761,2025-08-29 01:00:00,14956.935933241777,17794.583377077557,18999.5078125
forecast_5762,2025-08-29 02:00:00,16409.580286663022,17280.182490210398,19750.521484375
forecast_5763,2025-08-29 03:00:00,16556.181643671385,17849.36447666723,20024.37890625
forecast_5764,2025-08-29 04:00:00,16576.328743445814,18007.798822651086,20002.060546875
forecast_5765,2025-08-29 05:00:00,16864.649865989428,18213.517497038254,20058.1953125
forecast_5766,2025-08-29 06:00:00,16938.911802552084,18228.52746730134,19973.67578125
forecast_5767,2025-08-29 07:00:00,17484.10640910235,17792.386528661635,19988.23046875
forecast_5768,2025-08-29 08:00:00,16496.55206664472,18037.817428169183,19552.9453125
forecast_5769,2025-08-29 09:00:00,14829.010071437606,17092.637794607177,18196.96484375
forecast_5770,2025-08-29 10:00:00,14302.920302893082,16772.333912133465,16388.9609375
forecast_5771,2025-08-29 11:00:00,13462.042209802588,15605.757700371896,14054.796875
forecast_5772,2025-08-29 12:00:00,12158.76548361023,13937.66297693862,11379.119140625
forecast_5773,2025-08-29 13:00:00,11793.06939736653,13124.190214525805,11334.669921875
forecast_5774,2025-08-29 14:00:00,12013.749445290096,12535.318832657233,11520.8017578125
forecast_5775,2025-08-29 15:00:00,11624.50049758022,11952.32056968245,10535.6572265625
forecast_5776,2025-08-29 16:00:00,10831.315003590975,10758.847266907342,8351.5947265625
forecast_5777,2025-08-29 17:00:00,10508.403048551987,9982.021373194666,7733.2978515625
forecast_5778,2025-08-29 18:00:00,10365.19294048395,10923.181801175722,7360.0283203125
forecast_5779,2025-08-29 19:00:00,11414.261819780408,10872.773508237118,8054.2705078125
forecast_5780,2025-08-29 20:00:00,12184.41003934441,12494.111951294086,8656.607421875
forecast_5781,2025-08-29 21:00:00,12866.213813386024,13291.895461419428,9186.197265625
forecast_5782,2025-08-29 22:00:00,13342.019624075978,14277.526588567456,11057.888671875
forecast_5783,2025-08-29 23:00:00,14143.076106451277,15605.348160414102,11984.8271484375
forecast_5784,2025-08-30 00:00:00,14768.542734268838,15642.684935754869,13025.03515625
forecast_5785,2025-08-30 01:00:00,14152.58784567536,14075.70957245558,11890.5458984375
forecast_5786,2025-08-30 02:00:00,13479.751820961668,13700.659238366783,10810.703125
forecast_5787,2025-08-30 03:00:00,12650.97441205152,13301.914875233519,9358.1591796875
forecast_5788,2025-08-30 04:00:00,12055.079055186165,12888.450437111507,8302.1591796875
forecast_5789,2025-08-30 05:00:00,11172.680755487614,11735.746544115329,7366.78759765625
forecast_5790,2025-08-30 06:00:00,10038.830913767375,9894.230240121784,5948.65625
forecast_5791,2025-08-30 07:00:00,8977.988357541775,8034.479654161249,4987.30029296875
forecast_5792,2025-08-30 08:00:00,7569.169171603975,6137.668983849824,4119.85400390625
forecast_5793,2025-08-30 09:00:00,6200.68736983278,5539.819509545199,3496.563720703125
forecast_5794,2025-08-30 10:00:00,4613.266446147132,3935.3321947022864,3124.84716796875
forecast_5795,2025-08-30 11:00:00,3755.3941147249925,2810.634923114222,3027.35400390625
forecast_5796,2025-08-30 12:00:00,3297.874010816838,2398.867454024219,2738.656494140625
forecast_5797,2025-08-30 13:00:00,3530.96551804506,2630.137143105223,2728.972900390625
forecast_5798,2025-08-30 14:00:00,3309.754992408867,2021.6704841748856,2721.656494140625
forecast_5799,2025-08-30 15:00:00,3585.5058199233213,2148.334500319919,3058.132080078125
forecast_5800,2025-08-30 16:00:00,3884.5768910999386,2044.726098187754,3042.924072265625
forecast_5801,2025-08-30 17:00:00,3576.70534470702,2106.173446278624,2600.814697265625
forecast_5802,2025-08-30 18:00:00,3666.3817482544587,2950.2585332218828,2807.732421875
forecast_5803,2025-08-30 19:00:00,4197.20714239784,3397.985697343909,2789.11474609375
forecast_5804,2025-08-30 20:00:00,5558.811436119371,4317.739356422348,3452.552001953125
forecast_5805,2025-08-30 21:00:00,6308.144844964431,5311.72747246275,3774.56396484375
forecast_5806,2025-08-30 22:00:00,7368.049470508472,5761.111759834797,4147.73291015625
forecast_5807,2025-08-30 23:00:00,7254.203498057432,5983.230579042909,4065.666015625
forecast_5808,2025-08-31 00:00:00,7408.1926484331325,6795.086268894095,4288.9814453125
forecast_5809,2025-08-31 01:00:00,7071.453930563574,7582.879023551342,4338.7080078125
forecast_5810,2025-08-31 02:00:00,6770.76096134619,7949.337747281965,4024.10791015625
forecast_5811,2025-08-31 03:00:00,6449.931298088079,7513.112595169013,4039.266357421875
forecast_5812,2025-08-31 04:00:00,5881.892211425449,6146.689710997562,3615.30908203125
forecast_5813,2025-08-31 05:00:00,5482.09901213384,5221.4467735196995,3223.75341796875
forecast_5814,2025-08-31 06:00:00,4636.854726446747,4652.199935914082,3103.362060546875
forecast_5815,2025-08-31 07:00:00,4058.5095621185756,4252.938033421724,3163.325927734375
forecast_5816,2025-08-31 08:00:00,4186.695055865965,3805.577213240581,2863.88916015625
forecast_5817,2025-08-31 09:00:00,3389.5466700364195,2689.9213071726917,2359.216552734375
forecast_5818,2025-08-31 10:00:00,2790.856604112417,2360.8246847812,2256.056640625
forecast_5819,2025-08-31 11:00:00,2994.167244313052,2101.9151692649866,2448.282470703125
forecast_5820,2025-08-31 12:00:00,2950.4771408656015,1715.7696474609213,2407.47705078125
forecast_5821,2025-08-31 13:00:00,3123.1868517085386,2281.975144528863,2582.816162109375
forecast_5822,2025-08-31 14:00:00,3606.129758072747,2520.3998785999047,3070.03955078125
forecast_5823,2025-08-31 15:00:00,4222.358859930275,3742.6684519807486,3147.048095703125
forecast_5824,2025-08-31 16:00:00,5403.824636643629,4099.143837823079,3450.55126953125
forecast_5825,2025-08-31 17:00:00,6605.102132791017,5126.625167593469,3707.9296875
forecast_5826,2025-08-31 18:00:00,6750.9277346901235,6084.062409097503,3834.479248046875
forecast_5827,2025-08-31 19:00:00,7655.175118781601,8234.369955321949,4896.4443359375
forecast_5828,2025-08-31 20:00:00,8287.370854041954,9633.39037595438,5734.09814453125
forecast_5829,2025-08-31 21:00:00,8160.375163564568,9988.957232534012,6265.1220703125
forecast_5830,2025-08-31 22:00:00,9717.732499553687,11987.86019414531,7643.8818359375
forecast_5831,2025-08-31 23:00:00,10606.81399558651,13499.622785352565,8896.333984375
forecast_5832,2025-09-01 00:00:00,9863.451455398226,12390.319356073078,8293.7705078125
forecast_5833,2025-09-01 01:00:00,11511.35489927073,13667.164983754794,8931.728515625
forecast_5834,2025-09-01 02:00:00,12036.094367476717,14765.726263565628,10406.033203125
forecast_5835,2025-09-01 03:00:00,12542.336440711497,14386.157778326107,12054.134765625
forecast_5836,2025-09-01 04:00:00,12490.277741602273,14515.53098032387,12555.845703125
forecast_5837,2025-09-01 05:00:00,12936.366815559933,15237.105274106047,13170.4638671875
forecast_5838,2025-09-01 06:00:00,12559.632004370258,14876.594294712157,11452.59765625
forecast_5839,2025-09-01 07:00:00,11231.522597419906,14430.363081130325,10571.626953125
forecast_5840,2025-09-01 08:00:00,10512.72288718956,12288.657566378703,8282.7109375
forecast_5841,2025-09-01 09:00:00,9099.572605331832,10903.657092635269,7192.5654296875
forecast_5842,2025-09-01 10:00:00,8080.218584672468,9606.925237772113,6372.34326171875
forecast_5843,2025-09-01 11:00:00,7799.212564442501,8617.040668072688,5628.7041015625
forecast_5844,2025-09-01 12:00:00,7536.495246850301,8342.851651021749,5391.25830078125
forecast_5845,2025-09-01 13:00:00,7601.8201469392825,9057.94421850565,5813.5146484375
forecast_5846,2025-09-01 14:00:00,7845.776648288311,9380.385906597297,6523.4619140625
forecast_5847,2025-09-01 15:00:00,8025.444259633607,9618.487634905301,7648.4375
forecast_5848,2025-09-01 16:00:00,8233.986672147525,9430.021766905054,7428.73974609375
forecast_5849,2025-09-01 17:00:00,7836.0143714811975,8948.031971930452,6921.81787109375
forecast_5850,2025-09-01 18:00:00,7722.291033707524,8957.926656964848,6306.7314453125
forecast_5851,2025-09-01 19:00:00,6582.769755541011,7918.83353760214,5157.73388671875
forecast_5852,2025-09-01 20:00:00,7236.13593318896,7782.3428119268165,5021.60595703125
forecast_5853,2025-09-01 21:00:00,7775.576195850805,9465.930995694305,5217.75732421875
forecast_5854,2025-09-01 22:00:00,8789.548680770264,10797.218375379156,7120.3525390625
forecast_5855,2025-09-01 23:00:00,9265.354148100996,12129.05945416402,7851.16796875
forecast_5856,2025-09-02 00:00:00,7994.502304464392,10324.43691371748,8081.16796875
forecast_5857,2025-09-02 01:00:00,9913.828311284698,12569.06242696082,9579.447265625
forecast_5858,2025-09-02 02:00:00,9929.316024708492,11669.656171951647,8524.765625
forecast_5859,2025-09-02 03:00:00,9797.753319385676,10805.303042725838,7916.4423828125
forecast_5860,2025-09-02 04:00:00,9038.010125093999,10382.013846651498,6752.4443359375
forecast_5861,2025-09-02 05:00:00,8507.376938865782,9430.654585192928,5226.2666015625
forecast_5862,2025-09-02 06:00:00,7815.650387371462,8274.22626612024,5345.7919921875
forecast_5863,2025-09-02 07:00:00,7180.995738053256,8080.007019070495,4424.44775390625
forecast_5864,2025-09-02 08:00:00,6030.876418904271,5913.733916443036,3287.197998046875
forecast_5865,2025-09-02 09:00:00,5740.835683114441,5937.541621361574,3182.32421875
forecast_5866,2025-09-02 10:00:00,4486.644499916525,3756.9904268197697,2904.06982421875
forecast_5867,2025-09-02 11:00:00,3917.899211997358,3406.9050424187135,2936.208251953125
forecast_5868,2025-09-02 12:00:00,3404.85767544247,2144.6777752419443,2740.28759765625
forecast_5869,2025-09-02 13:00:00,3326.1309335368164,2352.5805508652847,2570.678955078125
forecast_5870,2025-09-02 14:00:00,2521.668659819706,1943.8013382998427,2366.796142578125
forecast_5871,2025-09-02 15:00:00,2380.591380654984,1409.011936839804,2191.56494140625
forecast_5872,2025-09-02 16:00:00,2191.0448274150503,1038.4695793542135,2091.669921875
forecast_5873,2025-09-02 17:00:00,2011.5210660365256,1165.009538323372,1802.8082275390625
forecast_5874,2025-09-02 18:00:00,1806.9509860905919,1047.9296357137932,1787.501220703125
forecast_5875,2025-09-02 19:00:00,1837.1099141343295,1093.4524937929805,1737.724609375
forecast_5876,2025-09-02 20:00:00,2368.372995190656,1342.5992539523713,1828.2835693359375
forecast_5877,2025-09-02 21:00:00,2597.9783215448015,1595.9434204284698,2063.568603515625
forecast_5878,2025-09-02 22:00:00,2839.837097641214,2130.8830983027638,2254.57763671875
forecast_5879,2025-09-02 23:00:00,2982.244421913071,2671.314808032536,2357.2451171875
forecast_5880,2025-09-03 00:00:00,2690.077845560028,1991.0924992362595,2320.328857421875
forecast_5881,2025-09-03 01:00:00,2951.481352242272,2404.200378298946,2721.74267578125
forecast_5882,2025-09-03 02:00:00,3191.743965438186,2881.7288773747323,2744.8642578125
forecast_5883,2025-09-03 03:00:00,3018.164630651597,2821.1858493843356,2740.548828125
forecast_5884,2025-09-03 04:00:00,3097.872251718466,2684.819135407546,2952.96435546875
forecast_5885,2025-09-03 05:00:00,3307.5680978789997,2936.8953626680404,3047.941650390625
forecast_5886,2025-09-03 06:00:00,3350.609964291358,2731.934598306967,2865.35400390625
forecast_5887,2025-09-03 07:00:00,2877.207147277323,2152.6616211146943,2588.6298828125
forecast_5888,2025-09-03 08:00:00,2479.613105458644,1729.500407147057,2009.317138671875
forecast_5889,2025-09-03 09:00:00,1891.6838949220873,1567.3195797410995,2060.95361328125
forecast_5890,2025-09-03 10:00:00,1930.531907007641,1628.2768856657103,2116.282470703125
forecast_5891,2025-09-03 11:00:00,2249.5488360219797,1766.8002214056019,2217.594970703125
forecast_5892,2025-09-03 12:00:00,2541.373334432549,1834.878307374561,2299.65283203125
forecast_5893,2025-09-03 13:00:00,2835.9113813470776,2132.7348005051535,2387.507080078125
forecast_5894,2025-09-03 14:00:00,3020.6448635903107,1953.739329684954,2371.390380859375
forecast_5895,2025-09-03 15:00:00,2833.501751663868,1857.7846195910856,2315.495849609375
forecast_5896,2025-09-03 16:00:00,2497.4499639022793,1410.3023067593483,2229.994384765625
forecast_5897,2025-09-03 17:00:00,2324.748248037413,984.0536976827711,2117.02587890625
forecast_5898,2025-09-03 18:00:00,2525.647099075242,1149.6151284892255,2154.08056640625
forecast_5899,2025-09-03 19:00:00,2310.765535323648,1400.7595556040214,2101.267822265625
forecast_5900,2025-09-03 20:00:00,2781.1870499842016,1688.8151213361466,2087.005126953125
forecast_5901,2025-09-03 21:00:00,3053.475330552597,2037.563953106431,2143.536376953125
forecast_5902,2025-09-03 22:00:00,2843.303332159256,2020.851024003978,2247.57958984375
forecast_5903,2025-09-03 23:00:00,3008.5740283682235,1912.0687478183788,2516.703125
forecast_5904,2025-09-04 00:00:00,3125.188225915606,2232.502407219606,2621.14697265625
forecast_5905,2025-09-04 01:00:00,3313.379976053885,1741.0370785148484,2211.87158203125
forecast_5906,2025-09-04 02:00:00,3095.8756431938677,1883.0049179573434,2164.65673828125
forecast_5907,2025-09-04 03:00:00,3103.9422988313254,2044.3153961141595,2119.2783203125
forecast_5908,2025-09-04 04:00:00,3191.354208102817,2330.496054533246,2379.379638671875
forecast_5909,2025-09-04 05:00:00,3076.6439659670586,2393.606605703394,2452.33837890625
forecast_5910,2025-09-04 06:00:00,3088.141835963459,2267.0693101040283,2352.94775390625
forecast_5911,2025-09-04 07:00:00,2863.7476103280624,2359.4432021432713,2349.22265625
forecast_5912,2025-09-04 08:00:00,2911.383544700734,2602.6452196216687,2324.72900390625
forecast_5913,2025-09-04 09:00:00,2648.3577677941903,2390.311319601349,2248.60888671875
forecast_5914,2025-09-04 10:00:00,2593.721834717932,2470.933356036545,2303.72998046875
forecast_5915,2025-09-04 11:00:00,2316.7710202575745,2202.634495679772,2462.107177734375
forecast_5916,2025-09-04 12:00:00,2318.970584907685,1914.21977764323,2255.47705078125
forecast_5917,2025-09-04 13:00:00,2401.4405525919724,2270.582427072779,2306.32958984375
forecast_5918,2025-09-04 14:00:00,2460.433141680676,2064.5785164407553,2357.57177734375
forecast_5919,2025-09-04 15:00:00,2622.179797777852,2150.429645569793,2394.88525390625
forecast_5920,2025-09-04 16:00:00,2569.7063864091456,2111.616702917986,2343.61083984375
forecast_5921,2025-09-04 17:00:00,2685.8302265727816,2195.6052325669375,2278.785888671875
forecast_5922,2025-09-04 18:00:00,2762.2396860418016,2443.870130698083,2536.620849609375
forecast_5923,2025-09-04 19:00:00,2825.547644931623,2752.827771848728,2482.885986328125
forecast_5924,2025-09-04 20:00:00,2856.8993264575693,2828.8275534811087,2475.985107421875
forecast_5925,2025-09-04 21:00:00,3028.7843755818294,2924.6152478346294,2655.243408203125
forecast_5926,2025-09-04 22:00:00,3118.5705238182572,2916.8144371012286,2715.52001953125
forecast_5927,2025-09-04 23:00:00,3052.9307947163543,2564.752446420976,2675.216552734375
forecast_5928,2025-09-05 00:00:00,2821.8124901223155,2636.7847100353156,2769.9736328125
forecast_5929,2025-09-05 01:00:00,3629.9258208750093,2900.5554713581964,2836.623046875
forecast_5930,2025-09-05 02:00:00,3023.233977190219,2770.2765127809175,2784.946044921875
forecast_5931,2025-09-05 03:00:00,3086.8333767522017,2725.5999337189805,2713.390380859375
forecast_5932,2025-09-05 04:00:00,3243.950386206872,2597.0793495051553,2752.419921875
forecast_5933,2025-09-05 05:00:00,3448.3903131943352,2696.2649735793193,2769.01171875
forecast_5934,2025-09-05 06:00:00,3707.573040997261,3256.5487617385297,2831.4072265625
forecast_5935,2025-09-05 07:00:00,3326.952571039685,2816.1965577526234,2732.894287109375
forecast_5936,2025-09-05 08:00:00,2972.481091356338,2851.316974680526,2551.76171875
forecast_5937,2025-09-05 09:00:00,2518.7601185561025,2011.5333165306974,2316.2109375
forecast_5938,2025-09-05 10:00:00,2103.9807187524802,1720.154366532749,2129.518310546875
forecast_5939,2025-09-05 11:00:00,1973.6457392886632,1385.3783748610192,1947.5693359375
forecast_5940,2025-09-05 12:00:00,2047.1940426083497,1430.8124446866568,2022.729248046875
forecast_5941,2025-09-05 13:00:00,1941.9623064577295,1419.8115743970827,2100.094970703125
forecast_5942,2025-09-05 14:00:00,2556.319891022834,1656.5345260098786,2164.30322265625
forecast_5943,2025-09-05 15:00:00,2335.2892837968116,1312.617237648326,1995.721435546875
forecast_5944,2025-09-05 16:00:00,2204.3208483592093,1144.7739585500622,1969.053466796875
forecast_5945,2025-09-05 17:00:00,2332.035834864315,1187.8435721293113,2043.7867431640625
forecast_5946,2025-09-05 18:00:00,2539.0736870791284,1978.049576990874,2089.769775390625
forecast_5947,2025-09-05 19:00:00,3246.445294042521,2566.191046631389,1993.990478515625
forecast_5948,2025-09-05 20:00:00,3329.7098317969567,2833.8686835506905,2141.291748046875
forecast_5949,2025-09-05 21:00:00,3550.9206167103375,3285.9370406663415,2300.59228515625
forecast_5950,2025-09-05 22:00:00,4082.8633387266564,4276.115751860351,2759.94970703125
forecast_5951,2025-09-05 23:00:00,5219.870224824905,6588.302318091451,3711.655517578125
forecast_5952,2025-09-06 00:00:00,6407.914230244682,7319.306235356596,4700.2548828125
forecast_5953,2025-09-06 01:00:00,7815.403429325077,9655.07789199053,5577.2392578125
forecast_5954,2025-09-06 02:00:00,9785.85898473326,12408.637162667857,6792.4951171875
forecast_5955,2025-09-06 03:00:00,11189.809715437477,14000.184386406048,8247.056640625
forecast_5956,2025-09-06 04:00:00,13132.185726530468,17129.172384457015,10329.140625
forecast_5957,2025-09-06 05:00:00,14912.987385523771,16884.213607627902,12615.8505859375
forecast_5958,2025-09-06 06:00:00,14884.522014532875,16600.328207610175,13573.8642578125
forecast_5959,2025-09-06 07:00:00,16312.04432771838,16346.887323435662,15056.0654296875
forecast_5960,2025-09-06 08:00:00,16027.725020235122,15828.267189455573,15536.859375
forecast_5961,2025-09-06 09:00:00,13343.66774251423,15648.41221894546,14837.955078125
forecast_5962,2025-09-06 10:00:00,12126.353658855667,14585.835142976102,14169.603515625
forecast_5963,2025-09-06 11:00:00,11405.87361244627,13589.118522205576,13321.810546875
forecast_5964,2025-09-06 12:00:00,11610.396143417252,14086.388524576854,12793.263671875
forecast_5965,2025-09-06 13:00:00,12096.246694271405,14434.111174930918,13110.2783203125
forecast_5966,2025-09-06 14:00:00,12226.393566015478,14863.414816326987,13728.296875
forecast_5967,2025-09-06 15:00:00,12552.803533130456,14448.681163399744,13960.9248046875
forecast_5968,2025-09-06 16:00:00,12572.611871633475,14823.39144820642,14728.037109375
forecast_5969,2025-09-06 17:00:00,12906.585293790336,15736.388532735877,15485.8876953125
forecast_5970,2025-09-06 18:00:00,12890.466237509772,15731.372256927227,16218.4501953125
forecast_5971,2025-09-06 19:00:00,12894.676142227447,16210.593868654147,16732.076171875
forecast_5972,2025-09-06 20:00:00,13446.134894878749,16397.27560023391,17321.302734375
forecast_5973,2025-09-06 21:00:00,13581.54463899539,16191.550508449556,18197.35546875
forecast_5974,2025-09-06 22:00:00,14606.216982366153,17313.895175558602,19457.796875
forecast_5975,2025-09-06 23:00:00,14796.034860789057,17329.4219639828,19620.6796875
forecast_5976,2025-09-07 00:00:00,14407.607094387702,16989.585103802478,19363.40234375
forecast_5977,2025-09-07 01:00:00,14502.165632489787,17334.18886666143,19079.541015625
forecast_5978,2025-09-07 02:00:00,14324.73797500271,16890.406443234977,18618.140625
forecast_5979,2025-09-07 03:00:00,12966.30230551167,15942.790810876766,17700.93359375
forecast_5980,2025-09-07 04:00:00,12641.837385302082,15485.503027741768,16396.888671875
forecast_5981,2025-09-07 05:00:00,12430.457733367388,14709.614050991811,15014.0078125
forecast_5982,2025-09-07 06:00:00,11416.478991967862,13367.70082441138,13323.220703125
forecast_5983,2025-09-07 07:00:00,10956.467372868196,12609.951939381563,12453.8076171875
forecast_5984,2025-09-07 08:00:00,10751.335701841872,12881.43236545703,12721.943359375
forecast_5985,2025-09-07 09:00:00,9919.86270188638,11418.886714606819,9440.3486328125
forecast_5986,2025-09-07 10:00:00,8433.47721992683,9527.013189548266,6589.71484375
forecast_5987,2025-09-07 11:00:00,7032.662874033935,7809.590046802614,4827.80322265625
forecast_5988,2025-09-07 12:00:00,5650.338375921234,5626.365815596004,3731.67333984375
forecast_5989,2025-09-07 13:00:00,5317.933572304136,3533.6187813650445,3353.998779296875
forecast_5990,2025-09-07 14:00:00,4892.566701030164,4133.50164827984,3217.846923828125
forecast_5991,2025-09-07 15:00:00,5631.350292509485,5482.564458792396,3250.471435546875
forecast_5992,2025-09-07 16:00:00,6163.481644549267,6076.315960475677,3391.342529296875
forecast_5993,2025-09-07 17:00:00,6575.552662873628,5822.912541943966,3527.626220703125
forecast_5994,2025-09-07 18:00:00,7222.348776916448,7523.6813036422645,3765.46630859375
forecast_5995,2025-09-07 19:00:00,7901.050183086918,8340.582578122765,4065.42919921875
forecast_5996,2025-09-07 20:00:00,9467.952898331518,10169.518961593745,4854.65380859375
forecast_5997,2025-09-07 21:00:00,9339.506129841095,10804.735137545036,4978.72900390625
forecast_5998,2025-09-07 22:00:00,9814.823224122145,10246.707410077965,5468.1328125
forecast_5999,2025-09-07 23:00:00,9704.456940805863,9949.889664727452,5449.64892578125
forecast_6000,2025-09-08 00:00:00,9578.825570118188,10513.600618679015,5158.49267578125
forecast_6001,2025-09-08 01:00:00,8769.843604860303,9547.142006839555,4655.9130859375
forecast_6002,2025-09-08 02:00:00,7811.7939570922035,9026.64178157238,4438.90478515625
forecast_6003,2025-09-08 03:00:00,7779.0683914417405,7445.89735650487,4132.11328125
forecast_6004,2025-09-08 04:00:00,7084.643704278513,5825.121525536651,3656.943359375
forecast_6005,2025-09-08 05:00:00,6183.971053059287,4982.459724411297,3419.4140625
forecast_6006,2025-09-08 06:00:00,5040.532573783295,3669.963943202053,3219.130859375
forecast_6007,2025-09-08 07:00:00,4624.91402640289,3284.286871286651,2837.899658203125
forecast_6008,2025-09-08 08:00:00,3640.0666061570664,2735.3811689678105,3033.053466796875
forecast_6009,2025-09-08 09:00:00,2764.201084039008,1900.546446398161,2351.723388671875
forecast_6010,2025-09-08 10:00:00,2081.532711028831,1628.4013836611198,1777.4189453125
forecast_6011,2025-09-08 11:00:00,2015.3286991072941,1362.6319754379201,1866.2318115234375
forecast_6012,2025-09-08 12:00:00,2303.958856084952,1189.3180466117137,1996.8851318359375
forecast_6013,2025-09-08 13:00:00,2694.106275270563,1979.3999640746747,2491.15087890625
forecast_6014,2025-09-08 14:00:00,3195.865935298414,1923.273141432504,2806.49658203125
forecast_6015,2025-09-08 15:00:00,2672.270867423497,1669.844884991472,2449.724853515625
forecast_6016,2025-09-08 16:00:00,3381.1814035089737,3151.779935618202,2742.8447265625
forecast_6017,2025-09-08 17:00:00,4037.9501846374715,3958.4490527897087,3024.2451171875
forecast_6018,2025-09-08 18:00:00,3812.828828730301,3065.559155771397,2936.001708984375
forecast_6019,2025-09-08 19:00:00,4487.628381509981,4369.164932386418,2980.97509765625
forecast_6020,2025-09-08 20:00:00,4895.8670855203345,4658.719665343302,3117.68798828125
forecast_6021,2025-09-08 21:00:00,4748.454602097583,4700.023352246312,3254.886962890625
forecast_6022,2025-09-08 22:00:00,4550.328135815629,3912.9655539895157,3006.70166015625
forecast_6023,2025-09-08 23:00:00,4428.043715530963,3670.7194609558774,2933.518798828125
forecast_6024,2025-09-09 00:00:00,3889.809603426162,2981.644455058483,2786.36865234375
forecast_6025,2025-09-09 01:00:00,5078.708808363499,4756.57698672004,3397.95849609375
forecast_6026,2025-09-09 02:00:00,4967.804568879744,4576.6506953558055,3384.82421875
forecast_6027,2025-09-09 03:00:00,4356.832081221641,4119.657783736366,2994.16015625
forecast_6028,2025-09-09 04:00:00,3442.500408881988,3117.7067352334498,2938.58203125
forecast_6029,2025-09-09 05:00:00,3346.716347068173,2869.296603338174,2913.77978515625
forecast_6030,2025-09-09 06:00:00,3375.9004689588483,3203.4379303708183,2801.840576171875
forecast_6031,2025-09-09 07:00:00,3517.191861121004,3225.5614443993713,2771.967529296875
forecast_6032,2025-09-09 08:00:00,3272.6409067362833,3026.0788190487942,2834.80029296875
forecast_6033,2025-09-09 09:00:00,3568.0152493940777,2563.3617624379704,2826.681640625
forecast_6034,2025-09-09 10:00:00,3095.317974418407,2964.8937742996545,2577.959716796875
forecast_6035,2025-09-09 11:00:00,3047.651542643599,2609.372186685059,2241.770263671875
forecast_6036,2025-09-09 12:00:00,2609.1183496836884,2408.8561387219934,1866.634765625
forecast_6037,2025-09-09 13:00:00,2810.804618407362,2011.8196453046976,2120.36279296875
forecast_6038,2025-09-09 14:00:00,3223.3042771207074,2034.153570213024,2241.845703125
forecast_6039,2025-09-09 15:00:00,2927.090009530397,1908.329254809007,2193.9736328125
forecast_6040,2025-09-09 16:00:00,2665.430823386778,1775.3554097257515,2094.597412109375
forecast_6041,2025-09-09 17:00:00,2934.7673192641664,2479.9969500832867,2159.861328125
forecast_6042,2025-09-09 18:00:00,2627.456537886638,2262.739182730361,2226.08349609375
forecast_6043,2025-09-09 19:00:00,2982.688319312104,2725.390609150989,2201.982177734375
forecast_6044,2025-09-09 20:00:00,3146.484537721146,2681.3309780958843,2169.66015625
forecast_6045,2025-09-09 21:00:00,3374.8563205318314,3330.731231683667,2537.186279296875
forecast_6046,2025-09-09 22:00:00,3343.5831285644417,3250.109649788961,2424.414794921875
forecast_6047,2025-09-09 23:00:00,3379.6736234885166,2839.347400869913,2447.428955078125
forecast_6048,2025-09-10 00:00:00,3500.9415279290997,2525.397922314698,2392.983642578125
forecast_6049,2025-09-10 01:00:00,3855.710020826639,3612.953820127266,2460.348876953125
forecast_6050,2025-09-10 02:00:00,3659.1607933528453,3171.1363083086376,2493.599609375
forecast_6051,2025-09-10 03:00:00,3768.5086163285323,3342.627877777382,2774.00634765625
forecast_6052,2025-09-10 04:00:00,3648.1699158610436,3251.8077515795553,2666.180419921875
forecast_6053,2025-09-10 05:00:00,3580.6601961045276,3324.023952102788,2581.708984375
forecast_6054,2025-09-10 06:00:00,3542.4971330737876,3457.666927425233,2619.39794921875
forecast_6055,2025-09-10 07:00:00,3661.3140466738064,3463.2380714525857,2553.30810546875
forecast_6056,2025-09-10 08:00:00,3217.793462038716,3225.9494187822647,2357.53955078125
forecast_6057,2025-09-10 09:00:00,2799.2612838164505,2805.171456331971,2438.8681640625
forecast_6058,2025-09-10 10:00:00,2429.7576707121034,2126.1364237015564,2333.881103515625
forecast_6059,2025-09-10 11:00:00,3155.4654227423744,2507.67298537455,2404.55615234375
forecast_6060,2025-09-10 12:00:00,3221.3514046949367,2115.247389826606,2377.79345703125
forecast_6061,2025-09-10 13:00:00,3035.049076289977,2021.989414920834,2323.307861328125
forecast_6062,2025-09-10 14:00:00,2841.09005862705,1572.856413735964,2264.25
forecast_6063,2025-09-10 15:00:00,2719.6097793271783,1352.8528102886662,2296.715087890625
forecast_6064,2025-09-10 16:00:00,2597.1330270795543,1497.8756122535447,2218.72119140625
forecast_6065,2025-09-10 17:00:00,2450.201781938635,982.4964495868442,2133.121337890625
forecast_6066,2025-09-10 18:00:00,2387.739642773139,1924.65562879899,2177.27783203125
forecast_6067,2025-09-10 19:00:00,2744.836064974056,2073.568377179945,1948.926025390625
forecast_6068,2025-09-10 20:00:00,2804.886547166101,2214.4645297032007,2033.3646240234375
forecast_6069,2025-09-10 21:00:00,2838.3238872246247,2420.311935763214,2027.1644287109375
forecast_6070,2025-09-10 22:00:00,2971.8751272052223,2740.7401979122533,2065.03662109375
forecast_6071,2025-09-10 23:00:00,3015.108873229642,2714.57177848463,2206.5166015625
forecast_6072,2025-09-11 00:00:00,3274.849798776244,2923.28723695434,2437.92236328125
forecast_6073,2025-09-11 01:00:00,3714.144204386026,2685.914545536802,2690.27001953125
forecast_6074,2025-09-11 02:00:00,3618.148387926336,2985.783802426886,2603.418701171875
forecast_6075,2025-09-11 03:00:00,3987.194167440959,3367.376494151642,2523.95166015625
forecast_6076,2025-09-11 04:00:00,3984.7636198997398,3378.342295191518,2559.044921875
forecast_6077,2025-09-11 05:00:00,4216.236382200962,4186.951355609933,2706.952392578125
forecast_6078,2025-09-11 06:00:00,4227.437066366085,4413.458026851268,2695.92626953125
forecast_6079,2025-09-11 07:00:00,4111.357190613232,5106.111487812175,2845.27001953125
forecast_6080,2025-09-11 08:00:00,4076.6172419670174,5094.586983009223,2841.58984375
forecast_6081,2025-09-11 09:00:00,3755.879007027468,4808.772764486761,2797.19287109375
forecast_6082,2025-09-11 10:00:00,3621.9284234637553,3550.0243094370417,2692.401611328125
forecast_6083,2025-09-11 11:00:00,4096.953307890394,3833.2946510302477,2966.15576171875
forecast_6084,2025-09-11 12:00:00,4327.199718932191,4050.36947964498,3272.15478515625
forecast_6085,2025-09-11 13:00:00,4393.27859738331,3910.423013443101,3407.961669921875
forecast_6086,2025-09-11 14:00:00,4638.254818912052,4137.454914308721,3473.201904296875
forecast_6087,2025-09-11 15:00:00,4574.254968947981,4131.157312078865,3303.313232421875
forecast_6088,2025-09-11 16:00:00,4314.126176954436,3792.1097106344146,3093.9404296875
forecast_6089,2025-09-11 17:00:00,4153.577768220765,4331.642555883804,3034.525146484375
forecast_6090,2025-09-11 18:00:00,4098.457731080009,4203.64964657438,2918.53076171875
forecast_6091,2025-09-11 19:00:00,4558.4474373369085,5470.819596892115,2764.31689453125
forecast_6092,2025-09-11 20:00:00,5386.234141547787,6722.972026822241,3352.953125
forecast_6093,2025-09-11 21:00:00,5086.706992321051,6483.539169486487,3043.499267578125
forecast_6094,2025-09-11 22:00:00,5258.142996511426,6525.9670090167,3001.93994140625
forecast_6095,2025-09-11 23:00:00,5736.0725618873075,7294.436874262279,3164.15673828125
forecast_6096,2025-09-12 00:00:00,5643.107606742398,6267.386710847584,3229.90673828125
forecast_6097,2025-09-12 01:00:00,5723.809800149269,6388.9434703945,3026.867919921875
forecast_6098,2025-09-12 02:00:00,5599.897028844278,6158.018547743162,2921.391357421875
forecast_6099,2025-09-12 03:00:00,4419.76657913254,4226.6198740728505,2825.788330078125
forecast_6100,2025-09-12 04:00:00,4413.135657861618,4147.231613087766,2863.42041015625
forecast_6101,2025-09-12 05:00:00,4069.645796280874,4034.2231045592366,2837.616943359375
forecast_6102,2025-09-12 06:00:00,3729.7514992737515,3875.174035542157,2732.327392578125
forecast_6103,2025-09-12 07:00:00,3557.2858674501886,3805.7021852394737,2741.293212890625
forecast_6104,2025-09-12 08:00:00,3713.501545947968,4140.665542198552,2741.22802734375
forecast_6105,2025-09-12 09:00:00,3823.2504008032925,4039.282545869162,2746.64111328125
forecast_6106,2025-09-12 10:00:00,3870.5124633902847,4184.199436336568,2958.60693359375
forecast_6107,2025-09-12 11:00:00,4738.466664514239,4348.999225032416,3471.19970703125
forecast_6108,2025-09-12 12:00:00,4809.985029798618,3983.0327217213826,3172.76123046875
forecast_6109,2025-09-12 13:00:00,4710.361165824834,3597.965125276536,3050.87744140625
forecast_6110,2025-09-12 14:00:00,3665.605262706291,2952.7053317224145,2762.40673828125
forecast_6111,2025-09-12 15:00:00,3462.339260410395,3295.464973623367,2591.22412109375
forecast_6112,2025-09-12 16:00:00,3409.674444499302,3463.4990171688773,2381.480712890625
forecast_6113,2025-09-12 17:00:00,3724.50227388643,3485.070677543555,2458.01513671875
forecast_6114,2025-09-12 18:00:00,3747.8241710560796,3447.612772992285,2835.162841796875
forecast_6115,2025-09-12 19:00:00,4068.761447728723,4490.722767029843,2922.727294921875
forecast_6116,2025-09-12 20:00:00,5122.450040634664,6170.661521121901,2982.588623046875
forecast_6117,2025-09-12 21:00:00,4852.431729260799,6110.33566467609,3424.353515625
forecast_6118,2025-09-12 22:00:00,5133.253279925393,6473.529339141585,3530.10791015625
forecast_6119,2025-09-12 23:00:00,6341.307770803263,7216.104697922146,3519.328857421875
forecast_6120,2025-09-13 00:00:00,6142.099907704513,6958.543308776479,3609.164794921875
forecast_6121,2025-09-13 01:00:00,6291.82343426326,6956.190480188199,3754.03173828125
forecast_6122,2025-09-13 02:00:00,6972.426053475896,7101.63020259726,3785.41015625
forecast_6123,2025-09-13 03:00:00,6987.830913054233,7948.608849662463,5504.2236328125
forecast_6124,2025-09-13 04:00:00,7748.315603414777,7486.070224056806,5458.62158203125
forecast_6125,2025-09-13 05:00:00,9115.834402392862,11482.23069133347,7216.04443359375
forecast_6126,2025-09-13 06:00:00,11268.108114796858,13478.813654917552,9253.3583984375
forecast_6127,2025-09-13 07:00:00,11523.69534521088,13559.684219816518,11482.5439453125
forecast_6128,2025-09-13 08:00:00,12175.89424182818,14878.57958046588,14152.3828125
forecast_6129,2025-09-13 09:00:00,12009.361460380907,14632.04714670669,13938.6220703125
forecast_6130,2025-09-13 10:00:00,9728.753855572315,13595.451437295822,10711.302734375
forecast_6131,2025-09-13 11:00:00,8132.5072185640265,9838.253895273347,7926.078125
forecast_6132,2025-09-13 12:00:00,6488.977842642753,6287.36461824691,5787.0712890625
forecast_6133,2025-09-13 13:00:00,5888.133562458566,6446.652495989772,4039.591796875
forecast_6134,2025-09-13 14:00:00,5058.118779872057,5203.652185173191,3397.02734375
forecast_6135,2025-09-13 15:00:00,4202.54983914325,4130.08286723285,3051.81787109375
forecast_6136,2025-09-13 16:00:00,3971.225063436127,3725.404558102024,3499.37109375
forecast_6137,2025-09-13 17:00:00,4612.34184318028,4883.300579807539,3557.708251953125
forecast_6138,2025-09-13 18:00:00,4138.106470384299,4254.82302124104,3663.39892578125
forecast_6139,2025-09-13 19:00:00,3947.1118859299077,3381.2682028195686,3160.745361328125
forecast_6140,2025-09-13 20:00:00,3205.037266196304,2188.773877010547,2708.357421875
forecast_6141,2025-09-13 21:00:00,2580.9165259120405,1942.8580507404024,2539.704345703125
forecast_6142,2025-09-13 22:00:00,2856.345647199223,2015.038875476474,2522.532470703125
forecast_6143,2025-09-13 23:00:00,2765.7227347395456,2161.687314311568,2386.509765625
forecast_6144,2025-09-14 00:00:00,3019.340457596727,2210.174365236554,2207.35986328125
forecast_6145,2025-09-14 01:00:00,4260.085869903072,3632.308556723873,2938.40966796875
forecast_6146,2025-09-14 02:00:00,3594.0581019570564,2681.2993053214104,2352.27099609375
forecast_6147,2025-09-14 03:00:00,3242.8188519463265,2506.8556522467425,2383.536376953125
forecast_6148,2025-09-14 04:00:00,3439.784536102279,2347.323348909742,2434.993896484375
forecast_6149,2025-09-14 05:00:00,3552.048341021167,2874.2502374942587,2536.774169921875
forecast_6150,2025-09-14 06:00:00,4340.76244370185,3526.433660219409,3301.836669921875
forecast_6151,2025-09-14 07:00:00,4295.046197084215,3488.1559300140425,3328.84814453125
forecast_6152,2025-09-14 08:00:00,3917.253303980568,3332.110934931405,2870.825927734375
forecast_6153,2025-09-14 09:00:00,3904.4269143831643,3046.7296047211266,2708.7734375
forecast_6154,2025-09-14 10:00:00,3648.335963218402,3929.698517116574,3352.077392578125
forecast_6155,2025-09-14 11:00:00,3805.432479991182,3371.493570248299,3152.332763671875
forecast_6156,2025-09-14 12:00:00,3750.414756111286,2709.8933314644883,3158.279296875
forecast_6157,2025-09-14 13:00:00,3820.707325447089,2950.2051978839986,3147.8310546875
forecast_6158,2025-09-14 14:00:00,3737.031931947493,3180.049648888983,2960.84716796875
forecast_6159,2025-09-14 15:00:00,3932.610152199463,3434.5996724629053,3027.47119140625
forecast_6160,2025-09-14 16:00:00,4922.251491376359,3993.203147756121,3154.911376953125
forecast_6161,2025-09-14 17:00:00,5474.801738498272,4307.3145554304565,3400.23291015625
forecast_6162,2025-09-14 18:00:00,5650.513073910136,5578.151942086923,3737.98291015625
forecast_6163,2025-09-14 19:00:00,7804.995940596749,7769.457257341185,4607.484375
forecast_6164,2025-09-14 20:00:00,10239.159318307386,10796.85268570729,6132.0947265625
forecast_6165,2025-09-14 21:00:00,12877.747624314787,13940.529388477176,8767.697265625
forecast_6166,2025-09-14 22:00:00,14293.529306572724,15647.641165373216,11471.4453125
forecast_6167,2025-09-14 23:00:00,15070.669859353948,15839.360800261662,13156.0361328125
forecast_6168,2025-09-15 00:00:00,16294.538863521058,16081.316241872399,14995.8232421875
forecast_6169,2025-09-15 01:00:00,15865.211774947034,15499.546422113915,13402.8828125
forecast_6170,2025-09-15 02:00:00,15459.067267603517,15204.105208986532,12370.306640625
forecast_6171,2025-09-15 03:00:00,14265.45545510596,13530.360574744342,9193.8515625
forecast_6172,2025-09-15 04:00:00,13151.264616423136,12000.522822251212,7326.7001953125
forecast_6173,2025-09-15 05:00:00,11011.579671427715,10876.169537033247,5105.7578125
forecast_6174,2025-09-15 06:00:00,8792.388323565585,7575.326723638804,4211.3095703125
forecast_6175,2025-09-15 07:00:00,7251.9643512221555,5831.750685167169,3733.949951171875
forecast_6176,2025-09-15 08:00:00,5304.99914233643,4119.08682064755,3145.321044921875
forecast_6177,2025-09-15 09:00:00,3956.918167051847,3103.2835166798645,2676.081298828125
forecast_6178,2025-09-15 10:00:00,3048.6746985889886,2405.0357920514725,2474.83544921875
forecast_6179,2025-09-15 11:00:00,2908.1803144142086,2098.7441856328446,2570.766357421875
forecast_6180,2025-09-15 12:00:00,2636.5832268105896,1618.38657352001,2301.748291015625
forecast_6181,2025-09-15 13:00:00,2312.38137898265,1407.1530758640308,1844.0931396484375
forecast_6182,2025-09-15 14:00:00,2306.193353624669,1488.8198446944957,1873.9593505859375
forecast_6183,2025-09-15 15:00:00,2687.940931342666,1580.740877360335,2103.60693359375
forecast_6184,2025-09-15 16:00:00,2730.694812943063,1683.536901197354,2397.09423828125
forecast_6185,2025-09-15 17:00:00,3643.388772107919,2809.168846254076,3077.404052734375
forecast_6186,2025-09-15 18:00:00,4456.979246064758,3523.0550644623586,3274.3349609375
forecast_6187,2025-09-15 19:00:00,4502.019100880281,3830.005247392583,3332.10400390625
forecast_6188,2025-09-15 20:00:00,5178.833749286841,4430.320816570973,3262.297607421875
forecast_6189,2025-09-15 21:00:00,5601.374775072332,4484.363073860398,3644.995361328125
forecast_6190,2025-09-15 22:00:00,6358.1792934125915,4783.324155211059,4083.13916015625
forecast_6191,2025-09-15 23:00:00,5495.180942843783,4776.186617113717,4080.78271484375
forecast_6192,2025-09-16 00:00:00,5581.173572426999,4903.471618513378,4172.9599609375
forecast_6193,2025-09-16 01:00:00,7145.531972639554,6095.121968333404,3887.49365234375
forecast_6194,2025-09-16 02:00:00,8186.118757621373,7343.8123561149005,4391.79931640625
forecast_6195,2025-09-16 03:00:00,8834.337030361741,9030.47570262873,4716.814453125
forecast_6196,2025-09-16 04:00:00,10385.099676920094,11235.042872055967,5670.50146484375
forecast_6197,2025-09-16 05:00:00,11634.97736848978,12201.59137485184,6478.91650390625
forecast_6198,2025-09-16 06:00:00,11947.342685441767,13307.912172050039,6834.06884765625
forecast_6199,2025-09-16 07:00:00,11172.068122545978,12483.529657461668,5639.5673828125
forecast_6200,2025-09-16 08:00:00,9987.781437171052,9834.408577366838,5017.9580078125
forecast_6201,2025-09-16 09:00:00,8762.658317447413,9050.246447225029,4701.091796875
forecast_6202,2025-09-16 10:00:00,7390.851451814349,7437.363724828042,4166.2490234375
forecast_6203,2025-09-16 11:00:00,6936.426648258437,7435.522625030247,4311.7607421875
forecast_6204,2025-09-16 12:00:00,6683.403937905449,6930.826503783295,4646.177734375
forecast_6205,2025-09-16 13:00:00,7192.435591845777,7480.643209096744,5406.69580078125
forecast_6206,2025-09-16 14:00:00,7381.053136610233,7378.340264443983,5801.75927734375
forecast_6207,2025-09-16 15:00:00,7224.4875173876535,7788.658683555024,5911.04541015625
forecast_6208,2025-09-16 16:00:00,7564.609537990441,7877.322864511987,5783.34765625
forecast_6209,2025-09-16 17:00:00,7050.997124114649,6984.270975416061,5188.7919921875
forecast_6210,2025-09-16 18:00:00,8375.410533672806,8330.222050519245,5555.88623046875
forecast_6211,2025-09-16 19:00:00,9495.61860255623,9720.867876728682,7586.4189453125
forecast_6212,2025-09-16 20:00:00,9460.297569926424,11059.637974287223,7734.1875
forecast_6213,2025-09-16 21:00:00,10361.887856456737,11608.285288986739,8613.2001953125
forecast_6214,2025-09-16 22:00:00,11631.462014058237,13264.5853027406,10450.28515625
forecast_6215,2025-09-16 23:00:00,13321.786303503097,15820.899862385802,13326.884765625
forecast_6216,2025-09-17 00:00:00,15054.15654313138,16684.368271113155,15400.4560546875
forecast_6217,2025-09-17 01:00:00,15040.097632267454,17592.685297374224,17542.29296875
forecast_6218,2025-09-17 02:00:00,16797.016250590746,18411.709852756205,20062.43359375
forecast_6219,2025-09-17 03:00:00,16644.890699279622,18383.64020317475,19955.201171875
forecast_6220,2025-09-17 04:00:00,16267.704935712227,18071.897787880076,19746.73046875
forecast_6221,2025-09-17 05:00:00,17437.81853825566,17554.651566504257,19959.43359375
forecast_6222,2025-09-17 06:00:00,15004.024890808556,16594.367743072093,18894.556640625
forecast_6223,2025-09-17 07:00:00,12555.377427362146,13483.106476790063,15149.7607421875
forecast_6224,2025-09-17 08:00:00,8931.390507521344,10179.508652450653,5122.59423828125
forecast_6225,2025-09-17 09:00:00,6857.868809199827,7154.29359158516,3350.322998046875
forecast_6226,2025-09-17 10:00:00,5477.742209578617,4889.210471067365,3026.315673828125
forecast_6227,2025-09-17 11:00:00,4743.715882331318,4576.193249475417,3122.72802734375
forecast_6228,2025-09-17 12:00:00,3933.806324822914,2522.753276931004,3483.88427734375
forecast_6229,2025-09-17 13:00:00,3178.140823788811,3156.1819917691582,2740.65869140625
forecast_6230,2025-09-17 14:00:00,4729.357188887841,5569.866989497071,2929.001220703125
forecast_6231,2025-09-17 15:00:00,6073.496319371647,7140.2479007489155,3390.62109375
forecast_6232,2025-09-17 16:00:00,4462.995723323618,5486.343564382616,3105.53515625
forecast_6233,2025-09-17 17:00:00,4078.8304993458714,4410.389145246084,2840.655029296875
forecast_6234,2025-09-17 18:00:00,3548.439942913622,3751.7838683135255,2846.22216796875
forecast_6235,2025-09-17 19:00:00,3652.035725864351,2869.867263372601,2490.306640625
forecast_6236,2025-09-17 20:00:00,2943.159332502987,2224.7738940287036,2560.526123046875
forecast_6237,2025-09-17 21:00:00,2947.3963085517353,2725.490177067804,2696.391845703125
forecast_6238,2025-09-17 22:00:00,2887.70046838713,2197.167999954356,2600.539306640625
forecast_6239,2025-09-17 23:00:00,2574.117898398654,2006.8387991767788,2609.15478515625
forecast_6240,2025-09-18 00:00:00,2599.413324226794,1853.6312661233248,2574.43115234375
forecast_6241,2025-09-18 01:00:00,2906.6291942122093,2277.5281735129865,2772.61474609375
forecast_6242,2025-09-18 02:00:00,2576.8094896284892,2427.963678163203,2698.829345703125
forecast_6243,2025-09-18 03:00:00,2892.2475862626693,3217.376884038193,2741.667236328125
forecast_6244,2025-09-18 04:00:00,3093.7587628512165,3216.6875752585397,2682.1728515625
forecast_6245,2025-09-18 05:00:00,3517.8970932233524,3501.0564327531984,3189.77392578125
forecast_6246,2025-09-18 06:00:00,4094.7755273049333,4464.40076578066,3234.05322265625
forecast_6247,2025-09-18 07:00:00,4450.598327700501,5053.922598535228,3635.00634765625
forecast_6248,2025-09-18 08:00:00,5087.088248534728,5719.54569891654,4185.20751953125
forecast_6249,2025-09-18 09:00:00,4393.690809834071,4799.996640699623,3794.80224609375
forecast_6250,2025-09-18 10:00:00,3951.430676255202,4299.343541250142,3808.837890625
forecast_6251,2025-09-18 11:00:00,3845.6156861031063,3843.4875954548043,3676.65673828125
forecast_6252,2025-09-18 12:00:00,4027.3927204217634,4164.272388327758,3213.456787109375
forecast_6253,2025-09-18 13:00:00,3583.7418175500497,3757.1620334280333,3169.729736328125
forecast_6254,2025-09-18 14:00:00,3304.823444591624,3605.528009802603,3005.80078125
forecast_6255,2025-09-18 15:00:00,3130.9901992582927,3348.7915693814593,2951.002685546875
forecast_6256,2025-09-18 16:00:00,3278.79902898034,3397.8574310923477,2981.659423828125
forecast_6257,2025-09-18 17:00:00,3284.860502484795,3210.296408879812,3201.63330078125
forecast_6258,2025-09-18 18:00:00,3364.0728563886714,3569.683294569819,3178.16357421875
forecast_6259,2025-09-18 19:00:00,3316.9962589962756,3032.1281248798323,3067.432861328125
forecast_6260,2025-09-18 20:00:00,3557.5666002920434,3471.749340079935,2998.59326171875
forecast_6261,2025-09-18 21:00:00,3523.3456026577946,3610.937428579248,2949.110595703125
forecast_6262,2025-09-18 22:00:00,3227.948876264241,3089.0427897274812,2873.594970703125
forecast_6263,2025-09-18 23:00:00,3221.2986577237116,3014.0582308646126,2864.555419921875
forecast_6264,2025-09-19 00:00:00,3391.7172822797365,3005.186675682565,2788.20849609375
forecast_6265,2025-09-19 01:00:00,3203.6189116926275,2939.355400725388,2752.083984375
forecast_6266,2025-09-19 02:00:00,3025.3014767275076,2432.225067996681,2709.91357421875
forecast_6267,2025-09-19 03:00:00,3235.9427398813505,2616.7439440630633,2680.530517578125
forecast_6268,2025-09-19 04:00:00,3176.204321246428,2396.1470212632544,2606.52490234375
forecast_6269,2025-09-19 05:00:00,3286.399197545594,2738.610806977541,2752.240234375
forecast_6270,2025-09-19 06:00:00,2970.377710884978,2513.338962349968,2644.346435546875
forecast_6271,2025-09-19 07:00:00,2965.1324031202553,2244.023978215272,2415.408935546875
forecast_6272,2025-09-19 08:00:00,2724.6615187132265,2118.2769279037775,2377.2255859375
forecast_6273,2025-09-19 09:00:00,2331.7817009934824,1724.9288757665734,2331.542236328125
forecast_6274,2025-09-19 10:00:00,2389.406482906613,1422.6372110559691,2140.711669921875
forecast_6275,2025-09-19 11:00:00,2327.7265217711,1318.4430034472975,2121.942138671875
forecast_6276,2025-09-19 12:00:00,2203.3178350101234,1143.1746724477443,2008.0823974609375
forecast_6277,2025-09-19 13:00:00,2504.5895394822483,1403.9441268749538,2087.06298828125
forecast_6278,2025-09-19 14:00:00,2061.66177357908,1333.2123868141075,1970.590576171875
forecast_6279,2025-09-19 15:00:00,2035.6547783587512,1298.506855781845,1880.7607421875
forecast_6280,2025-09-19 16:00:00,2198.0080602058256,1606.9962398937287,1945.608154296875
forecast_6281,2025-09-19 17:00:00,2485.032171391498,1625.5215112760625,1993.012451171875
forecast_6282,2025-09-19 18:00:00,3259.7161484416993,2107.828334236979,2341.362548828125
forecast_6283,2025-09-19 19:00:00,3990.086822256606,3637.8886184348935,2758.97998046875
forecast_6284,2025-09-19 20:00:00,3928.5468790790364,2919.747042623014,2455.510498046875
forecast_6285,2025-09-19 21:00:00,3579.2612964172276,3084.2889837983885,2524.01220703125
forecast_6286,2025-09-19 22:00:00,4712.153879266536,4290.079401372963,2739.483154296875
forecast_6287,2025-09-19 23:00:00,5352.36405714242,5022.2769325303125,3053.395751953125
forecast_6288,2025-09-20 00:00:00,5943.956587585225,6412.212308759954,3268.18359375
forecast_6289,2025-09-20 01:00:00,6576.145695344991,7512.404688529506,3626.80810546875
forecast_6290,2025-09-20 02:00:00,7127.693559758314,8588.486501139996,3716.830810546875
forecast_6291,2025-09-20 03:00:00,7389.200269986636,7906.366304522575,4171.54296875
forecast_6292,2025-09-20 04:00:00,6611.101127065716,7089.427425506366,4004.821533203125
forecast_6293,2025-09-20 05:00:00,6936.266626890205,8521.790075798144,4736.87451171875
forecast_6294,2025-09-20 06:00:00,6912.881604477094,7934.720248765593,4605.38330078125
forecast_6295,2025-09-20 07:00:00,6565.25064478921,7285.567950727196,3992.981201171875
forecast_6296,2025-09-20 08:00:00,5252.78980147288,4062.079710041243,3505.58349609375
forecast_6297,2025-09-20 09:00:00,4084.3158418356074,3592.2351123975886,3528.92822265625
forecast_6298,2025-09-20 10:00:00,3830.2506394659213,3032.3752095766895,3352.735595703125
forecast_6299,2025-09-20 11:00:00,3775.7764050354917,2964.910160094274,3538.471923828125
forecast_6300,2025-09-20 12:00:00,3183.158664431351,2601.5504741503732,2576.099365234375
forecast_6301,2025-09-20 13:00:00,3490.555930827191,2990.331663648923,2679.45654296875
forecast_6302,2025-09-20 14:00:00,3616.872276437495,3174.190067330474,2540.936279296875
forecast_6303,2025-09-20 15:00:00,3437.3179459107114,2684.1028900170777,2535.632568359375
forecast_6304,2025-09-20 16:00:00,3498.055286485794,2408.253670035225,2781.15283203125
forecast_6305,2025-09-20 17:00:00,3177.9662613860273,2497.3237714665875,2773.18896484375
forecast_6306,2025-09-20 18:00:00,3113.9424209587833,2132.0049454685773,2767.484130859375
forecast_6307,2025-09-20 19:00:00,3670.483419959313,3458.027536413041,2869.01220703125
forecast_6308,2025-09-20 20:00:00,4005.3760188623037,4210.099274502332,3217.863525390625
forecast_6309,2025-09-20 21:00:00,4538.228706724251,3783.352560988777,3082.62646484375
forecast_6310,2025-09-20 22:00:00,4535.492448394274,4398.070594869774,3693.68115234375
forecast_6311,2025-09-20 23:00:00,5617.836300388908,5755.273883830973,4031.004638671875
forecast_6312,2025-09-21 00:00:00,5945.11166623493,6162.213895177317,4037.436767578125
forecast_6313,2025-09-21 01:00:00,6007.569445712159,6340.42363946116,4786.8642578125
forecast_6314,2025-09-21 02:00:00,5463.057323436762,5500.279376229795,4492.5302734375
forecast_6315,2025-09-21 03:00:00,4846.361547307228,4648.33951516705,3891.999267578125
forecast_6316,2025-09-21 04:00:00,4519.641593076987,4641.484042387478,3447.87353515625
forecast_6317,2025-09-21 05:00:00,5444.386597237728,6039.969975348496,3786.17578125
forecast_6318,2025-09-21 06:00:00,5083.368675178945,5718.352375474242,3833.591064453125
forecast_6319,2025-09-21 07:00:00,4518.0007538317195,5766.928686557955,3687.768798828125
forecast_6320,2025-09-21 08:00:00,4520.913554345344,5080.426176552535,3465.233154296875
forecast_6321,2025-09-21 09:00:00,4086.25206382999,4146.788031189741,3374.23876953125
forecast_6322,2025-09-21 10:00:00,3858.4867470418367,3899.286196750681,3213.910400390625
forecast_6323,2025-09-21 11:00:00,3543.639859553343,3281.459111770285,3183.5791015625
forecast_6324,2025-09-21 12:00:00,3780.6547672352126,3990.1503753893235,3235.249267578125
forecast_6325,2025-09-21 13:00:00,3989.543448700333,3665.647079138303,3137.61181640625
forecast_6326,2025-09-21 14:00:00,3819.4101491086994,4148.055355369158,3260.39697265625
forecast_6327,2025-09-21 15:00:00,3551.610766455782,3580.5833157947604,3174.079345703125
forecast_6328,2025-09-21 16:00:00,3710.2083517267974,3431.2228870897775,3069.92822265625
forecast_6329,2025-09-21 17:00:00,3603.9801007841643,3210.967021258886,3138.55712890625
forecast_6330,2025-09-21 18:00:00,3815.8383071721773,3338.189936660868,3107.8818359375
forecast_6331,2025-09-21 19:00:00,3836.7223171229753,3373.221429075975,3055.634033203125
forecast_6332,2025-09-21 20:00:00,3782.4897078619147,3853.4528245010583,2916.48681640625
forecast_6333,2025-09-21 21:00:00,4455.152857919977,5420.181464500587,3571.792236328125
forecast_6334,2025-09-21 22:00:00,4686.0723743570725,5789.680189216977,3037.48876953125
forecast_6335,2025-09-21 23:00:00,4834.560828220019,6010.579357632535,3123.77197265625
forecast_6336,2025-09-22 00:00:00,4867.66112673836,6470.089886880173,3070.806640625
forecast_6337,2025-09-22 01:00:00,5590.414783847136,6249.482635818244,2808.47021484375
forecast_6338,2025-09-22 02:00:00,5811.469855269052,7119.328709141184,2931.577392578125
forecast_6339,2025-09-22 03:00:00,5800.137338062037,7074.8251201164585,2889.85498046875
forecast_6340,2025-09-22 04:00:00,5347.716758475692,6620.2388399588435,2788.76513671875
forecast_6341,2025-09-22 05:00:00,5461.058607432271,7201.316695921373,2764.649658203125
forecast_6342,2025-09-22 06:00:00,4882.003407189932,6885.188916598566,2655.4130859375
forecast_6343,2025-09-22 07:00:00,4990.062550784551,6850.082631626232,2836.984375
forecast_6344,2025-09-22 08:00:00,4961.082493992515,6688.683497460952,2828.5712890625
forecast_6345,2025-09-22 09:00:00,4773.695090807605,6793.961178088338,3098.182373046875
forecast_6346,2025-09-22 10:00:00,4858.395809217518,6905.341076873019,3822.9140625
forecast_6347,2025-09-22 11:00:00,4662.984773890374,5367.613640054675,3562.637451171875
forecast_6348,2025-09-22 12:00:00,4831.485308752741,5469.169522319498,3843.72216796875
forecast_6349,2025-09-22 13:00:00,5224.962191855469,5181.060950087149,3674.3828125
forecast_6350,2025-09-22 14:00:00,5119.7893535282765,4922.827569093806,3919.561767578125
forecast_6351,2025-09-22 15:00:00,5095.951667440142,4622.981765485265,3895.735107421875
forecast_6352,2025-09-22 16:00:00,4476.397552249003,4005.6202028414646,3267.124267578125
forecast_6353,2025-09-22 17:00:00,4113.294052404713,3878.6524500729365,3123.11962890625
forecast_6354,2025-09-22 18:00:00,3813.3940786177445,3076.6955491600634,2821.495361328125
forecast_6355,2025-09-22 19:00:00,3658.7985542116403,3424.5107426407844,2668.42431640625
forecast_6356,2025-09-22 20:00:00,4037.463678439759,3929.748387054533,2902.134521484375
forecast_6357,2025-09-22 21:00:00,4432.27297923947,4158.233499641063,3055.989990234375
forecast_6358,2025-09-22 22:00:00,3832.5728273245354,3415.895008572612,2683.34912109375
forecast_6359,2025-09-22 23:00:00,4123.230412936109,3608.8815814214863,2781.485107421875
forecast_6360,2025-09-23 00:00:00,3820.653906834056,3625.169349525157,2834.004150390625
forecast_6361,2025-09-23 01:00:00,3310.5498745975506,2517.455512432418,2271.75244140625
forecast_6362,2025-09-23 02:00:00,3289.9603152358522,2548.9333316984585,2282.56005859375
forecast_6363,2025-09-23 03:00:00,3029.024692844982,2591.375669443887,2395.942626953125
forecast_6364,2025-09-23 04:00:00,2999.1429285900463,2611.5051140809474,2299.974609375
forecast_6365,2025-09-23 05:00:00,3200.4447527202374,2619.802492926504,2278.740966796875
forecast_6366,2025-09-23 06:00:00,3018.690806331516,2773.9866831175414,2292.582275390625
forecast_6367,2025-09-23 07:00:00,3215.9420650710226,2876.6258353650446,2510.07861328125
forecast_6368,2025-09-23 08:00:00,3369.1965922326135,3255.654129286265,2527.128662109375
forecast_6369,2025-09-23 09:00:00,3228.735150749606,3234.0061705477983,2439.112548828125
forecast_6370,2025-09-23 10:00:00,2942.2866173152115,2870.918664495299,2386.38623046875
forecast_6371,2025-09-23 11:00:00,2733.980069540486,2449.018118843046,2362.898681640625
forecast_6372,2025-09-23 12:00:00,2502.6806144419847,1997.5495645074484,2354.552001953125
forecast_6373,2025-09-23 13:00:00,2899.1734245613216,2565.8981721911696,2555.369873046875
forecast_6374,2025-09-23 14:00:00,2585.9532773780766,2659.055517032177,2523.5400390625
forecast_6375,2025-09-23 15:00:00,2532.090331478411,2280.7747404840784,2418.13232421875
forecast_6376,2025-09-23 16:00:00,2472.455681835433,1907.7117184484405,2380.82373046875
forecast_6377,2025-09-23 17:00:00,2485.188361915458,1909.0600073103674,2374.30615234375
forecast_6378,2025-09-23 18:00:00,2939.818973051377,2184.9757450866136,2295.6142578125
forecast_6379,2025-09-23 19:00:00,3183.415131545551,2345.815459606094,2204.07177734375
forecast_6380,2025-09-23 20:00:00,3541.4482527907758,2578.4688858742747,2332.93115234375
forecast_6381,2025-09-23 21:00:00,4101.433542711199,3427.7289946175256,2707.73486328125
forecast_6382,2025-09-23 22:00:00,4076.2547282665837,3511.3614988955787,2729.20947265625
forecast_6383,2025-09-23 23:00:00,4590.693724549637,4317.025291714481,2800.77490234375
forecast_6384,2025-09-24 00:00:00,4799.738028733317,4028.94441958189,3043.55908203125
forecast_6385,2025-09-24 01:00:00,4758.428620317829,3496.871355365774,2845.577880859375
forecast_6386,2025-09-24 02:00:00,5399.244903075649,4525.126069365539,2997.17822265625
forecast_6387,2025-09-24 03:00:00,5883.34871532792,6311.193942011195,3310.2890625
forecast_6388,2025-09-24 04:00:00,6448.495386518309,7198.011094580297,3600.06201171875
forecast_6389,2025-09-24 05:00:00,7445.132027115029,8691.550926913573,3817.73876953125
forecast_6390,2025-09-24 06:00:00,7292.253982055781,8361.543070764998,3905.54296875
forecast_6391,2025-09-24 07:00:00,7038.585493821785,7371.069312310301,3756.29931640625
forecast_6392,2025-09-24 08:00:00,6695.1902479858345,6386.079373994803,3503.041748046875
forecast_6393,2025-09-24 09:00:00,6642.825279636138,7062.1977466872895,3577.196044921875
forecast_6394,2025-09-24 10:00:00,7010.448005523561,7304.964837046196,3959.645263671875
forecast_6395,2025-09-24 11:00:00,7272.522027767668,10282.261051342906,4877.2724609375
forecast_6396,2025-09-24 12:00:00,7961.5142721451675,10282.200814014466,6159.67822265625
forecast_6397,2025-09-24 13:00:00,8756.723842353247,11348.73102921548,7690.97265625
forecast_6398,2025-09-24 14:00:00,9438.667734023944,11181.236057539907,8361.1767578125
forecast_6399,2025-09-24 15:00:00,9315.148459215863,10373.850683058328,8037.69384765625
forecast_6400,2025-09-24 16:00:00,9364.040844778334,10003.568760958848,7564.70166015625
forecast_6401,2025-09-24 17:00:00,9545.366359894782,10408.501768223327,6750.49609375
forecast_6402,2025-09-24 18:00:00,9394.067197800803,10590.931417653186,6660.0
forecast_6403,2025-09-24 19:00:00,10160.884718460253,12387.009510570706,8169.51806640625
forecast_6404,2025-09-24 20:00:00,12243.477712144926,14877.97947397238,12876.509765625
forecast_6405,2025-09-24 21:00:00,12685.35345403024,16400.574696784417,16142.447265625
forecast_6406,2025-09-24 22:00:00,13913.236967934958,16970.332694742443,17462.390625
forecast_6407,2025-09-24 23:00:00,14320.706064944976,16566.506393587963,17198.216796875
forecast_6408,2025-09-25 00:00:00,14252.484408028651,16622.224048993296,16666.37890625
forecast_6409,2025-09-25 01:00:00,14619.821270206437,16857.9224318922,15857.2080078125
forecast_6410,2025-09-25 02:00:00,15485.98659658658,17372.618738331097,17274.1796875
forecast_6411,2025-09-25 03:00:00,16139.526913437796,17644.437405513094,18106.38671875
forecast_6412,2025-09-25 04:00:00,15684.558635949856,17364.519789524267,18227.849609375
forecast_6413,2025-09-25 05:00:00,15501.86947996909,16532.846124675852,17321.099609375
forecast_6414,2025-09-25 06:00:00,15775.871853179324,16658.651256135225,17301.564453125
forecast_6415,2025-09-25 07:00:00,15168.597196137289,16405.370129337367,17538.26171875
forecast_6416,2025-09-25 08:00:00,14629.175532220328,16161.948426471894,15959.6845703125
forecast_6417,2025-09-25 09:00:00,14896.674841890619,16154.085500208748,16545.0546875
forecast_6418,2025-09-25 10:00:00,15971.621182430095,16289.59198286761,17377.630859375
forecast_6419,2025-09-25 11:00:00,15120.30719634323,15583.656477512028,17152.69921875
forecast_6420,2025-09-25 12:00:00,14687.548100808306,16064.857744586116,17371.068359375
forecast_6421,2025-09-25 13:00:00,15177.462749811211,15841.73046361425,16814.494140625
forecast_6422,2025-09-25 14:00:00,14777.053011214957,15673.717262257607,16857.330078125
forecast_6423,2025-09-25 15:00:00,13458.143291688102,14405.163907338325,13812.115234375
forecast_6424,2025-09-25 16:00:00,14782.2616736421,14058.09862598864,14515.728515625
forecast_6425,2025-09-25 17:00:00,14243.947890583626,15222.706669206378,14126.9091796875
forecast_6426,2025-09-25 18:00:00,14214.877481569067,15542.082200900677,14295.5341796875
forecast_6427,2025-09-25 19:00:00,15744.32843433111,15541.427032709007,14468.1357421875
forecast_6428,2025-09-25 20:00:00,15834.67750833237,15041.805867491186,13368.0
forecast_6429,2025-09-25 21:00:00,15864.093069457951,15193.445329123058,13009.587890625
forecast_6430,2025-09-25 22:00:00,15886.982037217382,15910.995443244108,11586.755859375
forecast_6431,2025-09-25 23:00:00,15792.758520701931,15773.463312123478,11255.388671875
forecast_6432,2025-09-26 00:00:00,15535.399229151375,15104.51935330729,10946.8515625
forecast_6433,2025-09-26 01:00:00,13268.869629189934,11716.414462001127,6843.58740234375
forecast_6434,2025-09-26 02:00:00,11986.7399792028,10245.879662513878,5532.6748046875
forecast_6435,2025-09-26 03:00:00,10108.524049439515,8299.129050805754,4475.57958984375
forecast_6436,2025-09-26 04:00:00,8166.595152506958,6129.900411041621,3708.824951171875
forecast_6437,2025-09-26 05:00:00,6121.121082041841,4601.63210893655,3281.98046875
forecast_6438,2025-09-26 06:00:00,3869.322180069152,3071.0275188347096,2866.65283203125
forecast_6439,2025-09-26 07:00:00,3562.0243059542754,2507.5662037866864,2475.19189453125
forecast_6440,2025-09-26 08:00:00,2690.5337208833053,2048.486216133958,2240.359619140625
forecast_6441,2025-09-26 09:00:00,2014.856436008021,1523.4514870689839,1718.943359375
forecast_6442,2025-09-26 10:00:00,1695.598536177352,1269.1341832057542,1629.411376953125
forecast_6443,2025-09-26 11:00:00,1561.078670352563,738.9240462392231,1557.357177734375
forecast_6444,2025-09-26 12:00:00,1659.560089310672,1031.0203950443383,1604.787841796875
forecast_6445,2025-09-26 13:00:00,1619.6701680904694,919.1904855291275,1614.9456787109375
forecast_6446,2025-09-26 14:00:00,1659.0800155996071,1139.109636473726,1783.1614990234375
forecast_6447,2025-09-26 15:00:00,1843.4391876192249,1273.9231811296418,1778.4222412109375
forecast_6448,2025-09-26 16:00:00,1713.0900782585068,1065.5151470392823,1758.037353515625
forecast_6449,2025-09-26 17:00:00,2043.2913570915775,1309.8961356916516,1940.8294677734375
forecast_6450,2025-09-26 18:00:00,1924.3508800104578,1380.7283958463424,1895.2144775390625
forecast_6451,2025-09-26 19:00:00,2179.9845109993953,1658.5824610374314,1689.8519287109375
forecast_6452,2025-09-26 20:00:00,2318.681922980118,1613.5093334577807,1804.7181396484375
forecast_6453,2025-09-26 21:00:00,2387.55662284949,1761.4556015593985,1915.4501953125
forecast_6454,2025-09-26 22:00:00,2489.86548518994,1499.1725119060234,1936.8134765625
forecast_6455,2025-09-26 23:00:00,2550.3494827767195,1803.2876623832053,1953.444091796875
forecast_6456,2025-09-27 00:00:00,2465.1391454868876,1742.6079300203546,1922.9886474609375
forecast_6457,2025-09-27 01:00:00,2299.688989581775,1804.5528110753553,1914.3236083984375
forecast_6458,2025-09-27 02:00:00,2617.1397404045388,1821.4647142847832,2075.448486328125
forecast_6459,2025-09-27 03:00:00,2371.230876164439,1617.8112121764157,1853.659423828125
forecast_6460,2025-09-27 04:00:00,2268.0677191736368,1860.866673202393,1912.531494140625
forecast_6461,2025-09-27 05:00:00,2687.4491372342964,2088.2352803563545,1989.85546875
forecast_6462,2025-09-27 06:00:00,2580.1071689075147,2372.4185143252344,2115.5244140625
forecast_6463,2025-09-27 07:00:00,3546.4129085681207,3035.5826822245626,2413.21337890625
forecast_6464,2025-09-27 08:00:00,3753.7340756383282,2837.1760268391936,2667.220458984375
forecast_6465,2025-09-27 09:00:00,3003.506620090875,2119.8461010121673,2222.034423828125
forecast_6466,2025-09-27 10:00:00,2606.0052752459364,1643.5175477881685,2139.406005859375
forecast_6467,2025-09-27 11:00:00,2634.077532373575,1245.7954209527798,2031.062744140625
forecast_6468,2025-09-27 12:00:00,2326.4479116451507,1175.91776141385,2013.343505859375
forecast_6469,2025-09-27 13:00:00,2435.9601744185798,1564.9069367067982,2289.128662109375
forecast_6470,2025-09-27 14:00:00,2574.9462410401848,2064.9007444822337,2268.18408203125
forecast_6471,2025-09-27 15:00:00,2598.118769150222,1927.0374041158393,2430.24658203125
forecast_6472,2025-09-27 16:00:00,2725.2181985818997,1793.0920190128295,2210.8935546875
forecast_6473,2025-09-27 17:00:00,3296.6496001163764,2320.301653135095,2282.284912109375
forecast_6474,2025-09-27 18:00:00,3342.3570915072437,2132.387276651227,2251.42578125
forecast_6475,2025-09-27 19:00:00,3874.3192660421855,2586.240179794748,2535.52392578125
forecast_6476,2025-09-27 20:00:00,4453.227810401393,3528.8612458805137,3336.366455078125
forecast_6477,2025-09-27 21:00:00,3978.8877535702827,3347.490868803524,3151.3212890625
forecast_6478,2025-09-27 22:00:00,4174.756512550211,3552.275106537195,3224.632080078125
forecast_6479,2025-09-27 23:00:00,4642.964595511696,4316.1204885804855,3391.89501953125
forecast_6480,2025-09-28 00:00:00,5056.338647195951,5192.3281365998055,3851.5859375
forecast_6481,2025-09-28 01:00:00,5380.320984099519,5818.277663880617,4172.66943359375
forecast_6482,2025-09-28 02:00:00,6405.748153427772,6605.950738584786,4406.4033203125
forecast_6483,2025-09-28 03:00:00,7734.202166463783,6927.899833000807,4286.2041015625
forecast_6484,2025-09-28 04:00:00,7824.635928911205,7465.591860767649,4434.75244140625
forecast_6485,2025-09-28 05:00:00,8030.813688313063,7902.753600626368,4244.2138671875
forecast_6486,2025-09-28 06:00:00,6854.529962481618,6151.852714190518,4053.7109375
forecast_6487,2025-09-28 07:00:00,6089.328748021332,4828.019994189477,3895.762451171875
forecast_6488,2025-09-28 08:00:00,6027.564105850894,6479.206388110445,4720.6845703125
forecast_6489,2025-09-28 09:00:00,5088.830648583298,4970.958053458969,3823.76953125
forecast_6490,2025-09-28 10:00:00,5286.130785184969,5920.666790196911,3800.710205078125
forecast_6491,2025-09-28 11:00:00,4972.183751933405,5285.352811370504,3242.124267578125
forecast_6492,2025-09-28 12:00:00,5154.804660711372,5114.497450232386,3250.1484375
forecast_6493,2025-09-28 13:00:00,4354.103613010375,3655.8250895345554,3216.339111328125
forecast_6494,2025-09-28 14:00:00,5055.707081345602,5036.441134226509,3023.900390625
forecast_6495,2025-09-28 15:00:00,4730.76062555006,5963.47923237032,3385.96826171875
forecast_6496,2025-09-28 16:00:00,4653.566575604713,5626.068253652138,3369.57275390625
forecast_6497,2025-09-28 17:00:00,5157.181242781302,6306.095765625329,3570.27197265625
forecast_6498,2025-09-28 18:00:00,4263.742853280632,5237.527070526568,3546.81494140625
forecast_6499,2025-09-28 19:00:00,5692.237264462583,6119.367805434908,4409.41455078125
forecast_6500,2025-09-28 20:00:00,5702.659261130621,5976.45309473784,4231.201171875
forecast_6501,2025-09-28 21:00:00,6499.8463883052045,7099.648883636746,4465.8095703125
forecast_6502,2025-09-28 22:00:00,5678.650104042827,5556.018314622346,3804.81396484375
forecast_6503,2025-09-28 23:00:00,4957.889981423554,4747.264552287415,3297.57080078125
forecast_6504,2025-09-29 00:00:00,4876.863401746626,3488.0650711056987,3186.1748046875
forecast_6505,2025-09-29 01:00:00,4838.417665672887,3947.009992655172,3312.145263671875
forecast_6506,2025-09-29 02:00:00,4426.4908336186845,3811.1237402145684,3360.19482421875
forecast_6507,2025-09-29 03:00:00,4159.200153560429,3344.2992910320763,3038.316162109375
forecast_6508,2025-09-29 04:00:00,4333.959667235567,4021.123121137816,3086.768310546875
forecast_6509,2025-09-29 05:00:00,3838.339596516412,2875.1196717094103,2874.00537109375
forecast_6510,2025-09-29 06:00:00,3340.019932216949,2624.1330515911013,2742.65185546875
forecast_6511,2025-09-29 07:00:00,3100.656838080824,2634.321225000162,2724.66748046875
forecast_6512,2025-09-29 08:00:00,2822.5911207092986,2598.6045848184385,2673.05615234375
forecast_6513,2025-09-29 09:00:00,2398.673079481188,2113.1894614871235,2309.723388671875
forecast_6514,2025-09-29 10:00:00,1841.578335862529,1562.120665862525,2095.96435546875
forecast_6515,2025-09-29 11:00:00,2083.4490038748136,1810.0790310400898,2274.67138671875
forecast_6516,2025-09-29 12:00:00,2236.294849494597,2024.8158432066382,2273.55126953125
forecast_6517,2025-09-29 13:00:00,2250.263099818155,1772.1036885265667,2435.59814453125
forecast_6518,2025-09-29 14:00:00,2247.392023353376,1738.266785420051,2451.431884765625
forecast_6519,2025-09-29 15:00:00,2276.4247562490177,2065.019387026941,2097.03271484375
forecast_6520,2025-09-29 16:00:00,2100.9298507268104,1786.6354838603581,1962.369873046875
forecast_6521,2025-09-29 17:00:00,2502.4349406286055,1810.7507717888145,2096.6875
forecast_6522,2025-09-29 18:00:00,2493.896744084792,1723.8908477878879,2076.091064453125
forecast_6523,2025-09-29 19:00:00,2492.3948060800694,1821.7057402654725,2126.76123046875
forecast_6524,2025-09-29 20:00:00,2781.5487563643414,2079.800141985098,2492.539306640625
forecast_6525,2025-09-29 21:00:00,3256.2895114299195,2233.47266964985,2727.462646484375
forecast_6526,2025-09-29 22:00:00,3501.068124667104,2750.2903007380855,2679.412841796875
forecast_6527,2025-09-29 23:00:00,3913.7809008521094,3613.3458618067616,2943.403564453125
forecast_6528,2025-09-30 00:00:00,4347.732349988478,4539.233921149509,3668.124267578125
forecast_6529,2025-09-30 01:00:00,4461.669619748434,4508.788553180753,3744.650390625
forecast_6530,2025-09-30 02:00:00,5367.196221205386,4656.853269272469,3746.68798828125
forecast_6531,2025-09-30 03:00:00,5131.857364499227,4159.387607600781,3153.74560546875
forecast_6532,2025-09-30 04:00:00,5778.591036816551,4477.857900039189,3495.995361328125
forecast_6533,2025-09-30 05:00:00,5156.592534003492,3884.407147947308,3291.57763671875
forecast_6534,2025-09-30 06:00:00,4814.7569182864945,4003.723629310083,3534.31103515625
forecast_6535,2025-09-30 07:00:00,4647.375923750975,3575.359806432838,3531.943359375
forecast_6536,2025-09-30 08:00:00,4101.852447066153,3471.3956618474917,3180.33056640625
forecast_6537,2025-09-30 09:00:00,3744.1433430138177,3324.2207730411765,2894.139404296875
forecast_6538,2025-09-30 10:00:00,3144.2163436257415,2666.353496454178,2650.080810546875
forecast_6539,2025-09-30 11:00:00,2784.59342213956,2163.1540567909133,2531.66259765625
forecast_6540,2025-09-30 12:00:00,2946.28634960273,2440.9577851949116,2683.087646484375
forecast_6541,2025-09-30 13:00:00,2779.5774166433794,2135.055684312573,2526.34619140625
forecast_6542,2025-09-30 14:00:00,3318.3285172743626,2556.780909084518,2740.26953125
forecast_6543,2025-09-30 15:00:00,3813.3244830392505,3190.863558367656,2917.660400390625
forecast_6544,2025-09-30 16:00:00,3721.8206247624876,2609.1044978669,2829.307373046875
forecast_6545,2025-09-30 17:00:00,3673.8489932363746,2898.5964078675584,2659.625732421875
forecast_6546,2025-09-30 18:00:00,3828.7417600796343,3245.2235450814933,2948.79736328125
forecast_6547,2025-09-30 19:00:00,4681.178876970502,4022.152280757602,3933.3359375
forecast_6548,2025-09-30 20:00:00,5619.446804602043,4723.899569860392,3804.139892578125
forecast_6549,2025-09-30 21:00:00,6709.627288710881,6395.935978105025,3923.375
forecast_6550,2025-09-30 22:00:00,6721.381985112952,6780.776477944452,4187.8603515625
forecast_6551,2025-09-30 23:00:00,7440.999983112559,7679.762215614836,4715.83203125
forecast_6552,2025-10-01 00:00:00,8274.352257980114,8506.71654841727,5551.97998046875
forecast_6553,2025-10-01 01:00:00,9147.236588352167,9272.331940182523,5059.01416015625
forecast_6554,2025-10-01 02:00:00,10100.778618079086,9936.390187408286,5180.31591796875
forecast_6555,2025-10-01 03:00:00,10075.603811331968,10606.859591797736,5273.5263671875
forecast_6556,2025-10-01 04:00:00,10223.41133986464,10750.628389906815,5190.62841796875
forecast_6557,2025-10-01 05:00:00,10302.970248001668,10354.368230282145,5052.93017578125
forecast_6558,2025-10-01 06:00:00,9338.836391687115,9304.451831970555,4733.56640625
forecast_6559,2025-10-01 07:00:00,8682.880599332144,8561.518844238943,4191.4892578125
forecast_6560,2025-10-01 08:00:00,6092.719269898672,5061.774351599801,3675.55859375
forecast_6561,2025-10-01 09:00:00,4666.035239870407,3652.4299368636525,3373.89306640625
forecast_6562,2025-10-01 10:00:00,3651.2157606790715,3007.230053968382,2956.72216796875
forecast_6563,2025-10-01 11:00:00,3078.3020500174534,2325.5928283575436,2384.318603515625
forecast_6564,2025-10-01 12:00:00,2678.9913741221926,2050.2419192906455,2323.349365234375
forecast_6565,2025-10-01 13:00:00,2796.196181508756,1846.3794451904319,2506.692626953125
forecast_6566,2025-10-01 14:00:00,3896.132763591285,3055.414429875262,2949.76904296875
forecast_6567,2025-10-01 15:00:00,3397.5798789575224,3092.298509102438,2536.27587890625
forecast_6568,2025-10-01 16:00:00,3727.349926478915,3268.1771887381365,2720.733154296875
forecast_6569,2025-10-01 17:00:00,4128.309694082389,3994.921463180066,2842.67236328125
forecast_6570,2025-10-01 18:00:00,5103.428860618482,5374.590257891694,3535.03076171875
forecast_6571,2025-10-01 19:00:00,5405.914412834829,5466.307919890571,3754.87158203125
forecast_6572,2025-10-01 20:00:00,7393.290143476044,6704.533733612293,3953.47607421875
forecast_6573,2025-10-01 21:00:00,8465.990065565831,8405.077240115976,5491.91552734375
forecast_6574,2025-10-01 22:00:00,8166.173586334482,7422.464171405908,4720.11962890625
forecast_6575,2025-10-01 23:00:00,7529.595609962247,6566.823181327785,4427.9931640625
forecast_6576,2025-10-02 00:00:00,7315.9873195460805,6795.494998135203,4418.060546875
forecast_6577,2025-10-02 01:00:00,8279.122030336463,8547.820091704001,4400.33984375
forecast_6578,2025-10-02 02:00:00,7730.64699783733,8558.560171796224,4056.235107421875
forecast_6579,2025-10-02 03:00:00,6546.753371434655,7687.133916820126,3821.2578125
forecast_6580,2025-10-02 04:00:00,6204.3299915122425,6149.900581774659,3683.60595703125
forecast_6581,2025-10-02 05:00:00,5331.146938353168,4487.891473397738,3421.468017578125
forecast_6582,2025-10-02 06:00:00,4521.228348111625,3652.930563427242,3141.34033203125
forecast_6583,2025-10-02 07:00:00,3668.474729204024,2984.324528193427,2914.18994140625
forecast_6584,2025-10-02 08:00:00,3181.153902747135,2597.021131433855,2932.37353515625
forecast_6585,2025-10-02 09:00:00,2331.824253541847,2086.3693696896225,2494.965087890625
forecast_6586,2025-10-02 10:00:00,1625.9846882493823,1283.6124151658946,1657.6644287109375
forecast_6587,2025-10-02 11:00:00,1515.831637415582,1169.9133539235913,1652.587890625
forecast_6588,2025-10-02 12:00:00,1559.6750499528184,1231.5870912025186,1709.5556640625
forecast_6589,2025-10-02 13:00:00,1805.477021625612,1410.9544397147479,2030.8697509765625
forecast_6590,2025-10-02 14:00:00,1706.0512291428604,1409.6624287602438,2030.996337890625
forecast_6591,2025-10-02 15:00:00,1695.778375924917,1238.8922094965278,1953.546142578125
forecast_6592,2025-10-02 16:00:00,1763.0270053759964,1171.5803077246642,1911.6871337890625
forecast_6593,2025-10-02 17:00:00,1756.0481801373912,1373.1198062417332,1940.1636962890625
forecast_6594,2025-10-02 18:00:00,1973.0044761224153,1357.9239095695384,1653.6998291015625
forecast_6595,2025-10-02 19:00:00,2569.468845440605,1599.8254911985546,1875.8961181640625
forecast_6596,2025-10-02 20:00:00,2631.3336003526147,2042.0497740991786,2268.1884765625
forecast_6597,2025-10-02 21:00:00,2453.892830274028,1653.2468561080022,2057.77880859375
forecast_6598,2025-10-02 22:00:00,2711.755446675415,2328.4303050979415,2314.908935546875
forecast_6599,2025-10-02 23:00:00,2719.9812177373633,2090.6313023211533,2388.82861328125
forecast_6600,2025-10-03 00:00:00,2856.1742605767568,2369.240945670673,2253.25830078125
forecast_6601,2025-10-03 01:00:00,3479.9998357565973,3316.1320931661494,2519.62060546875
forecast_6602,2025-10-03 02:00:00,3804.2773319717044,3409.077228729182,2677.399169921875
forecast_6603,2025-10-03 03:00:00,3976.6509001522695,3701.3258687374096,2685.303955078125
forecast_6604,2025-10-03 04:00:00,4016.97687552942,3633.103243193646,2663.8095703125
forecast_6605,2025-10-03 05:00:00,3669.5821256083127,3161.274589761096,2441.485595703125
forecast_6606,2025-10-03 06:00:00,3616.500606292534,3047.7971451865014,2538.02197265625
forecast_6607,2025-10-03 07:00:00,3967.1888813976575,3958.5056418837994,2441.24658203125
forecast_6608,2025-10-03 08:00:00,4298.687440013446,5291.208029841376,2640.2626953125
forecast_6609,2025-10-03 09:00:00,4261.020830988275,5944.917871949031,2844.755126953125
forecast_6610,2025-10-03 10:00:00,4525.538315879081,6514.469627984589,3232.23876953125
forecast_6611,2025-10-03 11:00:00,4814.613216341937,5636.763944553376,3275.00244140625
forecast_6612,2025-10-03 12:00:00,5683.814618216273,6251.7203857237355,4074.618408203125
forecast_6613,2025-10-03 13:00:00,6385.041300333558,6666.019245573573,3968.31884765625
forecast_6614,2025-10-03 14:00:00,5093.370878794941,5256.265163704814,3565.66552734375
forecast_6615,2025-10-03 15:00:00,4818.358614619827,4685.2538410686375,2824.27001953125
forecast_6616,2025-10-03 16:00:00,5036.606336366376,5832.875101219044,2956.715576171875
forecast_6617,2025-10-03 17:00:00,5139.207019208193,6290.522269831365,3140.95751953125
forecast_6618,2025-10-03 18:00:00,5266.8591378630335,6640.385866337795,3193.563232421875
forecast_6619,2025-10-03 19:00:00,5910.288794659584,7271.189311713269,3755.00439453125
forecast_6620,2025-10-03 20:00:00,5797.704531093694,7197.664641957394,3388.10107421875
forecast_6621,2025-10-03 21:00:00,6154.630725488305,7473.121072784721,3598.811767578125
forecast_6622,2025-10-03 22:00:00,5561.3836904532,6113.832587038899,3088.960205078125
forecast_6623,2025-10-03 23:00:00,5490.784842581644,5161.487309142891,2859.69775390625
forecast_6624,2025-10-04 00:00:00,4294.361289056455,3921.5150474470997,2838.39111328125
forecast_6625,2025-10-04 01:00:00,4187.292198816762,3678.2395526787177,2546.2109375
forecast_6626,2025-10-04 02:00:00,4426.451959459265,3787.301270556157,2654.299560546875
forecast_6627,2025-10-04 03:00:00,4452.837144735386,4327.178796093993,3032.98193359375
forecast_6628,2025-10-04 04:00:00,3586.6334181584452,3298.5176913000164,2564.954345703125
forecast_6629,2025-10-04 05:00:00,3618.834110730876,3233.8678283348136,2645.104248046875
forecast_6630,2025-10-04 06:00:00,3376.373804522803,3215.720988208434,2515.246826171875
forecast_6631,2025-10-04 07:00:00,3390.664016191705,3201.357198232289,2840.173095703125
forecast_6632,2025-10-04 08:00:00,3014.622016645121,2524.442485127286,2562.75244140625
forecast_6633,2025-10-04 09:00:00,2909.1104718753195,2532.093008842822,2493.960693359375
forecast_6634,2025-10-04 10:00:00,2754.82241738208,2585.823648791123,2517.343994140625
forecast_6635,2025-10-04 11:00:00,2236.620856978357,1966.7058062007816,2326.88134765625
forecast_6636,2025-10-04 12:00:00,2132.982981830742,1925.0956439075178,2288.300048828125
forecast_6637,2025-10-04 13:00:00,2030.4925646870554,1834.1645013187504,2389.447265625
forecast_6638,2025-10-04 14:00:00,1991.3255387540964,2009.8528605486347,2324.38671875
forecast_6639,2025-10-04 15:00:00,2088.711575520289,2156.0503024224117,2387.44482421875
forecast_6640,2025-10-04 16:00:00,2267.636178176352,2142.5372376599453,2429.15380859375
forecast_6641,2025-10-04 17:00:00,2261.8437306828646,2294.9701113074443,2422.09423828125
forecast_6642,2025-10-04 18:00:00,2501.501816711613,2601.5751711721905,2432.151123046875
forecast_6643,2025-10-04 19:00:00,2486.442735550234,2266.005600685826,2385.280517578125
forecast_6644,2025-10-04 20:00:00,2555.621930589089,2297.175206356279,2361.617919921875
forecast_6645,2025-10-04 21:00:00,2566.2300383991405,2280.1821779738407,2320.24169921875
forecast_6646,2025-10-04 22:00:00,3020.05024598016,2156.2869502794356,2243.534912109375
forecast_6647,2025-10-04 23:00:00,2462.1522875430383,1919.2342897185872,2205.63330078125
forecast_6648,2025-10-05 00:00:00,2975.2476631787276,2151.1824005183234,2465.567138671875
forecast_6649,2025-10-05 01:00:00,2827.4891444410514,2227.717338145883,2459.152099609375
forecast_6650,2025-10-05 02:00:00,2608.8871613476267,2124.863669184172,2286.810302734375
forecast_6651,2025-10-05 03:00:00,2905.5074451032606,2261.794666882931,2192.703857421875
forecast_6652,2025-10-05 04:00:00,2369.7617403978975,1900.6569237878955,1965.048095703125
forecast_6653,2025-10-05 05:00:00,2136.1618242989034,1718.5582018712112,1905.736328125
forecast_6654,2025-10-05 06:00:00,2117.599376952214,1692.1425055817908,1866.043212890625
forecast_6655,2025-10-05 07:00:00,2021.7039072905018,1842.79941846397,1748.2464599609375
forecast_6656,2025-10-05 08:00:00,2359.2048877533894,2136.308073912631,2085.589599609375
forecast_6657,2025-10-05 09:00:00,2164.1438552928703,1634.8118568265854,1889.767822265625
forecast_6658,2025-10-05 10:00:00,1830.1829033950607,1506.2017783640244,1862.511962890625
forecast_6659,2025-10-05 11:00:00,2062.8572729319544,2072.568754042125,2029.003662109375
forecast_6660,2025-10-05 12:00:00,1806.2226057341704,1519.371756257629,1986.142578125
forecast_6661,2025-10-05 13:00:00,1605.7422999402547,1477.577746201242,1713.882080078125
forecast_6662,2025-10-05 14:00:00,1694.063586736138,1432.025432664006,1787.4013671875
forecast_6663,2025-10-05 15:00:00,1668.2135959576447,1258.6005723046528,1828.873779296875
forecast_6664,2025-10-05 16:00:00,2278.3538635220066,2181.148476655599,2136.103759765625
forecast_6665,2025-10-05 17:00:00,2034.364703644128,1691.3787485321873,2163.990966796875
forecast_6666,2025-10-05 18:00:00,2148.58209963583,1818.4718164444005,2361.8193359375
forecast_6667,2025-10-05 19:00:00,2580.014082523709,2145.268154442505,2606.328125
forecast_6668,2025-10-05 20:00:00,3302.944441957642,2788.4069555077112,3045.90185546875
forecast_6669,2025-10-05 21:00:00,3482.0805267650276,2727.3024406884597,2865.80712890625
forecast_6670,2025-10-05 22:00:00,2859.569032094321,2386.8964084747004,2708.830810546875
forecast_6671,2025-10-05 23:00:00,3331.459175759481,2453.367237363352,2709.3671875
forecast_6672,2025-10-06 00:00:00,3182.4121275101156,2444.5613526919506,2626.4189453125
forecast_6673,2025-10-06 01:00:00,3276.7337302782335,3160.1845919946763,2950.534423828125
forecast_6674,2025-10-06 02:00:00,2941.8723074879517,3242.697043827099,2754.555419921875
forecast_6675,2025-10-06 03:00:00,3241.5943715661324,3464.3273070928008,3042.592041015625
forecast_6676,2025-10-06 04:00:00,3587.3221530586916,3672.363936284733,2929.220947265625
forecast_6677,2025-10-06 05:00:00,5160.750620110739,6433.979007589983,3424.98779296875
forecast_6678,2025-10-06 06:00:00,7327.732025648886,9452.141274879279,5012.3701171875
forecast_6679,2025-10-06 07:00:00,7413.388625621939,8635.794208715353,6716.6982421875
forecast_6680,2025-10-06 08:00:00,7747.627198920221,9436.343816047021,7956.1552734375
forecast_6681,2025-10-06 09:00:00,7424.567872798803,10473.770744394293,7620.17724609375
forecast_6682,2025-10-06 10:00:00,6901.422208590782,9600.617678038841,6755.66552734375
forecast_6683,2025-10-06 11:00:00,6237.688490747021,8167.924288409854,5318.4775390625
forecast_6684,2025-10-06 12:00:00,5277.135716116492,6370.10330558809,4316.9423828125
forecast_6685,2025-10-06 13:00:00,4277.371348746538,4922.168157838343,3664.06103515625
forecast_6686,2025-10-06 14:00:00,3896.0872786574623,3837.608834020992,3276.22021484375
forecast_6687,2025-10-06 15:00:00,3870.3988593907316,4135.0943411812705,3566.4140625
forecast_6688,2025-10-06 16:00:00,5098.03051627254,6143.942553370075,4335.8837890625
forecast_6689,2025-10-06 17:00:00,6129.86126789324,7240.660953580083,5228.4091796875
forecast_6690,2025-10-06 18:00:00,6056.319052733872,7983.743678398773,6644.30078125
forecast_6691,2025-10-06 19:00:00,7115.352979197798,10396.468029757798,7555.7607421875
forecast_6692,2025-10-06 20:00:00,8038.346445033596,10522.292331501854,8319.599609375
forecast_6693,2025-10-06 21:00:00,8782.618822440349,11678.562324504868,9558.037109375
forecast_6694,2025-10-06 22:00:00,9673.781149274002,12760.147943761434,10829.427734375
forecast_6695,2025-10-06 23:00:00,9776.195613780568,13324.60607930752,10997.759765625
forecast_6696,2025-10-07 00:00:00,10842.989656031275,14116.000950894075,13398.482421875
forecast_6697,2025-10-07 01:00:00,9722.929603967275,12334.263270350335,9356.9833984375
forecast_6698,2025-10-07 02:00:00,8947.562263374255,11523.139914694497,7122.50390625
forecast_6699,2025-10-07 03:00:00,8586.18820955988,10456.768348702495,6529.99609375
forecast_6700,2025-10-07 04:00:00,8269.629414382762,10682.468111701495,6124.8984375
forecast_6701,2025-10-07 05:00:00,8099.472458259094,10681.593759604028,5592.68017578125
forecast_6702,2025-10-07 06:00:00,7889.053288919164,10281.596180953422,5794.6376953125
forecast_6703,2025-10-07 07:00:00,8125.4528162286315,10061.346639444237,4419.3896484375
forecast_6704,2025-10-07 08:00:00,7601.523007876214,9286.564077264939,4047.793701171875
forecast_6705,2025-10-07 09:00:00,6799.272735460811,9169.600727338639,3642.82568359375
forecast_6706,2025-10-07 10:00:00,5745.420339214382,7278.165023807701,3280.42578125
forecast_6707,2025-10-07 11:00:00,5640.474043698441,6409.87813254987,3618.92822265625
forecast_6708,2025-10-07 12:00:00,5197.596499777905,5421.932534775728,3162.347900390625
forecast_6709,2025-10-07 13:00:00,3833.40204306947,3611.890648875458,2742.634033203125
forecast_6710,2025-10-07 14:00:00,3851.5597795411395,3059.175114921557,2653.86083984375
forecast_6711,2025-10-07 15:00:00,3545.0091663881094,2878.3068172199064,2649.01513671875
forecast_6712,2025-10-07 16:00:00,3482.4276688296595,2522.3065409414935,2524.47802734375
forecast_6713,2025-10-07 17:00:00,2896.7108270386275,2200.649794266522,2489.85693359375
forecast_6714,2025-10-07 18:00:00,2784.4154328959694,2021.5499332421084,2448.262939453125
forecast_6715,2025-10-07 19:00:00,3465.898407804725,2596.0049945936435,2725.24755859375
forecast_6716,2025-10-07 20:00:00,3159.487809696861,2366.3465062168743,2718.615234375
forecast_6717,2025-10-07 21:00:00,2733.935699958072,1999.2632068503804,2450.55615234375
forecast_6718,2025-10-07 22:00:00,2865.899008578457,2299.97988066376,2637.03857421875
forecast_6719,2025-10-07 23:00:00,2952.7918347018804,2633.9014244559985,2855.689208984375
forecast_6720,2025-10-08 00:00:00,3583.883008022064,2598.758713312203,3298.93896484375
forecast_6721,2025-10-08 01:00:00,2714.4664391240435,2051.4709426206628,2493.390625
forecast_6722,2025-10-08 02:00:00,2763.61364621336,2155.757144049375,2540.103271484375
forecast_6723,2025-10-08 03:00:00,2697.3278157443347,2257.1072784711987,2458.723876953125
forecast_6724,2025-10-08 04:00:00,2740.4079565477787,2075.037980877887,2500.54345703125
forecast_6725,2025-10-08 05:00:00,2966.143323706384,2312.6518516856113,2531.328125
forecast_6726,2025-10-08 06:00:00,2822.404051524596,2428.750223678753,2398.458740234375
forecast_6727,2025-10-08 07:00:00,2734.2219331497317,2448.223070630358,2322.794677734375
forecast_6728,2025-10-08 08:00:00,2353.0612999390046,2320.558051457463,2448.2509765625
forecast_6729,2025-10-08 09:00:00,2287.8555109190297,1985.7083249935288,2620.876708984375
forecast_6730,2025-10-08 10:00:00,2183.7182183244227,1846.3839552232243,2463.960205078125
forecast_6731,2025-10-08 11:00:00,1881.057996983021,1661.1568883577252,2310.38818359375
forecast_6732,2025-10-08 12:00:00,1893.592195740468,1560.3465429683474,2239.14697265625
forecast_6733,2025-10-08 13:00:00,1903.9488364881554,1392.2491763848338,2276.5
forecast_6734,2025-10-08 14:00:00,2136.314583923674,1738.5105126785888,2359.662841796875
forecast_6735,2025-10-08 15:00:00,2151.533732580581,1910.593891023716,2404.41748046875
forecast_6736,2025-10-08 16:00:00,2471.8540087716337,2128.036767444557,2519.370849609375
forecast_6737,2025-10-08 17:00:00,2554.6790853789585,2753.1508400277507,2674.68408203125
forecast_6738,2025-10-08 18:00:00,2855.308710321677,2990.9775015710175,2741.676513671875
forecast_6739,2025-10-08 19:00:00,3146.3697887294666,3778.0426612233355,3113.00830078125
forecast_6740,2025-10-08 20:00:00,3903.582693053485,4562.709232237107,3306.563720703125
forecast_6741,2025-10-08 21:00:00,4122.575200181965,5041.143104328779,3292.45703125
forecast_6742,2025-10-08 22:00:00,4364.903001252181,5066.932847563501,3869.149169921875
forecast_6743,2025-10-08 23:00:00,4611.209095151076,5772.576027691685,3789.11865234375
forecast_6744,2025-10-09 00:00:00,6066.758332415059,6956.89305109107,4718.8447265625
forecast_6745,2025-10-09 01:00:00,5881.454169163109,7097.281453629679,4639.4892578125
forecast_6746,2025-10-09 02:00:00,6107.047976207707,7775.7199523255495,5207.7587890625
forecast_6747,2025-10-09 03:00:00,6208.371651183132,7589.544720594815,5084.150390625
forecast_6748,2025-10-09 04:00:00,5893.397041797837,6981.949823311741,4393.369140625
forecast_6749,2025-10-09 05:00:00,5900.127860410859,7137.808262681237,4554.1181640625
forecast_6750,2025-10-09 06:00:00,5927.500167546941,7179.409148077464,4496.3232421875
forecast_6751,2025-10-09 07:00:00,5760.672349629161,7649.386948217313,4352.1982421875
forecast_6752,2025-10-09 08:00:00,5056.549804227572,6505.787202017609,4199.8916015625
forecast_6753,2025-10-09 09:00:00,4615.16541280184,5979.439046334567,4016.528076171875
forecast_6754,2025-10-09 10:00:00,3908.670559070128,5082.372448242044,3592.993408203125
forecast_6755,2025-10-09 11:00:00,3648.0447592207784,4204.919066627321,3193.27685546875
forecast_6756,2025-10-09 12:00:00,3347.969682014942,3809.5496887651975,2962.69189453125
forecast_6757,2025-10-09 13:00:00,3014.397426710144,2972.888787450667,2832.94384765625
forecast_6758,2025-10-09 14:00:00,3044.691273084451,2844.965923405083,2688.622314453125
forecast_6759,2025-10-09 15:00:00,2915.1816591092693,2473.8908174085263,2636.447265625
forecast_6760,2025-10-09 16:00:00,3186.7062593015944,2649.5135779483307,2584.384765625
forecast_6761,2025-10-09 17:00:00,3070.798017713212,2725.8845341482433,2535.627197265625
forecast_6762,2025-10-09 18:00:00,2630.0298034965554,2400.138621858076,2319.682861328125
forecast_6763,2025-10-09 19:00:00,2876.175814946617,2434.230075197919,2312.016845703125
forecast_6764,2025-10-09 20:00:00,3091.591557642912,2615.244416338282,2504.883056640625
forecast_6765,2025-10-09 21:00:00,3267.5673879603564,2228.389260395138,2609.897705078125
forecast_6766,2025-10-09 22:00:00,3364.151013764008,2321.9655659429664,2591.11376953125
forecast_6767,2025-10-09 23:00:00,3337.0962836582066,1972.7131207192886,2489.89990234375
forecast_6768,2025-10-10 00:00:00,3342.5618504551285,1926.3329660488591,2546.494384765625
forecast_6769,2025-10-10 01:00:00,3822.200865298071,2520.276441845641,2626.31494140625
forecast_6770,2025-10-10 02:00:00,3925.34925125862,2844.9332378432664,2595.110595703125
forecast_6771,2025-10-10 03:00:00,4206.357216949396,2989.204316671592,2651.618896484375
forecast_6772,2025-10-10 04:00:00,4159.725404663911,2728.010854293455,2660.246337890625
forecast_6773,2025-10-10 05:00:00,4295.763746834706,3007.114942148656,2638.876953125
forecast_6774,2025-10-10 06:00:00,4388.60716053714,3478.3798847518565,2878.66796875
forecast_6775,2025-10-10 07:00:00,3983.261642121548,2899.7820067747825,2672.966796875
forecast_6776,2025-10-10 08:00:00,4237.697206732193,2865.841676872459,2724.537841796875
forecast_6777,2025-10-10 09:00:00,3974.413504367879,2698.164194324522,2626.466552734375
forecast_6778,2025-10-10 10:00:00,3657.8482021541017,2297.6852186818983,2428.333740234375
forecast_6779,2025-10-10 11:00:00,3315.426845617946,2194.8066071339363,2409.30517578125
forecast_6780,2025-10-10 12:00:00,3380.191978415975,2363.6393928664547,2471.09423828125
forecast_6781,2025-10-10 13:00:00,3561.138970626478,2698.476521463107,2580.68310546875
forecast_6782,2025-10-10 14:00:00,3878.5683998199224,2973.685338759224,3051.76171875
forecast_6783,2025-10-10 15:00:00,3612.132830505685,2595.0564805199124,2812.35986328125
forecast_6784,2025-10-10 16:00:00,3749.7052251825066,2390.9994568174434,2605.598876953125
forecast_6785,2025-10-10 17:00:00,3623.629286383085,2326.7628915199225,2540.47802734375
forecast_6786,2025-10-10 18:00:00,3595.124102540425,2388.807864068979,2589.809814453125
forecast_6787,2025-10-10 19:00:00,4017.178973776854,2844.265703158243,2779.031005859375
forecast_6788,2025-10-10 20:00:00,4370.1405573345755,3088.6867003171596,3048.095703125
forecast_6789,2025-10-10 21:00:00,4675.287953261819,3353.386959674631,3266.659423828125
forecast_6790,2025-10-10 22:00:00,6071.096350006691,4758.232198502314,3595.36474609375
forecast_6791,2025-10-10 23:00:00,6406.550115356635,5962.625659184921,3742.744140625
forecast_6792,2025-10-11 00:00:00,6916.254166589542,6029.4701167087005,4016.19970703125
forecast_6793,2025-10-11 01:00:00,7025.574772942257,6525.40760834754,4311.64404296875
forecast_6794,2025-10-11 02:00:00,7874.061778266976,7448.444271783512,4296.9482421875
forecast_6795,2025-10-11 03:00:00,8377.149704798736,9102.799701238973,4540.49853515625
forecast_6796,2025-10-11 04:00:00,8172.705514701098,9157.19887869719,4877.2177734375
forecast_6797,2025-10-11 05:00:00,8641.679789688937,10422.614801765623,5044.3369140625
forecast_6798,2025-10-11 06:00:00,8494.244965959817,10187.351104024418,5203.72900390625
forecast_6799,2025-10-11 07:00:00,8678.15488746253,10812.09029371501,5265.79541015625
forecast_6800,2025-10-11 08:00:00,8086.865456160789,10122.273385494947,5422.4248046875
forecast_6801,2025-10-11 09:00:00,7899.762934154445,9689.222384183842,5175.7705078125
forecast_6802,2025-10-11 10:00:00,7879.367644604613,9998.654427519767,5276.2548828125
forecast_6803,2025-10-11 11:00:00,7891.701033290928,9807.61461011875,5118.26806640625
forecast_6804,2025-10-11 12:00:00,8245.545044676932,10681.469078685,5950.82666015625
forecast_6805,2025-10-11 13:00:00,8701.770861609839,11345.426300848667,6550.56396484375
forecast_6806,2025-10-11 14:00:00,9086.719646797785,10975.415256943324,7220.47265625
forecast_6807,2025-10-11 15:00:00,9677.574875177823,10850.863951592703,8378.6044921875
forecast_6808,2025-10-11 16:00:00,10229.120029274553,11644.748790554659,9440.78125
forecast_6809,2025-10-11 17:00:00,10806.825374112317,11367.130190661166,8910.931640625
forecast_6810,2025-10-11 18:00:00,11694.500511691927,11916.076940478943,9449.53125
forecast_6811,2025-10-11 19:00:00,12682.31242173782,13147.421810244157,11733.408203125
forecast_6812,2025-10-11 20:00:00,13012.797112788809,13594.244405309479,13458.9296875
forecast_6813,2025-10-11 21:00:00,13267.848629445349,14093.712064233114,14461.6298828125
forecast_6814,2025-10-11 22:00:00,13173.583684796191,14779.27170396513,13335.150390625
forecast_6815,2025-10-11 23:00:00,13918.622219665744,15453.583361640562,14872.8251953125
forecast_6816,2025-10-12 00:00:00,13073.569623669075,13482.99900064823,12313.0390625
forecast_6817,2025-10-12 01:00:00,15045.328202942841,13614.697235232274,12830.625
forecast_6818,2025-10-12 02:00:00,13484.055637303245,13714.331865118998,11419.818359375
forecast_6819,2025-10-12 03:00:00,9934.374124590933,11322.883544375029,7101.81396484375
forecast_6820,2025-10-12 04:00:00,7725.359266047564,8031.305227272601,5376.7734375
forecast_6821,2025-10-12 05:00:00,6263.953829840021,6445.946820919985,3652.620361328125
forecast_6822,2025-10-12 06:00:00,4666.498020395966,3690.057164493244,2795.475830078125
forecast_6823,2025-10-12 07:00:00,5033.526822851867,4146.362187198866,3082.950439453125
forecast_6824,2025-10-12 08:00:00,5733.199076785755,5376.9166751576895,3655.748046875
forecast_6825,2025-10-12 09:00:00,5950.646942730724,5639.725086928985,4501.47802734375
forecast_6826,2025-10-12 10:00:00,6549.932452722399,7665.660141992126,5084.0654296875
forecast_6827,2025-10-12 11:00:00,6000.093585974677,6980.528710752526,5239.30322265625
forecast_6828,2025-10-12 12:00:00,5920.496013390068,7226.505308706234,4782.91357421875
forecast_6829,2025-10-12 13:00:00,5708.913658119098,6971.482642890369,4572.80712890625
forecast_6830,2025-10-12 14:00:00,5958.324189456299,6431.089224635492,4677.36083984375
forecast_6831,2025-10-12 15:00:00,5294.700319612584,6507.896506044007,4683.83837890625
forecast_6832,2025-10-12 16:00:00,5887.547581972133,6682.084117947412,4359.2861328125
forecast_6833,2025-10-12 17:00:00,6365.807984570989,7714.143131162844,5198.03173828125
forecast_6834,2025-10-12 18:00:00,6089.838154712474,7639.299602924655,6102.0673828125
forecast_6835,2025-10-12 19:00:00,6271.5903536921605,7419.460830716274,5870.3427734375
forecast_6836,2025-10-12 20:00:00,5429.415702837732,6112.912356147706,5069.76708984375
forecast_6837,2025-10-12 21:00:00,5022.985683481733,5372.734175628699,4456.11181640625
forecast_6838,2025-10-12 22:00:00,4548.333255523347,4758.776836049358,3560.17333984375
forecast_6839,2025-10-12 23:00:00,4540.234060325349,3968.4985914526646,3413.90478515625
forecast_6840,2025-10-13 00:00:00,3617.4654325474166,3250.217049012764,3167.51318359375
forecast_6841,2025-10-13 01:00:00,4046.238855264218,3120.011673731622,2768.090576171875
forecast_6842,2025-10-13 02:00:00,3415.756438410932,2462.3976855032024,2727.67578125
forecast_6843,2025-10-13 03:00:00,2831.1136062979763,2028.083605489517,2402.363037109375
forecast_6844,2025-10-13 04:00:00,2836.851605618433,2754.424730939605,2530.194580078125
forecast_6845,2025-10-13 05:00:00,3845.7380046733024,3559.86147809939,2967.10595703125
forecast_6846,2025-10-13 06:00:00,4554.6243398841325,4473.801520424173,3376.604248046875
forecast_6847,2025-10-13 07:00:00,5040.381500573041,4734.880304665074,3644.646484375
forecast_6848,2025-10-13 08:00:00,4458.761232612595,4914.479425587686,3701.967529296875
forecast_6849,2025-10-13 09:00:00,4740.758993998446,4738.893176322374,3587.6015625
forecast_6850,2025-10-13 10:00:00,4313.168491545066,4946.496513012507,3700.96240234375
forecast_6851,2025-10-13 11:00:00,4982.081762274677,4841.22009786721,3535.524169921875
forecast_6852,2025-10-13 12:00:00,4172.165962706944,4851.763586576324,3768.51513671875
forecast_6853,2025-10-13 13:00:00,4214.634176148693,4458.397443552374,3984.174560546875
forecast_6854,2025-10-13 14:00:00,3615.114127886391,4220.322648065938,3732.87109375
forecast_6855,2025-10-13 15:00:00,4237.520694531115,4715.532354469966,4066.194580078125
forecast_6856,2025-10-13 16:00:00,4050.125456201048,4623.047209228818,3904.59228515625
forecast_6857,2025-10-13 17:00:00,4277.146265939814,4631.900185194561,3900.34228515625
forecast_6858,2025-10-13 18:00:00,4733.7613442741695,5021.489629662656,4133.7080078125
forecast_6859,2025-10-13 19:00:00,4939.480508159108,5376.1980275026235,3712.874267578125
forecast_6860,2025-10-13 20:00:00,4750.821835663339,5167.790777268541,3891.349609375
forecast_6861,2025-10-13 21:00:00,4877.11058174951,4947.458375459162,4294.71875
forecast_6862,2025-10-13 22:00:00,5090.886471488679,5924.421769817232,4377.92724609375
forecast_6863,2025-10-13 23:00:00,5429.991721691433,5960.780525075301,3876.475830078125
forecast_6864,2025-10-14 00:00:00,6083.6953423324285,6572.069275049973,4702.3876953125
forecast_6865,2025-10-14 01:00:00,7439.530279598124,9094.470475392625,5154.56396484375
forecast_6866,2025-10-14 02:00:00,7222.654898250847,9087.428216140703,4993.81982421875
forecast_6867,2025-10-14 03:00:00,6117.049609920385,7489.16165031418,4511.2763671875
forecast_6868,2025-10-14 04:00:00,6132.003413972963,6938.631959948863,3702.538330078125
forecast_6869,2025-10-14 05:00:00,6485.153333758077,7587.149596925962,4053.447265625
forecast_6870,2025-10-14 06:00:00,6456.673926118559,7620.808722492581,3825.231689453125
forecast_6871,2025-10-14 07:00:00,5403.209726863485,7303.118793604318,4138.25048828125
forecast_6872,2025-10-14 08:00:00,4823.626956632761,6463.746020243141,3949.166015625
forecast_6873,2025-10-14 09:00:00,4665.540201550445,6099.811364459066,4256.3251953125
forecast_6874,2025-10-14 10:00:00,4851.729896468364,6436.109751142837,3996.207763671875
forecast_6875,2025-10-14 11:00:00,4494.095975170244,6017.877809405151,4069.760986328125
forecast_6876,2025-10-14 12:00:00,4775.097519792933,6005.44598339579,4067.578125
forecast_6877,2025-10-14 13:00:00,4659.267566528629,6131.251215940967,4046.23291015625
forecast_6878,2025-10-14 14:00:00,4322.149328859506,6541.036991033444,4017.7421875
forecast_6879,2025-10-14 15:00:00,3984.4978496051344,4564.534925223255,4331.2939453125
forecast_6880,2025-10-14 16:00:00,3918.785762795337,4577.451570045359,3731.67236328125
forecast_6881,2025-10-14 17:00:00,3928.705967062257,4256.508375994525,3708.12353515625
forecast_6882,2025-10-14 18:00:00,3840.4527314038924,4511.069528146629,3896.289794921875
forecast_6883,2025-10-14 19:00:00,3790.944211340209,4580.103495518252,3663.19580078125
forecast_6884,2025-10-14 20:00:00,3929.2561609123804,4518.31913644632,3719.324951171875
forecast_6885,2025-10-14 21:00:00,4016.445903818375,4752.729166615147,3802.42529296875
forecast_6886,2025-10-14 22:00:00,3772.007112606657,3600.9086281101795,3323.514892578125
forecast_6887,2025-10-14 23:00:00,3827.8306140404666,3572.1767688698633,3202.233154296875
forecast_6888,2025-10-15 00:00:00,3701.353819413223,3429.9961840451288,3035.215576171875
forecast_6889,2025-10-15 01:00:00,3942.6325151807105,4020.879293902716,2892.87353515625
forecast_6890,2025-10-15 02:00:00,3900.5162835050014,3920.9118095257386,2815.51025390625
forecast_6891,2025-10-15 03:00:00,3755.6546193001795,3626.772857249394,2920.09228515625
forecast_6892,2025-10-15 04:00:00,3758.3975406984273,3542.134614953225,2757.91064453125
forecast_6893,2025-10-15 05:00:00,3581.7754097875973,3325.5973949026006,2631.747802734375
forecast_6894,2025-10-15 06:00:00,3305.1369037623645,3550.9388854622143,2702.229736328125
forecast_6895,2025-10-15 07:00:00,3196.96526864491,3309.924334842273,2592.908203125
forecast_6896,2025-10-15 08:00:00,3166.6586163623574,3316.692772797323,2611.407470703125
forecast_6897,2025-10-15 09:00:00,3350.436176106641,3332.5798226425895,2531.039306640625
forecast_6898,2025-10-15 10:00:00,3329.123809740813,3501.2995487837993,2592.014892578125
forecast_6899,2025-10-15 11:00:00,3040.4284746456215,2971.7235984695944,2715.870849609375
forecast_6900,2025-10-15 12:00:00,3237.689011778076,3008.716576165441,2587.2490234375
forecast_6901,2025-10-15 13:00:00,2927.0766146137767,2329.937083777549,2538.27490234375
forecast_6902,2025-10-15 14:00:00,2821.6368569216565,2475.7322877660517,2463.875
forecast_6903,2025-10-15 15:00:00,3082.442474606307,2441.453859303246,2406.582763671875
forecast_6904,2025-10-15 16:00:00,2519.0113093062273,1690.3830865840252,2211.69677734375
forecast_6905,2025-10-15 17:00:00,3344.6068010247423,2035.8845613725694,2237.53271484375
forecast_6906,2025-10-15 18:00:00,2708.0772014235426,2256.0173550240092,2176.021240234375
forecast_6907,2025-10-15 19:00:00,3756.8942359845196,3261.2617609633953,2447.91259765625
forecast_6908,2025-10-15 20:00:00,4141.169493072968,3754.199036701371,2670.01318359375
forecast_6909,2025-10-15 21:00:00,4343.8595432990915,4349.91458253635,3161.541015625
forecast_6910,2025-10-15 22:00:00,4766.368695121119,5093.378874460707,3091.448486328125
forecast_6911,2025-10-15 23:00:00,4972.051407267421,5578.388720617891,3132.3115234375
forecast_6912,2025-10-16 00:00:00,6106.956024681474,5676.142104354638,3264.452392578125
forecast_6913,2025-10-16 01:00:00,5135.3258284104395,3357.3852797390705,2821.813720703125
forecast_6914,2025-10-16 02:00:00,5233.999916696877,3880.7868033240466,2986.91259765625
forecast_6915,2025-10-16 03:00:00,4863.951255027657,3695.198898693718,3317.77294921875
forecast_6916,2025-10-16 04:00:00,4559.943675256238,3680.2984834349045,3303.85546875
forecast_6917,2025-10-16 05:00:00,4741.828525938052,5385.66545380611,3554.47119140625
forecast_6918,2025-10-16 06:00:00,5028.477664550886,4996.649041726721,4121.04443359375
forecast_6919,2025-10-16 07:00:00,5323.357461511239,5428.606213439397,4496.8388671875
forecast_6920,2025-10-16 08:00:00,5554.009309338977,5413.561890895098,4587.56640625
forecast_6921,2025-10-16 09:00:00,5277.101795172142,5922.942474812245,4168.35546875
forecast_6922,2025-10-16 10:00:00,4755.245297447717,5564.444126668674,4139.98193359375
forecast_6923,2025-10-16 11:00:00,5424.624096529629,5633.952418921046,4145.0029296875
forecast_6924,2025-10-16 12:00:00,5288.504113523093,5831.628044687328,4018.173828125
forecast_6925,2025-10-16 13:00:00,5124.7086685840895,6046.927025699906,4300.92919921875
forecast_6926,2025-10-16 14:00:00,4673.946501235327,5528.065474866203,4046.16748046875
forecast_6927,2025-10-16 15:00:00,4349.199241145048,4455.429453007013,3714.46875
forecast_6928,2025-10-16 16:00:00,4291.327349701548,4558.210504972403,3693.578857421875
forecast_6929,2025-10-16 17:00:00,4339.221025960889,4707.49840495577,3709.89453125
forecast_6930,2025-10-16 18:00:00,4293.062198658019,4853.379096902112,3792.615234375
forecast_6931,2025-10-16 19:00:00,4117.747744374376,4602.1880532937175,3603.25439453125
forecast_6932,2025-10-16 20:00:00,4217.9173953612735,4490.678077473245,3615.667236328125
forecast_6933,2025-10-16 21:00:00,4149.800899762747,4305.554684429934,3816.50146484375
forecast_6934,2025-10-16 22:00:00,4104.540651836685,4491.946408994389,3508.154296875
forecast_6935,2025-10-16 23:00:00,3814.245218250585,4359.031286312708,3187.408447265625
forecast_6936,2025-10-17 00:00:00,3656.6734174424964,3879.7327196446136,3033.54443359375
forecast_6937,2025-10-17 01:00:00,3857.645126377057,3950.9464610743166,3004.798828125
forecast_6938,2025-10-17 02:00:00,3838.06094163347,3551.8881540493076,2937.934814453125
forecast_6939,2025-10-17 03:00:00,3876.405801805437,3943.7169648688855,3061.75048828125
forecast_6940,2025-10-17 04:00:00,3533.848783604586,3289.5549732128725,2619.231201171875
forecast_6941,2025-10-17 05:00:00,3563.8581042054957,3280.5711051680655,2711.48876953125
forecast_6942,2025-10-17 06:00:00,3537.0494503765467,3264.5530489144608,2568.081787109375
forecast_6943,2025-10-17 07:00:00,3856.674222044513,3338.4058490188777,2879.77978515625
forecast_6944,2025-10-17 08:00:00,3584.648567263582,2781.8971701039654,2405.884033203125
forecast_6945,2025-10-17 09:00:00,3764.4804731867744,3027.616856921241,2545.6025390625
forecast_6946,2025-10-17 10:00:00,3706.851549131099,2898.0736870652627,2513.380859375
forecast_6947,2025-10-17 11:00:00,3365.355032842692,2232.873866013543,2367.97021484375
forecast_6948,2025-10-17 12:00:00,3024.766558300462,2003.9589821363631,2379.26220703125
forecast_6949,2025-10-17 13:00:00,3385.1878323788756,2095.3293758509917,2442.66259765625
forecast_6950,2025-10-17 14:00:00,3517.969710004979,2335.5477532878726,2429.548583984375
forecast_6951,2025-10-17 15:00:00,3312.1599517433515,2008.5306886925875,2411.78271484375
forecast_6952,2025-10-17 16:00:00,3652.644361826341,1932.2667008386134,2514.83056640625
forecast_6953,2025-10-17 17:00:00,3960.165244261584,2342.007479374922,2566.95361328125
forecast_6954,2025-10-17 18:00:00,4422.968828667782,2824.099276640397,2654.125732421875
forecast_6955,2025-10-17 19:00:00,5197.79276440188,3853.4827447092243,3172.413330078125
forecast_6956,2025-10-17 20:00:00,5688.745806114157,4067.5921719145617,3543.731201171875
forecast_6957,2025-10-17 21:00:00,7102.813736376527,6019.738465763854,4195.8720703125
forecast_6958,2025-10-17 22:00:00,6217.677328339034,6339.978867760205,4057.95068359375
forecast_6959,2025-10-17 23:00:00,6571.297618217963,6240.599433387034,4123.6845703125
forecast_6960,2025-10-18 00:00:00,6013.3997459427965,6279.47095918079,3529.77197265625
forecast_6961,2025-10-18 01:00:00,6374.548860641149,6017.429576701808,4148.2734375
forecast_6962,2025-10-18 02:00:00,6855.567783687442,7398.2487135839365,4491.1337890625
forecast_6963,2025-10-18 03:00:00,6493.7149534882665,7466.62134012897,4331.958984375
forecast_6964,2025-10-18 04:00:00,6521.309647804054,6752.120842455148,4504.40478515625
forecast_6965,2025-10-18 05:00:00,5524.478200651822,5204.008829053739,3215.61279296875
forecast_6966,2025-10-18 06:00:00,5593.632419685302,4411.629025413002,3439.92236328125
forecast_6967,2025-10-18 07:00:00,4789.3019228045905,5331.915131114093,3549.63623046875
forecast_6968,2025-10-18 08:00:00,4513.917852493054,4267.364437676848,3542.052001953125
forecast_6969,2025-10-18 09:00:00,3358.3459869524313,3049.7254053985102,3047.825927734375
forecast_6970,2025-10-18 10:00:00,3427.42103949273,3170.4172452512385,3170.24853515625
forecast_6971,2025-10-18 11:00:00,3367.924513291523,3543.2728007379574,3114.09033203125
forecast_6972,2025-10-18 12:00:00,3459.9469863471704,3534.323695797543,3172.588134765625
forecast_6973,2025-10-18 13:00:00,3995.263502271937,3530.8906202375265,3362.031982421875
forecast_6974,2025-10-18 14:00:00,4776.594558119911,4604.439747839171,3752.255126953125
forecast_6975,2025-10-18 15:00:00,4949.4113177896,4837.2105136444425,4290.0791015625
forecast_6976,2025-10-18 16:00:00,4502.898528428423,4538.124533715856,4070.1171875
forecast_6977,2025-10-18 17:00:00,3879.988267484663,3374.5592482946327,3440.2421875
forecast_6978,2025-10-18 18:00:00,3511.8959656500474,3242.5872581481476,3170.20947265625
forecast_6979,2025-10-18 19:00:00,3327.358935809917,3156.5356569753894,3194.10595703125
forecast_6980,2025-10-18 20:00:00,3298.1983570529837,3112.084540049315,3001.88818359375
forecast_6981,2025-10-18 21:00:00,2815.7033178863758,2452.785687200033,2808.39501953125
forecast_6982,2025-10-18 22:00:00,2739.634916022853,2371.836572978378,2675.701171875
forecast_6983,2025-10-18 23:00:00,2724.9412941255014,2119.719318901008,2550.34326171875
forecast_6984,2025-10-19 00:00:00,2577.2347841134847,2027.0698114264196,2518.23291015625
forecast_6985,2025-10-19 01:00:00,2725.4343786245004,1805.7615918599586,2385.99169921875
forecast_6986,2025-10-19 02:00:00,2673.719622559949,1940.2900587589543,2456.5546875
forecast_6987,2025-10-19 03:00:00,2314.617581434293,1805.8829441411979,2279.900634765625
forecast_6988,2025-10-19 04:00:00,2428.4249954050265,1994.9466997366387,2310.84326171875
forecast_6989,2025-10-19 05:00:00,2393.9533969737804,1837.3590098935147,2214.83447265625
forecast_6990,2025-10-19 06:00:00,2686.7908468787123,1903.695636216672,2198.66357421875
forecast_6991,2025-10-19 07:00:00,2757.0493565961633,2128.720533869551,2232.677978515625
forecast_6992,2025-10-19 08:00:00,3324.5647059066114,2358.9741551604625,2369.595703125
forecast_6993,2025-10-19 09:00:00,3517.950030293013,2645.011040156041,2450.782470703125
forecast_6994,2025-10-19 10:00:00,3633.321746741757,2734.525645172759,2535.31298828125
forecast_6995,2025-10-19 11:00:00,3523.599030719216,2777.7112866083285,2680.839111328125
forecast_6996,2025-10-19 12:00:00,3802.9902832573885,2845.3194125055225,2846.614501953125
forecast_6997,2025-10-19 13:00:00,4287.32417087146,3650.8438330112076,3416.405029296875
forecast_6998,2025-10-19 14:00:00,4921.828076822106,3637.5760014876046,3991.268310546875
forecast_6999,2025-10-19 15:00:00,5150.054701153236,4769.754720377726,3781.321044921875
forecast_7000,2025-10-19 16:00:00,5643.5276831915235,5447.647506597376,3922.716064453125
forecast_7001,2025-10-19 17:00:00,6069.218229427986,6535.53640539215,3699.465576171875
forecast_7002,2025-10-19 18:00:00,5805.6134410309205,5581.1957647765685,3616.420654296875
forecast_7003,2025-10-19 19:00:00,6092.190838443776,6465.44190824452,4108.6513671875
forecast_7004,2025-10-19 20:00:00,6133.368677617968,5968.7485841159605,3907.91455078125
forecast_7005,2025-10-19 21:00:00,5307.309575292524,5386.035947161011,3506.24609375
forecast_7006,2025-10-19 22:00:00,4735.720291895466,4376.798381709233,3148.006591796875
forecast_7007,2025-10-19 23:00:00,4638.987800850338,4413.930497809057,3331.510986328125
forecast_7008,2025-10-20 00:00:00,4751.088814082478,3971.3530555903985,3288.309326171875
forecast_7009,2025-10-20 01:00:00,4439.79089955398,3230.826764247559,3525.044189453125
forecast_7010,2025-10-20 02:00:00,4020.9819780837825,3248.894039294508,3239.217529296875
forecast_7011,2025-10-20 03:00:00,3799.369645664655,3295.283469884206,3368.108642578125
forecast_7012,2025-10-20 04:00:00,3890.336124071201,4133.037305098562,3656.41455078125
forecast_7013,2025-10-20 05:00:00,3576.5026946597736,3242.119748901419,3206.83056640625
forecast_7014,2025-10-20 06:00:00,3914.696143394872,4143.010325772528,3256.16064453125
forecast_7015,2025-10-20 07:00:00,4243.066751987929,4536.788672649898,3703.447265625
forecast_7016,2025-10-20 08:00:00,3736.490313132369,3869.2099815799784,3519.984375
forecast_7017,2025-10-20 09:00:00,4109.617684661676,4294.284985525646,4104.7158203125
forecast_7018,2025-10-20 10:00:00,3836.8083385205064,4003.236819939861,3605.520751953125
forecast_7019,2025-10-20 11:00:00,3463.897064496583,3998.191879905768,3391.050048828125
forecast_7020,2025-10-20 12:00:00,3307.344612878459,3614.2619029597777,3373.2421875
forecast_7021,2025-10-20 13:00:00,3033.5154149659,2719.842451383423,2992.07080078125
forecast_7022,2025-10-20 14:00:00,2556.8886242372255,2262.8077868664086,2704.04833984375
forecast_7023,2025-10-20 15:00:00,2329.224359321827,1800.0095047871068,2509.348388671875
forecast_7024,2025-10-20 16:00:00,2637.7585322773452,1627.0798829793046,2588.919677734375
forecast_7025,2025-10-20 17:00:00,2369.9975673778117,1579.1133405499359,2426.525390625
forecast_7026,2025-10-20 18:00:00,2212.52372367302,1365.5070651664141,2407.442138671875
forecast_7027,2025-10-20 19:00:00,2121.055175607654,1361.3083157399037,2220.01708984375
forecast_7028,2025-10-20 20:00:00,2542.397750422652,1543.6595645298962,2229.62158203125
forecast_7029,2025-10-20 21:00:00,2506.592020245946,1564.2098700050196,2184.63134765625
forecast_7030,2025-10-20 22:00:00,2812.8555421925494,1827.8633345134167,2511.369140625
forecast_7031,2025-10-20 23:00:00,2420.7403640958314,1591.012070503162,2434.07763671875
forecast_7032,2025-10-21 00:00:00,2746.7888492280954,1875.059864177111,2404.62060546875
forecast_7033,2025-10-21 01:00:00,3586.5936613544764,2505.401249297557,2509.2060546875
forecast_7034,2025-10-21 02:00:00,3848.234206011536,3740.26343267593,3107.98681640625
forecast_7035,2025-10-21 03:00:00,3934.978204919426,3777.2778255251756,3236.46630859375
forecast_7036,2025-10-21 04:00:00,4492.646244114845,4120.2444476846995,3148.18408203125
forecast_7037,2025-10-21 05:00:00,4103.963223998251,3167.464952997496,2941.293212890625
forecast_7038,2025-10-21 06:00:00,3322.9951921311786,2648.5681013346184,2590.12255859375
forecast_7039,2025-10-21 07:00:00,3040.2567889651395,2298.238022948174,2595.29931640625
forecast_7040,2025-10-21 08:00:00,3257.963451560884,2196.9039774839575,2726.68896484375
forecast_7041,2025-10-21 09:00:00,3024.6610629778334,1777.7477306279166,2498.22607421875
forecast_7042,2025-10-21 10:00:00,2338.876971816459,1199.7677620499735,2278.214599609375
forecast_7043,2025-10-21 11:00:00,2289.5362701268023,1118.2189240612468,2222.5693359375
forecast_7044,2025-10-21 12:00:00,2382.1288044597595,822.6966301894573,2200.49267578125
forecast_7045,2025-10-21 13:00:00,2670.6759762914253,1415.0687431150218,2383.996826171875
forecast_7046,2025-10-21 14:00:00,2746.1428157905198,2089.084924429658,2731.571044921875
forecast_7047,2025-10-21 15:00:00,3314.2813005107546,1925.8719154045682,2946.270751953125
forecast_7048,2025-10-21 16:00:00,2280.7550173664886,1181.6739409687987,2461.87255859375
forecast_7049,2025-10-21 17:00:00,1970.7596893998598,1240.6068703114042,2301.68798828125
forecast_7050,2025-10-21 18:00:00,2339.3715088901567,1604.5145691350376,2412.12841796875
forecast_7051,2025-10-21 19:00:00,2250.8503431712206,1945.478077720188,2585.36376953125
forecast_7052,2025-10-21 20:00:00,2500.686952500584,1827.86752384597,2469.55615234375
forecast_7053,2025-10-21 21:00:00,3203.2407831794962,2238.855658655937,2858.4375
forecast_7054,2025-10-21 22:00:00,2957.805429562567,2352.397175329284,2905.6650390625
forecast_7055,2025-10-21 23:00:00,2619.5845057983533,1994.9613835649388,2527.05712890625
forecast_7056,2025-10-22 00:00:00,2571.8875939016657,1994.6538525216351,2699.188232421875
forecast_7057,2025-10-22 01:00:00,2677.0819329352403,2114.854026446478,2403.285888671875
forecast_7058,2025-10-22 02:00:00,2599.4488713283636,2263.6671821050304,2524.401123046875
forecast_7059,2025-10-22 03:00:00,2377.877098116632,2025.7980643844044,2431.970947265625
forecast_7060,2025-10-22 04:00:00,2462.476195683902,1885.5944759720667,2384.57421875
forecast_7061,2025-10-22 05:00:00,2591.109551835525,2185.400505238159,2460.876953125
forecast_7062,2025-10-22 06:00:00,2660.9986475365304,2355.031617715533,2653.226806640625
forecast_7063,2025-10-22 07:00:00,2992.862597855045,2807.8261987758997,3002.645751953125
forecast_7064,2025-10-22 08:00:00,3100.698079894015,3075.6116966198433,3461.1875
forecast_7065,2025-10-22 09:00:00,3175.1984496411233,2628.319753821238,3699.10009765625
forecast_7066,2025-10-22 10:00:00,3262.8898600429575,3255.1084744494997,3349.171142578125
forecast_7067,2025-10-22 11:00:00,3483.2270860782187,3407.3404823466053,3510.97509765625
forecast_7068,2025-10-22 12:00:00,3033.42551652,3015.076345809538,3156.986083984375
forecast_7069,2025-10-22 13:00:00,2817.770948891284,2756.6230505962467,2773.614501953125
forecast_7070,2025-10-22 14:00:00,2713.942024401392,2471.8809637290824,2598.714599609375
forecast_7071,2025-10-22 15:00:00,2641.6413613835425,2278.652934332915,2557.7626953125
forecast_7072,2025-10-22 16:00:00,2916.1043615497592,2096.872245941886,2421.99072265625
forecast_7073,2025-10-22 17:00:00,3047.885731750464,2408.247146302563,2431.73876953125
forecast_7074,2025-10-22 18:00:00,2895.7983516797067,2054.912543611846,2392.953125
forecast_7075,2025-10-22 19:00:00,2867.8793673247046,1864.755425940055,2413.51220703125
forecast_7076,2025-10-22 20:00:00,3868.929611105481,2443.896117763856,2687.830810546875
forecast_7077,2025-10-22 21:00:00,3591.540933531094,2383.0508372822005,2418.213623046875
forecast_7078,2025-10-22 22:00:00,3675.5856354002626,2569.904678847267,2516.52685546875
forecast_7079,2025-10-22 23:00:00,4095.7713110859786,2823.136114727203,2603.24755859375
forecast_7080,2025-10-23 00:00:00,3871.582386711989,2658.055641210253,2873.955078125
forecast_7081,2025-10-23 01:00:00,3473.4384070526967,2174.894313297753,2476.66748046875
forecast_7082,2025-10-23 02:00:00,3272.52667311385,2126.713068022584,2514.26806640625
forecast_7083,2025-10-23 03:00:00,2803.42550877471,1656.1017632837497,2183.043701171875
forecast_7084,2025-10-23 04:00:00,3073.7426913908575,2066.7327162384227,2349.58154296875
forecast_7085,2025-10-23 05:00:00,2756.1592731507762,1930.2193141873488,2369.111083984375
forecast_7086,2025-10-23 06:00:00,2506.2057135791524,1748.847015002611,2160.0087890625
forecast_7087,2025-10-23 07:00:00,2500.3517016002907,1916.7235267140468,2178.0419921875
forecast_7088,2025-10-23 08:00:00,2429.4246413579613,1945.315593582827,2316.83447265625
forecast_7089,2025-10-23 09:00:00,2123.6249222948536,1140.7729564894958,2156.381591796875
forecast_7090,2025-10-23 10:00:00,1920.6176983356554,1078.349610416631,2037.2890625
forecast_7091,2025-10-23 11:00:00,1993.940994644072,1167.2478307858164,2070.07666015625
forecast_7092,2025-10-23 12:00:00,1894.8430365268196,1091.1356756006685,1999.811279296875
forecast_7093,2025-10-23 13:00:00,1818.3734127115345,856.7654008373052,2120.708984375
forecast_7094,2025-10-23 14:00:00,2125.416649519245,1291.6765915790934,2285.087890625
forecast_7095,2025-10-23 15:00:00,2582.9700975292444,1798.661084991641,2357.99951171875
forecast_7096,2025-10-23 16:00:00,2405.9571547247674,1380.0919239279538,2421.448486328125
forecast_7097,2025-10-23 17:00:00,2040.9779810109121,1492.078188742213,2299.63232421875
forecast_7098,2025-10-23 18:00:00,1930.3953053930964,1540.2306379578943,2387.04443359375
forecast_7099,2025-10-23 19:00:00,1982.0143701196266,1600.936791584251,2403.7861328125
forecast_7100,2025-10-23 20:00:00,2495.700290860142,2042.8165288142488,2264.071044921875
forecast_7101,2025-10-23 21:00:00,2306.3712547496148,1794.7812898600862,2408.92578125
forecast_7102,2025-10-23 22:00:00,2802.3346836391383,2391.12138393212,2588.1259765625
forecast_7103,2025-10-23 23:00:00,2720.9739595352876,2498.9099645751576,2330.14208984375
forecast_7104,2025-10-24 00:00:00,2722.880254726435,2251.5573080715576,2579.924072265625
forecast_7105,2025-10-24 01:00:00,3235.977978632544,3387.1969640120797,3031.67822265625
forecast_7106,2025-10-24 02:00:00,4062.049714589758,4016.341459902442,4024.727783203125
forecast_7107,2025-10-24 03:00:00,3439.736126688367,3692.1303529384604,3430.161376953125
forecast_7108,2025-10-24 04:00:00,4145.642770980958,4106.683936237447,3387.727294921875
forecast_7109,2025-10-24 05:00:00,3781.565917840454,3900.106330770682,2979.01953125
forecast_7110,2025-10-24 06:00:00,4319.506178826743,4348.2555967922535,3700.61865234375
forecast_7111,2025-10-24 07:00:00,4013.972068698246,4368.806207111958,3449.23779296875
forecast_7112,2025-10-24 08:00:00,4447.478018819113,4357.542058692736,3111.552490234375
forecast_7113,2025-10-24 09:00:00,4337.824819746058,4613.3255624984595,3186.03076171875
forecast_7114,2025-10-24 10:00:00,4509.038298600826,4469.036234197782,3501.98583984375
forecast_7115,2025-10-24 11:00:00,4565.764691834047,4492.389521127679,3699.438232421875
forecast_7116,2025-10-24 12:00:00,4993.938046090239,4627.953974031884,3678.26953125
forecast_7117,2025-10-24 13:00:00,4425.219839540968,4289.689052606744,3290.848876953125
forecast_7118,2025-10-24 14:00:00,3732.307130039925,2572.80973282632,2787.44775390625
forecast_7119,2025-10-24 15:00:00,4160.571386621285,3324.2473256878484,2813.162353515625
forecast_7120,2025-10-24 16:00:00,4200.235410306609,3118.8485350173264,2686.177001953125
forecast_7121,2025-10-24 17:00:00,4370.898594777494,3521.9006730768065,2609.66748046875
forecast_7122,2025-10-24 18:00:00,4560.039373190501,3482.2546847780236,2556.906982421875
forecast_7123,2025-10-24 19:00:00,4487.831980837671,3685.6249934745383,2624.63720703125
forecast_7124,2025-10-24 20:00:00,4831.447293114219,3514.9693507136067,2786.89404296875
forecast_7125,2025-10-24 21:00:00,5172.453763846281,3924.029152082579,3054.49560546875
forecast_7126,2025-10-24 22:00:00,5771.671280466955,4865.425937716548,3428.65087890625
forecast_7127,2025-10-24 23:00:00,5920.626043156368,4510.797351065972,3216.029052734375
forecast_7128,2025-10-25 00:00:00,5504.055609967418,4628.382913130422,3377.3125
forecast_7129,2025-10-25 01:00:00,5934.902946428273,4196.029545297395,3244.874267578125
forecast_7130,2025-10-25 02:00:00,5467.200260709754,4525.00776405318,3600.859375
forecast_7131,2025-10-25 03:00:00,5046.715310477975,4577.829202355308,3717.49853515625
forecast_7132,2025-10-25 04:00:00,4758.520948210173,4337.1336260173575,3428.48876953125
forecast_7133,2025-10-25 05:00:00,4624.838600989462,4010.554678477603,3252.384521484375
forecast_7134,2025-10-25 06:00:00,4634.010038881486,3728.979957225803,3156.00537109375
forecast_7135,2025-10-25 07:00:00,4482.710348042421,4355.3350829134615,3393.671142578125
forecast_7136,2025-10-25 08:00:00,4478.568971323957,4014.372112903076,3538.401123046875
forecast_7137,2025-10-25 09:00:00,4022.4179584762846,4144.595242599367,3232.73193359375
forecast_7138,2025-10-25 10:00:00,3491.804184743892,3077.7567539022198,2937.44091796875
forecast_7139,2025-10-25 11:00:00,3095.737475655715,2218.0389464333903,2703.473388671875
forecast_7140,2025-10-25 12:00:00,3075.13456551484,1865.4090028116834,2730.08740234375
forecast_7141,2025-10-25 13:00:00,3435.6888404302217,1648.776385012959,2788.810791015625
forecast_7142,2025-10-25 14:00:00,2812.441743433778,1534.2652532076022,2351.78564453125
forecast_7143,2025-10-25 15:00:00,2719.5598779400616,1589.908484047206,2341.640625
forecast_7144,2025-10-25 16:00:00,2936.5647036101223,1724.355010551637,2429.208740234375
forecast_7145,2025-10-25 17:00:00,2806.7209840465575,1997.8648156159163,2403.7265625
forecast_7146,2025-10-25 18:00:00,3058.506077395734,2173.6212717418694,2470.18017578125
forecast_7147,2025-10-25 19:00:00,3457.1068736932257,2406.8983662840283,2652.38232421875
forecast_7148,2025-10-25 20:00:00,4462.417263659334,3285.3374287081188,3211.291015625
forecast_7149,2025-10-25 21:00:00,4319.774407713343,3034.5278173190254,3177.48291015625
forecast_7150,2025-10-25 22:00:00,4543.625307761906,3772.7577604637027,3562.19287109375
forecast_7151,2025-10-25 23:00:00,4876.911352340541,4049.9788319897966,3452.93359375
forecast_7152,2025-10-26 00:00:00,4636.452261312792,4209.490885177836,3540.13232421875
forecast_7153,2025-10-26 01:00:00,3616.6638196419226,3276.551973381376,3093.2890625
forecast_7154,2025-10-26 02:00:00,3795.625280079271,3641.7298819163625,3104.837890625
forecast_7155,2025-10-26 03:00:00,3704.4220621222084,3749.9561159684354,3215.9150390625
forecast_7156,2025-10-26 04:00:00,4501.3381348630155,4273.32522224526,3422.98876953125
forecast_7157,2025-10-26 05:00:00,4944.176317659974,4754.80235861955,3353.370361328125
forecast_7158,2025-10-26 06:00:00,4629.385100924227,4428.218390191547,3294.358642578125
forecast_7159,2025-10-26 07:00:00,5000.6525894758,4751.455247707234,3447.80712890625
forecast_7160,2025-10-26 08:00:00,6190.378083362377,5971.407740509261,3807.716064453125
forecast_7161,2025-10-26 09:00:00,5351.1884744489125,5263.687403781154,3810.093017578125
forecast_7162,2025-10-26 10:00:00,4767.516977585314,4393.631872979378,3700.819580078125
forecast_7163,2025-10-26 11:00:00,3941.1172621611913,3359.976029576715,3462.362060546875
forecast_7164,2025-10-26 12:00:00,4171.9893293655205,4104.28971099547,3192.787841796875
forecast_7165,2025-10-26 13:00:00,4576.503127470429,4012.7994866734034,3377.514404296875
forecast_7166,2025-10-26 14:00:00,4704.404411414658,3486.2545968565096,3381.20458984375
forecast_7167,2025-10-26 15:00:00,4777.3949881027065,4207.452303749071,3309.879638671875
forecast_7168,2025-10-26 16:00:00,5275.639179035431,4452.942035774298,3402.1640625
forecast_7169,2025-10-26 17:00:00,5814.873379999675,5135.694801046013,3716.920654296875
forecast_7170,2025-10-26 18:00:00,6954.750116497746,5823.735408374344,4177.03759765625
forecast_7171,2025-10-26 19:00:00,8248.572265250896,8054.753899710409,5214.7392578125
forecast_7172,2025-10-26 20:00:00,10049.754046464317,10375.562591843554,6341.14111328125
forecast_7173,2025-10-26 21:00:00,11525.676394912467,12714.00035811415,7320.1884765625
forecast_7174,2025-10-26 22:00:00,12271.281395467813,12875.289912074866,8675.009765625
forecast_7175,2025-10-26 23:00:00,13815.245774359653,14494.074323642528,12414.9033203125
forecast_7176,2025-10-27 00:00:00,14841.233286350856,15348.864191236089,15148.830078125
forecast_7177,2025-10-27 01:00:00,15995.086795548868,16257.297430517203,15735.443359375
forecast_7178,2025-10-27 02:00:00,16796.44020744923,17505.227582463573,16219.533203125
forecast_7179,2025-10-27 03:00:00,17347.20013931925,18049.66439625792,16004.619140625
forecast_7180,2025-10-27 04:00:00,16858.708185527175,18020.229246314186,14434.4033203125
forecast_7181,2025-10-27 05:00:00,16206.72127793928,16872.991300515,14850.435546875
forecast_7182,2025-10-27 06:00:00,14961.728474531432,15073.682434096945,12472.1826171875
forecast_7183,2025-10-27 07:00:00,14688.144059050032,14938.646978020843,11871.7587890625
forecast_7184,2025-10-27 08:00:00,14827.328272314702,15467.03464522384,13286.662109375
forecast_7185,2025-10-27 09:00:00,13131.0386727307,13943.10581671522,11568.529296875
forecast_7186,2025-10-27 10:00:00,11964.66236110447,12640.417016102487,9824.140625
forecast_7187,2025-10-27 11:00:00,11555.404205724528,12462.043584742323,9119.5234375
forecast_7188,2025-10-27 12:00:00,11898.635797997173,12194.579190698543,9194.865234375
forecast_7189,2025-10-27 13:00:00,12647.721478429536,12897.608812266923,9568.486328125
forecast_7190,2025-10-27 14:00:00,13149.385783705511,13412.794813972174,9787.8173828125
forecast_7191,2025-10-27 15:00:00,13484.05898864409,13052.2393039043,10138.19140625
forecast_7192,2025-10-27 16:00:00,13527.891914075959,13551.246791723728,10590.8544921875
forecast_7193,2025-10-27 17:00:00,14194.822631975308,14245.161568740456,11435.478515625
forecast_7194,2025-10-27 18:00:00,14155.259618768394,13946.218938935597,12106.9716796875
forecast_7195,2025-10-27 19:00:00,13970.921359689932,13535.56547157164,12069.740234375
forecast_7196,2025-10-27 20:00:00,14143.192350165707,13118.458107336315,12023.703125
forecast_7197,2025-10-27 21:00:00,13943.980239130946,12594.63195202548,12023.001953125
forecast_7198,2025-10-27 22:00:00,13876.708276258141,13572.874400317185,12131.3857421875
forecast_7199,2025-10-27 23:00:00,13599.412849884153,13329.784898356342,10964.767578125
forecast_7200,2025-10-28 00:00:00,12687.253734307651,13354.766982006575,9097.5703125
forecast_7201,2025-10-28 01:00:00,14201.93682325654,13637.497727700882,11320.44921875
forecast_7202,2025-10-28 02:00:00,15047.915667218209,13113.321704596032,9912.783203125
forecast_7203,2025-10-28 03:00:00,15238.089235236781,14280.439457458077,8862.181640625
forecast_7204,2025-10-28 04:00:00,14307.695274063357,14471.919947046454,8340.111328125
forecast_7205,2025-10-28 05:00:00,13721.866615476687,14656.55980425655,7638.1904296875
forecast_7206,2025-10-28 06:00:00,12381.077297897533,12914.926988843588,7152.55615234375
forecast_7207,2025-10-28 07:00:00,11441.52072445607,11508.425548633735,6831.5712890625
forecast_7208,2025-10-28 08:00:00,10404.693682790421,11572.651576108932,6642.4423828125
forecast_7209,2025-10-28 09:00:00,8805.801486216444,9419.838742895936,6194.748046875
forecast_7210,2025-10-28 10:00:00,6413.69939713979,6885.437334045175,5128.658203125
forecast_7211,2025-10-28 11:00:00,5398.028654401191,5490.915351435064,4087.57666015625
forecast_7212,2025-10-28 12:00:00,5454.926641196824,4464.295929617305,3918.697265625
forecast_7213,2025-10-28 13:00:00,5430.120550990332,4659.239521725722,3951.686279296875
forecast_7214,2025-10-28 14:00:00,5613.062635519078,4715.667543170221,3983.928466796875
forecast_7215,2025-10-28 15:00:00,5278.244910903049,4663.668045904604,3492.404296875
forecast_7216,2025-10-28 16:00:00,5425.749502128487,4689.468391730281,3386.62109375
forecast_7217,2025-10-28 17:00:00,6066.230350872344,5171.330701435459,3782.494873046875
forecast_7218,2025-10-28 18:00:00,7642.0218841550395,6916.567317215088,4380.08837890625
forecast_7219,2025-10-28 19:00:00,9090.610966178217,8664.172124620902,5050.9931640625
forecast_7220,2025-10-28 20:00:00,10789.453084126486,11845.881747592839,5624.4521484375
forecast_7221,2025-10-28 21:00:00,12789.803658066941,12798.540958118125,7072.0361328125
forecast_7222,2025-10-28 22:00:00,12088.501359816872,11468.80513129232,6150.47412109375
forecast_7223,2025-10-28 23:00:00,11511.021488958642,10661.677037806348,5896.60888671875
forecast_7224,2025-10-29 00:00:00,11156.832346186182,10542.502648202584,5978.49560546875
forecast_7225,2025-10-29 01:00:00,9301.346057556299,8423.428560890665,5198.5068359375
forecast_7226,2025-10-29 02:00:00,8653.849484022816,7378.3798448575035,4351.58349609375
forecast_7227,2025-10-29 03:00:00,8108.476111225964,6885.922919186216,4225.71142578125
forecast_7228,2025-10-29 04:00:00,7340.669309165101,7027.659225676381,3912.88232421875
forecast_7229,2025-10-29 05:00:00,6964.549291216266,6062.644293077127,3913.23046875
forecast_7230,2025-10-29 06:00:00,6054.305610756353,5506.508659303388,3787.561279296875
forecast_7231,2025-10-29 07:00:00,5091.596499934218,4467.355492106008,3503.11376953125
forecast_7232,2025-10-29 08:00:00,4664.361586820447,3624.164755766504,3367.359375
forecast_7233,2025-10-29 09:00:00,3717.971846867089,2861.291324848061,2992.346923828125
forecast_7234,2025-10-29 10:00:00,2290.495194831862,1740.8701221018844,2402.555419921875
forecast_7235,2025-10-29 11:00:00,1797.6246346261576,1029.1829748215937,1929.4508056640625
forecast_7236,2025-10-29 12:00:00,1795.1489382856857,789.8259632263769,1982.360107421875
forecast_7237,2025-10-29 13:00:00,1681.9582206796817,957.7895892067645,1662.974609375
forecast_7238,2025-10-29 14:00:00,1703.3981257089226,976.8452066936043,1743.0950927734375
forecast_7239,2025-10-29 15:00:00,1626.1129971263813,746.0070954074902,1820.786865234375
forecast_7240,2025-10-29 16:00:00,1758.4785407250308,876.7413905387748,1785.890380859375
forecast_7241,2025-10-29 17:00:00,2601.135887030123,1117.4626790352133,2216.393798828125
forecast_7242,2025-10-29 18:00:00,2710.2464203429654,1412.6679491485584,2591.763427734375
forecast_7243,2025-10-29 19:00:00,3659.621560153078,3281.769160841649,3603.675048828125
forecast_7244,2025-10-29 20:00:00,4197.36008169845,3868.426452097513,3614.128173828125
forecast_7245,2025-10-29 21:00:00,5228.737060372618,5062.668406158271,4032.509765625
forecast_7246,2025-10-29 22:00:00,6626.423192637414,6275.027749605446,4312.8193359375
forecast_7247,2025-10-29 23:00:00,7206.743840645824,6474.952078147149,4575.4599609375
forecast_7248,2025-10-30 00:00:00,8513.535472728568,7291.0046231761535,5367.5966796875
forecast_7249,2025-10-30 01:00:00,9371.199768180228,8472.967016276278,5453.41357421875
forecast_7250,2025-10-30 02:00:00,12106.346358373441,11121.861001312198,6259.58349609375
forecast_7251,2025-10-30 03:00:00,14999.807031850723,14388.067528054855,8055.8251953125
forecast_7252,2025-10-30 04:00:00,16421.34846141594,14455.469031478231,8978.1162109375
forecast_7253,2025-10-30 05:00:00,17087.454378549624,14692.635828459639,9994.244140625
forecast_7254,2025-10-30 06:00:00,17272.82380276421,14622.248788489846,10219.3984375
forecast_7255,2025-10-30 07:00:00,15571.712894335418,12777.525707820601,8330.783203125
forecast_7256,2025-10-30 08:00:00,12915.355572726956,11177.746245895512,6227.771484375
forecast_7257,2025-10-30 09:00:00,11293.823127573447,9783.377394840572,5232.48974609375
forecast_7258,2025-10-30 10:00:00,9333.760244009227,7407.114157259829,4513.0068359375
forecast_7259,2025-10-30 11:00:00,6325.045558084246,5238.65433830176,3595.463623046875
forecast_7260,2025-10-30 12:00:00,4658.961815108698,3608.2004908283902,2701.94091796875
forecast_7261,2025-10-30 13:00:00,3840.2718214525203,1542.8898771981553,2469.361572265625
forecast_7262,2025-10-30 14:00:00,3699.552164006259,2835.5062948141613,2523.60693359375
forecast_7263,2025-10-30 15:00:00,3562.162463941812,2410.1939472175736,2483.36767578125
forecast_7264,2025-10-30 16:00:00,3604.9177102526783,2318.954125254052,2587.963623046875
forecast_7265,2025-10-30 17:00:00,3715.8350304755213,2668.8740036400573,2960.806396484375
forecast_7266,2025-10-30 18:00:00,3831.161585117221,3375.5234404635203,3256.39404296875
forecast_7267,2025-10-30 19:00:00,3912.4094787078056,3511.9694939815286,3403.73046875
forecast_7268,2025-10-30 20:00:00,4433.908843721656,3614.1752895106442,3427.52880859375
forecast_7269,2025-10-30 21:00:00,4168.789267465447,3639.955949439697,3563.75830078125
forecast_7270,2025-10-30 22:00:00,4304.241996153836,3439.9609438277175,3455.05859375
forecast_7271,2025-10-30 23:00:00,4138.1388648270795,3281.8152245086612,3117.272216796875
forecast_7272,2025-10-31 00:00:00,3942.3170302574426,3411.7955888210886,3135.69384765625
forecast_7273,2025-10-31 01:00:00,3553.1726709299655,3334.791632408715,3010.465576171875
forecast_7274,2025-10-31 02:00:00,3102.6011148687157,2827.11249014013,2650.69384765625
forecast_7275,2025-10-31 03:00:00,2842.0650429145253,2611.5523565004705,2492.34375
forecast_7276,2025-10-31 04:00:00,2800.3098368595365,2525.3583070413342,2431.08740234375
forecast_7277,2025-10-31 05:00:00,2814.9533315192466,2354.1965949017213,2400.32080078125
forecast_7278,2025-10-31 06:00:00,2995.714973087751,2682.0399568163016,2340.24658203125
forecast_7279,2025-10-31 07:00:00,2424.6125028304964,2303.340256080267,2298.799560546875
forecast_7280,2025-10-31 08:00:00,2654.935461525446,2374.4449976796623,2622.762939453125
forecast_7281,2025-10-31 09:00:00,2240.839578124656,1860.922580071151,2086.591796875
forecast_7282,2025-10-31 10:00:00,2012.2490176983558,1458.9174777964336,2332.696533203125
forecast_7283,2025-10-31 11:00:00,1867.9647807516249,1125.1906644975975,2024.013427734375
forecast_7284,2025-10-31 12:00:00,2189.0068553446063,1096.7332622367474,2016.384033203125
forecast_7285,2025-10-31 13:00:00,1851.7435686766548,811.7816058577621,1855.684326171875
forecast_7286,2025-10-31 14:00:00,1868.0556175757938,1022.7923383017982,1850.6363525390625
forecast_7287,2025-10-31 15:00:00,1723.2814783838621,944.6854655031561,1893.828857421875
forecast_7288,2025-10-31 16:00:00,2118.8078993771423,1109.790101826543,2033.9742431640625
forecast_7289,2025-10-31 17:00:00,2794.79121547418,1502.5868733207146,2286.67138671875
forecast_7290,2025-10-31 18:00:00,3484.6626326703226,2139.1989807533273,2975.549560546875
forecast_7291,2025-10-31 19:00:00,4679.257969355744,4703.308293686334,4548.38134765625
forecast_7292,2025-10-31 20:00:00,5939.207022279872,7361.1709583258635,5105.5166015625
forecast_7293,2025-10-31 21:00:00,8167.874648739242,9217.635230516527,5540.7578125
forecast_7294,2025-10-31 22:00:00,9753.354694344303,9475.954174221264,5515.64453125
forecast_7295,2025-10-31 23:00:00,10237.727051892534,10001.499530655783,6333.7685546875
forecast_7296,2025-11-01 00:00:00,10534.419338062533,11098.413866459829,6721.2880859375
forecast_7297,2025-11-01 01:00:00,10085.337422182041,10940.422661467797,7500.09619140625
forecast_7298,2025-11-01 02:00:00,10877.997818147473,12713.631864694948,7554.42822265625
forecast_7299,2025-11-01 03:00:00,10390.784939531648,11890.512528835738,8025.58984375
forecast_7300,2025-11-01 04:00:00,11499.935387686091,13210.029669601452,8666.1259765625
forecast_7301,2025-11-01 05:00:00,12993.346019472432,14646.28917678377,11426.8095703125
forecast_7302,2025-11-01 06:00:00,13688.707324359391,14934.61170334566,12977.431640625
forecast_7303,2025-11-01 07:00:00,13671.55059187908,14915.07481863913,13593.2529296875
forecast_7304,2025-11-01 08:00:00,14625.41988934538,15385.02373492888,14532.8720703125
forecast_7305,2025-11-01 09:00:00,14687.177087213822,15641.856301686352,14318.1923828125
forecast_7306,2025-11-01 10:00:00,13509.524465783812,15449.799629597828,11312.9169921875
forecast_7307,2025-11-01 11:00:00,13961.07553096176,14077.223626247716,10729.005859375
forecast_7308,2025-11-01 12:00:00,13711.886930561197,13829.465471361473,9653.6025390625
forecast_7309,2025-11-01 13:00:00,13539.354052176634,13500.075763915067,9167.0693359375
forecast_7310,2025-11-01 14:00:00,13665.162471859028,13042.737504756395,9356.7060546875
forecast_7311,2025-11-01 15:00:00,13715.007823503565,13038.964144944344,9883.3486328125
forecast_7312,2025-11-01 16:00:00,13547.278056201056,12910.341935644894,10477.572265625
forecast_7313,2025-11-01 17:00:00,13369.572610899468,12832.15463216123,10691.4794921875
forecast_7314,2025-11-01 18:00:00,13484.757812557731,13152.07968115406,11000.5439453125
forecast_7315,2025-11-01 19:00:00,13814.06205080646,13653.309174043074,11679.212890625
forecast_7316,2025-11-01 20:00:00,14244.336099707118,13929.987582652571,12695.35546875
forecast_7317,2025-11-01 21:00:00,15139.689958875479,15300.356232962871,14328.7861328125
forecast_7318,2025-11-01 22:00:00,15347.847260199043,15376.653988773553,14387.833984375
forecast_7319,2025-11-01 23:00:00,15974.877245331518,16166.385935318744,15138.7607421875
forecast_7320,2025-11-02 00:00:00,16466.415732253612,16713.225175581243,15825.060546875
forecast_7321,2025-11-02 01:00:00,15979.525552597064,16775.76041053095,14951.1142578125
forecast_7322,2025-11-02 02:00:00,16596.721519614934,17500.014255558082,14804.75
forecast_7323,2025-11-02 03:00:00,15822.991753554044,16220.562948195928,13966.560546875
forecast_7324,2025-11-02 04:00:00,15318.05102641602,15495.901437970675,13323.2919921875
forecast_7325,2025-11-02 05:00:00,15124.79974562001,15374.245548664028,13112.5185546875
forecast_7326,2025-11-02 06:00:00,15784.196175358935,16684.724175647287,14166.912109375
forecast_7327,2025-11-02 07:00:00,16336.385980741923,17082.373903950283,15100.783203125
forecast_7328,2025-11-02 08:00:00,16933.233089000933,17369.277290875463,15565.056640625
forecast_7329,2025-11-02 09:00:00,16794.28327210454,17872.848739469788,14396.1982421875
forecast_7330,2025-11-02 10:00:00,17116.892740133353,18214.66493775077,13426.4921875
forecast_7331,2025-11-02 11:00:00,17166.80989123776,17715.70935342265,13137.810546875
forecast_7332,2025-11-02 12:00:00,16476.91703600977,16596.914257673947,12144.115234375
forecast_7333,2025-11-02 13:00:00,15548.317516787658,16445.485377083278,11205.4482421875
forecast_7334,2025-11-02 14:00:00,14896.33873599951,15583.537089702822,10386.005859375
forecast_7335,2025-11-02 15:00:00,14430.936580070284,15017.643125047054,9812.0625
forecast_7336,2025-11-02 16:00:00,14085.486854941428,14210.637122737799,9956.51171875
forecast_7337,2025-11-02 17:00:00,13963.141379956814,13850.280803319394,10955.8671875
forecast_7338,2025-11-02 18:00:00,13716.334231868312,13268.930953593695,11687.0908203125
forecast_7339,2025-11-02 19:00:00,13656.240081437147,12704.215789193742,11672.640625
forecast_7340,2025-11-02 20:00:00,13204.653750066369,12116.695564111247,10967.705078125
forecast_7341,2025-11-02 21:00:00,10988.656972476962,10146.320560538325,6702.61328125
forecast_7342,2025-11-02 22:00:00,11160.205606680103,10580.32215594616,7513.51953125
forecast_7343,2025-11-02 23:00:00,11211.181054363899,10842.867594308864,7362.8466796875
forecast_7344,2025-11-03 00:00:00,8862.808131845411,9091.966242256754,5239.2099609375
forecast_7345,2025-11-03 01:00:00,8572.404534887892,9587.629275215353,5715.1611328125
forecast_7346,2025-11-03 02:00:00,7187.112426153282,8770.43496429933,4612.4306640625
forecast_7347,2025-11-03 03:00:00,7062.468653632426,8109.368904062718,4473.5595703125
forecast_7348,2025-11-03 04:00:00,6836.941049915953,7726.433751328824,4502.54931640625
forecast_7349,2025-11-03 05:00:00,6044.81460590521,6661.350582320635,4076.294921875
forecast_7350,2025-11-03 06:00:00,4988.982996757117,5602.647130950142,3523.12255859375
forecast_7351,2025-11-03 07:00:00,4572.817407485558,5667.9251656920915,3757.14306640625
forecast_7352,2025-11-03 08:00:00,4227.292423572648,4936.5099937015875,3502.52978515625
forecast_7353,2025-11-03 09:00:00,3869.5656727419546,4059.708118697864,3439.088623046875
forecast_7354,2025-11-03 10:00:00,2993.251818931441,2695.5155855409566,2907.67919921875
forecast_7355,2025-11-03 11:00:00,2282.107475382467,1397.4859078622708,2372.834228515625
forecast_7356,2025-11-03 12:00:00,1953.710394973989,1136.6966541556862,2143.155517578125
forecast_7357,2025-11-03 13:00:00,1764.5766323397734,1036.9609062015534,2079.663818359375
forecast_7358,2025-11-03 14:00:00,1683.0809925927724,1063.1454983006195,2020.629638671875
forecast_7359,2025-11-03 15:00:00,1795.7195151794133,1041.6083065110856,2027.263427734375
forecast_7360,2025-11-03 16:00:00,2223.0308119971096,1383.1829376073892,2125.36083984375
forecast_7361,2025-11-03 17:00:00,2717.3391437530445,1722.6915366483213,2241.199951171875
forecast_7362,2025-11-03 18:00:00,3189.7586137809285,2658.986885047008,2681.73681640625
forecast_7363,2025-11-03 19:00:00,4306.64530265851,3569.0532184337862,2983.775634765625
forecast_7364,2025-11-03 20:00:00,5351.035702454197,4592.092278917903,3638.81494140625
forecast_7365,2025-11-03 21:00:00,5697.491390892661,5883.372494164067,4030.16845703125
forecast_7366,2025-11-03 22:00:00,6377.9887890176815,7249.597662559705,4725.65673828125
forecast_7367,2025-11-03 23:00:00,7897.38604413141,9732.558435406325,5109.8388671875
forecast_7368,2025-11-04 00:00:00,9563.75980865471,10951.363089933442,5850.95166015625
forecast_7369,2025-11-04 01:00:00,9711.152661379543,11042.87509773684,5246.42724609375
forecast_7370,2025-11-04 02:00:00,10026.712845824559,10950.281175190401,5386.7724609375
forecast_7371,2025-11-04 03:00:00,10199.757992915147,11239.498649319354,5394.4853515625
forecast_7372,2025-11-04 04:00:00,10083.644599369178,11262.540308328691,5386.17529296875
forecast_7373,2025-11-04 05:00:00,10556.461243846417,12045.347142695382,5729.71240234375
forecast_7374,2025-11-04 06:00:00,11384.016913148833,12995.625093542154,5698.4443359375
forecast_7375,2025-11-04 07:00:00,12459.733941590268,14500.267581828914,6790.42822265625
forecast_7376,2025-11-04 08:00:00,13281.320171179163,14937.301066925433,8062.41552734375
forecast_7377,2025-11-04 09:00:00,13372.337842210418,15912.954484488573,10097.439453125
forecast_7378,2025-11-04 10:00:00,12092.308200768446,14621.314352397161,10444.373046875
forecast_7379,2025-11-04 11:00:00,12002.446861808297,13442.980718066528,9571.9677734375
forecast_7380,2025-11-04 12:00:00,11262.434199418472,12168.850507432031,8347.73046875
forecast_7381,2025-11-04 13:00:00,10973.326438386372,11320.685896514275,7313.64306640625
forecast_7382,2025-11-04 14:00:00,10524.180303771896,10228.139044677355,6494.0859375
forecast_7383,2025-11-04 15:00:00,10445.531766604228,9728.391272047276,6116.2275390625
forecast_7384,2025-11-04 16:00:00,10482.614807754268,9294.471680717217,5548.01611328125
forecast_7385,2025-11-04 17:00:00,9186.075445369677,9229.573366516117,4591.26220703125
forecast_7386,2025-11-04 18:00:00,8960.654629639026,8941.715652696932,4595.9091796875
forecast_7387,2025-11-04 19:00:00,9353.185129550762,9797.76856704933,5018.78173828125
forecast_7388,2025-11-04 20:00:00,10429.6328526139,10880.298648175887,5784.39404296875
forecast_7389,2025-11-04 21:00:00,9703.297637823322,9362.46312562699,5269.49072265625
forecast_7390,2025-11-04 22:00:00,8412.616277622074,8234.16815968891,4984.83447265625
forecast_7391,2025-11-04 23:00:00,7314.823045680549,7158.005974585562,4577.1259765625
forecast_7392,2025-11-05 00:00:00,6803.265132668201,5896.985200130771,4372.8330078125
forecast_7393,2025-11-05 01:00:00,6479.154820453907,6957.93226422728,3898.666015625
forecast_7394,2025-11-05 02:00:00,5841.573354612595,4704.916138612535,3821.83837890625
forecast_7395,2025-11-05 03:00:00,4913.670440890319,3754.4326875349107,3607.790283203125
forecast_7396,2025-11-05 04:00:00,3660.7955726034397,2909.4798799633913,3252.954345703125
forecast_7397,2025-11-05 05:00:00,3305.8068018485656,2585.3380851257734,2876.359375
forecast_7398,2025-11-05 06:00:00,2985.687810248379,2280.1724195234538,2821.61669921875
forecast_7399,2025-11-05 07:00:00,2481.2895999425627,2069.202355076778,2235.92333984375
forecast_7400,2025-11-05 08:00:00,2784.0999465887517,2052.774709095691,2224.55712890625
forecast_7401,2025-11-05 09:00:00,2322.5139542538864,1655.323602388813,1996.176513671875
forecast_7402,2025-11-05 10:00:00,2075.7072027706986,1242.2014172774861,2122.711181640625
forecast_7403,2025-11-05 11:00:00,1999.8942514523944,998.3815690421478,1993.365478515625
forecast_7404,2025-11-05 12:00:00,1877.9205162989053,911.360045273563,1892.687255859375
forecast_7405,2025-11-05 13:00:00,1979.753689830138,985.8628592894123,1956.249267578125
forecast_7406,2025-11-05 14:00:00,1905.2358518042558,1062.3388274962836,1975.567626953125
forecast_7407,2025-11-05 15:00:00,1955.6787850909852,1194.171961142355,2016.008544921875
forecast_7408,2025-11-05 16:00:00,2110.358024297799,1297.5031828426982,2010.857177734375
forecast_7409,2025-11-05 17:00:00,2056.7667082180837,1128.7271682902456,2223.3984375
forecast_7410,2025-11-05 18:00:00,1953.6249566700044,1125.390824758214,2023.7750244140625
forecast_7411,2025-11-05 19:00:00,2767.567437929177,2007.5853750353053,2271.881103515625
forecast_7412,2025-11-05 20:00:00,2784.2506587865532,2202.4328921114884,2280.63134765625
forecast_7413,2025-11-05 21:00:00,2885.8070996889874,2236.527072540801,2529.771728515625
forecast_7414,2025-11-05 22:00:00,3112.4417945811933,2375.4203174863196,2750.49267578125
forecast_7415,2025-11-05 23:00:00,3304.3293039168384,2978.213421817454,3206.650634765625
forecast_7416,2025-11-06 00:00:00,3939.0760094367415,3685.1932997465033,3472.862548828125
forecast_7417,2025-11-06 01:00:00,4291.730099997228,4149.3873093264465,3565.1953125
forecast_7418,2025-11-06 02:00:00,5228.452227589926,4773.7370089010265,4007.68310546875
forecast_7419,2025-11-06 03:00:00,5819.774816824556,5670.871993440486,4278.47216796875
forecast_7420,2025-11-06 04:00:00,6609.196953855048,6196.840683637071,4417.95703125
forecast_7421,2025-11-06 05:00:00,7272.033492121616,7052.460781520317,4369.57177734375
forecast_7422,2025-11-06 06:00:00,7176.209471363459,7264.961693922285,3968.287109375
forecast_7423,2025-11-06 07:00:00,6752.340154142719,6063.168639886016,3963.609375
forecast_7424,2025-11-06 08:00:00,5935.863687106116,4726.673852105352,3813.43310546875
forecast_7425,2025-11-06 09:00:00,4321.587246513273,3147.997753671664,3049.51416015625
forecast_7426,2025-11-06 10:00:00,2946.236413800202,2255.8887892091793,2504.623046875
forecast_7427,2025-11-06 11:00:00,2421.6994064277624,1330.6666139498718,2103.702880859375
forecast_7428,2025-11-06 12:00:00,1987.0777992733879,1221.088879409942,2032.5758056640625
forecast_7429,2025-11-06 13:00:00,1678.5042398653386,970.4563625673202,1894.677734375
forecast_7430,2025-11-06 14:00:00,2003.3358911993296,1216.1565807359202,2007.322021484375
forecast_7431,2025-11-06 15:00:00,1917.9857038907967,1054.7659361872757,2075.264404296875
forecast_7432,2025-11-06 16:00:00,2087.9704382902596,1212.0158297129706,2105.066650390625
forecast_7433,2025-11-06 17:00:00,2153.236065693765,1434.1240917046898,2116.430908203125
forecast_7434,2025-11-06 18:00:00,2307.714146006145,1876.5302401953325,2230.71630859375
forecast_7435,2025-11-06 19:00:00,2097.171696520507,1673.0942093639499,2177.447021484375
forecast_7436,2025-11-06 20:00:00,2374.249435679193,1533.038378994434,2228.260009765625
forecast_7437,2025-11-06 21:00:00,2277.148639594284,1702.591110690864,2229.67333984375
forecast_7438,2025-11-06 22:00:00,2546.6188444893023,1956.750609393598,2243.14892578125
forecast_7439,2025-11-06 23:00:00,2563.879145487261,1788.090627279405,2406.25634765625
forecast_7440,2025-11-07 00:00:00,2363.3032764652758,1773.6169688436005,2403.91943359375
forecast_7441,2025-11-07 01:00:00,3277.612870121674,2550.0133912222336,3068.74267578125
forecast_7442,2025-11-07 02:00:00,4422.148854316327,3481.748135880585,3497.89599609375
forecast_7443,2025-11-07 03:00:00,4662.177131909015,3783.407225150628,3748.94482421875
forecast_7444,2025-11-07 04:00:00,4940.137523269642,4143.687084093819,3782.921875
forecast_7445,2025-11-07 05:00:00,5857.667403691676,4458.13890822595,3626.70947265625
forecast_7446,2025-11-07 06:00:00,5595.845459896541,4299.45727648948,3392.776611328125
forecast_7447,2025-11-07 07:00:00,4913.1864147966935,3682.2946366683946,2960.44287109375
forecast_7448,2025-11-07 08:00:00,4132.5173828441275,2662.3985678643808,2935.34521484375
forecast_7449,2025-11-07 09:00:00,3622.222846316691,2214.9175020097327,2374.86962890625
forecast_7450,2025-11-07 10:00:00,2031.1096051878117,1359.1773337453847,2324.39599609375
forecast_7451,2025-11-07 11:00:00,2107.855147964161,1061.7569514869797,1982.6510009765625
forecast_7452,2025-11-07 12:00:00,1912.0520520893606,1162.158189751014,1966.298828125
forecast_7453,2025-11-07 13:00:00,1980.4721930801948,1498.3290966890409,2153.14111328125
forecast_7454,2025-11-07 14:00:00,1997.2007729318807,1519.6315557381922,2261.461669921875
forecast_7455,2025-11-07 15:00:00,2152.0921499352826,1474.6493303825148,2463.514404296875
forecast_7456,2025-11-07 16:00:00,2456.110805741238,1699.8622875722792,2701.1845703125
forecast_7457,2025-11-07 17:00:00,2743.948921736545,2332.0119120230383,2838.796875
forecast_7458,2025-11-07 18:00:00,2820.148685182702,2737.655591724987,2809.003173828125
forecast_7459,2025-11-07 19:00:00,3374.2367705405177,3540.457033544817,3161.264404296875
forecast_7460,2025-11-07 20:00:00,3301.535893593503,3538.284227463438,2928.234130859375
forecast_7461,2025-11-07 21:00:00,3460.6922887302417,3676.3342856484296,2966.439208984375
forecast_7462,2025-11-07 22:00:00,3228.869061911447,2892.029350487427,2808.380615234375
forecast_7463,2025-11-07 23:00:00,3677.89045535852,3152.626499744569,2726.974609375
forecast_7464,2025-11-08 00:00:00,3623.2711573563365,2903.6071509192893,2578.85009765625
forecast_7465,2025-11-08 01:00:00,3938.0357662767074,2818.684072144725,2459.800048828125
forecast_7466,2025-11-08 02:00:00,4001.450136528165,3026.042524159312,2377.34375
forecast_7467,2025-11-08 03:00:00,3927.106696636999,3754.9550567926176,3022.95166015625
forecast_7468,2025-11-08 04:00:00,3557.598867092447,3271.6482885873233,2816.443115234375
forecast_7469,2025-11-08 05:00:00,3720.6149599537175,3829.970851238461,2893.27783203125
forecast_7470,2025-11-08 06:00:00,4316.174476128572,3676.82304041174,3079.872802734375
forecast_7471,2025-11-08 07:00:00,4142.091972810425,3510.943334567003,2865.284912109375
forecast_7472,2025-11-08 08:00:00,4323.441031234629,3400.462034011416,2921.4189453125
forecast_7473,2025-11-08 09:00:00,4166.557216379631,2893.7330500089515,2857.265869140625
forecast_7474,2025-11-08 10:00:00,3971.8840461762966,2834.4811355976367,2762.2783203125
forecast_7475,2025-11-08 11:00:00,3697.5517503254305,2740.7768286168625,2690.030029296875
forecast_7476,2025-11-08 12:00:00,3469.20925411962,2256.30768596607,2571.56103515625
forecast_7477,2025-11-08 13:00:00,3964.4514235317674,2681.3029590692267,2790.88427734375
forecast_7478,2025-11-08 14:00:00,4393.277228790887,2966.0784324732854,3062.87158203125
forecast_7479,2025-11-08 15:00:00,4334.819673866059,3053.5599203744214,2833.357421875
forecast_7480,2025-11-08 16:00:00,4780.852850929562,3446.134775751301,2965.003173828125
forecast_7481,2025-11-08 17:00:00,5248.9875512094295,4024.713611581548,3198.16162109375
forecast_7482,2025-11-08 18:00:00,5583.3791429492885,5678.168118174407,3546.237548828125
forecast_7483,2025-11-08 19:00:00,6912.219004761368,7911.634422489984,4399.64453125
forecast_7484,2025-11-08 20:00:00,6881.482264040951,7830.381376033978,4214.6513671875
forecast_7485,2025-11-08 21:00:00,7695.12756782951,8860.866967799424,4914.939453125
forecast_7486,2025-11-08 22:00:00,7548.234522290019,9419.71221421851,5426.2275390625
forecast_7487,2025-11-08 23:00:00,9184.046582822733,11064.567127618659,6331.33740234375
forecast_7488,2025-11-09 00:00:00,11252.843649979939,12108.468412330116,7161.1357421875
forecast_7489,2025-11-09 01:00:00,10838.933077552596,12105.348291273465,6134.98583984375
forecast_7490,2025-11-09 02:00:00,12333.80997002313,13066.20171243558,6497.5517578125
forecast_7491,2025-11-09 03:00:00,13956.857559078864,14230.841043575765,8062.4326171875
forecast_7492,2025-11-09 04:00:00,14546.73440787674,15764.34480200199,10202.1630859375
forecast_7493,2025-11-09 05:00:00,14754.776724456246,16143.043297099513,10563.37109375
forecast_7494,2025-11-09 06:00:00,15652.924613390333,15922.687622621885,11595.787109375
forecast_7495,2025-11-09 07:00:00,16019.245795559793,16333.610176886525,12890.1181640625
forecast_7496,2025-11-09 08:00:00,15911.940253922217,15784.155144532735,13473.787109375
forecast_7497,2025-11-09 09:00:00,14250.224140200238,13857.661424859147,12294.771484375
forecast_7498,2025-11-09 10:00:00,13409.72377915174,14182.002724366392,10960.404296875
forecast_7499,2025-11-09 11:00:00,12488.344020236083,13009.342805115399,9545.09765625
forecast_7500,2025-11-09 12:00:00,12007.548091067052,12670.976901075272,9164.4970703125
forecast_7501,2025-11-09 13:00:00,12043.477523016812,12728.770077281191,9849.5126953125
forecast_7502,2025-11-09 14:00:00,12279.739319144704,12724.423513756512,9491.197265625
forecast_7503,2025-11-09 15:00:00,12931.696916745095,12753.297823466488,9836.4970703125
forecast_7504,2025-11-09 16:00:00,13328.054366913135,13031.204812267732,9841.25
forecast_7505,2025-11-09 17:00:00,13621.668588584735,14010.136658201885,10835.181640625
forecast_7506,2025-11-09 18:00:00,13869.801691566005,14468.455794468211,11898.658203125
forecast_7507,2025-11-09 19:00:00,14856.51323708698,15719.099958624167,12733.900390625
forecast_7508,2025-11-09 20:00:00,15908.091812394534,17415.72597186209,13447.171875
forecast_7509,2025-11-09 21:00:00,16198.945335219203,17689.817663777896,13762.396484375
forecast_7510,2025-11-09 22:00:00,16405.371278528266,17022.130068113875,13971.8388671875
forecast_7511,2025-11-09 23:00:00,15539.637580641216,16274.137828370483,12995.2431640625
forecast_7512,2025-11-10 00:00:00,14819.667326447416,15440.983592711078,13047.0009765625
forecast_7513,2025-11-10 01:00:00,14437.184694493555,13804.930936359688,11895.142578125
forecast_7514,2025-11-10 02:00:00,14004.362407934286,13234.25113411212,11708.255859375
forecast_7515,2025-11-10 03:00:00,13873.64036448436,13029.575459238427,11806.1376953125
forecast_7516,2025-11-10 04:00:00,14049.888450845589,13517.588372148586,11797.306640625
forecast_7517,2025-11-10 05:00:00,14334.647799895143,14590.663956680819,12431.919921875
forecast_7518,2025-11-10 06:00:00,14691.027769389104,14367.854390515486,12981.453125
forecast_7519,2025-11-10 07:00:00,16160.941240851886,15022.848791410077,14118.8232421875
forecast_7520,2025-11-10 08:00:00,15068.986440456074,14624.226442969408,13869.2451171875
forecast_7521,2025-11-10 09:00:00,13370.004290380002,13581.189328856797,11413.099609375
forecast_7522,2025-11-10 10:00:00,12906.051015235815,13033.155449005391,10045.759765625
forecast_7523,2025-11-10 11:00:00,11788.868755312222,12253.57242729528,8181.2646484375
forecast_7524,2025-11-10 12:00:00,10582.07846490178,9840.946832096073,6251.13623046875
forecast_7525,2025-11-10 13:00:00,10200.678562761477,8415.949575480345,5034.20849609375
forecast_7526,2025-11-10 14:00:00,9146.717123525588,7973.863103668898,4454.50341796875
forecast_7527,2025-11-10 15:00:00,8451.062703803753,6864.509278264802,4109.8974609375
forecast_7528,2025-11-10 16:00:00,7976.880349326058,6389.61378085703,4224.83740234375
forecast_7529,2025-11-10 17:00:00,9465.864685984769,8281.497089619505,4826.7900390625
forecast_7530,2025-11-10 18:00:00,11656.835482801249,11267.720464621812,6566.66943359375
forecast_7531,2025-11-10 19:00:00,14934.199209461267,15284.589973351303,9684.9921875
forecast_7532,2025-11-10 20:00:00,17526.518286013452,16012.821902090593,11975.833984375
forecast_7533,2025-11-10 21:00:00,18299.67284766384,17844.15173037511,14367.1533203125
forecast_7534,2025-11-10 22:00:00,18854.10908140404,18393.581910338253,16520.037109375
forecast_7535,2025-11-10 23:00:00,19127.580127080713,18174.74086591493,16987.111328125
forecast_7536,2025-11-11 00:00:00,19320.027932337664,17988.169273515312,17801.91796875
forecast_7537,2025-11-11 01:00:00,20390.809665396067,18934.155526711584,18769.943359375
forecast_7538,2025-11-11 02:00:00,19738.089003852612,18446.84053985178,17358.92578125
forecast_7539,2025-11-11 03:00:00,19288.797099751406,17397.18336383383,14852.4111328125
forecast_7540,2025-11-11 04:00:00,17490.638433511893,16003.447126629431,9795.501953125
forecast_7541,2025-11-11 05:00:00,14927.509325785704,14014.749119897539,6217.5517578125
forecast_7542,2025-11-11 06:00:00,10367.611488385202,10205.555915786135,3917.75390625
forecast_7543,2025-11-11 07:00:00,9192.083869377206,7413.172536679975,4895.7607421875
forecast_7544,2025-11-11 08:00:00,7532.374297784772,5637.590156278589,4265.64208984375
forecast_7545,2025-11-11 09:00:00,6197.61587875639,4338.6697049752765,4004.84521484375
forecast_7546,2025-11-11 10:00:00,4901.613599633512,3846.313661224896,3572.643310546875
forecast_7547,2025-11-11 11:00:00,4472.290679299909,3133.1972346933817,3287.28369140625
forecast_7548,2025-11-11 12:00:00,3519.0924550870172,2191.776442333551,2820.9951171875
forecast_7549,2025-11-11 13:00:00,3128.6864281117237,1700.6077842218394,2451.29248046875
forecast_7550,2025-11-11 14:00:00,2800.7759312151516,1753.7017258187802,2383.64794921875
forecast_7551,2025-11-11 15:00:00,2999.064209548069,1843.3849328506228,2507.5966796875
forecast_7552,2025-11-11 16:00:00,2901.724016226012,1500.6144560805974,2419.035400390625
forecast_7553,2025-11-11 17:00:00,2606.1285153369145,1448.157421833599,2175.93896484375
forecast_7554,2025-11-11 18:00:00,2719.367025370382,1508.3705088673796,2429.918701171875
forecast_7555,2025-11-11 19:00:00,2880.5295684396406,2379.9539480783706,3235.545654296875
forecast_7556,2025-11-11 20:00:00,2785.773419952656,1909.7057115322727,2507.958740234375
forecast_7557,2025-11-11 21:00:00,2692.094214087888,2027.817308327695,2511.334716796875
forecast_7558,2025-11-11 22:00:00,2697.978975180476,1869.5532658007103,2575.97802734375
forecast_7559,2025-11-11 23:00:00,3508.43436809382,2024.6820895151045,2723.59765625
forecast_7560,2025-11-12 00:00:00,3840.6747991698803,965.3028564453125,2876.549560546875
forecast_7561,2025-11-12 01:00:00,3359.2118970523934,2067.234997227548,3103.193115234375
forecast_7562,2025-11-12 02:00:00,3753.0379715913987,2382.0449630246662,3380.20166015625
forecast_7563,2025-11-12 03:00:00,4193.580151224952,2568.7034896803034,3424.083984375
forecast_7564,2025-11-12 04:00:00,4243.7598635907925,2945.2236857876896,3413.37646484375
forecast_7565,2025-11-12 05:00:00,4350.380349151373,3345.6441556299487,3459.78076171875
forecast_7566,2025-11-12 06:00:00,5046.884758166142,4025.302645235427,3623.942138671875
forecast_7567,2025-11-12 07:00:00,5900.406234018433,5470.976914426299,3881.887451171875
forecast_7568,2025-11-12 08:00:00,6205.543756338564,6468.0266051594745,4218.8984375
forecast_7569,2025-11-12 09:00:00,6185.171123878472,6026.199494054469,4322.0439453125
forecast_7570,2025-11-12 10:00:00,6117.803452755454,5566.945940066255,4240.18603515625
forecast_7571,2025-11-12 11:00:00,5605.78584945377,5206.907838029345,4000.078857421875
forecast_7572,2025-11-12 12:00:00,5524.333661073524,4559.97485463295,3627.23681640625
forecast_7573,2025-11-12 13:00:00,5827.763347844189,5305.027008579735,3592.021484375
forecast_7574,2025-11-12 14:00:00,6033.9393465420835,5364.65168839208,3653.783203125
forecast_7575,2025-11-12 15:00:00,6135.932743817833,5847.963493417277,3888.12158203125
forecast_7576,2025-11-12 16:00:00,7071.446039473654,6531.875788484091,4018.57470703125
forecast_7577,2025-11-12 17:00:00,8709.434857955112,8625.763768741253,4376.43017578125
forecast_7578,2025-11-12 18:00:00,10287.574669956535,10212.357238478959,5194.44384765625
forecast_7579,2025-11-12 19:00:00,13747.062151213238,13784.90555360926,7764.65771484375
forecast_7580,2025-11-12 20:00:00,15942.353200839738,15764.5316866223,10952.3125
forecast_7581,2025-11-12 21:00:00,17377.604584868634,16861.88600375876,13985.0361328125
forecast_7582,2025-11-12 22:00:00,17930.073179065777,17654.8065860712,16340.634765625
forecast_7583,2025-11-12 23:00:00,18904.196392430025,18160.957108658076,17644.814453125
forecast_7584,2025-11-13 00:00:00,19811.578009626282,19076.37677030009,18695.056640625
forecast_7585,2025-11-13 01:00:00,20291.22620359108,18592.711099650245,18772.66015625
forecast_7586,2025-11-13 02:00:00,20026.015356020613,18583.63409700518,19031.787109375
forecast_7587,2025-11-13 03:00:00,20064.59301097764,19612.468883368383,18816.69140625
forecast_7588,2025-11-13 04:00:00,19663.825789186587,19017.797800783097,18217.810546875
forecast_7589,2025-11-13 05:00:00,19231.297621894268,18543.443644408057,17728.18359375
forecast_7590,2025-11-13 06:00:00,19137.89149318044,18879.943000671956,17049.068359375
forecast_7591,2025-11-13 07:00:00,18635.5202287558,18212.99707078102,15583.400390625
forecast_7592,2025-11-13 08:00:00,17146.12437517215,16397.640557170285,13404.568359375
forecast_7593,2025-11-13 09:00:00,15082.39379641801,15110.443221395155,10652.1455078125
forecast_7594,2025-11-13 10:00:00,12379.176206530132,12376.93116442119,9124.9638671875
forecast_7595,2025-11-13 11:00:00,10934.352657472864,9642.101048167191,7370.18505859375
forecast_7596,2025-11-13 12:00:00,8585.122779058634,8068.370583095324,5633.4912109375
forecast_7597,2025-11-13 13:00:00,6579.349819788651,5213.293323964761,4095.120361328125
forecast_7598,2025-11-13 14:00:00,5346.976309977217,3795.6820527780337,3492.1484375
forecast_7599,2025-11-13 15:00:00,4578.9344792295315,3467.791199946017,3240.310791015625
forecast_7600,2025-11-13 16:00:00,4903.000855651651,4181.0770424980565,3421.565185546875
forecast_7601,2025-11-13 17:00:00,5994.873270776334,6509.472979053187,3654.84423828125
forecast_7602,2025-11-13 18:00:00,6509.090907147111,6315.653373086695,4250.09619140625
forecast_7603,2025-11-13 19:00:00,6172.651411581228,6311.812957580019,4588.06103515625
forecast_7604,2025-11-13 20:00:00,5892.200877711255,5736.33380701333,4460.14990234375
forecast_7605,2025-11-13 21:00:00,7056.2905268235745,6306.020739367715,4602.47900390625
forecast_7606,2025-11-13 22:00:00,7303.279896669628,6954.678916052506,4692.91357421875
forecast_7607,2025-11-13 23:00:00,7509.350379455747,7253.757647935741,4829.26025390625
forecast_7608,2025-11-14 00:00:00,7215.23261381864,6988.925976409025,4764.2431640625
forecast_7609,2025-11-14 01:00:00,5260.047116822581,4479.244418158181,4024.514404296875
forecast_7610,2025-11-14 02:00:00,5782.667011470992,4559.184310112429,4035.549560546875
forecast_7611,2025-11-14 03:00:00,5819.906332731795,4473.116942477895,4063.590576171875
forecast_7612,2025-11-14 04:00:00,5701.309826014181,2570.3515832243193,4023.576904296875
forecast_7613,2025-11-14 05:00:00,5653.937228825864,2883.2315822580194,4030.296142578125
forecast_7614,2025-11-14 06:00:00,5855.58312225024,3150.625811538264,3963.020751953125
forecast_7615,2025-11-14 07:00:00,6199.107556385145,3885.7947563894995,4041.1484375
forecast_7616,2025-11-14 08:00:00,6570.517321639845,4051.2533511173087,4448.203125
forecast_7617,2025-11-14 09:00:00,6406.28022086573,4990.690056127034,4493.65576171875
forecast_7618,2025-11-14 10:00:00,6029.393186088886,5172.088016754564,4346.1767578125
forecast_7619,2025-11-14 11:00:00,5724.764080897903,4456.992306510112,4094.76318359375
forecast_7620,2025-11-14 12:00:00,4891.986106673554,3829.407832673254,3707.29248046875
forecast_7621,2025-11-14 13:00:00,4576.937663537211,4458.526147814548,3701.77392578125
forecast_7622,2025-11-14 14:00:00,5059.89427969972,4097.735815328229,3555.487548828125
forecast_7623,2025-11-14 15:00:00,5437.642536813799,4436.721666584359,3454.031982421875
forecast_7624,2025-11-14 16:00:00,6299.32948772517,5874.056485663426,3506.55224609375
forecast_7625,2025-11-14 17:00:00,8055.122131746382,7467.04180187586,3890.041748046875
forecast_7626,2025-11-14 18:00:00,10105.378391897866,9925.179454117511,6364.08837890625
forecast_7627,2025-11-14 19:00:00,10230.728681544817,9473.584501530317,5462.39794921875
forecast_7628,2025-11-14 20:00:00,12331.362246866203,12374.558479623765,6796.71240234375
forecast_7629,2025-11-14 21:00:00,12282.791642521799,12194.08918394986,6717.60009765625
forecast_7630,2025-11-14 22:00:00,12427.747106961986,11491.552363288896,6934.7861328125
forecast_7631,2025-11-14 23:00:00,12009.53183423006,10844.210895329848,7058.48046875
forecast_7632,2025-11-15 00:00:00,10473.435262754409,8798.092458897912,6406.4267578125
forecast_7633,2025-11-15 01:00:00,8134.924260731064,6379.728880403791,4623.2919921875
forecast_7634,2025-11-15 02:00:00,7595.885730423108,5502.5552062786355,4162.5625
forecast_7635,2025-11-15 03:00:00,7478.394686923526,5471.777101762533,4030.063232421875
forecast_7636,2025-11-15 04:00:00,7012.976046290227,5186.458937821149,4220.1318359375
forecast_7637,2025-11-15 05:00:00,6408.351705491854,4852.30395704522,4145.330078125
forecast_7638,2025-11-15 06:00:00,5823.750028260278,4528.277896947895,3763.875
forecast_7639,2025-11-15 07:00:00,5379.386216467803,4523.434981282435,3525.59130859375
forecast_7640,2025-11-15 08:00:00,5226.377281607147,3988.8748149282505,3627.99462890625
forecast_7641,2025-11-15 09:00:00,4636.089096850839,3945.7084823133155,3339.731689453125
forecast_7642,2025-11-15 10:00:00,4035.5945647835906,2857.194555689537,3197.176513671875
forecast_7643,2025-11-15 11:00:00,3623.917277404399,2427.176978066859,3092.06005859375
forecast_7644,2025-11-15 12:00:00,3289.9533011167364,1967.840542800048,2998.14013671875
forecast_7645,2025-11-15 13:00:00,2957.8953397584723,2083.8838842104124,2791.4384765625
forecast_7646,2025-11-15 14:00:00,3067.0392997335894,1859.499554016969,2713.408935546875
forecast_7647,2025-11-15 15:00:00,3144.237744151337,1893.2174854897046,2621.067138671875
forecast_7648,2025-11-15 16:00:00,3636.6114013620327,2454.2259330752413,2593.993408203125
forecast_7649,2025-11-15 17:00:00,4828.237838157669,3684.7066210827315,3353.594970703125
forecast_7650,2025-11-15 18:00:00,6779.389607252384,6385.759026134605,3744.94677734375
forecast_7651,2025-11-15 19:00:00,8644.28649033828,9741.664410690304,4548.02392578125
forecast_7652,2025-11-15 20:00:00,9872.324523459121,10608.091741493907,5232.48046875
forecast_7653,2025-11-15 21:00:00,9940.546756085427,10944.484182795139,5314.3349609375
forecast_7654,2025-11-15 22:00:00,10012.989955380759,10772.37409714186,5700.0224609375
forecast_7655,2025-11-15 23:00:00,9948.551900025424,10739.439659868265,5830.00439453125
forecast_7656,2025-11-16 00:00:00,9946.274143797895,10110.819131710396,6025.15380859375
forecast_7657,2025-11-16 01:00:00,11015.011300436756,9052.22021403216,5834.3798828125
forecast_7658,2025-11-16 02:00:00,10781.866074963866,10322.219029025124,5824.01806640625
forecast_7659,2025-11-16 03:00:00,10842.226919011366,8828.83368103623,5921.4541015625
forecast_7660,2025-11-16 04:00:00,10905.326897010906,10486.818689581803,5747.57373046875
forecast_7661,2025-11-16 05:00:00,11165.22686953512,11028.80961394183,6059.21484375
forecast_7662,2025-11-16 06:00:00,10974.20351929994,11409.413236544518,6118.4873046875
forecast_7663,2025-11-16 07:00:00,11021.811627280002,11356.103828281897,6478.9580078125
forecast_7664,2025-11-16 08:00:00,11780.846182785797,13072.828465602184,7499.16943359375
forecast_7665,2025-11-16 09:00:00,11034.280729481405,13866.385435062235,7310.11865234375
forecast_7666,2025-11-16 10:00:00,11693.993627624808,14527.658820180786,8197.3046875
forecast_7667,2025-11-16 11:00:00,12253.856315118133,15112.147981412845,10174.5966796875
forecast_7668,2025-11-16 12:00:00,11901.490072115312,13254.03938104671,10415.81640625
forecast_7669,2025-11-16 13:00:00,12314.453244285636,14147.18148999415,10508.9716796875
forecast_7670,2025-11-16 14:00:00,11757.586075145038,13385.822948078936,9751.775390625
forecast_7671,2025-11-16 15:00:00,12190.804024061914,13559.28016015696,10738.45703125
forecast_7672,2025-11-16 16:00:00,13892.485236464028,13977.594387127641,12113.8828125
forecast_7673,2025-11-16 17:00:00,15736.615156336624,17063.5188131393,14257.955078125
forecast_7674,2025-11-16 18:00:00,17503.320223835202,18704.90339027727,17534.89453125
forecast_7675,2025-11-16 19:00:00,18079.082038597662,19261.918344622485,19015.22265625
forecast_7676,2025-11-16 20:00:00,18708.02890895409,19738.64225118704,19592.212890625
forecast_7677,2025-11-16 21:00:00,19099.503388453457,19952.343559968933,19753.51171875
forecast_7678,2025-11-16 22:00:00,18888.41481922286,19731.67965599248,19746.927734375
forecast_7679,2025-11-16 23:00:00,18745.648690989517,19711.60714892674,19547.1953125
forecast_7680,2025-11-17 00:00:00,18730.62316304882,18966.52195412027,19113.083984375
forecast_7681,2025-11-17 01:00:00,18520.364586958203,19351.09281529171,18365.12890625
forecast_7682,2025-11-17 02:00:00,18671.620817233572,19434.818318939157,17917.400390625
forecast_7683,2025-11-17 03:00:00,18521.33433804959,19104.89204715871,17736.8203125
forecast_7684,2025-11-17 04:00:00,18614.223943653393,19071.136929646305,18143.890625
forecast_7685,2025-11-17 05:00:00,18700.160339862647,18800.573248808618,18010.89453125
forecast_7686,2025-11-17 06:00:00,18761.345896289553,19188.277588863562,18245.708984375
forecast_7687,2025-11-17 07:00:00,19535.416657816662,18884.404517187457,19064.046875
forecast_7688,2025-11-17 08:00:00,19617.55838796484,18768.193794581628,19089.328125
forecast_7689,2025-11-17 09:00:00,18243.231771818086,17647.609127485695,17413.572265625
forecast_7690,2025-11-17 10:00:00,15981.649143308257,15386.081407204612,14232.90625
forecast_7691,2025-11-17 11:00:00,14709.870749609814,14972.737711752687,12511.2548828125
forecast_7692,2025-11-17 12:00:00,14230.553487521873,14397.615187346246,11707.529296875
forecast_7693,2025-11-17 13:00:00,13843.103945697598,14177.016887098962,10919.501953125
forecast_7694,2025-11-17 14:00:00,13308.820740890576,13362.338433647948,10626.7294921875
forecast_7695,2025-11-17 15:00:00,13254.511605622296,13046.378386636019,10035.568359375
forecast_7696,2025-11-17 16:00:00,13408.286621093637,13061.856407779045,10553.779296875
forecast_7697,2025-11-17 17:00:00,13881.503094744417,13452.333894997995,11393.0224609375
forecast_7698,2025-11-17 18:00:00,13697.17612317267,13768.208875299868,11957.1474609375
forecast_7699,2025-11-17 19:00:00,13791.5554524007,14045.91115244004,12431.05859375
forecast_7700,2025-11-17 20:00:00,14925.848242509168,14491.036595127953,14049.4326171875
forecast_7701,2025-11-17 21:00:00,15926.796723081594,14932.950012723835,15374.3515625
forecast_7702,2025-11-17 22:00:00,17584.733148772546,16248.236635979962,15916.787109375
forecast_7703,2025-11-17 23:00:00,17373.546969269173,16577.940143566353,16009.8359375
forecast_7704,2025-11-18 00:00:00,17296.46702293908,16199.955394907385,15981.4404296875
forecast_7705,2025-11-18 01:00:00,16574.30574197346,15982.176698693007,14285.4970703125
forecast_7706,2025-11-18 02:00:00,16926.5641081438,16687.665792169217,14775.2392578125
forecast_7707,2025-11-18 03:00:00,16958.172510649907,16518.391398282463,15032.849609375
forecast_7708,2025-11-18 04:00:00,17430.244146491004,17272.09788249452,15811.771484375
forecast_7709,2025-11-18 05:00:00,17627.76518403451,17008.28819940528,16327.064453125
forecast_7710,2025-11-18 06:00:00,17713.834846491773,17044.775787062106,16529.24609375
forecast_7711,2025-11-18 07:00:00,17206.41936989813,16850.353688923948,15754.1689453125
forecast_7712,2025-11-18 08:00:00,15966.6010931263,16175.847484696586,15155.1201171875
forecast_7713,2025-11-18 09:00:00,14427.156424914894,14298.072898458031,13677.373046875
forecast_7714,2025-11-18 10:00:00,13417.879022347826,13924.230089797175,12162.392578125
forecast_7715,2025-11-18 11:00:00,12787.515811859264,13011.88832567228,10474.607421875
forecast_7716,2025-11-18 12:00:00,12814.712293616565,11887.856976426297,9470.130859375
forecast_7717,2025-11-18 13:00:00,12630.177156281905,11728.0055034371,8818.216796875
forecast_7718,2025-11-18 14:00:00,12549.65000780096,11321.603525240507,8555.193359375
forecast_7719,2025-11-18 15:00:00,11866.349348908312,10036.741919755103,7746.50244140625
forecast_7720,2025-11-18 16:00:00,10208.77395297469,8201.590562182977,6226.7568359375
forecast_7721,2025-11-18 17:00:00,9472.332919271887,6971.084867383471,5655.6123046875
forecast_7722,2025-11-18 18:00:00,8466.373762441079,6654.067314123131,5360.41162109375
forecast_7723,2025-11-18 19:00:00,7804.545442375882,6927.912875720917,5260.7900390625
forecast_7724,2025-11-18 20:00:00,8145.516230526011,7856.265034284665,5289.8125
forecast_7725,2025-11-18 21:00:00,8124.658678567503,9051.575814718071,5360.10986328125
forecast_7726,2025-11-18 22:00:00,8840.65638353126,9686.11339598077,5594.49169921875
forecast_7727,2025-11-18 23:00:00,9854.103021066083,10051.11012833271,5891.33349609375
forecast_7728,2025-11-19 00:00:00,10089.776217325281,9922.514669310156,6105.6416015625
forecast_7729,2025-11-19 01:00:00,11353.64756362118,12575.031369507638,5887.7822265625
forecast_7730,2025-11-19 02:00:00,11708.75715467711,11129.602494474715,5947.45458984375
forecast_7731,2025-11-19 03:00:00,10510.581483766557,9782.96366382466,5097.59326171875
forecast_7732,2025-11-19 04:00:00,9668.767959259056,8071.391187839609,5142.46875
forecast_7733,2025-11-19 05:00:00,7667.384288640867,5853.634795866143,4842.81494140625
forecast_7734,2025-11-19 06:00:00,6243.0443333607,4520.130536146648,4706.609375
forecast_7735,2025-11-19 07:00:00,5757.126759010378,4288.236373977517,4404.79833984375
forecast_7736,2025-11-19 08:00:00,5397.562298696965,4124.354808130654,4323.63671875
forecast_7737,2025-11-19 09:00:00,4540.926842744013,3403.6352235902586,4093.30712890625
forecast_7738,2025-11-19 10:00:00,3993.1383340090697,2977.4857009005204,3762.51708984375
forecast_7739,2025-11-19 11:00:00,3606.689556004587,2806.3641966201335,3481.62890625
forecast_7740,2025-11-19 12:00:00,3312.9130846889584,2493.8667455169716,3279.34375
forecast_7741,2025-11-19 13:00:00,3142.3813103339207,2343.7900009862087,3082.578125
forecast_7742,2025-11-19 14:00:00,3056.1775303002023,2164.472710858945,3168.2685546875
forecast_7743,2025-11-19 15:00:00,4081.8774445067056,2176.0762518488636,3600.26171875
forecast_7744,2025-11-19 16:00:00,4852.668743883993,4010.6388444025165,3880.97216796875
forecast_7745,2025-11-19 17:00:00,6401.363161065612,4888.380470905176,4278.4462890625
forecast_7746,2025-11-19 18:00:00,9646.1991245975,8222.797934934682,5669.8447265625
forecast_7747,2025-11-19 19:00:00,11846.346859599698,10945.569880386327,7060.4150390625
forecast_7748,2025-11-19 20:00:00,14328.360427641974,13254.121092461277,9077.474609375
forecast_7749,2025-11-19 21:00:00,16146.144984858369,15291.4387003976,10894.658203125
forecast_7750,2025-11-19 22:00:00,18256.597995974487,16410.4325747613,13739.630859375
forecast_7751,2025-11-19 23:00:00,19426.11301332805,18533.675461409297,16533.578125
forecast_7752,2025-11-20 00:00:00,20133.461477495064,19344.84470473785,17837.123046875
forecast_7753,2025-11-20 01:00:00,20573.396333537916,19706.091515625674,18474.955078125
forecast_7754,2025-11-20 02:00:00,20585.361439243086,19999.09531822431,19090.76171875
forecast_7755,2025-11-20 03:00:00,20705.283679231656,19977.13543041752,19226.3125
forecast_7756,2025-11-20 04:00:00,20883.874089992052,20153.72894891768,19120.953125
forecast_7757,2025-11-20 05:00:00,20520.433873627568,20349.591078282152,18513.45703125
forecast_7758,2025-11-20 06:00:00,20314.876489995695,19900.384587307308,18417.90234375
forecast_7759,2025-11-20 07:00:00,20177.69000941957,19779.624925101736,18179.998046875
forecast_7760,2025-11-20 08:00:00,19423.525418932808,19704.304771394327,18026.255859375
forecast_7761,2025-11-20 09:00:00,19359.714284838294,19731.52435400198,18512.8515625
forecast_7762,2025-11-20 10:00:00,19119.136790375527,20080.43637029057,18435.98828125
forecast_7763,2025-11-20 11:00:00,17828.073812489227,19663.395285240236,17123.443359375
forecast_7764,2025-11-20 12:00:00,18622.279776987736,19185.525692326904,17032.96875
forecast_7765,2025-11-20 13:00:00,18756.58667891363,19400.87188151971,16203.353515625
forecast_7766,2025-11-20 14:00:00,18550.597843576892,19343.346537766076,16285.6171875
forecast_7767,2025-11-20 15:00:00,18351.374651064114,19126.150360790478,16599.45703125
forecast_7768,2025-11-20 16:00:00,18592.25349068125,19026.356346966888,16728.640625
forecast_7769,2025-11-20 17:00:00,18871.217330211966,19249.018143669287,16872.134765625
forecast_7770,2025-11-20 18:00:00,19118.712061969323,19202.225396601036,17407.55078125
forecast_7771,2025-11-20 19:00:00,18851.429695075658,19141.691461189534,18142.04296875
forecast_7772,2025-11-20 20:00:00,18759.652430846458,19349.078803098833,18382.52734375
forecast_7773,2025-11-20 21:00:00,18858.646463467347,19271.991537401525,18401.25
forecast_7774,2025-11-20 22:00:00,18813.501849534212,18805.538869861317,18480.328125
forecast_7775,2025-11-20 23:00:00,18455.74894438306,18546.083232008277,18424.88671875
forecast_7776,2025-11-21 00:00:00,18122.01298906703,18560.026259751347,18246.9140625
forecast_7777,2025-11-21 01:00:00,17685.42819839025,18341.732784160144,17215.990234375
forecast_7778,2025-11-21 02:00:00,17446.67985802783,17879.464164770372,16233.1982421875
forecast_7779,2025-11-21 03:00:00,18156.05150000652,18419.54745315454,16826.22265625
forecast_7780,2025-11-21 04:00:00,18029.476788072872,18163.034885810877,16554.28515625
forecast_7781,2025-11-21 05:00:00,18846.927823241844,18353.85151566616,17235.09765625
forecast_7782,2025-11-21 06:00:00,19297.347926036375,18372.021573144804,17146.6640625
forecast_7783,2025-11-21 07:00:00,19411.528648609627,18432.81713244865,17080.919921875
forecast_7784,2025-11-21 08:00:00,18912.948903900695,18445.498205349188,17442.32421875
forecast_7785,2025-11-21 09:00:00,18530.222247207443,18776.895579674165,17957.427734375
forecast_7786,2025-11-21 10:00:00,16974.17042102845,18246.546735928132,16535.55078125
forecast_7787,2025-11-21 11:00:00,15744.38377666332,17693.157924352556,14092.0185546875
forecast_7788,2025-11-21 12:00:00,15788.826441032656,17032.89310463342,13166.666015625
forecast_7789,2025-11-21 13:00:00,15970.802232863254,16905.379730062727,12498.0263671875
forecast_7790,2025-11-21 14:00:00,15569.101210654408,16384.915828198435,12055.849609375
forecast_7791,2025-11-21 15:00:00,15915.8737182011,16460.668146696844,12393.099609375
forecast_7792,2025-11-21 16:00:00,15724.925611689245,16504.11919155864,13615.197265625
forecast_7793,2025-11-21 17:00:00,16372.273938198445,16969.570959104,14541.0986328125
forecast_7794,2025-11-21 18:00:00,16936.20912119084,17274.008019443758,15187.0732421875
forecast_7795,2025-11-21 19:00:00,16759.774639510728,17081.99554738637,15757.822265625
forecast_7796,2025-11-21 20:00:00,16997.367608095043,17093.225971248132,16253.083984375
forecast_7797,2025-11-21 21:00:00,17752.79705431716,18172.661809375517,17312.556640625
forecast_7798,2025-11-21 22:00:00,17754.214863954585,18034.29873803517,17453.69921875
forecast_7799,2025-11-21 23:00:00,18446.76529566856,18401.768952347928,17476.888671875
forecast_7800,2025-11-22 00:00:00,19024.508903720227,18898.03929056695,18276.185546875
forecast_7801,2025-11-22 01:00:00,18724.901988897192,18477.306808868823,16943.158203125
forecast_7802,2025-11-22 02:00:00,19060.670252810778,18712.71028016437,17139.77734375
forecast_7803,2025-11-22 03:00:00,19549.188255303176,18846.167628870502,17204.09765625
forecast_7804,2025-11-22 04:00:00,19672.47610492223,19153.029781790676,17684.99609375
forecast_7805,2025-11-22 05:00:00,19777.2802752999,19535.74897316122,17532.205078125
forecast_7806,2025-11-22 06:00:00,19729.74574506823,19489.98725952852,17316.578125
forecast_7807,2025-11-22 07:00:00,19745.693288573744,17199.629801583895,16578.400390625
forecast_7808,2025-11-22 08:00:00,18854.785993327005,18335.338847139436,13911.9404296875
forecast_7809,2025-11-22 09:00:00,17913.852599141126,17565.52040564837,12495.501953125
forecast_7810,2025-11-22 10:00:00,16006.926817343896,16212.741459980089,12704.146484375
forecast_7811,2025-11-22 11:00:00,14280.987079348404,14364.935210186783,11578.685546875
forecast_7812,2025-11-22 12:00:00,14114.930212346177,13936.061785544125,11014.4716796875
forecast_7813,2025-11-22 13:00:00,14772.234300651635,13981.748851316732,11695.10546875
forecast_7814,2025-11-22 14:00:00,15180.516963015676,14542.801872320886,12420.150390625
forecast_7815,2025-11-22 15:00:00,15693.23964830951,14980.88094198093,13173.7705078125
forecast_7816,2025-11-22 16:00:00,16136.059749825663,15430.0143408989,14023.0673828125
forecast_7817,2025-11-22 17:00:00,17335.21331964591,16707.035129544027,14945.2685546875
forecast_7818,2025-11-22 18:00:00,19269.082802042838,18195.235344454068,16996.119140625
forecast_7819,2025-11-22 19:00:00,19774.483027382725,18774.99111843823,17787.73828125
forecast_7820,2025-11-22 20:00:00,20135.974559272203,19292.34347028937,18457.45703125
forecast_7821,2025-11-22 21:00:00,20541.6685751501,19971.656742483578,19216.396484375
forecast_7822,2025-11-22 22:00:00,20527.810331432782,19893.42514425196,19072.76171875
forecast_7823,2025-11-22 23:00:00,20682.783152425756,19646.606026248122,19136.828125
forecast_7824,2025-11-23 00:00:00,20718.57600107805,19984.75074309676,19940.71484375
forecast_7825,2025-11-23 01:00:00,20660.491664475056,20145.55907727281,19729.67578125
forecast_7826,2025-11-23 02:00:00,20806.912547198022,20249.862744808936,19608.13671875
forecast_7827,2025-11-23 03:00:00,20676.83254139714,20505.33295263537,19682.841796875
forecast_7828,2025-11-23 04:00:00,20723.151147083623,20495.214561748297,19597.478515625
forecast_7829,2025-11-23 05:00:00,20844.514688501527,20509.236208962546,19568.845703125
forecast_7830,2025-11-23 06:00:00,20711.1521793102,20365.057759771284,19546.88671875
forecast_7831,2025-11-23 07:00:00,20763.292074567908,20452.090905773588,19361.82421875
forecast_7832,2025-11-23 08:00:00,20656.343527031822,19655.556631494626,19042.541015625
forecast_7833,2025-11-23 09:00:00,20016.59907812169,19480.43572913447,18742.033203125
forecast_7834,2025-11-23 10:00:00,20103.023558541652,19682.942053483013,18859.556640625
forecast_7835,2025-11-23 11:00:00,19415.86663613987,18585.3430363383,18641.041015625
forecast_7836,2025-11-23 12:00:00,18920.53563139158,17960.104893916905,18011.7421875
forecast_7837,2025-11-23 13:00:00,18239.515104150476,16923.391229205357,16491.439453125
forecast_7838,2025-11-23 14:00:00,16125.094038281924,14784.973628704536,14842.9716796875
forecast_7839,2025-11-23 15:00:00,14935.730633003903,15601.767660239566,13606.599609375
forecast_7840,2025-11-23 16:00:00,15287.177447559203,15571.913870323475,14137.009765625
forecast_7841,2025-11-23 17:00:00,17371.3102506211,17030.354087158397,15119.75
forecast_7842,2025-11-23 18:00:00,19190.99064992053,18662.978229511165,17901.974609375
forecast_7843,2025-11-23 19:00:00,19639.3748625738,18966.47935723606,19253.00390625
forecast_7844,2025-11-23 20:00:00,19670.22269533637,19086.825048650626,19538.03515625
forecast_7845,2025-11-23 21:00:00,19538.265197800483,18787.668395478286,19182.916015625
forecast_7846,2025-11-23 22:00:00,18839.336266951563,18313.794790153734,18447.052734375
forecast_7847,2025-11-23 23:00:00,17975.464721484426,18004.659831829234,17767.126953125
forecast_7848,2025-11-24 00:00:00,17294.699445275128,17233.92790141532,17243.712890625
forecast_7849,2025-11-24 01:00:00,17682.885665585294,16499.82841674707,15154.841796875
forecast_7850,2025-11-24 02:00:00,18325.360795458586,17074.64989882872,16049.0439453125
forecast_7851,2025-11-24 03:00:00,18302.853458085214,17226.806266009713,15521.759765625
forecast_7852,2025-11-24 04:00:00,18210.36617590314,17170.733090199592,14539.7861328125
forecast_7853,2025-11-24 05:00:00,18243.574709553664,17851.36890544045,15040.0654296875
forecast_7854,2025-11-24 06:00:00,17322.42213338933,17447.870898536523,13444.96875
forecast_7855,2025-11-24 07:00:00,17235.6616021495,16624.571089657715,13780.3408203125
forecast_7856,2025-11-24 08:00:00,16950.89718846292,15350.51741032918,11876.7509765625
forecast_7857,2025-11-24 09:00:00,14725.462662454604,14201.797016431676,10430.046875
forecast_7858,2025-11-24 10:00:00,11806.59883476885,11907.630574962604,8506.3857421875
forecast_7859,2025-11-24 11:00:00,10589.066823102023,11258.883221366601,7922.3486328125
forecast_7860,2025-11-24 12:00:00,10850.412202773176,11675.311498695337,7831.8017578125
forecast_7861,2025-11-24 13:00:00,11573.033508882952,12507.008895979056,8952.640625
forecast_7862,2025-11-24 14:00:00,12867.468161790423,12947.91908749567,10221.6279296875
forecast_7863,2025-11-24 15:00:00,13534.182868102542,13680.449383302699,10976.333984375
forecast_7864,2025-11-24 16:00:00,13659.84419965593,13156.108942960373,11269.1298828125
forecast_7865,2025-11-24 17:00:00,13533.470850474303,12264.612007288866,11194.7998046875
forecast_7866,2025-11-24 18:00:00,13803.53100066405,13674.978957923895,11577.9072265625
forecast_7867,2025-11-24 19:00:00,12951.977669174725,13408.962508830995,10447.3095703125
forecast_7868,2025-11-24 20:00:00,13650.462413788842,13558.23514250239,11132.46875
forecast_7869,2025-11-24 21:00:00,13730.105741868678,14059.790800185123,10489.3203125
forecast_7870,2025-11-24 22:00:00,13772.317089511762,14054.02505039645,10927.67578125
forecast_7871,2025-11-24 23:00:00,13908.170364960366,14652.029537968077,11229.9248046875
forecast_7872,2025-11-25 00:00:00,14532.749359389032,13806.939189140887,12045.9736328125
forecast_7873,2025-11-25 01:00:00,15383.545728609599,15442.976145888983,12470.6328125
forecast_7874,2025-11-25 02:00:00,14435.538530072732,15468.377844467213,13958.591796875
forecast_7875,2025-11-25 03:00:00,14896.796802902798,14874.865885358153,12976.9423828125
forecast_7876,2025-11-25 04:00:00,14864.143947492876,14444.8280638067,11854.0615234375
forecast_7877,2025-11-25 05:00:00,14528.400633237325,15161.503426824494,11728.7314453125
forecast_7878,2025-11-25 06:00:00,16461.232367009918,15809.992151120843,13213.2939453125
forecast_7879,2025-11-25 07:00:00,16607.99899522849,15558.737393258347,12848.4501953125
forecast_7880,2025-11-25 08:00:00,16498.090290302098,15602.201855871503,12462.4970703125
forecast_7881,2025-11-25 09:00:00,14055.394722275552,13595.123058022355,10610.080078125
forecast_7882,2025-11-25 10:00:00,11280.978609359961,10204.624884992383,8520.78125
forecast_7883,2025-11-25 11:00:00,9273.24292201069,8828.18546329892,7516.3935546875
forecast_7884,2025-11-25 12:00:00,10604.876824371662,10860.657214446011,7913.1123046875
forecast_7885,2025-11-25 13:00:00,10282.373365108535,10596.336211468575,7708.9384765625
forecast_7886,2025-11-25 14:00:00,10451.222472776248,10486.210457882618,8649.431640625
forecast_7887,2025-11-25 15:00:00,13420.410170252308,12983.985529894975,11159.087890625
forecast_7888,2025-11-25 16:00:00,12425.078608028867,12334.557630039346,10743.6279296875
forecast_7889,2025-11-25 17:00:00,13438.961771725906,13172.819129024549,11456.14453125
forecast_7890,2025-11-25 18:00:00,12955.606855671196,12540.543857755207,11526.7763671875
forecast_7891,2025-11-25 19:00:00,12837.325766309948,12034.343484393483,10917.66796875
forecast_7892,2025-11-25 20:00:00,11934.366681170548,11071.399754835307,9263.072265625
forecast_7893,2025-11-25 21:00:00,11305.479354859275,8931.60198839493,7556.4208984375
forecast_7894,2025-11-25 22:00:00,9237.482132503099,8501.802504436935,5602.99853515625
forecast_7895,2025-11-25 23:00:00,8494.046035916901,7987.842141745429,4951.958984375
forecast_7896,2025-11-26 00:00:00,7474.260524102756,6903.028909150211,4715.48583984375
forecast_7897,2025-11-26 01:00:00,5657.6511803206,4872.364742815638,3640.596923828125
forecast_7898,2025-11-26 02:00:00,4664.088079122763,3999.048823838713,3281.065185546875
forecast_7899,2025-11-26 03:00:00,4401.564793965033,3233.975058223209,3146.39013671875
forecast_7900,2025-11-26 04:00:00,3916.8404141086853,2923.917420931816,3257.53759765625
forecast_7901,2025-11-26 05:00:00,3638.1786669351286,3123.4574024368567,3483.112548828125
forecast_7902,2025-11-26 06:00:00,4030.3585372652133,3694.694157154689,3902.256591796875
forecast_7903,2025-11-26 07:00:00,5263.790693714402,4500.992002203464,4114.20849609375
forecast_7904,2025-11-26 08:00:00,6047.608806892911,5143.4559697321565,4314.3662109375
forecast_7905,2025-11-26 09:00:00,6109.659793531164,4776.327313104814,4213.0595703125
forecast_7906,2025-11-26 10:00:00,6488.793970733091,4682.6665897211815,4108.02880859375
forecast_7907,2025-11-26 11:00:00,6507.9279918543925,4747.824897772605,3887.5234375
forecast_7908,2025-11-26 12:00:00,6079.96132098037,3868.7969948004666,3758.56396484375
forecast_7909,2025-11-26 13:00:00,5577.923384892199,3887.6578460879687,3815.99267578125
forecast_7910,2025-11-26 14:00:00,5848.770603104487,4427.551150603106,4205.255859375
forecast_7911,2025-11-26 15:00:00,6242.370841181468,5154.8040159136,4251.9892578125
forecast_7912,2025-11-26 16:00:00,6993.650186016592,6325.354769446575,4369.89404296875
forecast_7913,2025-11-26 17:00:00,9287.836395555354,8040.499873833709,5017.54541015625
forecast_7914,2025-11-26 18:00:00,11915.319734863693,9902.204391910911,6908.80859375
forecast_7915,2025-11-26 19:00:00,13695.35654670486,11257.933213494849,8129.7470703125
forecast_7916,2025-11-26 20:00:00,14402.774154342913,13081.854774457364,9049.9326171875
forecast_7917,2025-11-26 21:00:00,15072.67744929377,14943.686640341339,9875.470703125
forecast_7918,2025-11-26 22:00:00,15270.427837348412,15811.961710755233,10122.81640625
forecast_7919,2025-11-26 23:00:00,15283.147695165666,15926.566067175067,11290.318359375
forecast_7920,2025-11-27 00:00:00,16383.839402197404,16230.844510551335,13020.505859375
forecast_7921,2025-11-27 01:00:00,17562.3303050592,17777.061401809777,13127.1455078125
forecast_7922,2025-11-27 02:00:00,18251.82694358877,18011.979515135805,15592.197265625
forecast_7923,2025-11-27 03:00:00,18105.926728753377,16652.68855353383,16736.33984375
forecast_7924,2025-11-27 04:00:00,17891.515868607687,16997.32020754011,15733.2373046875
forecast_7925,2025-11-27 05:00:00,18232.578855819862,16333.039528595236,16677.125
forecast_7926,2025-11-27 06:00:00,17797.506032197416,16926.2782109603,16076.3779296875
forecast_7927,2025-11-27 07:00:00,16597.85135646008,17309.70758616602,14866.3125
forecast_7928,2025-11-27 08:00:00,15988.25600921789,17723.82229152844,15824.8642578125
forecast_7929,2025-11-27 09:00:00,17206.244810402757,17788.366744608185,17672.990234375
forecast_7930,2025-11-27 10:00:00,17260.409748065988,18311.148173488276,18802.2890625
forecast_7931,2025-11-27 11:00:00,16588.984307093637,17664.829723489507,18475.4140625
forecast_7932,2025-11-27 12:00:00,16312.7356451021,18915.80465889167,17115.486328125
forecast_7933,2025-11-27 13:00:00,17402.460984634836,19122.00651901777,18371.318359375
forecast_7934,2025-11-27 14:00:00,17968.510655062204,18392.24278446308,18575.89453125
forecast_7935,2025-11-27 15:00:00,18139.37142160322,19042.804303573088,17439.26953125
forecast_7936,2025-11-27 16:00:00,18782.040498229642,18979.783228801836,18197.603515625
forecast_7937,2025-11-27 17:00:00,18868.715737068083,19370.395442685163,18527.66796875
forecast_7938,2025-11-27 18:00:00,18943.130083884265,19313.218438482872,17902.9609375
forecast_7939,2025-11-27 19:00:00,18649.959037854016,18915.00516946392,17986.236328125
forecast_7940,2025-11-27 20:00:00,18541.084178981,19158.362893292822,16831.873046875
forecast_7941,2025-11-27 21:00:00,18948.152098733615,19168.58299170129,17096.66015625
forecast_7942,2025-11-27 22:00:00,19032.144572076293,18516.194626834003,18307.615234375
forecast_7943,2025-11-27 23:00:00,18969.040729536304,18820.92009188971,18279.16796875
forecast_7944,2025-11-28 00:00:00,18830.27339988997,19110.445126218336,18971.560546875
forecast_7945,2025-11-28 01:00:00,18051.95942334729,18543.50032210791,18490.478515625
forecast_7946,2025-11-28 02:00:00,16905.56396766795,18187.596575607786,17312.98046875
forecast_7947,2025-11-28 03:00:00,16951.33876178206,18644.31436508271,17148.138671875
forecast_7948,2025-11-28 04:00:00,19022.611335441492,18826.1873371101,18258.998046875
forecast_7949,2025-11-28 05:00:00,18473.33847316529,18724.85389598413,17515.599609375
forecast_7950,2025-11-28 06:00:00,16994.735144568214,17669.731377518518,13387.4267578125
forecast_7951,2025-11-28 07:00:00,16245.966032929438,16349.28717486202,10133.109375
forecast_7952,2025-11-28 08:00:00,15359.456224277425,15805.470319687163,8225.2158203125
forecast_7953,2025-11-28 09:00:00,13822.318663155145,13317.372280401556,7749.7548828125
forecast_7954,2025-11-28 10:00:00,11359.40189384303,11652.491653867608,7387.1728515625
forecast_7955,2025-11-28 11:00:00,9558.592094719683,10308.337293078312,6506.72509765625
forecast_7956,2025-11-28 12:00:00,9140.45456546669,9685.185244146509,5605.86962890625
forecast_7957,2025-11-28 13:00:00,8935.820368015691,9222.395014878479,5563.77880859375
forecast_7958,2025-11-28 14:00:00,8566.650111628025,8262.9509247647,5155.1181640625
forecast_7959,2025-11-28 15:00:00,8166.0541527365385,7711.791400622891,4687.5185546875
forecast_7960,2025-11-28 16:00:00,8037.804435316966,7354.170152823321,4312.49169921875
forecast_7961,2025-11-28 17:00:00,8266.907032004634,8027.352136393331,4435.78076171875
forecast_7962,2025-11-28 18:00:00,8715.543591683498,8281.807423637114,4742.3994140625
forecast_7963,2025-11-28 19:00:00,8173.903994159484,8220.807842722808,4479.99951171875
forecast_7964,2025-11-28 20:00:00,8450.207561137959,7045.952837187909,4716.33154296875
forecast_7965,2025-11-28 21:00:00,8041.784126179019,6383.9521538233175,4908.1025390625
forecast_7966,2025-11-28 22:00:00,7460.85484838067,5740.233208906311,4898.2939453125
forecast_7967,2025-11-28 23:00:00,7367.6654921299505,6003.975033760427,5030.171875
forecast_7968,2025-11-29 00:00:00,7832.402718075819,6356.6441598319525,5384.36767578125
forecast_7969,2025-11-29 01:00:00,7262.632212686292,6607.567387108214,5143.0673828125
forecast_7970,2025-11-29 02:00:00,8043.257599833995,7581.101974132487,5326.58984375
forecast_7971,2025-11-29 03:00:00,9301.585685250877,9002.145314255693,6006.8828125
forecast_7972,2025-11-29 04:00:00,11739.352843634226,12267.875115092045,7207.3759765625
forecast_7973,2025-11-29 05:00:00,13612.410312842669,14472.675499533294,8366.919921875
forecast_7974,2025-11-29 06:00:00,14584.905971453732,15316.671414397955,8629.39453125
forecast_7975,2025-11-29 07:00:00,14884.783054311127,14696.529557231896,8494.22265625
forecast_7976,2025-11-29 08:00:00,14460.903062795362,14603.115196183333,8080.140625
forecast_7977,2025-11-29 09:00:00,11989.725116261106,13372.299539254494,6689.81884765625
forecast_7978,2025-11-29 10:00:00,11303.727515294446,13008.894466966824,7479.85400390625
forecast_7979,2025-11-29 11:00:00,11250.952167410149,13963.079760208328,8698.560546875
forecast_7980,2025-11-29 12:00:00,11613.917102475047,14406.095676903526,10420.9326171875
forecast_7981,2025-11-29 13:00:00,13148.132671116342,15777.7805799211,11845.62109375
forecast_7982,2025-11-29 14:00:00,15029.58451559818,16051.29325682223,13396.0
forecast_7983,2025-11-29 15:00:00,16263.53032558742,16525.96618520232,15005.634765625
forecast_7984,2025-11-29 16:00:00,17597.124194882254,17880.243942918423,17253.62890625
forecast_7985,2025-11-29 17:00:00,18939.253912269418,19072.62689886937,19219.619140625
forecast_7986,2025-11-29 18:00:00,19588.945520074933,19744.301404353224,19952.244140625
forecast_7987,2025-11-29 19:00:00,19596.377469271123,19884.772014231974,20179.1796875
forecast_7988,2025-11-29 20:00:00,19730.224065186856,20061.321944945965,20220.9609375
forecast_7989,2025-11-29 21:00:00,19802.009496912295,20029.044679855477,20129.291015625
forecast_7990,2025-11-29 22:00:00,19704.867242403572,19722.702846864915,20002.275390625
forecast_7991,2025-11-29 23:00:00,19531.47358842377,19742.145719599182,20087.23828125
forecast_7992,2025-11-30 00:00:00,19198.97302422038,19665.62773393878,20149.50390625
forecast_7993,2025-11-30 01:00:00,18846.45309920896,19626.11476625369,19853.279296875
forecast_7994,2025-11-30 02:00:00,19384.41726926243,19196.094252991108,19789.234375
forecast_7995,2025-11-30 03:00:00,19210.27125968638,18621.77533514182,19377.90625
forecast_7996,2025-11-30 04:00:00,18373.335515812618,18561.757291378417,18912.91015625
forecast_7997,2025-11-30 05:00:00,17707.90178499798,18158.93328407413,18503.90625
forecast_7998,2025-11-30 06:00:00,17324.14883894308,17621.988244564476,17135.01171875
forecast_7999,2025-11-30 07:00:00,16482.972677482754,17100.806968864163,16143.53125
forecast_8000,2025-11-30 08:00:00,16193.596477281677,17029.71941179644,15270.2626953125
forecast_8001,2025-11-30 09:00:00,16184.084615844018,16658.09316318653,15015.2890625
forecast_8002,2025-11-30 10:00:00,15784.275436049513,16259.139148156984,14046.3095703125
forecast_8003,2025-11-30 11:00:00,15247.45981520063,15582.938988425647,13381.896484375
forecast_8004,2025-11-30 12:00:00,14598.592881159013,14756.164414318797,11978.466796875
forecast_8005,2025-11-30 13:00:00,13445.325654921904,13280.994843703675,10898.775390625
forecast_8006,2025-11-30 14:00:00,13123.83263220312,13815.375078035828,10636.173828125
forecast_8007,2025-11-30 15:00:00,12856.239288166671,13285.006443844975,10341.341796875
forecast_8008,2025-11-30 16:00:00,13288.52662703847,14038.019189937202,10951.8076171875
forecast_8009,2025-11-30 17:00:00,14076.730616425852,15338.833093886613,12638.3662109375
forecast_8010,2025-11-30 18:00:00,15804.944905461167,17979.87775945865,16347.318359375
forecast_8011,2025-11-30 19:00:00,17652.175395429684,19372.804845210387,18810.400390625
forecast_8012,2025-11-30 20:00:00,18507.479911485345,19597.20518147402,19344.55859375
forecast_8013,2025-11-30 21:00:00,18912.987044196623,19723.36643125657,19283.8515625
forecast_8014,2025-11-30 22:00:00,18894.892877916114,19873.87508427218,19201.548828125
forecast_8015,2025-11-30 23:00:00,18656.555909511113,19639.74231604203,19287.21875
forecast_8016,2025-12-01 00:00:00,18428.846585931624,19508.762486749078,19227.142578125
forecast_8017,2025-12-01 01:00:00,18513.51046664444,19814.352894812815,19160.48046875
forecast_8018,2025-12-01 02:00:00,18642.015927909015,19651.157698159048,18499.91015625
forecast_8019,2025-12-01 03:00:00,18064.398969508067,19568.091231562303,17358.076171875
forecast_8020,2025-12-01 04:00:00,17810.72041516077,19423.32796211772,17346.630859375
forecast_8021,2025-12-01 05:00:00,18114.661922741776,19238.15262624928,18261.513671875
forecast_8022,2025-12-01 06:00:00,18427.64801482331,19170.85071292814,18741.90234375
forecast_8023,2025-12-01 07:00:00,18764.855533719438,18957.4724685445,19019.611328125
forecast_8024,2025-12-01 08:00:00,18856.67418157631,18922.13257963941,18444.578125
forecast_8025,2025-12-01 09:00:00,16534.362577293992,16940.501666331045,15831.984375
forecast_8026,2025-12-01 10:00:00,14762.510135072445,14758.698949052407,11489.7880859375
forecast_8027,2025-12-01 11:00:00,11756.881230902567,12162.496775642625,6750.34375
forecast_8028,2025-12-01 12:00:00,9045.99040419031,7466.757475382081,5002.82568359375
forecast_8029,2025-12-01 13:00:00,7620.164197802636,6565.813280291381,4414.2841796875
forecast_8030,2025-12-01 14:00:00,6489.063801906039,5468.617755458254,3623.03857421875
forecast_8031,2025-12-01 15:00:00,5671.060733278142,4299.751086681493,3210.52587890625
forecast_8032,2025-12-01 16:00:00,5497.317606738369,4450.841240213213,3354.83203125
forecast_8033,2025-12-01 17:00:00,6094.471129068061,4659.471579602568,3481.32666015625
forecast_8034,2025-12-01 18:00:00,7132.697237268614,6232.6070772487765,3916.042236328125
forecast_8035,2025-12-01 19:00:00,8043.728305920905,6899.38143476438,4251.58447265625
forecast_8036,2025-12-01 20:00:00,11245.428922013161,10845.798320887983,6215.95458984375
forecast_8037,2025-12-01 21:00:00,13258.965768386266,12999.996143155537,7748.61865234375
forecast_8038,2025-12-01 22:00:00,14013.197123914622,14619.619716819529,9703.734375
forecast_8039,2025-12-01 23:00:00,15064.169521886415,16087.700408339959,11962.50390625
forecast_8040,2025-12-02 00:00:00,16486.992832529937,16935.332455889722,15270.6669921875
forecast_8041,2025-12-02 01:00:00,17394.08850915568,17387.033604001692,15981.234375
forecast_8042,2025-12-02 02:00:00,17161.513906184453,16585.841394804767,15321.6171875
forecast_8043,2025-12-02 03:00:00,18657.98206976697,18313.269253462455,16936.189453125
forecast_8044,2025-12-02 04:00:00,18776.488835938108,17915.193154759778,17133.72265625
forecast_8045,2025-12-02 05:00:00,18483.435357276096,17835.10156301029,16685.50390625
forecast_8046,2025-12-02 06:00:00,17978.04461808544,17875.55245637792,15175.3330078125
forecast_8047,2025-12-02 07:00:00,16571.12585949619,16526.195416766488,10439.771484375
forecast_8048,2025-12-02 08:00:00,14656.235681183505,14627.384631512436,8502.408203125
forecast_8049,2025-12-02 09:00:00,11966.465920664741,12699.936471993253,7669.31884765625
forecast_8050,2025-12-02 10:00:00,10230.656621245229,10706.918362136064,7330.93505859375
forecast_8051,2025-12-02 11:00:00,8963.311995703993,9051.884508960704,6021.8564453125
forecast_8052,2025-12-02 12:00:00,9361.762613903105,10110.063340361121,6500.255859375
forecast_8053,2025-12-02 13:00:00,10394.579499558266,10926.18064290487,7794.10009765625
forecast_8054,2025-12-02 14:00:00,10840.138810223694,11869.357330288738,8178.0224609375
forecast_8055,2025-12-02 15:00:00,12043.568235590546,12371.925013424743,9335.111328125
forecast_8056,2025-12-02 16:00:00,13218.097166583262,13250.336668938806,10939.626953125
forecast_8057,2025-12-02 17:00:00,13612.551182650142,14164.867974743755,11699.673828125
forecast_8058,2025-12-02 18:00:00,14672.03710941211,16099.642341417737,12474.84765625
forecast_8059,2025-12-02 19:00:00,15356.66948119069,16766.005526296132,13945.8173828125
forecast_8060,2025-12-02 20:00:00,15977.364727298433,17127.398341754055,15088.4794921875
forecast_8061,2025-12-02 21:00:00,16085.290995548188,17370.532415655296,15592.0185546875
forecast_8062,2025-12-02 22:00:00,16199.166738830205,16719.068947737673,16593.0390625
forecast_8063,2025-12-02 23:00:00,16208.214621072755,16541.333860857827,16859.185546875
forecast_8064,2025-12-03 00:00:00,16089.815192828188,16854.14578023854,16886.396484375
forecast_8065,2025-12-03 01:00:00,16236.341422066544,17569.666420759837,17161.455078125
forecast_8066,2025-12-03 02:00:00,16167.41644524971,17589.101217256946,16254.4453125
forecast_8067,2025-12-03 03:00:00,15931.298684075453,17240.14129163752,15439.587890625
forecast_8068,2025-12-03 04:00:00,15756.103045427133,17190.112339254578,15077.0859375
forecast_8069,2025-12-03 05:00:00,14937.249988801834,16389.987489587234,14038.9140625
forecast_8070,2025-12-03 06:00:00,14631.817465604672,16348.331781512541,13025.716796875
forecast_8071,2025-12-03 07:00:00,14514.06030769967,16297.445606608811,12175.171875
forecast_8072,2025-12-03 08:00:00,14433.937770635723,16487.944060414615,12716.23046875
forecast_8073,2025-12-03 09:00:00,15058.988396367247,17189.817122636687,12649.8359375
forecast_8074,2025-12-03 10:00:00,15842.677723579185,17119.122310433006,12005.630859375
forecast_8075,2025-12-03 11:00:00,15933.159406409903,17899.72385463985,12459.8466796875
forecast_8076,2025-12-03 12:00:00,16154.738827324734,18093.960279132996,12822.55078125
forecast_8077,2025-12-03 13:00:00,16516.309814855405,17931.425763193594,13511.052734375
forecast_8078,2025-12-03 14:00:00,16614.804747356004,18134.428283765228,13776.876953125
forecast_8079,2025-12-03 15:00:00,16408.375191427807,18148.411907500875,13820.521484375
forecast_8080,2025-12-03 16:00:00,16111.652162308033,17917.896472304667,13356.0107421875
forecast_8081,2025-12-03 17:00:00,15708.412548865384,16999.918384106957,14233.541015625
forecast_8082,2025-12-03 18:00:00,15116.015505768322,16391.188446758126,14422.2373046875
forecast_8083,2025-12-03 19:00:00,14645.199211558775,15902.63013280422,14805.251953125
forecast_8084,2025-12-03 20:00:00,14549.467351881689,16220.529727419089,14893.890625
forecast_8085,2025-12-03 21:00:00,15078.059692290775,16729.83268810113,15550.421875
forecast_8086,2025-12-03 22:00:00,15644.03766559891,16933.2115915366,15617.1064453125
forecast_8087,2025-12-03 23:00:00,16194.213004548,17965.297131061823,15151.2138671875
forecast_8088,2025-12-04 00:00:00,15724.844464829355,17345.4977049441,12780.0390625
forecast_8089,2025-12-04 01:00:00,15776.10174666953,17767.37371428186,13500.1611328125
forecast_8090,2025-12-04 02:00:00,16580.553210661754,18093.10929645612,14217.1826171875
forecast_8091,2025-12-04 03:00:00,18334.64925229751,18827.444505541338,15948.271484375
forecast_8092,2025-12-04 04:00:00,18927.061760619075,19109.619073449445,16788.12890625
forecast_8093,2025-12-04 05:00:00,19797.95614075453,19558.531485860534,17904.857421875
forecast_8094,2025-12-04 06:00:00,20233.49320953669,18992.10469625587,18456.556640625
forecast_8095,2025-12-04 07:00:00,20198.398892342702,18880.657636894437,18589.06640625
forecast_8096,2025-12-04 08:00:00,19869.652206017596,19116.000732624212,18538.521484375
forecast_8097,2025-12-04 09:00:00,18890.492635213686,19287.538801111954,18499.80078125
forecast_8098,2025-12-04 10:00:00,16630.958226270744,18313.578380204017,17633.28515625
forecast_8099,2025-12-04 11:00:00,14298.339025789175,16396.48220700481,15280.169921875
forecast_8100,2025-12-04 12:00:00,13469.22457427042,15584.97678385645,12652.73046875
forecast_8101,2025-12-04 13:00:00,12874.735363315234,14243.30248773811,10764.888671875
forecast_8102,2025-12-04 14:00:00,12714.273375602374,13128.86894201732,10238.28515625
forecast_8103,2025-12-04 15:00:00,12501.557190380103,13032.942664224962,8811.1669921875
forecast_8104,2025-12-04 16:00:00,13164.907586957645,13823.819032203193,10598.8017578125
forecast_8105,2025-12-04 17:00:00,14394.490914255131,15177.580461094307,13972.1328125
forecast_8106,2025-12-04 18:00:00,15428.03289045703,17111.388582524778,16787.630859375
forecast_8107,2025-12-04 19:00:00,16734.79608884715,17610.7977377274,17677.62890625
forecast_8108,2025-12-04 20:00:00,17480.698940695274,17700.991936937877,19054.69921875
forecast_8109,2025-12-04 21:00:00,16551.437105095087,17186.26611116443,18220.953125
forecast_8110,2025-12-04 22:00:00,16464.524913122958,17724.174702242803,16442.53125
forecast_8111,2025-12-04 23:00:00,15938.223093011005,16850.388643422422,16158.927734375
forecast_8112,2025-12-05 00:00:00,15740.39924485975,16142.077924113762,16584.44140625
forecast_8113,2025-12-05 01:00:00,15415.603223018501,16161.37111683339,15020.3720703125
forecast_8114,2025-12-05 02:00:00,15553.120939909946,16664.131221585292,14595.1923828125
forecast_8115,2025-12-05 03:00:00,15176.469319775722,16272.318288577333,14691.087890625
forecast_8116,2025-12-05 04:00:00,15247.237265329539,16279.727696924714,14421.9716796875
forecast_8117,2025-12-05 05:00:00,16145.732311726017,16683.904402911765,14859.2998046875
forecast_8118,2025-12-05 06:00:00,16870.441767578322,17436.360396418208,14418.744140625
forecast_8119,2025-12-05 07:00:00,17109.110515621043,17423.779425490982,13851.3564453125
forecast_8120,2025-12-05 08:00:00,17603.18301472144,17407.685801286716,13586.6123046875
forecast_8121,2025-12-05 09:00:00,16748.08980595358,16987.929677773638,12871.8603515625
forecast_8122,2025-12-05 10:00:00,15276.248801264192,16232.990170520752,12501.634765625
forecast_8123,2025-12-05 11:00:00,13715.037333769,15092.123111829407,11267.84765625
forecast_8124,2025-12-05 12:00:00,12686.854911935392,14320.907361565058,10321.294921875
forecast_8125,2025-12-05 13:00:00,12636.050736255944,13229.831841633459,10302.818359375
forecast_8126,2025-12-05 14:00:00,13179.682664787379,14717.055833409655,11120.697265625
forecast_8127,2025-12-05 15:00:00,14685.4719043248,15926.397445051347,12463.158203125
forecast_8128,2025-12-05 16:00:00,16361.273301432862,16263.205996376139,13205.0751953125
forecast_8129,2025-12-05 17:00:00,18007.656745340446,17520.66961070704,14297.265625
forecast_8130,2025-12-05 18:00:00,18470.321642216986,18947.334906371987,15184.2841796875
forecast_8131,2025-12-05 19:00:00,17617.829192473557,18628.689951541022,14541.025390625
forecast_8132,2025-12-05 20:00:00,17862.204036348685,18546.831668969313,15196.154296875
forecast_8133,2025-12-05 21:00:00,18867.969253481097,19217.274558988393,15856.357421875
forecast_8134,2025-12-05 22:00:00,19133.839776808178,19487.867643619727,16798.087890625
forecast_8135,2025-12-05 23:00:00,19602.660661815702,19611.805608155075,17871.44140625
forecast_8136,2025-12-06 00:00:00,20039.4111633772,19653.27781669488,18749.435546875
forecast_8137,2025-12-06 01:00:00,19636.778066135863,19693.908267088347,17913.234375
forecast_8138,2025-12-06 02:00:00,20639.598196723797,20100.340271843816,18358.69921875
forecast_8139,2025-12-06 03:00:00,20735.408310775805,19989.438429596106,19141.796875
forecast_8140,2025-12-06 04:00:00,20523.75303727996,20040.256529410894,19051.03515625
forecast_8141,2025-12-06 05:00:00,20619.931598153555,20249.496343840434,18942.150390625
forecast_8142,2025-12-06 06:00:00,20646.553213505314,20360.29740660884,18370.775390625
forecast_8143,2025-12-06 07:00:00,20358.228142184584,20102.13773313462,17601.568359375
forecast_8144,2025-12-06 08:00:00,19788.862539933863,19625.759518247018,16463.89453125
forecast_8145,2025-12-06 09:00:00,19000.608710144817,19409.52247451801,16467.28125
forecast_8146,2025-12-06 10:00:00,18537.97929652249,19263.22878904554,17492.462890625
forecast_8147,2025-12-06 11:00:00,17810.142522857328,18360.12666709193,16838.189453125
forecast_8148,2025-12-06 12:00:00,16676.229659328634,17923.19690215688,16607.146484375
forecast_8149,2025-12-06 13:00:00,16878.077242716525,17274.49952999327,16842.03125
forecast_8150,2025-12-06 14:00:00,16627.188405371548,17457.013012037773,16746.455078125
forecast_8151,2025-12-06 15:00:00,17299.395279497567,17987.185765178292,17517.27734375
forecast_8152,2025-12-06 16:00:00,17670.810156653424,18589.470763227626,17444.470703125
forecast_8153,2025-12-06 17:00:00,17510.641847976898,18760.06755719992,18069.703125
forecast_8154,2025-12-06 18:00:00,17560.54680117956,18906.79144106178,18572.5
forecast_8155,2025-12-06 19:00:00,18254.560777049566,19016.741522335342,19267.669921875
forecast_8156,2025-12-06 20:00:00,18620.66837984485,19266.28220934963,19364.720703125
forecast_8157,2025-12-06 21:00:00,19183.12533405822,19612.466374714975,19779.76171875
forecast_8158,2025-12-06 22:00:00,19269.439318024743,19445.355427248876,19758.802734375
forecast_8159,2025-12-06 23:00:00,19135.407429685038,19088.4810891366,19708.052734375
forecast_8160,2025-12-07 00:00:00,18992.235004705177,19362.05048981752,19789.81640625
forecast_8161,2025-12-07 01:00:00,18955.881688132496,19518.344751167402,18958.474609375
forecast_8162,2025-12-07 02:00:00,18574.852790528203,19155.519889022467,18401.619140625
forecast_8163,2025-12-07 03:00:00,18452.836240064193,19111.262555725327,18558.66796875
forecast_8164,2025-12-07 04:00:00,18676.055969337493,18983.873200963455,18815.662109375
forecast_8165,2025-12-07 05:00:00,18833.43096538327,18825.03387695862,19435.99609375
forecast_8166,2025-12-07 06:00:00,19142.551165195677,18852.44110711293,19801.865234375
forecast_8167,2025-12-07 07:00:00,19581.029049798206,19040.449445830796,20107.27734375
forecast_8168,2025-12-07 08:00:00,19429.02273033666,19138.54565597482,19894.9375
forecast_8169,2025-12-07 09:00:00,18766.359702676065,19160.05983826671,19429.427734375
forecast_8170,2025-12-07 10:00:00,17977.24318680117,18748.444042003153,18726.07421875
forecast_8171,2025-12-07 11:00:00,17415.843337127117,18736.64790358679,18149.234375
forecast_8172,2025-12-07 12:00:00,16818.362959625978,18316.497029087277,17352.927734375
forecast_8173,2025-12-07 13:00:00,16954.173414189478,18374.631883517963,16256.5078125
forecast_8174,2025-12-07 14:00:00,17556.133076377402,18647.340379955815,16186.126953125
forecast_8175,2025-12-07 15:00:00,18022.57389131617,18640.1083831082,16582.794921875
forecast_8176,2025-12-07 16:00:00,18307.338746373014,19379.188537898182,17736.25
forecast_8177,2025-12-07 17:00:00,18253.60791337818,19340.177395424176,18441.666015625
forecast_8178,2025-12-07 18:00:00,18377.067622135175,19321.731290434276,18736.216796875
forecast_8179,2025-12-07 19:00:00,18161.444540052853,19232.042831509214,18596.51171875
forecast_8180,2025-12-07 20:00:00,18193.758094755434,19205.6053917733,18229.3828125
forecast_8181,2025-12-07 21:00:00,18012.91360628246,19208.40150335499,17678.48046875
forecast_8182,2025-12-07 22:00:00,17977.46101478667,19246.844859025696,17764.43359375
forecast_8183,2025-12-07 23:00:00,17868.324217158348,19107.693493959563,17278.166015625
forecast_8184,2025-12-08 00:00:00,17824.426726063495,18946.544900246445,17689.28515625
forecast_8185,2025-12-08 01:00:00,17519.57804692662,18967.377670869522,16357.3203125
forecast_8186,2025-12-08 02:00:00,17725.61006734438,18804.08897547715,16017.568359375
forecast_8187,2025-12-08 03:00:00,17112.985645836845,18308.674699829622,13815.490234375
forecast_8188,2025-12-08 04:00:00,16770.058722872487,17717.38813033862,13129.2919921875
forecast_8189,2025-12-08 05:00:00,15628.510917173811,16965.686532703898,13302.1484375
forecast_8190,2025-12-08 06:00:00,14958.962351505052,15757.209155915825,13575.3876953125
forecast_8191,2025-12-08 07:00:00,14657.068841090626,15348.63803519925,12697.0341796875
forecast_8192,2025-12-08 08:00:00,13853.0693549399,14579.578344398364,11006.443359375
forecast_8193,2025-12-08 09:00:00,12374.359069287566,12574.720498814257,9331.724609375
forecast_8194,2025-12-08 10:00:00,11443.21072881625,11766.837646771397,7892.4931640625
forecast_8195,2025-12-08 11:00:00,9864.296578885544,9644.858716008957,5701.37158203125
forecast_8196,2025-12-08 12:00:00,7743.605867377389,6410.174013568287,4569.91650390625
forecast_8197,2025-12-08 13:00:00,6567.157826018631,4842.490116356919,4176.6953125
forecast_8198,2025-12-08 14:00:00,5862.361829680545,4170.902883459085,4075.80615234375
forecast_8199,2025-12-08 15:00:00,5861.197310674986,4311.198029231621,4311.24609375
forecast_8200,2025-12-08 16:00:00,6350.788461749207,4555.063529404672,4688.3955078125
forecast_8201,2025-12-08 17:00:00,7741.139829772579,7069.066674378624,5184.8251953125
forecast_8202,2025-12-08 18:00:00,9894.419137445278,8791.990825571658,6331.52099609375
forecast_8203,2025-12-08 19:00:00,11674.477883974556,11317.958448841207,7300.5576171875
forecast_8204,2025-12-08 20:00:00,13472.021299613807,13350.028928085463,9016.369140625
forecast_8205,2025-12-08 21:00:00,14733.784822640091,16018.893239279287,10495.076171875
forecast_8206,2025-12-08 22:00:00,15562.75885203002,16554.85545187187,11201.8642578125
forecast_8207,2025-12-08 23:00:00,15521.97558654576,16928.104107283136,11145.427734375
forecast_8208,2025-12-09 00:00:00,15691.754427717085,17250.68377408317,12181.375
forecast_8209,2025-12-09 01:00:00,15706.513336360182,16594.581011513685,12330.4404296875
forecast_8210,2025-12-09 02:00:00,15862.271283414062,17124.779839531297,11540.5078125
forecast_8211,2025-12-09 03:00:00,16988.92162927061,17871.973730699403,12171.693359375
forecast_8212,2025-12-09 04:00:00,17578.858988857093,18484.1988256372,12975.603515625
forecast_8213,2025-12-09 05:00:00,18028.76375294951,19086.225440905117,13764.8388671875
forecast_8214,2025-12-09 06:00:00,18263.14728692802,19854.035088760076,14425.3544921875
forecast_8215,2025-12-09 07:00:00,18366.901653864166,19918.873977325457,14729.427734375
forecast_8216,2025-12-09 08:00:00,18778.9805776589,19576.921429741426,15245.0703125
forecast_8217,2025-12-09 09:00:00,18855.003502710646,19373.49366521534,16526.751953125
forecast_8218,2025-12-09 10:00:00,16438.2874207401,18107.208805604932,15864.5048828125
forecast_8219,2025-12-09 11:00:00,15752.263361383319,17280.519722658606,15191.162109375
forecast_8220,2025-12-09 12:00:00,15081.097290826336,16836.61625386976,13813.140625
forecast_8221,2025-12-09 13:00:00,14217.807298782784,15829.849408490323,11834.86328125
forecast_8222,2025-12-09 14:00:00,14152.423455061908,15712.681159114893,10936.2373046875
forecast_8223,2025-12-09 15:00:00,13850.668511563574,14871.047107807619,9869.3759765625
forecast_8224,2025-12-09 16:00:00,13424.505366351688,14278.572580710972,9033.25
forecast_8225,2025-12-09 17:00:00,14130.595321005992,14021.209071399462,9717.4140625
forecast_8226,2025-12-09 18:00:00,14788.19544875182,14722.945906881398,10872.7392578125
forecast_8227,2025-12-09 19:00:00,15459.3403339215,15712.813955596695,11362.9619140625
forecast_8228,2025-12-09 20:00:00,15585.393019087209,15881.962672194533,11443.728515625
forecast_8229,2025-12-09 21:00:00,15607.410073591102,15583.342622077465,11275.154296875
forecast_8230,2025-12-09 22:00:00,14994.02390496583,15619.320474087424,10138.4013671875
forecast_8231,2025-12-09 23:00:00,14401.961729166149,15221.672792277544,9329.2265625
forecast_8232,2025-12-10 00:00:00,13915.852243028316,14606.077253471249,9697.193359375
forecast_8233,2025-12-10 01:00:00,13079.60954992105,15109.53893729587,8199.2392578125
forecast_8234,2025-12-10 02:00:00,14145.553074309115,15919.60978983599,9701.576171875
forecast_8235,2025-12-10 03:00:00,15645.421094864341,16715.063452237122,10804.7890625
forecast_8236,2025-12-10 04:00:00,16763.819527527183,16348.818017480513,11892.2734375
forecast_8237,2025-12-10 05:00:00,17254.57933869637,16352.427325413651,13127.6689453125
forecast_8238,2025-12-10 06:00:00,17357.87301850965,16174.568228233318,13002.5810546875
forecast_8239,2025-12-10 07:00:00,17146.834100847387,16236.531943472397,12559.76953125
forecast_8240,2025-12-10 08:00:00,16702.01473939913,16065.305757536433,12398.2451171875
forecast_8241,2025-12-10 09:00:00,15696.697284342417,16415.632938071325,11701.490234375
forecast_8242,2025-12-10 10:00:00,15723.255358654602,16555.825808087648,12623.298828125
forecast_8243,2025-12-10 11:00:00,14751.775215467496,15626.083413879001,12164.3740234375
forecast_8244,2025-12-10 12:00:00,13580.014481625803,14140.230041259581,10176.57421875
forecast_8245,2025-12-10 13:00:00,13170.807326064307,13415.040875341778,8565.146484375
forecast_8246,2025-12-10 14:00:00,12404.37338814817,11630.562338264523,6999.9658203125
forecast_8247,2025-12-10 15:00:00,10363.10643806867,10299.874425607457,4763.48779296875
forecast_8248,2025-12-10 16:00:00,9425.295367687118,8654.158367210443,4428.0185546875
forecast_8249,2025-12-10 17:00:00,9842.5449809199,9069.726586764995,4950.8046875
forecast_8250,2025-12-10 18:00:00,10069.471948482766,10371.151946666956,5669.4755859375
forecast_8251,2025-12-10 19:00:00,10473.277523757391,10813.833482451048,6465.52490234375
forecast_8252,2025-12-10 20:00:00,11499.06585538367,12027.513933717686,7908.26708984375
forecast_8253,2025-12-10 21:00:00,13010.459887278785,15512.170548106335,9504.748046875
forecast_8254,2025-12-10 22:00:00,16133.58798873044,18092.588670119076,12394.630859375
forecast_8255,2025-12-10 23:00:00,18050.406083118192,18401.192659065597,16549.51171875
forecast_8256,2025-12-11 00:00:00,18265.53987636834,18339.110025097332,17055.162109375
forecast_8257,2025-12-11 01:00:00,18780.100138796308,19064.534726926384,18473.76171875
forecast_8258,2025-12-11 02:00:00,18439.267907909576,18941.27895731926,19008.005859375
forecast_8259,2025-12-11 03:00:00,18359.09503228409,19251.103880766965,19284.69140625
forecast_8260,2025-12-11 04:00:00,18647.370443025127,19722.033452832056,18929.20703125
forecast_8261,2025-12-11 05:00:00,18737.492292676783,19253.44413681318,18731.76953125
forecast_8262,2025-12-11 06:00:00,18588.58289792209,19450.317036389806,18760.09765625
forecast_8263,2025-12-11 07:00:00,18736.82800948599,19195.231256643674,19109.669921875
forecast_8264,2025-12-11 08:00:00,17338.68817192845,18207.14644392486,17334.17578125
forecast_8265,2025-12-11 09:00:00,17805.461907029217,18129.354909216676,17473.125
forecast_8266,2025-12-11 10:00:00,18545.188571598766,18659.92952736368,17763.4375
forecast_8267,2025-12-11 11:00:00,18152.148547967958,18086.026274350734,17909.25
forecast_8268,2025-12-11 12:00:00,17410.37287595238,17528.941111167034,17645.44140625
forecast_8269,2025-12-11 13:00:00,15467.254124951489,15543.165960651177,14492.3486328125
forecast_8270,2025-12-11 14:00:00,13755.36747963535,14836.197593578674,11160.501953125
forecast_8271,2025-12-11 15:00:00,13257.928619963412,14042.747335657568,10575.001953125
forecast_8272,2025-12-11 16:00:00,12718.775834032873,13707.999156996768,10384.064453125
forecast_8273,2025-12-11 17:00:00,12946.304940180784,13608.610854107505,10455.1640625
forecast_8274,2025-12-11 18:00:00,13154.233726163824,14040.257556266708,11339.884765625
forecast_8275,2025-12-11 19:00:00,12605.379725092553,12604.254188880619,9237.5390625
forecast_8276,2025-12-11 20:00:00,11315.38591280089,10334.459690942138,5681.611328125
forecast_8277,2025-12-11 21:00:00,7639.786980036625,6776.584746051345,3059.70458984375
forecast_8278,2025-12-11 22:00:00,6390.471302791506,4970.601545710266,3405.042236328125
forecast_8279,2025-12-11 23:00:00,5705.765106623746,4870.374588942497,3661.02734375
forecast_8280,2025-12-12 00:00:00,5356.975046151939,4551.98178513739,4072.27197265625
forecast_8281,2025-12-12 01:00:00,4824.838582892991,3925.432687750561,4029.81396484375
forecast_8282,2025-12-12 02:00:00,3841.8110936025914,3091.6516998127545,3501.435546875
forecast_8283,2025-12-12 03:00:00,3431.582324433622,2769.512022188791,3150.93603515625
forecast_8284,2025-12-12 04:00:00,3431.2622715958464,2206.849783728734,3261.46337890625
forecast_8285,2025-12-12 05:00:00,3655.725250024409,2981.91438220329,3304.921875
forecast_8286,2025-12-12 06:00:00,3434.033886508034,2389.8841993836268,3044.60009765625
forecast_8287,2025-12-12 07:00:00,3245.0747614492147,2260.124861832299,2854.328369140625
forecast_8288,2025-12-12 08:00:00,3030.753315348824,1965.934230638497,2853.5439453125
forecast_8289,2025-12-12 09:00:00,2846.6159969228124,1903.9738618601132,2801.11962890625
forecast_8290,2025-12-12 10:00:00,3350.450092875602,1815.3696905527158,2875.432861328125
forecast_8291,2025-12-12 11:00:00,2911.3796591238024,1549.7205053173393,2697.81201171875
forecast_8292,2025-12-12 12:00:00,3067.1887190359485,1558.7800524754084,2597.13818359375
forecast_8293,2025-12-12 13:00:00,2573.9313672995527,1239.0600505542702,2541.401611328125
forecast_8294,2025-12-12 14:00:00,2260.4725945397454,1306.5296585593696,2350.862548828125
forecast_8295,2025-12-12 15:00:00,2303.18966551967,1444.7158154647514,2611.10595703125
forecast_8296,2025-12-12 16:00:00,3475.376983976449,1444.9895247814843,2667.991455078125
forecast_8297,2025-12-12 17:00:00,3650.709635469874,2115.4845953714366,2818.47900390625
forecast_8298,2025-12-12 18:00:00,3795.49927962926,2660.9135972291615,2970.13232421875
forecast_8299,2025-12-12 19:00:00,4086.204287092767,2513.1244435668605,3027.431396484375
forecast_8300,2025-12-12 20:00:00,4619.79264502865,3407.175784311161,3811.89892578125
forecast_8301,2025-12-12 21:00:00,5292.355134353716,4094.6469238524046,3731.89453125
forecast_8302,2025-12-12 22:00:00,5597.573940876891,4611.306443896907,4479.6162109375
forecast_8303,2025-12-12 23:00:00,6729.377239192705,4606.620358512861,4031.89892578125
forecast_8304,2025-12-13 00:00:00,7508.187027841874,6182.120530635004,4833.6845703125
forecast_8305,2025-12-13 01:00:00,7915.285909474567,5178.122318308063,4659.72412109375
forecast_8306,2025-12-13 02:00:00,7307.821923730474,6449.506075137279,4788.99462890625
forecast_8307,2025-12-13 03:00:00,7298.23562632211,7661.198879920231,5312.6982421875
forecast_8308,2025-12-13 04:00:00,8441.948141495835,8610.836520952083,5601.98974609375
forecast_8309,2025-12-13 05:00:00,9291.814384471734,9059.210881568331,5890.0966796875
forecast_8310,2025-12-13 06:00:00,9343.693010011713,8858.707020311518,5915.33447265625
forecast_8311,2025-12-13 07:00:00,8907.760407887672,8018.7374100772895,4917.73046875
forecast_8312,2025-12-13 08:00:00,8413.947502260096,8245.235693690116,4690.77392578125
forecast_8313,2025-12-13 09:00:00,7911.748542217582,7414.811284219291,4720.0341796875
forecast_8314,2025-12-13 10:00:00,5773.275605898818,4941.385610420908,3860.01611328125
forecast_8315,2025-12-13 11:00:00,4182.321451542,2830.1874292035413,3195.01123046875
forecast_8316,2025-12-13 12:00:00,3981.947736594899,3156.28329923216,3070.48291015625
forecast_8317,2025-12-13 13:00:00,3320.493550765814,2088.4648748758273,2846.23193359375
forecast_8318,2025-12-13 14:00:00,3887.007922208729,2830.4625450334024,2887.813720703125
forecast_8319,2025-12-13 15:00:00,4048.614667438404,3165.0441520739505,2912.575439453125
forecast_8320,2025-12-13 16:00:00,4492.811722342529,3014.912517651207,3217.95849609375
forecast_8321,2025-12-13 17:00:00,4642.082886836194,3625.5416851273376,3578.704345703125
forecast_8322,2025-12-13 18:00:00,5515.625983940279,6668.093565218656,4741.2509765625
forecast_8323,2025-12-13 19:00:00,6200.034294735097,8393.9113507562,5222.83154296875
forecast_8324,2025-12-13 20:00:00,7569.857972315827,9934.862596771658,5895.6904296875
forecast_8325,2025-12-13 21:00:00,8788.194530049715,10185.039972913439,5852.3349609375
forecast_8326,2025-12-13 22:00:00,9952.823698018597,11095.919311865233,6683.4638671875
forecast_8327,2025-12-13 23:00:00,12815.467394488858,13457.862873901497,10601.4814453125
forecast_8328,2025-12-14 00:00:00,12609.197735768874,13260.7073105438,10684.4375
forecast_8329,2025-12-14 01:00:00,14368.814619308414,15230.506581616384,14073.2626953125
forecast_8330,2025-12-14 02:00:00,15686.165575662017,16273.07931791766,14822.7734375
forecast_8331,2025-12-14 03:00:00,15866.88966955222,16310.413084664362,13505.6044921875
forecast_8332,2025-12-14 04:00:00,16370.820627601473,17097.411641740386,14630.2001953125
forecast_8333,2025-12-14 05:00:00,17294.882699709182,17155.70729296731,15935.3359375
forecast_8334,2025-12-14 06:00:00,16847.612830138536,17286.097195261136,15388.1142578125
forecast_8335,2025-12-14 07:00:00,17277.535536849187,17206.127233221985,15880.7861328125
forecast_8336,2025-12-14 08:00:00,17065.362154694925,17719.26440886106,16467.9140625
forecast_8337,2025-12-14 09:00:00,18009.247124212423,17360.326907217077,17233.505859375
forecast_8338,2025-12-14 10:00:00,17064.97075181947,17640.253174875677,15536.7158203125
forecast_8339,2025-12-14 11:00:00,16629.705457671444,17138.421399763072,15283.609375
forecast_8340,2025-12-14 12:00:00,16071.994006290464,16548.496620371094,13951.1044921875
forecast_8341,2025-12-14 13:00:00,15654.7775499932,15993.258008210465,12723.3623046875
forecast_8342,2025-12-14 14:00:00,14721.141456670211,14856.48885347317,11463.259765625
forecast_8343,2025-12-14 15:00:00,13411.28018019061,13036.61816617965,10838.490234375
forecast_8344,2025-12-14 16:00:00,13177.507189699292,13080.089637845484,10983.5234375
forecast_8345,2025-12-14 17:00:00,13591.44605753868,13503.577914282034,11434.1103515625
forecast_8346,2025-12-14 18:00:00,14718.438372368779,14845.505465756472,12812.9189453125
forecast_8347,2025-12-14 19:00:00,15878.197431688424,15606.321411905335,14490.0673828125
forecast_8348,2025-12-14 20:00:00,16397.799920656464,16596.36247773034,15397.1142578125
forecast_8349,2025-12-14 21:00:00,16480.95437970056,17019.020116379696,15867.2109375
forecast_8350,2025-12-14 22:00:00,16406.58634591699,17239.03680962452,15834.783203125
forecast_8351,2025-12-14 23:00:00,17177.72010117602,17957.677009213992,16878.7734375
forecast_8352,2025-12-15 00:00:00,18340.02991909027,18767.88848763929,17920.609375
forecast_8353,2025-12-15 01:00:00,18294.993866439894,18521.73869426849,16937.3046875
forecast_8354,2025-12-15 02:00:00,18936.03597777715,19641.051938915167,16738.8046875
forecast_8355,2025-12-15 03:00:00,19249.92848357596,19610.312971238847,17051.267578125
forecast_8356,2025-12-15 04:00:00,19361.170154643565,19451.66471222839,17278.087890625
forecast_8357,2025-12-15 05:00:00,19334.842351468607,19609.066246160117,16821.9765625
forecast_8358,2025-12-15 06:00:00,19143.699117877815,19192.032810957156,16092.0107421875
forecast_8359,2025-12-15 07:00:00,19131.314255285928,19150.432775264613,15648.8076171875
forecast_8360,2025-12-15 08:00:00,18601.851662179288,18681.696186469955,14406.419921875
forecast_8361,2025-12-15 09:00:00,17391.55858788089,17930.147587449374,13062.3310546875
forecast_8362,2025-12-15 10:00:00,17163.000571161057,17265.96499015836,12957.107421875
forecast_8363,2025-12-15 11:00:00,16478.35205117755,16893.075883693287,11494.427734375
forecast_8364,2025-12-15 12:00:00,14759.776665373724,15280.047240441816,11159.4033203125
forecast_8365,2025-12-15 13:00:00,14080.581596009677,14479.76815056518,10471.376953125
forecast_8366,2025-12-15 14:00:00,15048.712181720613,16453.236586166728,11647.654296875
forecast_8367,2025-12-15 15:00:00,17151.502364901018,17942.902287464618,14156.357421875
forecast_8368,2025-12-15 16:00:00,17063.910159620667,16864.58158730477,14877.1435546875
forecast_8369,2025-12-15 17:00:00,18917.73722964345,18659.57420091229,17155.908203125
forecast_8370,2025-12-15 18:00:00,20043.241162316077,19823.218534153686,18613.36328125
forecast_8371,2025-12-15 19:00:00,20293.408911327002,19790.15218747373,19338.783203125
forecast_8372,2025-12-15 20:00:00,20248.760581306626,20201.84791374318,19494.009765625
forecast_8373,2025-12-15 21:00:00,20403.781950116372,20253.0295476107,19464.724609375
forecast_8374,2025-12-15 22:00:00,20202.572041568157,20184.81442945154,19132.482421875
forecast_8375,2025-12-15 23:00:00,19842.049746746816,19917.15691927062,18513.87890625
forecast_8376,2025-12-16 00:00:00,19520.654986465644,19338.048182433038,17748.048828125
forecast_8377,2025-12-16 01:00:00,19496.529815047652,19000.327315273134,17029.830078125
forecast_8378,2025-12-16 02:00:00,19108.43376216287,17970.309893939746,16399.625
forecast_8379,2025-12-16 03:00:00,17938.21182934215,17512.112556027037,14027.7001953125
forecast_8380,2025-12-16 04:00:00,17135.802313821732,16940.82257169531,12462.1044921875
forecast_8381,2025-12-16 05:00:00,15089.243864399436,14920.205075890193,11382.837890625
forecast_8382,2025-12-16 06:00:00,13712.305382089227,14303.375297453023,9710.994140625
forecast_8383,2025-12-16 07:00:00,12993.10458278637,13372.538564607608,9808.916015625
forecast_8384,2025-12-16 08:00:00,13008.306086073739,13318.711336276781,9300.1259765625
forecast_8385,2025-12-16 09:00:00,12201.732378401703,12563.307987084832,9435.2255859375
forecast_8386,2025-12-16 10:00:00,12427.661932389867,13367.129237935944,9687.544921875
forecast_8387,2025-12-16 11:00:00,11433.04443347466,12156.185576259566,9720.126953125
forecast_8388,2025-12-16 12:00:00,10902.887511733008,12225.583624357161,8788.8505859375
forecast_8389,2025-12-16 13:00:00,10954.817027033227,11805.567825213906,8915.849609375
forecast_8390,2025-12-16 14:00:00,10741.955573930914,11024.191512777372,8737.3095703125
forecast_8391,2025-12-16 15:00:00,10520.466845506246,10454.19423765831,8517.869140625
forecast_8392,2025-12-16 16:00:00,10238.660383240895,9857.066191728372,8036.1484375
forecast_8393,2025-12-16 17:00:00,9498.581349970107,9535.858576405248,6542.37109375
forecast_8394,2025-12-16 18:00:00,9784.148613558307,9768.56328708298,7255.52880859375
forecast_8395,2025-12-16 19:00:00,9357.330245440822,9995.121089692831,6743.73046875
forecast_8396,2025-12-16 20:00:00,8519.023289511424,10014.679077245273,6111.6259765625
forecast_8397,2025-12-16 21:00:00,8375.324772653916,11150.38379505792,6650.8623046875
forecast_8398,2025-12-16 22:00:00,8214.868705247967,9364.780908216322,6127.025390625
forecast_8399,2025-12-16 23:00:00,7297.67528129637,9465.513908009887,5385.75048828125
forecast_8400,2025-12-17 00:00:00,7697.766415746163,9763.650077841243,5634.2099609375
forecast_8401,2025-12-17 01:00:00,8779.77126817198,10187.07176875218,6128.7939453125
forecast_8402,2025-12-17 02:00:00,9628.243496918742,10263.55361146728,6677.015625
forecast_8403,2025-12-17 03:00:00,9617.902465994099,10173.599798169747,6370.36962890625
forecast_8404,2025-12-17 04:00:00,9026.223126798559,9278.35485631706,6223.72998046875
forecast_8405,2025-12-17 05:00:00,8692.151832892618,9795.386318409319,6107.04345703125
forecast_8406,2025-12-17 06:00:00,8962.789359738736,9779.29943363633,6152.9189453125
forecast_8407,2025-12-17 07:00:00,8438.429315131894,9172.41204605818,6066.51318359375
forecast_8408,2025-12-17 08:00:00,8074.8217875638,8627.764839958858,5505.38818359375
forecast_8409,2025-12-17 09:00:00,8668.55530378255,8351.578195967873,5379.0888671875
forecast_8410,2025-12-17 10:00:00,7854.630819101263,7307.841127951897,4792.833984375
forecast_8411,2025-12-17 11:00:00,6949.104505094382,6513.536193265532,4454.28515625
forecast_8412,2025-12-17 12:00:00,6779.3885353266905,5919.6294944810725,3863.463623046875
forecast_8413,2025-12-17 13:00:00,6342.860691248838,5597.11096416705,3553.77880859375
forecast_8414,2025-12-17 14:00:00,6104.478584572564,4664.090464635094,3475.943359375
forecast_8415,2025-12-17 15:00:00,5248.389757975309,3384.263590663146,3168.89599609375
forecast_8416,2025-12-17 16:00:00,4858.458110095153,2788.595375804781,3193.01025390625
forecast_8417,2025-12-17 17:00:00,4967.693770581589,4060.9556861765464,3278.405029296875
forecast_8418,2025-12-17 18:00:00,5880.642022604665,4842.621315748743,3522.31396484375
forecast_8419,2025-12-17 19:00:00,7099.330080618173,6122.014880675929,4409.89111328125
forecast_8420,2025-12-17 20:00:00,7736.326207354945,6547.6303778633155,5143.5849609375
forecast_8421,2025-12-17 21:00:00,8352.939670879718,7821.466564265431,5451.4541015625
forecast_8422,2025-12-17 22:00:00,9119.71880686641,8496.23414431547,5760.0302734375
forecast_8423,2025-12-17 23:00:00,10374.534278421088,11089.698193017739,6092.8427734375
forecast_8424,2025-12-18 00:00:00,11999.3499580988,12315.62168282189,7722.71875
forecast_8425,2025-12-18 01:00:00,13657.585739240538,13889.246517188789,7893.45556640625
forecast_8426,2025-12-18 02:00:00,15157.107311022039,15726.452867612514,8904.08984375
forecast_8427,2025-12-18 03:00:00,15479.355493133682,16670.20015263875,8991.4443359375
forecast_8428,2025-12-18 04:00:00,15595.186469404594,16774.562752526435,9088.314453125
forecast_8429,2025-12-18 05:00:00,15399.188111405347,15613.508090511497,8846.8876953125
forecast_8430,2025-12-18 06:00:00,15252.970182170928,14842.009191656647,8380.28515625
forecast_8431,2025-12-18 07:00:00,13818.83698365902,13311.935954563727,7311.23583984375
forecast_8432,2025-12-18 08:00:00,12388.132237343096,11692.507616868159,6795.21337890625
forecast_8433,2025-12-18 09:00:00,10776.617644037808,9850.5170696328,5787.5888671875
forecast_8434,2025-12-18 10:00:00,8532.03114478847,9712.129281754434,5555.9111328125
forecast_8435,2025-12-18 11:00:00,7733.045771180901,8540.850767795448,5398.9609375
forecast_8436,2025-12-18 12:00:00,6820.96766390682,7843.844248853132,4194.4951171875
forecast_8437,2025-12-18 13:00:00,6105.393993869492,7497.894826400028,3798.76611328125
forecast_8438,2025-12-18 14:00:00,5571.783234361758,6179.5984489442335,3531.35986328125
forecast_8439,2025-12-18 15:00:00,5538.448223749614,5944.9468861665,3563.26123046875
forecast_8440,2025-12-18 16:00:00,5917.892203119829,6385.617443869364,3580.559814453125
forecast_8441,2025-12-18 17:00:00,6360.859158195299,7233.3180262820915,4139.39990234375
forecast_8442,2025-12-18 18:00:00,7212.3311790421385,7632.4287356624845,4628.01318359375
forecast_8443,2025-12-18 19:00:00,7386.222393283239,7803.643045640062,4732.837890625
forecast_8444,2025-12-18 20:00:00,7198.683761944632,8078.362663495592,5066.43701171875
forecast_8445,2025-12-18 21:00:00,7712.048680559283,8896.477506720152,5883.67822265625
forecast_8446,2025-12-18 22:00:00,10241.673113952453,11140.243740583577,7508.13134765625
forecast_8447,2025-12-18 23:00:00,11927.414700721047,12611.207078827245,9771.533203125
forecast_8448,2025-12-19 00:00:00,13471.57412534504,14569.90224204244,10773.416015625
forecast_8449,2025-12-19 01:00:00,15651.443684508635,16207.439190764278,11655.8037109375
forecast_8450,2025-12-19 02:00:00,17469.377394678817,16907.10758895133,12759.3271484375
forecast_8451,2025-12-19 03:00:00,17370.368474732175,17229.95147050682,13567.826171875
forecast_8452,2025-12-19 04:00:00,17130.221574546813,17607.29089359512,12631.7421875
forecast_8453,2025-12-19 05:00:00,16500.743122393626,16240.170259876031,13402.7890625
forecast_8454,2025-12-19 06:00:00,16266.77351780138,16940.125660880556,12754.52734375
forecast_8455,2025-12-19 07:00:00,16975.82673823905,16979.41552718531,13503.6669921875
forecast_8456,2025-12-19 08:00:00,18072.724720430753,17552.262322018334,15743.580078125
forecast_8457,2025-12-19 09:00:00,18793.034507375938,17752.122796242096,17545.791015625
forecast_8458,2025-12-19 10:00:00,18974.315203200757,18193.71764717427,18060.828125
forecast_8459,2025-12-19 11:00:00,19583.004415178228,18734.8395030944,19433.736328125
forecast_8460,2025-12-19 12:00:00,19427.59263184036,18920.70773533916,19522.498046875
forecast_8461,2025-12-19 13:00:00,18233.573321980235,18687.96270536727,18916.86328125
forecast_8462,2025-12-19 14:00:00,18402.206791297944,18914.509471856225,19078.98828125
forecast_8463,2025-12-19 15:00:00,18512.911728533294,18983.449633475502,19227.029296875
forecast_8464,2025-12-19 16:00:00,18379.221970701296,18517.25787404761,19126.57421875
forecast_8465,2025-12-19 17:00:00,18739.828773770398,18727.514620837628,19329.509765625
forecast_8466,2025-12-19 18:00:00,19429.29470890017,18863.256622776276,19796.98828125
forecast_8467,2025-12-19 19:00:00,19858.15211961003,19045.074540991107,20056.515625
forecast_8468,2025-12-19 20:00:00,19839.212205613552,19103.196576835435,19934.03515625
forecast_8469,2025-12-19 21:00:00,19398.57864305779,18493.56845505272,19708.29296875
forecast_8470,2025-12-19 22:00:00,19062.721193462567,18043.993295880056,19282.513671875
forecast_8471,2025-12-19 23:00:00,18307.042195040205,17383.96008731756,17872.474609375
forecast_8472,2025-12-20 00:00:00,17034.53376285303,16567.9919302312,15922.7734375
forecast_8473,2025-12-20 01:00:00,16484.025603521462,15494.729558255618,13325.427734375
forecast_8474,2025-12-20 02:00:00,15979.033016804256,15600.056070355657,11350.427734375
forecast_8475,2025-12-20 03:00:00,15152.629151040379,15914.248769755395,10970.265625
forecast_8476,2025-12-20 04:00:00,14203.643944065774,16031.406404744468,10441.638671875
forecast_8477,2025-12-20 05:00:00,13777.400227835336,16410.692698557046,10423.1796875
forecast_8478,2025-12-20 06:00:00,13671.255310789955,15239.11375853129,10380.412109375
forecast_8479,2025-12-20 07:00:00,13808.48802450273,15084.100253026932,11079.3955078125
forecast_8480,2025-12-20 08:00:00,13970.759052815767,15752.488606924648,11263.3408203125
forecast_8481,2025-12-20 09:00:00,13918.62885951349,15790.045271601544,11655.3154296875
forecast_8482,2025-12-20 10:00:00,13825.872231895837,15783.603612907566,12538.5703125
forecast_8483,2025-12-20 11:00:00,13909.063435147942,15268.557246526425,13794.2607421875
forecast_8484,2025-12-20 12:00:00,14161.27733838011,16131.55228303292,14893.416015625
forecast_8485,2025-12-20 13:00:00,14573.07744653618,16298.20094200263,14893.4921875
forecast_8486,2025-12-20 14:00:00,13827.471655805872,15959.043316316458,15192.759765625
forecast_8487,2025-12-20 15:00:00,12551.011567688452,14483.049483326333,12233.298828125
forecast_8488,2025-12-20 16:00:00,12560.544582178849,13345.006113495021,10576.583984375
forecast_8489,2025-12-20 17:00:00,12190.496875314417,12614.919317418746,9953.404296875
forecast_8490,2025-12-20 18:00:00,12159.750079951868,12414.993259761692,9850.470703125
forecast_8491,2025-12-20 19:00:00,11947.349151442495,12290.954090445439,9056.4267578125
forecast_8492,2025-12-20 20:00:00,11556.4613202025,12810.862735697974,8712.0107421875
forecast_8493,2025-12-20 21:00:00,12240.743955706817,13015.902846131452,8831.5517578125
forecast_8494,2025-12-20 22:00:00,14853.192234037338,15703.328567354603,15025.2783203125
forecast_8495,2025-12-20 23:00:00,16527.696744211662,15913.764735490138,16094.0126953125
forecast_8496,2025-12-21 00:00:00,16219.482939762489,17152.94272019573,15748.453125
forecast_8497,2025-12-21 01:00:00,18781.41595878993,19320.14687965352,17706.80859375
forecast_8498,2025-12-21 02:00:00,19117.821411000325,19193.309566403925,18245.8359375
forecast_8499,2025-12-21 03:00:00,18934.659435238747,19201.60525343793,18271.333984375
forecast_8500,2025-12-21 04:00:00,18818.195175241857,19090.44087815744,18340.68359375
forecast_8501,2025-12-21 05:00:00,19136.890608801776,18889.738800097002,18562.072265625
forecast_8502,2025-12-21 06:00:00,18539.982124966446,18477.219914783887,18055.162109375
forecast_8503,2025-12-21 07:00:00,18057.03071984339,18499.87718687806,17230.890625
forecast_8504,2025-12-21 08:00:00,17168.49175394989,18062.763489955043,16530.525390625
forecast_8505,2025-12-21 09:00:00,16132.952106157243,17106.12879224238,14202.025390625
forecast_8506,2025-12-21 10:00:00,15395.390197065706,17025.182456865026,13072.326171875
forecast_8507,2025-12-21 11:00:00,14473.476707964313,16482.997877877864,11760.58203125
forecast_8508,2025-12-21 12:00:00,13497.987159372076,13954.029226980683,9810.142578125
forecast_8509,2025-12-21 13:00:00,12171.973734007755,11851.938056639801,7136.5400390625
forecast_8510,2025-12-21 14:00:00,9932.410530188405,8904.558511380925,4488.4609375
forecast_8511,2025-12-21 15:00:00,8034.824187343333,6257.421333945912,3411.109375
forecast_8512,2025-12-21 16:00:00,6204.130332655557,4411.803718042631,3130.44189453125
forecast_8513,2025-12-21 17:00:00,5906.504565722913,4127.333893011088,3588.58740234375
forecast_8514,2025-12-21 18:00:00,5485.118852576692,4070.606900432488,3704.0390625
forecast_8515,2025-12-21 19:00:00,6523.678068095609,4560.011212115573,4126.701171875
forecast_8516,2025-12-21 20:00:00,6208.435267890226,3914.4089650357564,3671.206298828125
forecast_8517,2025-12-21 21:00:00,4809.227192761141,3246.6577742256436,3429.66259765625
forecast_8518,2025-12-21 22:00:00,4443.447270116558,2631.0994754820076,3868.125
forecast_8519,2025-12-21 23:00:00,4262.743506386316,2994.2053521655657,3893.190673828125
forecast_8520,2025-12-22 00:00:00,3896.445472481817,2147.3377766903795,3572.006591796875
forecast_8521,2025-12-22 01:00:00,3612.307007221775,1892.8382618824642,2904.552001953125
forecast_8522,2025-12-22 02:00:00,3482.9379160713097,1962.2160722158214,3072.881103515625
forecast_8523,2025-12-22 03:00:00,3170.9080898089314,1908.3876346922927,3003.093017578125
forecast_8524,2025-12-22 04:00:00,2973.193750840725,1441.4266803316896,2563.82470703125
forecast_8525,2025-12-22 05:00:00,2906.135181649379,1600.8500150802079,2454.854248046875
forecast_8526,2025-12-22 06:00:00,3240.537732898966,1420.16607634217,2417.4931640625
forecast_8527,2025-12-22 07:00:00,3351.033492641638,1562.2210740671994,2472.422119140625
forecast_8528,2025-12-22 08:00:00,3672.2203276956498,1242.8022142384666,2628.13037109375
forecast_8529,2025-12-22 09:00:00,3893.0226595599197,1691.087826371922,2954.62841796875
forecast_8530,2025-12-22 10:00:00,3407.9629817204086,1122.0492485880468,2383.635986328125
forecast_8531,2025-12-22 11:00:00,2800.862930663801,1509.6535620859186,2350.564697265625
forecast_8532,2025-12-22 12:00:00,2683.877453310539,1507.4570423919406,2278.69873046875
forecast_8533,2025-12-22 13:00:00,2601.4278087795046,1533.2249511759962,2467.61669921875
forecast_8534,2025-12-22 14:00:00,2496.3550372147165,1136.980827442802,2430.61767578125
forecast_8535,2025-12-22 15:00:00,2368.959883298453,1075.2991099771748,2360.689453125
forecast_8536,2025-12-22 16:00:00,2529.696047824911,1530.2461911270823,2412.18701171875
forecast_8537,2025-12-22 17:00:00,3004.265847035338,2023.9611020676227,2394.1123046875
forecast_8538,2025-12-22 18:00:00,3604.1930514346614,2365.939570077799,3055.508544921875
forecast_8539,2025-12-22 19:00:00,3594.881626462329,2574.4140862037066,3113.9326171875
forecast_8540,2025-12-22 20:00:00,3703.8230767744817,2593.885847014343,3308.37451171875
forecast_8541,2025-12-22 21:00:00,3819.866965761731,2244.0421738577757,3679.680908203125
forecast_8542,2025-12-22 22:00:00,4657.91564217006,3132.034935570624,3847.55224609375
forecast_8543,2025-12-22 23:00:00,4789.492595929691,3640.0432176189033,3938.71044921875
forecast_8544,2025-12-23 00:00:00,5124.328751721632,4232.25946371463,4233.3544921875
forecast_8545,2025-12-23 01:00:00,5470.856603026918,5027.937148107559,4238.4931640625
forecast_8546,2025-12-23 02:00:00,6357.522111172245,5661.080469527157,4406.08544921875
forecast_8547,2025-12-23 03:00:00,6973.536680926851,6117.045548881986,4575.04833984375
forecast_8548,2025-12-23 04:00:00,7190.674878049178,6081.244797282856,5044.10107421875
forecast_8549,2025-12-23 05:00:00,6906.727621971768,6633.308297629074,4664.2919921875
forecast_8550,2025-12-23 06:00:00,7720.160546786717,6582.486111937869,5290.09228515625
forecast_8551,2025-12-23 07:00:00,8141.957260058862,6860.303156630853,5535.56494140625
forecast_8552,2025-12-23 08:00:00,8070.571841748941,7486.328316975061,5164.4208984375
forecast_8553,2025-12-23 09:00:00,8426.584259474357,7640.349349222644,4505.0908203125
forecast_8554,2025-12-23 10:00:00,8570.84456112913,9488.82794741806,5410.6416015625
forecast_8555,2025-12-23 11:00:00,9462.981828415643,11301.637636570345,5850.1865234375
forecast_8556,2025-12-23 12:00:00,8240.425705979218,9660.012379172698,5534.8056640625
forecast_8557,2025-12-23 13:00:00,7404.956908355032,7805.951722907873,5216.62109375
forecast_8558,2025-12-23 14:00:00,6982.615674296212,7539.882371719552,4561.2724609375
forecast_8559,2025-12-23 15:00:00,6348.5622214619925,6687.701807420393,4025.4609375
forecast_8560,2025-12-23 16:00:00,6538.394922284315,7028.39863697131,3698.999267578125
forecast_8561,2025-12-23 17:00:00,7555.796279650262,6973.718984602356,4181.6728515625
forecast_8562,2025-12-23 18:00:00,8996.097137444052,8682.057255016538,4965.00537109375
forecast_8563,2025-12-23 19:00:00,9449.071384910192,11253.161717029256,6353.1396484375
forecast_8564,2025-12-23 20:00:00,9132.03764408419,12984.178379196195,7035.4248046875
forecast_8565,2025-12-23 21:00:00,9322.586163344493,11210.167819157099,6725.94384765625
forecast_8566,2025-12-23 22:00:00,9481.017747759637,11867.409499399771,6614.67431640625
forecast_8567,2025-12-23 23:00:00,9503.378930399078,11288.036524177505,6550.1962890625
forecast_8568,2025-12-24 00:00:00,8969.391320209168,10553.699122991613,5316.76611328125
forecast_8569,2025-12-24 01:00:00,7446.770091293318,9220.61316243649,5624.794921875
forecast_8570,2025-12-24 02:00:00,7731.318852010294,9711.29124283494,5339.93603515625
forecast_8571,2025-12-24 03:00:00,6466.126472149348,8081.515875348943,4788.5693359375
forecast_8572,2025-12-24 04:00:00,6087.850349092023,7918.470471898469,4518.880859375
forecast_8573,2025-12-24 05:00:00,6537.826625182156,8070.534438699292,4501.25537109375
forecast_8574,2025-12-24 06:00:00,5618.555650242793,5310.835162181476,3831.06103515625
forecast_8575,2025-12-24 07:00:00,4505.805203662911,3612.120457121121,3324.59423828125
forecast_8576,2025-12-24 08:00:00,3862.7342588888014,2893.6582211102805,3111.69970703125
forecast_8577,2025-12-24 09:00:00,2937.3124738072893,2058.614145337854,2850.94384765625
forecast_8578,2025-12-24 10:00:00,2179.0452345871367,1072.4522876625783,2212.265625
forecast_8579,2025-12-24 11:00:00,2016.3299555809704,1001.5151890784116,2154.131591796875
forecast_8580,2025-12-24 12:00:00,2385.231978894939,1478.8217615478013,2346.10693359375
forecast_8581,2025-12-24 13:00:00,2749.9069571975333,1673.1981079895586,2601.59765625
forecast_8582,2025-12-24 14:00:00,2695.9860674499664,1493.5102397151873,2601.53466796875
forecast_8583,2025-12-24 15:00:00,3045.8457242800087,1991.2256675128565,2580.108154296875
forecast_8584,2025-12-24 16:00:00,3318.394589177495,1590.770890725159,2723.429931640625
forecast_8585,2025-12-24 17:00:00,2780.038791664598,1365.1899281125984,2572.315673828125
forecast_8586,2025-12-24 18:00:00,2226.0560426673824,994.7122649742385,2387.89892578125
forecast_8587,2025-12-24 19:00:00,2599.88876154675,1503.317422622741,2706.02587890625
forecast_8588,2025-12-24 20:00:00,2811.992303631053,2117.5970090273736,2917.71826171875
forecast_8589,2025-12-24 21:00:00,3409.4027399427823,3316.9286846221144,3295.12939453125
forecast_8590,2025-12-24 22:00:00,3592.6615945815583,3046.139261303565,3659.742919921875
forecast_8591,2025-12-24 23:00:00,4111.379598407831,3935.2416586896416,4091.649169921875
forecast_8592,2025-12-25 00:00:00,4643.318597845111,4205.630884809215,4635.26025390625
forecast_8593,2025-12-25 01:00:00,4857.102435456445,4689.636960166784,4587.4150390625
forecast_8594,2025-12-25 02:00:00,7024.145678530953,6705.286750206175,5503.4794921875
forecast_8595,2025-12-25 03:00:00,7984.7508396049025,7752.298699695639,5749.078125
forecast_8596,2025-12-25 04:00:00,8445.479795756433,8842.22696495361,5979.23388671875
forecast_8597,2025-12-25 05:00:00,10440.679203797517,11197.799019978647,6806.0205078125
forecast_8598,2025-12-25 06:00:00,11096.678519040677,10707.463689154027,7877.36865234375
forecast_8599,2025-12-25 07:00:00,12089.60876777026,12181.273750143333,8936.93359375
forecast_8600,2025-12-25 08:00:00,13788.671728872847,14875.055713926346,10947.388671875
forecast_8601,2025-12-25 09:00:00,15183.481955439982,16592.17934327984,14156.0107421875
forecast_8602,2025-12-25 10:00:00,14911.52105950956,17176.16219188556,14392.1845703125
forecast_8603,2025-12-25 11:00:00,14766.342062828528,16852.30856705633,13679.7783203125
forecast_8604,2025-12-25 12:00:00,15217.509740819434,16689.25482251172,11407.8154296875
forecast_8605,2025-12-25 13:00:00,15332.44670363182,16482.190566107252,9838.1298828125
forecast_8606,2025-12-25 14:00:00,15640.578261538023,16637.910896786692,9291.681640625
forecast_8607,2025-12-25 15:00:00,15603.73291981547,15940.87609262581,9959.7041015625
forecast_8608,2025-12-25 16:00:00,15387.255858068009,15916.37634977225,10302.552734375
forecast_8609,2025-12-25 17:00:00,15169.876339558836,15888.894481677267,10920.330078125
forecast_8610,2025-12-25 18:00:00,14995.060275853713,16099.285094041326,11737.1123046875
forecast_8611,2025-12-25 19:00:00,14598.632105109382,16557.125121782323,12128.830078125
forecast_8612,2025-12-25 20:00:00,14860.675109319656,16251.651059377875,12710.4111328125
forecast_8613,2025-12-25 21:00:00,15212.050378179825,16583.029922485373,13443.083984375
forecast_8614,2025-12-25 22:00:00,15057.298342311326,16798.8275445388,13836.90625
forecast_8615,2025-12-25 23:00:00,15403.763806039533,16505.02160947019,14536.4970703125
forecast_8616,2025-12-26 00:00:00,15829.424576822224,17127.46202950433,14831.9013671875
forecast_8617,2025-12-26 01:00:00,16089.162180602456,17875.2559304502,14451.6123046875
forecast_8618,2025-12-26 02:00:00,15123.323771363492,17327.6956929813,12098.201171875
forecast_8619,2025-12-26 03:00:00,15629.66508012452,17463.59012056457,12865.416015625
forecast_8620,2025-12-26 04:00:00,16264.71041107549,18053.581527468785,12862.009765625
forecast_8621,2025-12-26 05:00:00,15907.97934846786,18316.53145033573,11980.978515625
forecast_8622,2025-12-26 06:00:00,15569.868642188188,17482.48953314368,11292.0361328125
forecast_8623,2025-12-26 07:00:00,15221.663333741562,17062.186500171396,11003.2548828125
forecast_8624,2025-12-26 08:00:00,15115.015511094749,17358.696526897416,10976.291015625
forecast_8625,2025-12-26 09:00:00,14299.982972194171,15883.525584294082,12152.3779296875
forecast_8626,2025-12-26 10:00:00,12487.021898915846,14374.13427671568,11295.57421875
forecast_8627,2025-12-26 11:00:00,11194.701328012172,12780.824402067652,10041.390625
forecast_8628,2025-12-26 12:00:00,10603.461258130199,10914.576222613525,8914.4990234375
forecast_8629,2025-12-26 13:00:00,10321.15878335253,10216.55582016357,8435.8876953125
forecast_8630,2025-12-26 14:00:00,10225.946890361014,9761.217068063832,7657.9541015625
forecast_8631,2025-12-26 15:00:00,10026.52051155327,8854.458095521379,7183.79052734375
forecast_8632,2025-12-26 16:00:00,10260.316820909875,9060.30854457702,7028.2138671875
forecast_8633,2025-12-26 17:00:00,11107.094475486061,10820.474277792615,7741.80078125
forecast_8634,2025-12-26 18:00:00,11896.975565763549,11969.085187476745,8244.76171875
forecast_8635,2025-12-26 19:00:00,13421.097460580764,13621.093803854788,9724.54296875
forecast_8636,2025-12-26 20:00:00,14580.37394246934,15916.866714981641,11704.21484375
forecast_8637,2025-12-26 21:00:00,16110.42514389633,17787.786048226117,12584.177734375
forecast_8638,2025-12-26 22:00:00,17925.5431917924,19334.1263260365,14423.248046875
forecast_8639,2025-12-26 23:00:00,18041.901968312803,19364.7035688124,14469.046875
forecast_8640,2025-12-27 00:00:00,18323.631463565423,18739.943283273686,15190.2626953125
forecast_8641,2025-12-27 01:00:00,18712.852071280857,18819.56650932745,14987.5
forecast_8642,2025-12-27 02:00:00,18536.566847887058,18459.07168010374,14761.9423828125
forecast_8643,2025-12-27 03:00:00,18284.007082123564,18397.79896340155,14357.5361328125
forecast_8644,2025-12-27 04:00:00,18184.35498908869,18375.90022886009,14224.8125
forecast_8645,2025-12-27 05:00:00,17624.11038883011,18196.497718355633,14157.853515625
forecast_8646,2025-12-27 06:00:00,17585.304933748048,18409.093907132206,13974.6611328125
forecast_8647,2025-12-27 07:00:00,17117.14940259015,17478.252242557093,13393.498046875
forecast_8648,2025-12-27 08:00:00,16423.186692092815,17026.27000669342,13330.7734375
forecast_8649,2025-12-27 09:00:00,15739.865691379819,16177.985934452658,13554.3642578125
forecast_8650,2025-12-27 10:00:00,14373.962969033131,15570.12292117491,14177.7080078125
forecast_8651,2025-12-27 11:00:00,14165.030097297578,15812.566730694603,13973.5185546875
forecast_8652,2025-12-27 12:00:00,14435.072499967351,16492.45591471917,13241.2548828125
forecast_8653,2025-12-27 13:00:00,15172.116967204376,16944.663886658134,13003.7958984375
forecast_8654,2025-12-27 14:00:00,15554.72870718101,16905.462221456815,12936.306640625
forecast_8655,2025-12-27 15:00:00,15888.837686989285,16383.436094596236,13467.560546875
forecast_8656,2025-12-27 16:00:00,15948.558738714008,16886.296497553532,13894.5732421875
forecast_8657,2025-12-27 17:00:00,15813.731832713398,16830.777119494116,14339.388671875
forecast_8658,2025-12-27 18:00:00,17674.21296444808,18005.772111078048,16559.865234375
forecast_8659,2025-12-27 19:00:00,18456.327908921623,18251.949387303874,17397.447265625
forecast_8660,2025-12-27 20:00:00,18553.246668369262,18580.801332785475,17908.521484375
forecast_8661,2025-12-27 21:00:00,18761.45560239712,18157.531695553236,18205.81640625
forecast_8662,2025-12-27 22:00:00,19159.564224750124,19218.859234538188,18656.70703125
forecast_8663,2025-12-27 23:00:00,18967.045971829906,18723.303438310097,18485.541015625
forecast_8664,2025-12-28 00:00:00,18919.03196449582,18721.217824613905,18197.97265625
forecast_8665,2025-12-28 01:00:00,19685.327737302596,19271.389911381888,18563.94921875
forecast_8666,2025-12-28 02:00:00,20327.402206107767,19367.030893056766,19284.20703125
forecast_8667,2025-12-28 03:00:00,20598.18412219989,19890.8520314411,19661.884765625
forecast_8668,2025-12-28 04:00:00,20600.144203276777,20013.458816981944,19790.884765625
forecast_8669,2025-12-28 05:00:00,20488.12897142902,19732.144346448156,19716.439453125
forecast_8670,2025-12-28 06:00:00,20452.05223344048,19848.022713682196,19450.98046875
forecast_8671,2025-12-28 07:00:00,20292.329080818206,19884.719230930026,18882.314453125
forecast_8672,2025-12-28 08:00:00,20257.59003397976,19553.151771200923,18368.884765625
forecast_8673,2025-12-28 09:00:00,19402.34559034569,18916.400577236178,17746.57421875
forecast_8674,2025-12-28 10:00:00,18367.405284381006,18707.737965397435,17241.369140625
forecast_8675,2025-12-28 11:00:00,17433.850646544175,17797.984724885813,16423.876953125
forecast_8676,2025-12-28 12:00:00,17141.155274396195,17900.692615376385,15895.6171875
forecast_8677,2025-12-28 13:00:00,17132.317588340742,17069.135656580675,14631.4345703125
forecast_8678,2025-12-28 14:00:00,15917.58102951213,16312.205808315926,13535.740234375
forecast_8679,2025-12-28 15:00:00,15325.184836184599,16109.833427367248,13099.8505859375
forecast_8680,2025-12-28 16:00:00,15288.981249866953,16117.202965560073,13076.0830078125
forecast_8681,2025-12-28 17:00:00,16617.557780971878,16028.36553230013,14660.2939453125
forecast_8682,2025-12-28 18:00:00,16828.599613967366,16743.550226036998,15773.5205078125
forecast_8683,2025-12-28 19:00:00,16228.580496328013,16556.33171241458,15505.384765625
forecast_8684,2025-12-28 20:00:00,16675.62735925505,17009.991141189446,16024.1357421875
forecast_8685,2025-12-28 21:00:00,17001.887626387284,17221.53622456127,16754.77734375
forecast_8686,2025-12-28 22:00:00,17886.656662920403,17421.915747249037,18091.98828125
forecast_8687,2025-12-28 23:00:00,18106.002064880486,17679.92184037292,18367.541015625
forecast_8688,2025-12-29 00:00:00,18418.938123117136,18071.633328337375,18480.58984375
forecast_8689,2025-12-29 01:00:00,19171.612225207384,18674.544897728327,19097.125
forecast_8690,2025-12-29 02:00:00,18874.655460679955,18667.609088858982,19403.27734375
forecast_8691,2025-12-29 03:00:00,19065.386376692,18999.604214096595,19407.1875
forecast_8692,2025-12-29 04:00:00,19142.005093260155,19642.705611515477,19436.478515625
forecast_8693,2025-12-29 05:00:00,19176.612886896768,19092.012103336783,19031.89453125
forecast_8694,2025-12-29 06:00:00,19033.623133639318,18944.837540890894,19131.71484375
forecast_8695,2025-12-29 07:00:00,19061.53757986818,18991.866719206642,19074.693359375
forecast_8696,2025-12-29 08:00:00,18931.753634340475,19030.817052368744,18972.36328125
forecast_8697,2025-12-29 09:00:00,18616.29012668378,18984.011909857032,18651.001953125
forecast_8698,2025-12-29 10:00:00,18521.030843978227,18631.272752159428,18170.6875
forecast_8699,2025-12-29 11:00:00,18062.012016709843,18461.25868895128,17545.67578125
forecast_8700,2025-12-29 12:00:00,17864.48583781191,18339.729170249255,17188.458984375
forecast_8701,2025-12-29 13:00:00,17109.850742636543,18051.86144896063,15440.5205078125
forecast_8702,2025-12-29 14:00:00,17296.78091417007,18401.46030180876,16489.654296875
forecast_8703,2025-12-29 15:00:00,17310.175302708194,18270.629207097507,16748.09765625
forecast_8704,2025-12-29 16:00:00,16768.728106298324,17926.189641523066,16924.1328125
forecast_8705,2025-12-29 17:00:00,17000.19152215714,17653.375681161655,17042.11328125
forecast_8706,2025-12-29 18:00:00,17384.58796977542,17923.98485200609,17532.927734375
forecast_8707,2025-12-29 19:00:00,16859.02658962882,17540.289227715508,16861.138671875
forecast_8708,2025-12-29 20:00:00,16183.206392907037,16772.864046700168,16136.576171875
forecast_8709,2025-12-29 21:00:00,16176.949679274885,16218.764727417687,15741.826171875
forecast_8710,2025-12-29 22:00:00,16650.587285476373,16310.297323989751,15724.751953125
forecast_8711,2025-12-29 23:00:00,16611.502508312806,15850.397960592676,15383.708984375
forecast_8712,2025-12-30 00:00:00,16033.990012008591,15917.993497039075,14287.6591796875
forecast_8713,2025-12-30 01:00:00,14567.110071318964,14310.584890396944,11785.205078125
forecast_8714,2025-12-30 02:00:00,13996.335156830177,14099.164582961004,10698.240234375
forecast_8715,2025-12-30 03:00:00,13321.95865374076,13235.577742952297,10037.5703125
forecast_8716,2025-12-30 04:00:00,13691.336494064895,13941.857392539143,10097.65625
forecast_8717,2025-12-30 05:00:00,13747.08354063964,14027.326575655998,9915.646484375
forecast_8718,2025-12-30 06:00:00,13061.559686798963,13280.871677962119,8859.337890625
forecast_8719,2025-12-30 07:00:00,12526.496728358077,12889.97611103907,8424.876953125
forecast_8720,2025-12-30 08:00:00,12009.766627940036,12535.745384943319,8139.4921875
forecast_8721,2025-12-30 09:00:00,11150.602222266898,11510.831649243919,8787.990234375
forecast_8722,2025-12-30 10:00:00,9872.016709603817,9801.037689209057,7800.4501953125
forecast_8723,2025-12-30 11:00:00,9231.629752614146,8609.565491246545,6711.68115234375
forecast_8724,2025-12-30 12:00:00,9765.147854018578,10229.275938184663,6972.8779296875
forecast_8725,2025-12-30 13:00:00,10831.768729966585,11221.932759515254,7870.08984375
forecast_8726,2025-12-30 14:00:00,11254.676981170474,11096.004267433304,8052.0263671875
forecast_8727,2025-12-30 15:00:00,11663.16876019709,11269.322368185498,8605.666015625
forecast_8728,2025-12-30 16:00:00,12003.162560702987,10901.543661686366,9126.1142578125
forecast_8729,2025-12-30 17:00:00,12309.506964646618,11749.506609639278,9262.1669921875
forecast_8730,2025-12-30 18:00:00,12157.499884874464,11896.151963909235,9848.447265625
forecast_8731,2025-12-30 19:00:00,12452.728612857252,12482.57790054172,9993.0078125
forecast_8732,2025-12-30 20:00:00,13148.02694588394,12928.736590045566,10569.2158203125
forecast_8733,2025-12-30 21:00:00,13736.110272041715,13898.554567895237,11730.927734375
forecast_8734,2025-12-30 22:00:00,14206.755719684708,14762.992479814891,12978.779296875
forecast_8735,2025-12-30 23:00:00,14706.544845109453,15569.076518001079,14430.091796875
forecast_8736,2025-12-31 00:00:00,15543.282327134762,16464.764202075166,15406.037109375
forecast_8737,2025-12-31 01:00:00,16115.138600637649,17032.687272603427,15725.9111328125
forecast_8738,2025-12-31 02:00:00,16176.793798316405,16732.538237702283,15054.181640625
forecast_8739,2025-12-31 03:00:00,15336.861871769092,16129.746241533854,14100.3701171875
forecast_8740,2025-12-31 04:00:00,14914.896474838275,16067.600293230917,13501.474609375
forecast_8741,2025-12-31 05:00:00,14080.798899016514,15616.971400242704,12085.9990234375
forecast_8742,2025-12-31 06:00:00,13811.927347072786,15503.875418600557,12094.900390625
forecast_8743,2025-12-31 07:00:00,13755.034030750401,15530.192934027642,11763.2900390625
forecast_8744,2025-12-31 08:00:00,14021.306058326834,15862.737726413767,11436.7509765625
forecast_8745,2025-12-31 09:00:00,13421.855330399414,15282.736319465723,11058.650390625
forecast_8746,2025-12-31 10:00:00,12346.572212291714,13852.27125378411,10232.720703125
forecast_8747,2025-12-31 11:00:00,11502.158512962056,12822.899044313439,8731.4521484375
forecast_8748,2025-12-31 12:00:00,10716.419169288376,11373.60888031633,7742.3486328125
forecast_8749,2025-12-31 13:00:00,11026.201472429499,11318.953531446114,7530.37744140625
forecast_8750,2025-12-31 14:00:00,10626.874117235759,11431.008036898427,7456.93994140625
forecast_8751,2025-12-31 15:00:00,10161.164190448988,9862.019661846392,7145.6884765625
forecast_8752,2025-12-31 16:00:00,10580.152253410379,9874.484849019791,7047.0322265625
forecast_8753,2025-12-31 17:00:00,9922.350875526794,8872.812821170146,6603.2451171875
forecast_8754,2025-12-31 18:00:00,10067.396148559423,9174.74242306042,6672.99072265625
forecast_8755,2025-12-31 19:00:00,9903.043184435035,9697.098511002583,7331.16015625
forecast_8756,2025-12-31 20:00:00,11286.518391243124,12422.011485009438,8417.564453125
forecast_8757,2025-12-31 21:00:00,12517.175798708191,14327.356604525738,9291.4462890625
forecast_8758,2025-12-31 22:00:00,13621.004036981049,15542.239957717722,10338.8125
forecast_8759,2025-12-31 23:00:00,14339.917885169627,16199.506704162246,11135.287109375
forecast_8760,2026-01-01 00:00:00,14622.489262133771,17215.584842219323,11869.462890625
