forecast_id,forecast_kst_dtm,kpx_group_1,kpx_group_2,kpx_group_3
forecast_0001,2025-01-01 01:00:00,19365.56918036124,19992.42604518769,18065.38891330371
forecast_0002,2025-01-01 02:00:00,18832.106633894018,19361.679530305257,17657.441910493922
forecast_0003,2025-01-01 03:00:00,18896.61105146409,19437.210382376397,17906.503258672084
forecast_0004,2025-01-01 04:00:00,18444.65572816644,19045.67040733834,17708.63050969541
forecast_0005,2025-01-01 05:00:00,17924.21370505941,18623.428622756335,17147.936978752048
forecast_0006,2025-01-01 06:00:00,18051.422459713376,18687.328160439225,17089.516526036823
forecast_0007,2025-01-01 07:00:00,18077.299774767416,18415.84524113429,16640.742966446993
forecast_0008,2025-01-01 08:00:00,17338.38774573862,18405.561724139094,16091.992288330768
forecast_0009,2025-01-01 09:00:00,16893.574084933996,17751.577918799336,16776.66283274815
forecast_0010,2025-01-01 10:00:00,16528.335004606917,17736.496370291716,15875.906481579486
forecast_0011,2025-01-01 11:00:00,16199.120741821574,17734.851291856274,14734.230084191415
forecast_0012,2025-01-01 12:00:00,15734.573865946862,16855.66111750598,13772.774573919973
forecast_0013,2025-01-01 13:00:00,15750.86449049956,16400.69178904628,13062.696983339745
forecast_0014,2025-01-01 14:00:00,15674.443718008166,16039.989632073479,13190.764648295866
forecast_0015,2025-01-01 15:00:00,15036.744290856797,15571.775336657667,12185.92166943154
forecast_0016,2025-01-01 16:00:00,14399.536341250063,15561.5398081313,11972.262276979038
forecast_0017,2025-01-01 17:00:00,14624.872487596458,16163.13370240804,12772.006213048508
forecast_0018,2025-01-01 18:00:00,15460.35117308347,16720.967686731914,14083.921657572493
forecast_0019,2025-01-01 19:00:00,16543.555586180053,17042.94913290608,15622.918778309666
forecast_0020,2025-01-01 20:00:00,17916.364834351705,18547.263192482627,17022.02262637482
forecast_0021,2025-01-01 21:00:00,18275.16598074211,19105.44028475941,17214.816875861627
forecast_0022,2025-01-01 22:00:00,18089.172999320323,18580.09941851805,16738.07064606147
forecast_0023,2025-01-01 23:00:00,18010.103189272417,18427.47740269411,16447.030574838514
forecast_0024,2025-01-02 00:00:00,17611.68503870223,17793.694904159416,15363.903873834406
forecast_0025,2025-01-02 01:00:00,17436.924164053995,17462.18547827574,13850.200360112709
forecast_0026,2025-01-02 02:00:00,16483.16003700263,16672.347264632335,11959.271903028417
forecast_0027,2025-01-02 03:00:00,14653.41342811265,15809.307320446847,10037.186252111578
forecast_0028,2025-01-02 04:00:00,13144.012124290337,14326.02144890849,8719.622075773628
forecast_0029,2025-01-02 05:00:00,11947.578917970586,12924.826753050142,7775.911328142404
forecast_0030,2025-01-02 06:00:00,10785.34904401139,11749.048707275717,6836.58581121221
forecast_0031,2025-01-02 07:00:00,10255.098158047962,10960.668331204728,6505.212711305501
forecast_0032,2025-01-02 08:00:00,9506.663457441442,10907.527532924625,6153.222616158981
forecast_0033,2025-01-02 09:00:00,8389.137769589706,10171.61245186336,5796.766356489746
forecast_0034,2025-01-02 10:00:00,7633.953302708857,9546.431291813555,5930.39547914995
forecast_0035,2025-01-02 11:00:00,6403.878562240992,7611.4530387858285,5928.071223652862
forecast_0036,2025-01-02 12:00:00,5786.010173709633,5421.379476342505,5201.169122652252
forecast_0037,2025-01-02 13:00:00,6190.244637289063,5483.346876671845,5527.556540774161
forecast_0038,2025-01-02 14:00:00,7061.322605354228,5535.742100499518,5772.649830654457
forecast_0039,2025-01-02 15:00:00,7615.224766750947,6036.827952106566,5856.241724002357
forecast_0040,2025-01-02 16:00:00,8211.161591852866,7209.933883092451,6160.902229149955
forecast_0041,2025-01-02 17:00:00,9033.250327808906,8014.667764590427,6759.558235978326
forecast_0042,2025-01-02 18:00:00,10281.286195070996,9592.043067665913,7827.5138365007215
forecast_0043,2025-01-02 19:00:00,11282.995532080236,10381.012974136793,8945.642114948345
forecast_0044,2025-01-02 20:00:00,11388.02781969112,11511.990807583083,9091.678829595949
forecast_0045,2025-01-02 21:00:00,12007.233970817395,12932.442793345048,9791.479622885172
forecast_0046,2025-01-02 22:00:00,12648.186021250396,13609.81333362592,10513.877117928856
forecast_0047,2025-01-02 23:00:00,12911.00391111725,14000.55231914136,11069.927500014399
forecast_0048,2025-01-03 00:00:00,13299.576467513463,14667.447302605979,12040.673461464947
forecast_0049,2025-01-03 01:00:00,13269.680056091653,14673.359945680359,11371.09240309788
forecast_0050,2025-01-03 02:00:00,13481.216089733034,14418.950836849157,11268.93113208778
forecast_0051,2025-01-03 03:00:00,13274.393882830813,14546.151146545877,11602.475983789373
forecast_0052,2025-01-03 04:00:00,12772.347599979392,13996.929273584166,11432.490300423844
forecast_0053,2025-01-03 05:00:00,12859.916939286213,14008.477054086306,11457.057945150913
forecast_0054,2025-01-03 06:00:00,13024.887636666204,13755.736716280917,11280.381532901161
forecast_0055,2025-01-03 07:00:00,13276.037626254885,14017.52456868144,11527.983287624162
forecast_0056,2025-01-03 08:00:00,13140.055149452679,14218.150975384884,11634.64189942299
forecast_0057,2025-01-03 09:00:00,12648.30222085764,13222.562208967714,10708.820644220456
forecast_0058,2025-01-03 10:00:00,12177.843130010348,12799.72531965645,9974.843941816807
forecast_0059,2025-01-03 11:00:00,12498.912204936587,12262.588903307642,9190.48245864169
forecast_0060,2025-01-03 12:00:00,12726.12125776313,12495.20071632034,8701.025382706845
forecast_0061,2025-01-03 13:00:00,12436.099383457546,12082.940386485287,8639.176130109536
forecast_0062,2025-01-03 14:00:00,12646.886157340305,11984.074851606354,9013.990624845195
forecast_0063,2025-01-03 15:00:00,12817.206862691422,11522.210116199734,9030.398075430092
forecast_0064,2025-01-03 16:00:00,12794.88168799783,11253.24155900272,8936.764105422379
forecast_0065,2025-01-03 17:00:00,12624.613296046688,12154.941970418151,9231.995801462599
forecast_0066,2025-01-03 18:00:00,12793.348882813789,11891.933043929163,10008.848943102403
forecast_0067,2025-01-03 19:00:00,12727.159083417486,12612.413129275903,10970.073206054385
forecast_0068,2025-01-03 20:00:00,13982.211284276429,14340.5326557929,12350.589421273853
forecast_0069,2025-01-03 21:00:00,14986.181704429575,14406.862601949802,13696.01531578478
forecast_0070,2025-01-03 22:00:00,15178.196874132344,15002.782710304957,13839.705483941949
forecast_0071,2025-01-03 23:00:00,15990.2296102783,15751.23238688163,14738.515835455788
forecast_0072,2025-01-04 00:00:00,16263.05013261329,16085.874309948196,14601.88803097704
forecast_0073,2025-01-04 01:00:00,17248.723016357988,16401.23657147268,14938.288075316947
forecast_0074,2025-01-04 02:00:00,17133.098679443396,16647.103867722748,14739.268067422832
forecast_0075,2025-01-04 03:00:00,17560.461269451116,16504.658832491936,14939.418165438474
forecast_0076,2025-01-04 04:00:00,17246.28885370049,16222.788561014595,14297.732840414317
forecast_0077,2025-01-04 05:00:00,17104.736404891013,17167.093029398333,13641.809577465336
forecast_0078,2025-01-04 06:00:00,17197.32333837217,17010.96386557322,13289.03125456104
forecast_0079,2025-01-04 07:00:00,16577.67786920465,16738.091650672988,11359.871754260745
forecast_0080,2025-01-04 08:00:00,16202.52944505887,16615.93245411165,10781.532398298783
forecast_0081,2025-01-04 09:00:00,15686.329460567009,16262.488334142377,11212.43260893456
forecast_0082,2025-01-04 10:00:00,13691.02098936553,14908.22030205438,11525.33872156276
forecast_0083,2025-01-04 11:00:00,12186.976059359167,12697.100616700025,9919.03007329191
forecast_0084,2025-01-04 12:00:00,12004.476825060057,11421.013317499946,9292.399136824133
forecast_0085,2025-01-04 13:00:00,13029.845367210486,12028.934865188246,9999.368803137464
forecast_0086,2025-01-04 14:00:00,13856.134997881985,13032.520674288708,11158.261342920336
forecast_0087,2025-01-04 15:00:00,13541.172972952485,13137.087690926479,10903.868386861413
forecast_0088,2025-01-04 16:00:00,13370.621760791619,12464.077322746683,10412.084650635914
forecast_0089,2025-01-04 17:00:00,14281.363948464428,12704.26595238116,11561.542805875684
forecast_0090,2025-01-04 18:00:00,15352.668005276184,15082.43602183023,12972.930514769409
forecast_0091,2025-01-04 19:00:00,16278.865925707494,15661.194794536494,13906.78223328894
forecast_0092,2025-01-04 20:00:00,16770.67990934514,17407.234352243144,15074.069900813405
forecast_0093,2025-01-04 21:00:00,17755.495723696004,18321.1826614673,16125.55736593914
forecast_0094,2025-01-04 22:00:00,18774.430020658852,18345.912897947986,16937.528108010232
forecast_0095,2025-01-04 23:00:00,19416.41851224998,18269.92892988639,17754.81681496008
forecast_0096,2025-01-05 00:00:00,19544.218591264525,18661.862908094365,18120.179318525654
forecast_0097,2025-01-05 01:00:00,19077.847613349604,18441.260914148083,17019.821120051456
forecast_0098,2025-01-05 02:00:00,19339.125596752583,18442.833105502406,16935.299357419222
forecast_0099,2025-01-05 03:00:00,18813.919770366563,18651.231727663246,16284.414713382672
forecast_0100,2025-01-05 04:00:00,18486.384750169742,18647.059772623987,15020.908870624016
forecast_0101,2025-01-05 05:00:00,17588.397564642124,18016.272143266597,13563.94840696588
forecast_0102,2025-01-05 06:00:00,17063.58653317464,17792.827437954766,13471.409988774521
forecast_0103,2025-01-05 07:00:00,16781.41123051814,17531.47706582801,13717.896130610936
forecast_0104,2025-01-05 08:00:00,16906.824547392825,17744.146368699672,14856.331536883386
forecast_0105,2025-01-05 09:00:00,17492.487431618323,17723.668542967025,16091.024151974892
forecast_0106,2025-01-05 10:00:00,17642.06103852115,17531.260455720396,16948.25584863381
forecast_0107,2025-01-05 11:00:00,16914.524290850797,16714.746780561614,16544.78350796275
forecast_0108,2025-01-05 12:00:00,16878.542719997782,16375.019548526716,16006.308209135028
forecast_0109,2025-01-05 13:00:00,16739.643233948238,16516.88686923527,15706.477322215174
forecast_0110,2025-01-05 14:00:00,16315.053674356186,16838.786282649242,15660.804136624605
forecast_0111,2025-01-05 15:00:00,15991.917118247526,15852.985847588217,15533.380939677589
forecast_0112,2025-01-05 16:00:00,16317.410373620702,16689.882789734016,15744.537366956096
forecast_0113,2025-01-05 17:00:00,16121.740309706867,16380.039206090185,15877.262365301796
forecast_0114,2025-01-05 18:00:00,14775.27926788477,15327.196299310033,14999.089665726002
forecast_0115,2025-01-05 19:00:00,16627.38777543929,16072.034439794945,16438.405370899072
forecast_0116,2025-01-05 20:00:00,16953.602825773094,15867.130960285212,17346.295876611868
forecast_0117,2025-01-05 21:00:00,16803.267480812006,15452.757813334418,17093.44757504719
forecast_0118,2025-01-05 22:00:00,16773.350135054337,15090.214275737984,16639.370173852687
forecast_0119,2025-01-05 23:00:00,15845.995613427192,14639.240466347912,15765.950483932533
forecast_0120,2025-01-06 00:00:00,14421.931082751487,13741.528860216942,14263.692780741818
forecast_0121,2025-01-06 01:00:00,12923.502119643077,12228.842583001788,11541.056593322039
forecast_0122,2025-01-06 02:00:00,12847.863833206775,12309.121790411253,10969.297344259725
forecast_0123,2025-01-06 03:00:00,11739.431051981965,11178.867665668564,9308.939457518143
forecast_0124,2025-01-06 04:00:00,10266.984058706157,9695.531977678595,7387.158432735247
forecast_0125,2025-01-06 05:00:00,7633.527684805408,8437.790341213014,5984.767228735548
forecast_0126,2025-01-06 06:00:00,5816.809611216964,8160.3318744824,4777.051188913745
forecast_0127,2025-01-06 07:00:00,6014.800937779611,7349.691380927925,5427.99383369281
forecast_0128,2025-01-06 08:00:00,5025.233786864351,6093.870735549905,4802.005141405807
forecast_0129,2025-01-06 09:00:00,5293.550802009588,5457.815076923815,4498.892426690373
forecast_0130,2025-01-06 10:00:00,6123.645647466215,7252.71335794523,5798.034970007908
forecast_0131,2025-01-06 11:00:00,6842.425831053253,7363.775742795073,6078.192780155799
forecast_0132,2025-01-06 12:00:00,7319.105493185683,7033.753617830112,6689.721938208429
forecast_0133,2025-01-06 13:00:00,7986.57685631767,7079.253545801815,7124.4038438118505
forecast_0134,2025-01-06 14:00:00,8780.847028648775,7723.777467241048,7846.742360601854
forecast_0135,2025-01-06 15:00:00,9132.282446124505,7454.42268423968,7744.4811563409285
forecast_0136,2025-01-06 16:00:00,9811.607681801226,9280.49997172175,8551.518982822381
forecast_0137,2025-01-06 17:00:00,11349.916240454255,10824.717109600804,9683.594740989884
forecast_0138,2025-01-06 18:00:00,12592.514828334595,12033.502623100409,10988.76978375405
forecast_0139,2025-01-06 19:00:00,14018.3210874808,14374.477776579171,12155.77833149207
forecast_0140,2025-01-06 20:00:00,14706.665653958617,14818.035996138864,13504.016537798232
forecast_0141,2025-01-06 21:00:00,14704.45773274115,15006.664667883599,13727.6052370555
forecast_0142,2025-01-06 22:00:00,15286.578577154973,14986.97075803154,14758.7787779118
forecast_0143,2025-01-06 23:00:00,15919.75989877204,16342.698541120819,15773.82921439009
forecast_0144,2025-01-07 00:00:00,16366.834312664092,16589.561053192745,16394.245458441528
forecast_0145,2025-01-07 01:00:00,17032.353620053254,17018.478820893783,16270.105232785703
forecast_0146,2025-01-07 02:00:00,17658.35368641425,17944.603992416698,16477.402927269588
forecast_0147,2025-01-07 03:00:00,17838.77248015745,17983.33351294024,16462.935172414378
forecast_0148,2025-01-07 04:00:00,17627.851123696535,17523.926523989834,16285.519856156807
forecast_0149,2025-01-07 05:00:00,17803.428359221445,17488.06748566954,16513.166790673367
forecast_0150,2025-01-07 06:00:00,17124.47945749762,17064.657775575815,16253.48983387043
forecast_0151,2025-01-07 07:00:00,16698.517926038734,17250.74351119138,15892.747211081018
forecast_0152,2025-01-07 08:00:00,16167.560407270554,17618.194717330025,14808.098373842296
forecast_0153,2025-01-07 09:00:00,17161.903445630214,17642.62239999463,15047.60187537162
forecast_0154,2025-01-07 10:00:00,16536.945827165273,17919.565804919846,14672.272101998811
forecast_0155,2025-01-07 11:00:00,16426.416471743774,17804.864436485994,14114.617989083148
forecast_0156,2025-01-07 12:00:00,16495.76520221176,18048.9518053321,13549.921676432165
forecast_0157,2025-01-07 13:00:00,16382.311396958457,17543.54716308012,13138.926520958383
forecast_0158,2025-01-07 14:00:00,16095.75882383565,16746.460564742447,12734.275877983162
forecast_0159,2025-01-07 15:00:00,15811.505839220918,16690.15722046609,12375.792655330217
forecast_0160,2025-01-07 16:00:00,15598.87015749422,16598.54350016982,12280.983537211672
forecast_0161,2025-01-07 17:00:00,15469.825415978281,16836.965719295993,13043.741612318978
forecast_0162,2025-01-07 18:00:00,16185.962649867499,17657.576500684627,14646.425251678746
forecast_0163,2025-01-07 19:00:00,16995.47251699814,17860.684061975306,16095.958903869698
forecast_0164,2025-01-07 20:00:00,17273.56338884259,17933.490689233444,17175.478580454303
forecast_0165,2025-01-07 21:00:00,18005.11071644741,18403.670410204526,17478.618709327766
forecast_0166,2025-01-07 22:00:00,17824.59058116824,18229.576848195808,17298.158747960195
forecast_0167,2025-01-07 23:00:00,17979.82437303179,18380.65431975305,17415.830274362073
forecast_0168,2025-01-08 00:00:00,17980.638090189135,17929.567654182807,17622.18458696569
forecast_0169,2025-01-08 01:00:00,17287.154972680364,17751.320865441357,16858.221678542024
forecast_0170,2025-01-08 02:00:00,16865.028084510734,17418.2880892846,16861.94941079276
forecast_0171,2025-01-08 03:00:00,16554.39588589758,17035.908077045468,16353.58512402395
forecast_0172,2025-01-08 04:00:00,16268.7530996912,16997.705095418787,15456.863363078823
forecast_0173,2025-01-08 05:00:00,16129.861408464702,16531.614880366025,14932.471900642597
forecast_0174,2025-01-08 06:00:00,15969.416093338685,16974.45150553052,15025.53167114659
forecast_0175,2025-01-08 07:00:00,15806.35333292514,16521.968615369835,15415.23387736684
forecast_0176,2025-01-08 08:00:00,15531.462870766996,17123.881596949763,14712.065151351462
forecast_0177,2025-01-08 09:00:00,16123.408561863791,17322.192920883717,14875.905755543605
forecast_0178,2025-01-08 10:00:00,16104.410829041231,17724.660813030605,14721.339247696267
forecast_0179,2025-01-08 11:00:00,16272.394154776151,17850.56048317968,14514.480921256176
forecast_0180,2025-01-08 12:00:00,16759.691465267315,18159.406880938586,14144.073333971075
forecast_0181,2025-01-08 13:00:00,16616.29835908507,17566.521323872497,13879.377874122332
forecast_0182,2025-01-08 14:00:00,16253.710837937058,17112.71955644564,13784.365470039713
forecast_0183,2025-01-08 15:00:00,15881.453173174968,17026.88179272549,13143.110685055079
forecast_0184,2025-01-08 16:00:00,15358.966079641714,16766.7058591752,12445.466688951306
forecast_0185,2025-01-08 17:00:00,15497.935737001193,16799.2762713973,12712.570090460837
forecast_0186,2025-01-08 18:00:00,15403.25180499355,16598.06133423419,13108.907417080032
forecast_0187,2025-01-08 19:00:00,15874.491289607915,16453.606492534418,14002.250351378618
forecast_0188,2025-01-08 20:00:00,15953.93870560772,16757.718403652798,14266.990060327598
forecast_0189,2025-01-08 21:00:00,15873.736023595942,16608.752130146564,14023.468300996694
forecast_0190,2025-01-08 22:00:00,15282.367952307763,16578.771792678228,13605.502257255517
forecast_0191,2025-01-08 23:00:00,15365.810855590373,17139.76611870208,13928.374597331238
forecast_0192,2025-01-09 00:00:00,15396.300638994955,17416.326929491894,14833.673363019963
forecast_0193,2025-01-09 01:00:00,15644.329002331582,17231.94572172583,14400.662567737807
forecast_0194,2025-01-09 02:00:00,15658.762577412175,16974.78242423836,14294.703855213778
forecast_0195,2025-01-09 03:00:00,16089.158426518687,17017.609058338356,14475.077422835613
forecast_0196,2025-01-09 04:00:00,15972.571063287898,16865.908337592482,14560.811881176896
forecast_0197,2025-01-09 05:00:00,15914.520195421384,16741.54553398344,14136.80114340314
forecast_0198,2025-01-09 06:00:00,16073.171142395917,16792.173486227806,13979.666318222062
forecast_0199,2025-01-09 07:00:00,15432.418333522242,16626.547573100055,14016.91984784781
forecast_0200,2025-01-09 08:00:00,15054.398249336129,15627.847485914679,14082.900032570644
forecast_0201,2025-01-09 09:00:00,14818.300515148832,16025.185847669849,13047.500957548282
forecast_0202,2025-01-09 10:00:00,14642.14269187734,15926.215284288051,12542.86425323707
forecast_0203,2025-01-09 11:00:00,14814.060440863923,16312.505641100472,12230.031422731407
forecast_0204,2025-01-09 12:00:00,14893.88531831234,16292.224842837259,11970.663762464132
forecast_0205,2025-01-09 13:00:00,14808.70818435686,15840.708561697007,11553.272557770746
forecast_0206,2025-01-09 14:00:00,14795.2722426013,15552.891148842367,11062.047611697983
forecast_0207,2025-01-09 15:00:00,14371.894258467508,15857.468683113033,10553.280634247245
forecast_0208,2025-01-09 16:00:00,14402.6645288426,16046.228293756345,10409.11171265519
forecast_0209,2025-01-09 17:00:00,14398.121826972867,16013.83394692134,10837.235990049745
forecast_0210,2025-01-09 18:00:00,13738.905152904574,15892.457967697579,11018.242360595164
forecast_0211,2025-01-09 19:00:00,14980.633895643845,15752.078874139965,11903.90934419038
forecast_0212,2025-01-09 20:00:00,16652.357660205642,17958.85533950558,13998.01063201369
forecast_0213,2025-01-09 21:00:00,17996.848068477822,19050.946270877364,15413.025315371297
forecast_0214,2025-01-09 22:00:00,18190.483449942305,19618.81249752526,14922.892007642893
forecast_0215,2025-01-09 23:00:00,18964.356077316457,19315.408991877644,15455.525206903254
forecast_0216,2025-01-10 00:00:00,18751.622237954227,19028.560134435254,14648.253157675575
forecast_0217,2025-01-10 01:00:00,15636.971306137806,16643.95104329849,11542.50671649969
forecast_0218,2025-01-10 02:00:00,16430.056641036615,17566.369324555577,11394.445878505407
forecast_0219,2025-01-10 03:00:00,17945.40285088853,18044.667673749114,12304.635506815179
forecast_0220,2025-01-10 04:00:00,19391.304880621912,18166.362312310943,12937.620067634125
forecast_0221,2025-01-10 05:00:00,19418.09314053363,18987.25542315802,13432.132926325572
forecast_0222,2025-01-10 06:00:00,19173.130525275126,18928.895687803928,12902.816953994901
forecast_0223,2025-01-10 07:00:00,17656.913221913284,17779.70825209566,10488.573915313076
forecast_0224,2025-01-10 08:00:00,14611.644757578018,14121.632040435823,8558.922855078901
forecast_0225,2025-01-10 09:00:00,12068.286263104652,10303.18776270642,6996.858295770004
forecast_0226,2025-01-10 10:00:00,9875.312124171418,7610.737865341361,6236.335555033765
forecast_0227,2025-01-10 11:00:00,7011.235977127001,5592.256350957867,5060.942385783497
forecast_0228,2025-01-10 12:00:00,5574.7634891969155,3493.5616972097414,4251.954124452493
forecast_0229,2025-01-10 13:00:00,4654.091530402259,3176.0891664730957,3770.455732074085
forecast_0230,2025-01-10 14:00:00,4695.302130740354,2868.5049174900687,3775.7825129919943
forecast_0231,2025-01-10 15:00:00,4909.147416236981,3723.1087981146916,3976.7810616470356
forecast_0232,2025-01-10 16:00:00,5764.178836183013,4619.570512609059,4379.6236597813695
forecast_0233,2025-01-10 17:00:00,6239.30062882652,5365.7969421938105,4834.40093268256
forecast_0234,2025-01-10 18:00:00,8128.813710197224,7199.274825980733,5613.509799497778
forecast_0235,2025-01-10 19:00:00,8800.089266443827,7897.133181470918,6360.695407394951
forecast_0236,2025-01-10 20:00:00,9369.122426631346,8788.592385579854,6628.345085481887
forecast_0237,2025-01-10 21:00:00,9908.534373541712,9470.855329582719,6896.262483855817
forecast_0238,2025-01-10 22:00:00,10083.393153605703,9488.783293962142,7237.4548632459755
forecast_0239,2025-01-10 23:00:00,10902.003370074497,9720.25078765559,7397.1457620411975
forecast_0240,2025-01-11 00:00:00,10839.07614096619,9135.393760840469,7322.352523414876
forecast_0241,2025-01-11 01:00:00,10468.024334387359,8305.436153844637,7042.88291545593
forecast_0242,2025-01-11 02:00:00,11070.543703328984,9000.211664680493,7269.958470389866
forecast_0243,2025-01-11 03:00:00,10202.310402974455,8354.313653889596,6904.201396884071
forecast_0244,2025-01-11 04:00:00,9792.826941190124,8007.987037909311,6577.272609058941
forecast_0245,2025-01-11 05:00:00,10049.01218877571,8217.65890445559,6190.654101140183
forecast_0246,2025-01-11 06:00:00,9941.844994689938,8381.070290333286,6442.639648435483
forecast_0247,2025-01-11 07:00:00,9691.247973066296,9246.269467386883,6358.656707079141
forecast_0248,2025-01-11 08:00:00,9429.9227856933,9230.380132557695,6299.837760646122
forecast_0249,2025-01-11 09:00:00,9039.245092664467,9200.673456839086,5632.155019910165
forecast_0250,2025-01-11 10:00:00,7408.079256620772,7747.398627376157,5237.427424622789
forecast_0251,2025-01-11 11:00:00,6491.888425348826,6341.839652923519,5051.48085037175
forecast_0252,2025-01-11 12:00:00,5666.908263915022,5326.37215529996,4327.082968334518
forecast_0253,2025-01-11 13:00:00,5077.30698150161,3317.6277670014506,4040.734779540152
forecast_0254,2025-01-11 14:00:00,5222.644989842568,3598.747053424114,3928.6235460409284
forecast_0255,2025-01-11 15:00:00,4828.352960479738,3554.383066704148,3685.0472706150576
forecast_0256,2025-01-11 16:00:00,5112.920017250703,3578.131026710479,4109.398116155207
forecast_0257,2025-01-11 17:00:00,6367.29855872241,4542.282531726891,4769.81723389012
forecast_0258,2025-01-11 18:00:00,7894.116983784288,6479.642082572215,5520.211378539727
forecast_0259,2025-01-11 19:00:00,9553.391713754616,8000.7319751856085,6858.226680926853
forecast_0260,2025-01-11 20:00:00,10609.350936197437,9933.565998970544,7551.086935563727
forecast_0261,2025-01-11 21:00:00,11914.554183755532,12293.206087723813,9149.436875975254
forecast_0262,2025-01-11 22:00:00,12451.97593090784,11680.001430456632,9000.624188006457
forecast_0263,2025-01-11 23:00:00,13226.059446527832,12530.360880987766,9447.461186745144
forecast_0264,2025-01-12 00:00:00,13902.144663949719,12221.142435322492,9426.173842480564
forecast_0265,2025-01-12 01:00:00,12637.932801482928,11787.42880718181,9115.8420182617
forecast_0266,2025-01-12 02:00:00,12959.147926372254,12526.350256353116,8998.835032890132
forecast_0267,2025-01-12 03:00:00,14644.395338671537,13292.728411681917,10207.83411164811
forecast_0268,2025-01-12 04:00:00,15546.476141052717,15637.971837605835,10560.7499219553
forecast_0269,2025-01-12 05:00:00,16911.552607859077,16523.73392195243,12168.680865663651
forecast_0270,2025-01-12 06:00:00,17004.321741438038,16916.078295791427,12517.332649195409
forecast_0271,2025-01-12 07:00:00,17138.590728829447,17198.615755631206,12396.125485969776
forecast_0272,2025-01-12 08:00:00,17210.352688435964,17467.922356395757,12505.099010083024
forecast_0273,2025-01-12 09:00:00,16415.20083060419,16525.223370683394,11563.468149748145
forecast_0274,2025-01-12 10:00:00,15620.972915960785,16468.129124044375,11723.39757465768
forecast_0275,2025-01-12 11:00:00,13648.941387945548,14774.697010816144,11439.780999026041
forecast_0276,2025-01-12 12:00:00,11882.06672682153,12526.395493778684,10223.621961068578
forecast_0277,2025-01-12 13:00:00,11725.368387352966,12372.227154324744,9854.313560067589
forecast_0278,2025-01-12 14:00:00,12285.108733312187,13714.705502899475,10437.151625009747
forecast_0279,2025-01-12 15:00:00,12572.31261103258,13900.91068830684,10391.64282511662
forecast_0280,2025-01-12 16:00:00,12520.862389884933,13363.179973564585,10368.641653793935
forecast_0281,2025-01-12 17:00:00,13272.782721932843,14299.064011131966,10636.72858921263
forecast_0282,2025-01-12 18:00:00,14159.263612040653,15321.851269419363,12063.699446665796
forecast_0283,2025-01-12 19:00:00,15012.455344145748,16406.664541425584,13018.880553975048
forecast_0284,2025-01-12 20:00:00,15857.038407467197,17666.687523941113,13769.873192737115
forecast_0285,2025-01-12 21:00:00,17388.602280460727,19096.73034810238,15062.712577557231
forecast_0286,2025-01-12 22:00:00,18288.986682637107,19914.31105895135,15903.170562178546
forecast_0287,2025-01-12 23:00:00,18455.192148735707,19403.682931642456,16167.255552310227
forecast_0288,2025-01-13 00:00:00,19145.64952038736,19454.42003199842,16747.990288141842
forecast_0289,2025-01-13 01:00:00,19656.39015307328,19880.314902555278,16676.264395770737
forecast_0290,2025-01-13 02:00:00,20003.319493034553,20216.383671286072,17349.52890661359
forecast_0291,2025-01-13 03:00:00,20374.928357775563,20544.39404067951,18045.104795612635
forecast_0292,2025-01-13 04:00:00,20773.632721728703,20486.88577573964,18699.682921941258
forecast_0293,2025-01-13 05:00:00,20794.138156053814,20437.665483099023,19169.881465484483
forecast_0294,2025-01-13 06:00:00,20602.549028070258,20276.832451541275,18792.086303747703
forecast_0295,2025-01-13 07:00:00,20512.958448634512,20441.865539942428,18750.14631310643
forecast_0296,2025-01-13 08:00:00,20189.593787066224,20161.24728506339,18137.23833983897
forecast_0297,2025-01-13 09:00:00,19420.966832482045,19947.007153200015,17503.242212186076
forecast_0298,2025-01-13 10:00:00,19098.635202817095,19935.94783668357,17605.08935757083
forecast_0299,2025-01-13 11:00:00,18916.89146578496,19871.22249847788,17334.617472522186
forecast_0300,2025-01-13 12:00:00,17371.60987242562,18855.171551417778,16351.939687040396
forecast_0301,2025-01-13 13:00:00,14812.20342977104,17432.932454111877,13787.734963832569
forecast_0302,2025-01-13 14:00:00,14471.380479422907,17338.873841639306,13151.209670585242
forecast_0303,2025-01-13 15:00:00,14199.100494052942,15537.977078869897,11877.995718395334
forecast_0304,2025-01-13 16:00:00,14065.34008448426,14411.120740414803,11283.229331927087
forecast_0305,2025-01-13 17:00:00,14497.226724700506,14429.691533339761,11641.48043124437
forecast_0306,2025-01-13 18:00:00,13783.059609441572,14112.192212239803,11561.535298291039
forecast_0307,2025-01-13 19:00:00,14910.630872136124,15269.569791266033,13036.849990255501
forecast_0308,2025-01-13 20:00:00,15965.313914881744,17103.95037639359,14580.124225402787
forecast_0309,2025-01-13 21:00:00,16886.1143808797,17453.239175319963,15906.641539866127
forecast_0310,2025-01-13 22:00:00,17219.30572102579,17658.428959195124,16735.16525751989
forecast_0311,2025-01-13 23:00:00,17379.093338107203,18085.920043773793,17352.173354981773
forecast_0312,2025-01-14 00:00:00,17849.613137565673,18488.7269243058,17783.772790718976
forecast_0313,2025-01-14 01:00:00,17121.190707647227,17371.743334955892,16643.074172767923
forecast_0314,2025-01-14 02:00:00,17542.217499926413,17726.534848066218,16893.93742296597
forecast_0315,2025-01-14 03:00:00,18047.60128557483,18059.053291751083,17431.170956697533
forecast_0316,2025-01-14 04:00:00,17782.010174098028,18108.55094143594,17073.06873881576
forecast_0317,2025-01-14 05:00:00,17997.709137299225,18517.130669488535,17315.92076335516
forecast_0318,2025-01-14 06:00:00,18024.46194901258,18483.986022728568,17407.788519554295
forecast_0319,2025-01-14 07:00:00,18207.78461500451,18902.89987457959,17816.48757058979
forecast_0320,2025-01-14 08:00:00,17928.776535364785,18094.711694293128,17406.22967115903
forecast_0321,2025-01-14 09:00:00,17863.848250899435,18180.6776448811,17539.402558497488
forecast_0322,2025-01-14 10:00:00,17437.97106571011,17866.624641323073,17327.766418996664
forecast_0323,2025-01-14 11:00:00,16777.297354930688,17441.167728354027,16054.97203596227
forecast_0324,2025-01-14 12:00:00,16561.275256557838,16970.870730116883,15361.132476278308
forecast_0325,2025-01-14 13:00:00,16155.591780695824,16371.311114374308,14813.016190942715
forecast_0326,2025-01-14 14:00:00,14776.78527537641,14710.188873047444,12472.372762538627
forecast_0327,2025-01-14 15:00:00,14357.2052340456,14116.834948959106,11875.447324608976
forecast_0328,2025-01-14 16:00:00,14031.250945604836,13655.688446725208,11420.423370642944
forecast_0329,2025-01-14 17:00:00,13685.282941652982,13149.542777447497,11205.064494386372
forecast_0330,2025-01-14 18:00:00,12854.115649248997,12828.480008856734,11019.129058363438
forecast_0331,2025-01-14 19:00:00,12435.889164531483,12709.042590467538,11231.446963251456
forecast_0332,2025-01-14 20:00:00,12420.045403512362,13296.449385656328,11405.0632799603
forecast_0333,2025-01-14 21:00:00,13045.311348308423,13332.404585187009,11810.288454359916
forecast_0334,2025-01-14 22:00:00,13786.579222635755,14377.24695376113,12315.990856122193
forecast_0335,2025-01-14 23:00:00,14180.09805164563,14495.76984142816,12629.586443365095
forecast_0336,2025-01-15 00:00:00,14093.934442310345,13758.664919191267,12157.011171695482
forecast_0337,2025-01-15 01:00:00,14407.399091820469,13130.304709871825,11960.325905876129
forecast_0338,2025-01-15 02:00:00,13851.928534524091,12637.011860069813,11252.308344307758
forecast_0339,2025-01-15 03:00:00,13746.162732523517,12214.45113646778,11346.878399288844
forecast_0340,2025-01-15 04:00:00,13262.045584845173,12332.465923485172,11425.12159052477
forecast_0341,2025-01-15 05:00:00,13227.866267676796,12939.014017373875,11166.027194402033
forecast_0342,2025-01-15 06:00:00,14092.388800517649,13428.113230974479,11262.626377586179
forecast_0343,2025-01-15 07:00:00,14521.6817754068,14177.720431513848,11795.889438165193
forecast_0344,2025-01-15 08:00:00,14248.29233210037,15196.66624172615,11875.754248800946
forecast_0345,2025-01-15 09:00:00,14253.134575606122,15264.363232765645,12023.800854359612
forecast_0346,2025-01-15 10:00:00,13515.614427303139,14979.17245406854,10649.568049456379
forecast_0347,2025-01-15 11:00:00,13346.163306589184,14700.979166844389,10646.984282902637
forecast_0348,2025-01-15 12:00:00,13011.89752302242,13666.538837166469,9762.32341137128
forecast_0349,2025-01-15 13:00:00,12803.805439683274,13314.279074366288,8917.808869348484
forecast_0350,2025-01-15 14:00:00,12484.359926666286,12393.605265372966,8449.128042474997
forecast_0351,2025-01-15 15:00:00,12014.551221584981,12083.875183169806,8466.558212862688
forecast_0352,2025-01-15 16:00:00,11592.069525753552,11563.726600532318,8382.979280794907
forecast_0353,2025-01-15 17:00:00,11735.994744528842,11813.407796211452,8986.240230734986
forecast_0354,2025-01-15 18:00:00,12571.777071840486,13410.551918970641,10129.856123860698
forecast_0355,2025-01-15 19:00:00,14031.351558843016,15127.732383591649,12201.675692533678
forecast_0356,2025-01-15 20:00:00,15294.327426211483,16548.771515159344,13129.213603288508
forecast_0357,2025-01-15 21:00:00,16841.945792151848,17802.076305479957,14870.59112634759
forecast_0358,2025-01-15 22:00:00,18062.249387679578,18846.621196313983,16284.042192095885
forecast_0359,2025-01-15 23:00:00,19019.979561297612,19452.48549957763,17526.64120157894
forecast_0360,2025-01-16 00:00:00,19562.662934639906,19770.95821369646,18406.540035267255
forecast_0361,2025-01-16 01:00:00,19545.045892454254,19791.751443628178,17093.711292545002
forecast_0362,2025-01-16 02:00:00,19912.93029335976,19974.044412977084,17925.242724440133
forecast_0363,2025-01-16 03:00:00,20422.20728059531,19712.947363743693,18639.82413319635
forecast_0364,2025-01-16 04:00:00,20593.627270212593,20153.5288354262,19099.859724515845
forecast_0365,2025-01-16 05:00:00,20640.337098494176,20253.846249893824,19266.98023463914
forecast_0366,2025-01-16 06:00:00,20652.187814891942,20293.366238437273,19222.390756426554
forecast_0367,2025-01-16 07:00:00,20657.733991833684,20724.25371942018,19782.698377373104
forecast_0368,2025-01-16 08:00:00,20446.41232843673,20634.975050156467,19589.56492188635
forecast_0369,2025-01-16 09:00:00,20416.794630187545,20731.554120614033,19673.592679020046
forecast_0370,2025-01-16 10:00:00,20172.375264367533,20525.855863102923,19284.360501434305
forecast_0371,2025-01-16 11:00:00,19620.21163386807,20272.161259550267,18430.670706796656
forecast_0372,2025-01-16 12:00:00,19355.499751939773,19678.393759164745,17777.00584079305
forecast_0373,2025-01-16 13:00:00,18236.35836751249,19091.815469171175,16810.522024218983
forecast_0374,2025-01-16 14:00:00,17630.100804526624,18582.52773451709,16433.45308672924
forecast_0375,2025-01-16 15:00:00,18052.624852580342,18435.002605008747,17104.002683865117
forecast_0376,2025-01-16 16:00:00,18055.525534578952,18253.25375759804,17431.219170366472
forecast_0377,2025-01-16 17:00:00,18256.979342801325,18339.304329638795,18126.510692336935
forecast_0378,2025-01-16 18:00:00,18211.753429317945,18063.35587134809,18104.96260225339
forecast_0379,2025-01-16 19:00:00,18084.400915449194,17344.258052094505,17033.08952524054
forecast_0380,2025-01-16 20:00:00,14312.713162539534,14297.36145793139,12859.626292223793
forecast_0381,2025-01-16 21:00:00,14245.447376815066,13273.31101952064,11833.940250118372
forecast_0382,2025-01-16 22:00:00,12119.78195121783,10994.168966814446,9440.833036793103
forecast_0383,2025-01-16 23:00:00,9461.556669195405,7967.824137074923,6075.232004288804
forecast_0384,2025-01-17 00:00:00,6896.578132924958,5040.518257701731,4863.654324511342
forecast_0385,2025-01-17 01:00:00,5331.642145617914,4176.030880055043,3941.9061640921227
forecast_0386,2025-01-17 02:00:00,4335.960466018496,3289.086644711791,3654.8516615500394
forecast_0387,2025-01-17 03:00:00,4442.578757455015,2413.535104596943,3948.5739556710782
forecast_0388,2025-01-17 04:00:00,4128.6625354389325,2044.0518295573518,3618.0704222054105
forecast_0389,2025-01-17 05:00:00,3742.041844374397,1631.5212001086106,3365.4045639894666
forecast_0390,2025-01-17 06:00:00,3908.913394092833,1478.6769103333288,3202.214559934648
forecast_0391,2025-01-17 07:00:00,4101.345208558212,2138.4951762926084,3064.0167793718338
forecast_0392,2025-01-17 08:00:00,4554.984977630049,2759.7034090200477,3109.0921729699007
forecast_0393,2025-01-17 09:00:00,4618.973637492584,2882.52570835806,3183.7181020962344
forecast_0394,2025-01-17 10:00:00,4060.8856511111244,2644.2670323087373,3215.51652233891
forecast_0395,2025-01-17 11:00:00,3685.239434967001,2527.5498136143533,2918.5274298229883
forecast_0396,2025-01-17 12:00:00,3606.5080472590757,2440.47968432552,2663.8808046563586
forecast_0397,2025-01-17 13:00:00,3926.0306440984514,2772.649722770384,3148.0046558279687
forecast_0398,2025-01-17 14:00:00,3955.945420010161,2342.503847230565,3097.6292165738614
forecast_0399,2025-01-17 15:00:00,4022.507606449575,2591.4999365876256,3177.2634593578637
forecast_0400,2025-01-17 16:00:00,4822.873164723505,4041.7787157737203,3874.7067308546793
forecast_0401,2025-01-17 17:00:00,6061.157643289047,5830.628064407256,4549.29334797913
forecast_0402,2025-01-17 18:00:00,7600.688917586767,7252.257149978522,5081.400320635928
forecast_0403,2025-01-17 19:00:00,9763.63336920776,9353.68086917754,6079.682864561009
forecast_0404,2025-01-17 20:00:00,11644.429813017574,12029.77705550415,7872.0875961063275
forecast_0405,2025-01-17 21:00:00,12613.0719318929,13933.751014615096,8750.111385510885
forecast_0406,2025-01-17 22:00:00,14408.52422038967,15043.151862206978,10109.91424497379
forecast_0407,2025-01-17 23:00:00,15745.74086585287,13790.731832752499,11484.60565482787
forecast_0408,2025-01-18 00:00:00,16285.068626285354,15296.64593487917,12255.338925432829
forecast_0409,2025-01-18 01:00:00,16424.21487437756,13590.607429283638,11651.277136485713
forecast_0410,2025-01-18 02:00:00,17826.643501143277,15215.289396892666,13573.19620488198
forecast_0411,2025-01-18 03:00:00,18424.92421172426,16233.484134300867,14509.70168247575
forecast_0412,2025-01-18 04:00:00,18878.74557564503,16433.073770868672,15196.811909016358
forecast_0413,2025-01-18 05:00:00,18875.74122718129,16678.16959178995,15047.775543092259
forecast_0414,2025-01-18 06:00:00,18554.933351481126,15260.643275631952,12912.783730731953
forecast_0415,2025-01-18 07:00:00,16183.12922007437,12995.918766221686,9188.43724079188
forecast_0416,2025-01-18 08:00:00,12980.243947841722,9994.426951596233,6931.343722052272
forecast_0417,2025-01-18 09:00:00,9352.669934222322,6436.767391249306,5108.480432065296
forecast_0418,2025-01-18 10:00:00,7416.683990745526,5531.227744766509,4847.47577305718
forecast_0419,2025-01-18 11:00:00,6948.139731443127,5823.778012462915,4629.491642235979
forecast_0420,2025-01-18 12:00:00,6629.4782065230365,5955.152267928288,4432.597213029266
forecast_0421,2025-01-18 13:00:00,6189.244104914827,6027.882994069867,3901.989032495255
forecast_0422,2025-01-18 14:00:00,5974.423151410583,5713.829097260175,4045.03994669233
forecast_0423,2025-01-18 15:00:00,5650.3586522003025,6038.012969537333,4350.580211780366
forecast_0424,2025-01-18 16:00:00,6944.293350488481,6589.996920401621,4755.406961635602
forecast_0425,2025-01-18 17:00:00,9766.667877212036,9543.349882229055,6303.49055976792
forecast_0426,2025-01-18 18:00:00,13880.914466666865,12887.205240808336,9616.996441757907
forecast_0427,2025-01-18 19:00:00,16640.24568699052,15418.961507245884,12822.12046545402
forecast_0428,2025-01-18 20:00:00,17890.95663051212,16800.66297258038,15048.042343747387
forecast_0429,2025-01-18 21:00:00,18662.70397532631,18204.73156535338,16264.197995177808
forecast_0430,2025-01-18 22:00:00,18745.244221041787,18118.90018246667,16236.89423478931
forecast_0431,2025-01-18 23:00:00,18340.46036390613,18176.842322553643,15119.474723107847
forecast_0432,2025-01-19 00:00:00,17958.97167831313,17537.355713378653,14804.221064883917
forecast_0433,2025-01-19 01:00:00,17362.207833212735,17579.768958520166,13289.385163439427
forecast_0434,2025-01-19 02:00:00,17753.930057314843,17537.082881304403,14100.233704426419
forecast_0435,2025-01-19 03:00:00,18540.51994125145,18235.653663584868,14780.18752429798
forecast_0436,2025-01-19 04:00:00,19406.469528731206,18726.101614874955,16016.33277599758
forecast_0437,2025-01-19 05:00:00,19799.615544347398,19334.26271914062,16687.748536485324
forecast_0438,2025-01-19 06:00:00,19618.041979639198,19444.379131394882,16782.398867833414
forecast_0439,2025-01-19 07:00:00,19518.651038379347,19435.298851489955,16455.28492505676
forecast_0440,2025-01-19 08:00:00,19093.4869040026,19433.086470758943,15119.975867948291
forecast_0441,2025-01-19 09:00:00,17037.257347844832,18239.97163121862,12616.077192574254
forecast_0442,2025-01-19 10:00:00,15818.337516608397,16862.396521742303,11565.402203042588
forecast_0443,2025-01-19 11:00:00,14718.283884672117,15384.341347692298,10967.5323706465
forecast_0444,2025-01-19 12:00:00,11776.83427614886,13441.355232202128,9028.980385585464
forecast_0445,2025-01-19 13:00:00,10269.332531127851,11353.162099801353,7476.86142520706
forecast_0446,2025-01-19 14:00:00,9574.340079806985,9795.30834566258,6047.7072955882795
forecast_0447,2025-01-19 15:00:00,8866.55613741817,9019.620950583996,5408.900204239502
forecast_0448,2025-01-19 16:00:00,8052.707709213046,8111.217031432558,5461.0324677793715
forecast_0449,2025-01-19 17:00:00,8932.924998241295,8824.857623577573,6009.138724751569
forecast_0450,2025-01-19 18:00:00,10142.858829594566,9857.875587680799,7084.827626283125
forecast_0451,2025-01-19 19:00:00,11098.112570421948,11220.883112214844,7795.947606977369
forecast_0452,2025-01-19 20:00:00,11726.472332829313,11998.679620013587,8323.542605965971
forecast_0453,2025-01-19 21:00:00,12223.973612351128,13461.750607285718,8862.31503194285
forecast_0454,2025-01-19 22:00:00,12568.729922485025,13572.919791995373,9364.887695937236
forecast_0455,2025-01-19 23:00:00,13092.059961653595,13873.220582989165,10202.626264408496
forecast_0456,2025-01-20 00:00:00,12232.623327577783,12095.117870880604,9086.928112345578
forecast_0457,2025-01-20 01:00:00,11307.127630642653,9438.673606430188,6763.163296042776
forecast_0458,2025-01-20 02:00:00,10219.674699760315,8707.497168860782,6063.781461675197
forecast_0459,2025-01-20 03:00:00,9153.87649170439,8014.467422334016,5817.094975437076
forecast_0460,2025-01-20 04:00:00,7677.722137249264,6250.525801090132,5190.934672996478
forecast_0461,2025-01-20 05:00:00,6844.480958096636,4957.421612732367,4583.117423132524
forecast_0462,2025-01-20 06:00:00,5487.053967793148,3432.501139748571,4054.8218871923327
forecast_0463,2025-01-20 07:00:00,4491.347903079894,2549.4414722266283,3609.4352444959077
forecast_0464,2025-01-20 08:00:00,3694.7484851025524,2334.5541936899112,3382.075953591187
forecast_0465,2025-01-20 09:00:00,3178.266211970221,2161.3593603376958,3096.1167033534075
forecast_0466,2025-01-20 10:00:00,2522.262855573359,1810.8026027511464,2436.1609987362954
forecast_0467,2025-01-20 11:00:00,2260.7495412655485,1461.8822805931245,1782.6788139379332
forecast_0468,2025-01-20 12:00:00,1807.847833198902,1095.8534545865496,1547.0169750828866
forecast_0469,2025-01-20 13:00:00,2031.0659072540013,1448.0470094376378,1758.2934566743863
forecast_0470,2025-01-20 14:00:00,2089.889991811043,1090.9278677663178,1701.2726355662955
forecast_0471,2025-01-20 15:00:00,2343.653277751224,1342.9015203625745,1908.7663305623541
forecast_0472,2025-01-20 16:00:00,2763.284193514667,1391.246603655513,2259.8727805242784
forecast_0473,2025-01-20 17:00:00,2568.7146437074807,1319.1729751191567,2351.41945769424
forecast_0474,2025-01-20 18:00:00,1981.0614730937036,1108.1214980333596,2089.183438382932
forecast_0475,2025-01-20 19:00:00,2672.768260649579,1923.6495230373885,2892.088776146813
forecast_0476,2025-01-20 20:00:00,3521.6155224243566,3047.1655849698177,3390.986976160299
forecast_0477,2025-01-20 21:00:00,3673.6801254435886,3766.956293792005,3532.429652373412
forecast_0478,2025-01-20 22:00:00,3344.6612672848496,3173.720644907095,3549.5155532441995
forecast_0479,2025-01-20 23:00:00,3530.1161537318076,3321.240511374139,3901.7879868243776
forecast_0480,2025-01-21 00:00:00,3586.377450826754,3008.749075871315,3526.3352038345333
forecast_0481,2025-01-21 01:00:00,4856.327354772958,3779.654868409791,4101.0776394513705
forecast_0482,2025-01-21 02:00:00,5057.131996192972,3931.44299033056,4092.3278029975913
forecast_0483,2025-01-21 03:00:00,5790.49972169719,4493.695057092958,4136.0286136184
forecast_0484,2025-01-21 04:00:00,6156.341537134059,4723.651700198023,4342.573594923526
forecast_0485,2025-01-21 05:00:00,6400.364578478266,5244.462846767541,4544.785485420058
forecast_0486,2025-01-21 06:00:00,6307.841219559494,5134.395983557917,4448.7688030717
forecast_0487,2025-01-21 07:00:00,5709.365605819648,4467.036340860388,4123.075735238897
forecast_0488,2025-01-21 08:00:00,5385.207782234277,3601.800616199441,3945.689212793174
forecast_0489,2025-01-21 09:00:00,4612.097914393126,3866.010773947994,3832.079589424411
forecast_0490,2025-01-21 10:00:00,4355.8796353594735,3360.0422918673667,3847.854660666901
forecast_0491,2025-01-21 11:00:00,4120.647276720632,3225.0773390644927,3503.605835103437
forecast_0492,2025-01-21 12:00:00,4032.538974929593,3073.5128210783128,3453.017206494981
forecast_0493,2025-01-21 13:00:00,3839.995539144479,2452.656843182928,3387.238293118872
forecast_0494,2025-01-21 14:00:00,4210.665798127825,2772.2864171141223,3491.4751860249476
forecast_0495,2025-01-21 15:00:00,4734.397489413277,3770.701585389438,3607.577287161216
forecast_0496,2025-01-21 16:00:00,5902.829218465523,5307.137099964941,4117.34605031239
forecast_0497,2025-01-21 17:00:00,7478.7013946826155,7010.214366182414,4998.454947030207
forecast_0498,2025-01-21 18:00:00,10015.342348183953,9799.671801126591,6976.8066164160155
forecast_0499,2025-01-21 19:00:00,12989.282163632917,13174.331953774501,9789.076237485551
forecast_0500,2025-01-21 20:00:00,14582.31199551854,14143.989251393887,11931.303924025127
forecast_0501,2025-01-21 21:00:00,15615.138532704357,15077.323524742804,12723.732388215927
forecast_0502,2025-01-21 22:00:00,14314.128476968051,14695.46778201571,11103.672454196316
forecast_0503,2025-01-21 23:00:00,14939.661746489168,15015.723326457653,11322.447126992829
forecast_0504,2025-01-22 00:00:00,13473.898385510918,14354.66247987585,9970.072111878844
forecast_0505,2025-01-22 01:00:00,13312.303916962588,14887.149152429805,9621.079614083432
forecast_0506,2025-01-22 02:00:00,14530.152633954815,15721.537825053136,10385.989856677108
forecast_0507,2025-01-22 03:00:00,15564.10329743541,16945.50456508554,11236.28727326603
forecast_0508,2025-01-22 04:00:00,16216.386720138918,16664.00806410687,12180.889210099582
forecast_0509,2025-01-22 05:00:00,16806.143277605115,16624.89801993715,12975.758386454087
forecast_0510,2025-01-22 06:00:00,17229.352982439093,16200.846453250804,14304.426283919032
forecast_0511,2025-01-22 07:00:00,17725.979317059093,17176.693632541617,14935.402751423882
forecast_0512,2025-01-22 08:00:00,17402.202243313815,16990.791582450074,15283.096981522905
forecast_0513,2025-01-22 09:00:00,16315.827500776646,16013.926266536453,14837.82214490979
forecast_0514,2025-01-22 10:00:00,15053.69093727862,14660.828875811849,13811.945642536371
forecast_0515,2025-01-22 11:00:00,13876.283492706825,13293.487636647269,11716.973233619026
forecast_0516,2025-01-22 12:00:00,12837.334535202895,12064.244236323353,10164.411762560729
forecast_0517,2025-01-22 13:00:00,11718.523635160234,11031.372957071704,8876.071310372354
forecast_0518,2025-01-22 14:00:00,9795.45574727037,9136.023849658084,7171.810555631139
forecast_0519,2025-01-22 15:00:00,8366.246472844337,7613.874572642692,5771.924706225565
forecast_0520,2025-01-22 16:00:00,8081.127456195343,7317.6618575451785,5778.781088687414
forecast_0521,2025-01-22 17:00:00,8944.281712753564,9112.5776838108,6404.234512842692
forecast_0522,2025-01-22 18:00:00,10787.502653351581,10493.50440547579,7685.237773753652
forecast_0523,2025-01-22 19:00:00,12933.391248149712,12391.29947381996,9313.480640800344
forecast_0524,2025-01-22 20:00:00,14246.055854007172,14885.388051826478,11153.630507301808
forecast_0525,2025-01-22 21:00:00,14749.084926097425,15071.991916532466,11887.553191854457
forecast_0526,2025-01-22 22:00:00,15582.3779479211,15484.894800181277,12762.83648618341
forecast_0527,2025-01-22 23:00:00,15447.964516738462,15339.919318800861,13046.807443687108
forecast_0528,2025-01-23 00:00:00,15576.875545706222,15487.086829275055,13312.428141404282
forecast_0529,2025-01-23 01:00:00,16054.289042358012,16579.70506613166,13311.620407929913
forecast_0530,2025-01-23 02:00:00,16626.107238738823,15895.951302076837,13539.52511010051
forecast_0531,2025-01-23 03:00:00,16850.77945982907,16381.090725427495,13395.038585602495
forecast_0532,2025-01-23 04:00:00,16131.511463892355,16480.48792567793,12383.735143518345
forecast_0533,2025-01-23 05:00:00,15575.754631348365,15382.644822904555,11389.88840384578
forecast_0534,2025-01-23 06:00:00,14962.21512000382,14561.891997680452,10376.120032000665
forecast_0535,2025-01-23 07:00:00,13825.143196548659,13169.920210224096,9063.738017721194
forecast_0536,2025-01-23 08:00:00,12001.580770785706,11927.035085512905,7242.918484791576
forecast_0537,2025-01-23 09:00:00,9066.224780643795,8660.423963329125,5246.624961333318
forecast_0538,2025-01-23 10:00:00,7493.229291281759,8350.6075529044,5409.842271633999
forecast_0539,2025-01-23 11:00:00,5844.031867619468,6416.58072826056,4761.318389588517
forecast_0540,2025-01-23 12:00:00,4673.509713066832,3939.4136155964065,3649.697055779886
forecast_0541,2025-01-23 13:00:00,3993.1708672727923,3025.777640305276,2962.909164831231
forecast_0542,2025-01-23 14:00:00,3882.608240158347,2686.3719432552944,2768.6476466587583
forecast_0543,2025-01-23 15:00:00,3655.3801111710036,2218.405196122901,2588.987561725977
forecast_0544,2025-01-23 16:00:00,3629.8494042346524,2338.4738881484614,2544.8112796662713
forecast_0545,2025-01-23 17:00:00,3466.946482678928,2128.911175590486,2421.7898328215774
forecast_0546,2025-01-23 18:00:00,3719.3906871102326,3214.75897581611,2769.51729175299
forecast_0547,2025-01-23 19:00:00,4859.453583847417,4143.182655180539,3058.973997451877
forecast_0548,2025-01-23 20:00:00,4431.799641916466,3594.0960641832753,3235.608924985113
forecast_0549,2025-01-23 21:00:00,4489.907607446418,3670.6979090249424,3381.74352213985
forecast_0550,2025-01-23 22:00:00,4774.624868114957,4189.008632837834,3450.2608470120017
forecast_0551,2025-01-23 23:00:00,5071.794598622953,4414.515030327563,3496.892689215141
forecast_0552,2025-01-24 00:00:00,4686.487450476421,4447.322420730416,3363.0530931510693
forecast_0553,2025-01-24 01:00:00,4386.29691034333,2864.2171247028064,3743.2088352988644
forecast_0554,2025-01-24 02:00:00,4203.508177488839,2757.8726764544676,3274.97182777863
forecast_0555,2025-01-24 03:00:00,4294.653925878193,2779.0482024595044,3006.12852858398
forecast_0556,2025-01-24 04:00:00,4269.551752641179,2795.537342814693,3038.8303175741416
forecast_0557,2025-01-24 05:00:00,2970.08193905763,1359.0985634510612,2798.227503575522
forecast_0558,2025-01-24 06:00:00,2846.2127472516368,1486.1752350881939,2649.7584500856124
forecast_0559,2025-01-24 07:00:00,2675.3175490541234,1500.9221571684416,2345.688179571268
forecast_0560,2025-01-24 08:00:00,2591.3932414515816,1729.376315843929,2188.8529295696994
forecast_0561,2025-01-24 09:00:00,2459.905246850685,1780.8804739702582,2125.876772587733
forecast_0562,2025-01-24 10:00:00,1929.0839047414079,1054.4058201952323,1949.7737757151222
forecast_0563,2025-01-24 11:00:00,1887.1733303035412,948.1118930505195,1908.6673990780414
forecast_0564,2025-01-24 12:00:00,1898.7018612345119,1435.9282671968567,1957.7821982304918
forecast_0565,2025-01-24 13:00:00,2173.810238277201,1000.3144881914388,2181.0826335316488
forecast_0566,2025-01-24 14:00:00,2166.702406503131,1460.8439463574332,2293.6412870595254
forecast_0567,2025-01-24 15:00:00,2623.205300963569,1769.3607448967468,2598.6973262159772
forecast_0568,2025-01-24 16:00:00,2587.8151367304154,1551.9487867295554,2669.3868228312936
forecast_0569,2025-01-24 17:00:00,2029.569020246799,1246.3899491607908,2612.5558780783185
forecast_0570,2025-01-24 18:00:00,2452.5968670544444,1736.2615341895794,2796.100984520101
forecast_0571,2025-01-24 19:00:00,3178.110898273056,3154.056371886329,3214.3179860410773
forecast_0572,2025-01-24 20:00:00,3301.0438516932845,3658.138400522951,3402.296174972084
forecast_0573,2025-01-24 21:00:00,3343.818451400988,4029.7842092655674,3065.464058575102
forecast_0574,2025-01-24 22:00:00,3775.174035020964,4543.872320573341,3295.1425963605047
forecast_0575,2025-01-24 23:00:00,4459.437035423811,5371.0154806978435,4037.4184994505913
forecast_0576,2025-01-25 00:00:00,5810.451844166471,6175.073733755087,5223.5776415911905
forecast_0577,2025-01-25 01:00:00,3829.0940934275604,3494.0635713958636,3548.9384221446153
forecast_0578,2025-01-25 02:00:00,5619.346674958084,5582.01911407437,4717.038047450429
forecast_0579,2025-01-25 03:00:00,5617.029930063303,6283.957838896206,4848.457143946441
forecast_0580,2025-01-25 04:00:00,5721.791402448269,6529.918283640959,5127.894299507678
forecast_0581,2025-01-25 05:00:00,5638.874307993652,6864.881379802098,5168.056273312494
forecast_0582,2025-01-25 06:00:00,5705.294064522757,7200.124358887237,5459.824012739954
forecast_0583,2025-01-25 07:00:00,5727.009309063511,7047.473179105479,5363.514958081924
forecast_0584,2025-01-25 08:00:00,5771.7359918942475,6720.5194028192145,5420.749499381858
forecast_0585,2025-01-25 09:00:00,5174.865566954457,6283.329423954862,5282.178173510517
forecast_0586,2025-01-25 10:00:00,4899.6744269275205,6055.571974537921,5563.103912579754
forecast_0587,2025-01-25 11:00:00,5198.7722801368145,5577.404405367318,5752.13757422838
forecast_0588,2025-01-25 12:00:00,5176.727978534682,5165.293482316868,5733.9025036737885
forecast_0589,2025-01-25 13:00:00,5325.349836948577,5199.836719221758,5790.966992938833
forecast_0590,2025-01-25 14:00:00,4625.490475928773,4666.880973765857,5031.287515069874
forecast_0591,2025-01-25 15:00:00,4468.851165836352,4726.474953074034,4916.562086186715
forecast_0592,2025-01-25 16:00:00,4552.627444683357,4768.146497798853,4694.201831971059
forecast_0593,2025-01-25 17:00:00,4566.514836098009,4943.155343517087,4546.975266099945
forecast_0594,2025-01-25 18:00:00,4677.238934440351,4988.50294225998,4591.543007442515
forecast_0595,2025-01-25 19:00:00,4998.366947067192,5918.414160228254,5113.414246529253
forecast_0596,2025-01-25 20:00:00,5411.186338436024,6318.676656521014,5276.237048370302
forecast_0597,2025-01-25 21:00:00,5681.310754700781,6723.365749373236,5731.484134240436
forecast_0598,2025-01-25 22:00:00,6087.728444083366,6674.50111765297,5877.128585382336
forecast_0599,2025-01-25 23:00:00,6517.36330715664,6711.8708950028795,6450.072129303264
forecast_0600,2025-01-26 00:00:00,6295.5455360327305,6759.801513278922,6282.797050694338
forecast_0601,2025-01-26 01:00:00,6823.243419423453,7082.839220748463,6288.657347563492
forecast_0602,2025-01-26 02:00:00,6446.331926741012,7132.238784044813,5888.322898981579
forecast_0603,2025-01-26 03:00:00,6122.639762370849,7133.878865657633,5558.82140654359
forecast_0604,2025-01-26 04:00:00,5511.92964592817,6124.074027701084,4799.519067546133
forecast_0605,2025-01-26 05:00:00,5027.371851063792,5374.84023264451,4336.780190091607
forecast_0606,2025-01-26 06:00:00,4493.223871925125,5039.581933358787,3892.734210875883
forecast_0607,2025-01-26 07:00:00,3821.4899997779657,4876.988538997648,3627.1346961440713
forecast_0608,2025-01-26 08:00:00,3572.6477658757585,4632.490455705702,3293.8193948431626
forecast_0609,2025-01-26 09:00:00,3367.7570438790585,4854.119444130905,3027.9547688948273
forecast_0610,2025-01-26 10:00:00,3182.9907694883386,4308.974637268626,2979.7209095738967
forecast_0611,2025-01-26 11:00:00,2749.5815343637328,2934.462114167044,3043.073942898337
forecast_0612,2025-01-26 12:00:00,2709.616653611053,2503.490315753973,2800.7618907505216
forecast_0613,2025-01-26 13:00:00,2183.001756099865,1493.551251136702,2529.4068469338063
forecast_0614,2025-01-26 14:00:00,1741.138809185471,1177.1936653311777,2349.87479621974
forecast_0615,2025-01-26 15:00:00,1751.295241530101,1139.4216430834406,2121.876255518206
forecast_0616,2025-01-26 16:00:00,1656.5985974107907,1273.373135981981,2216.040276958203
forecast_0617,2025-01-26 17:00:00,1800.9240675533724,1236.2215920689764,2274.01623996505
forecast_0618,2025-01-26 18:00:00,1749.4943562913277,1432.6880727220062,2219.530409876506
forecast_0619,2025-01-26 19:00:00,2502.6679346620085,1852.8719943036842,2442.225866877588
forecast_0620,2025-01-26 20:00:00,3048.3060632947036,2637.026369794033,2767.410338661837
forecast_0621,2025-01-26 21:00:00,3418.803731403118,2753.7548356240854,3064.90859160355
forecast_0622,2025-01-26 22:00:00,5026.56610560941,4009.332633798808,3655.7510541716556
forecast_0623,2025-01-26 23:00:00,4541.42374276318,3235.67022734287,3118.1490609072052
forecast_0624,2025-01-27 00:00:00,4685.312419844103,3372.622412052578,3392.408801636702
forecast_0625,2025-01-27 01:00:00,4419.0379817868625,3310.111145695676,3300.9653290412834
forecast_0626,2025-01-27 02:00:00,4669.341788865147,3479.2422153475186,3681.4247893160486
forecast_0627,2025-01-27 03:00:00,5094.507752044118,3803.2326526090255,4033.832593147502
forecast_0628,2025-01-27 04:00:00,5792.328923976619,5429.598442934866,4252.169692011659
forecast_0629,2025-01-27 05:00:00,6505.572736754195,6453.639429534563,4445.148553046672
forecast_0630,2025-01-27 06:00:00,6399.452137786848,5782.893599535171,4382.43600291474
forecast_0631,2025-01-27 07:00:00,6495.856651936401,5741.529705332752,4659.866861352065
forecast_0632,2025-01-27 08:00:00,6865.313398712118,6918.08949939849,4913.904635234662
forecast_0633,2025-01-27 09:00:00,7311.366415806593,7736.39990957167,5509.099784441468
forecast_0634,2025-01-27 10:00:00,5972.912880405682,6337.820341956387,4982.278598893185
forecast_0635,2025-01-27 11:00:00,6899.144866535507,8079.0258940618305,7180.911145128436
forecast_0636,2025-01-27 12:00:00,9775.103328347484,12004.899408100624,11412.09015940027
forecast_0637,2025-01-27 13:00:00,10935.786728781957,14790.266365356265,12467.28658021384
forecast_0638,2025-01-27 14:00:00,14703.47035974275,16363.809363847215,14718.30808024501
forecast_0639,2025-01-27 15:00:00,17468.59417703054,18484.287781400737,16378.73773399533
forecast_0640,2025-01-27 16:00:00,18221.795954757676,18548.68283724371,16420.806210983694
forecast_0641,2025-01-27 17:00:00,18093.86608068477,18487.81523463603,17081.51108638287
forecast_0642,2025-01-27 18:00:00,19139.17846995498,18953.67007564209,17812.511823452238
forecast_0643,2025-01-27 19:00:00,19061.461562768403,18857.26798707836,17256.086513639744
forecast_0644,2025-01-27 20:00:00,19137.892196066492,18341.894206336583,17365.79218580598
forecast_0645,2025-01-27 21:00:00,18097.310110614126,18140.046619325607,17331.54284892307
forecast_0646,2025-01-27 22:00:00,17977.855868808496,17975.602389243075,16649.613777113766
forecast_0647,2025-01-27 23:00:00,17532.360841646416,17318.446219532976,16679.40797060919
forecast_0648,2025-01-28 00:00:00,17437.517277468978,17506.623362733146,16360.799568551776
forecast_0649,2025-01-28 01:00:00,17163.015638517812,17193.94006359188,15321.444430866719
forecast_0650,2025-01-28 02:00:00,17424.02791274634,17104.995168758665,15647.682647080328
forecast_0651,2025-01-28 03:00:00,17095.621494018887,16772.156178605634,15631.3972684884
forecast_0652,2025-01-28 04:00:00,16919.383894340834,17475.225448080433,15611.966000155871
forecast_0653,2025-01-28 05:00:00,17095.406697945185,17924.184661060317,16249.190100361819
forecast_0654,2025-01-28 06:00:00,17203.853232987516,17844.267618768914,16861.76708312238
forecast_0655,2025-01-28 07:00:00,17539.00185241417,17705.71605396321,17653.71077891815
forecast_0656,2025-01-28 08:00:00,18168.002598818355,17772.26947698101,18386.562118003898
forecast_0657,2025-01-28 09:00:00,18204.976456100936,17690.097369800136,18352.44860346397
forecast_0658,2025-01-28 10:00:00,18432.282836224447,17613.15655739935,17877.543245937533
forecast_0659,2025-01-28 11:00:00,18318.292761201545,17539.980869933872,17416.685228715432
forecast_0660,2025-01-28 12:00:00,17833.586019381983,17283.888657978423,17453.23820268384
forecast_0661,2025-01-28 13:00:00,17693.89732319738,17047.900148008834,17256.83131406628
forecast_0662,2025-01-28 14:00:00,17616.291808346912,17307.941091679008,17773.37988137072
forecast_0663,2025-01-28 15:00:00,17545.232663260085,16967.20838869507,17141.41296004501
forecast_0664,2025-01-28 16:00:00,17393.160717252,16966.322073337284,17018.568418656774
forecast_0665,2025-01-28 17:00:00,17255.00073060499,17257.19454724712,16907.651990248072
forecast_0666,2025-01-28 18:00:00,16996.66732785604,17032.039613354616,16934.11943419217
forecast_0667,2025-01-28 19:00:00,16857.931454916958,17211.500335316407,16771.101488092678
forecast_0668,2025-01-28 20:00:00,16886.87836663536,17272.415939136514,16950.368555075846
forecast_0669,2025-01-28 21:00:00,17422.94925366868,17891.864644632777,17218.70396556775
forecast_0670,2025-01-28 22:00:00,17417.162809798407,18036.50687490622,17466.105282576977
forecast_0671,2025-01-28 23:00:00,17442.22358461006,18224.292404546533,17994.428517478118
forecast_0672,2025-01-29 00:00:00,17716.34413701753,17912.527617497035,18385.901186757394
forecast_0673,2025-01-29 01:00:00,17929.215686351818,17536.0875850031,17854.414154002297
forecast_0674,2025-01-29 02:00:00,18194.847368996085,17682.72532831515,18235.25105358808
forecast_0675,2025-01-29 03:00:00,18443.99278132039,17745.12469650779,18679.685661427808
forecast_0676,2025-01-29 04:00:00,18630.887889040132,17900.304973503356,18876.97623361022
forecast_0677,2025-01-29 05:00:00,18992.84174165829,18107.111710609148,19231.67252703939
forecast_0678,2025-01-29 06:00:00,19283.77008256661,18179.126829860692,19326.901697557492
forecast_0679,2025-01-29 07:00:00,19157.394083777137,18005.745768047684,19259.426379976347
forecast_0680,2025-01-29 08:00:00,19035.694835692775,17804.425427892587,18946.692652638492
forecast_0681,2025-01-29 09:00:00,18604.65690816041,17598.92840825241,18362.299235061848
forecast_0682,2025-01-29 10:00:00,18100.457154647072,17728.251516894405,17451.123112652087
forecast_0683,2025-01-29 11:00:00,17775.978304964712,17354.162498863596,16681.639812491238
forecast_0684,2025-01-29 12:00:00,17573.714670055924,17536.861092083247,15635.344889115637
forecast_0685,2025-01-29 13:00:00,17152.51320898111,17250.74761668066,14924.531076914735
forecast_0686,2025-01-29 14:00:00,17183.099264335546,17270.26350400741,15111.829154294088
forecast_0687,2025-01-29 15:00:00,16793.22328971108,16477.57322325132,14972.60469534626
forecast_0688,2025-01-29 16:00:00,16058.617805243764,16061.603988951827,14394.02656091764
forecast_0689,2025-01-29 17:00:00,15745.850671932392,15810.645029970068,14204.489090357729
forecast_0690,2025-01-29 18:00:00,15729.310571075814,15680.766135124424,14503.04410119274
forecast_0691,2025-01-29 19:00:00,15929.00332969059,15636.554503065332,15012.630382243307
forecast_0692,2025-01-29 20:00:00,15864.123929858917,15656.993311529315,15350.527637033056
forecast_0693,2025-01-29 21:00:00,15846.617159774945,15681.666259435298,15481.303538781049
forecast_0694,2025-01-29 22:00:00,15357.57268880988,15721.916577859634,15046.66890161336
forecast_0695,2025-01-29 23:00:00,15383.45708179985,15581.286501732686,15065.132100841689
forecast_0696,2025-01-30 00:00:00,15593.014180415646,15680.078607594236,15239.332885624439
forecast_0697,2025-01-30 01:00:00,16443.382777834362,15928.128384629412,15469.244939445827
forecast_0698,2025-01-30 02:00:00,16919.893150869273,16773.90003181061,15968.652213016874
forecast_0699,2025-01-30 03:00:00,17473.190827295795,17169.970700843118,16331.983975474508
forecast_0700,2025-01-30 04:00:00,17666.310104697288,17156.229418904724,16527.954688910613
forecast_0701,2025-01-30 05:00:00,17391.945351401173,17274.689485107905,16548.73412642754
forecast_0702,2025-01-30 06:00:00,17342.676486951936,17622.264610742408,16545.34748526501
forecast_0703,2025-01-30 07:00:00,17862.12785696039,17757.72637185122,16222.020738552263
forecast_0704,2025-01-30 08:00:00,18281.378031513323,17777.255283739833,16173.175433790751
forecast_0705,2025-01-30 09:00:00,17594.744575158118,17860.625099925295,15626.892572342198
forecast_0706,2025-01-30 10:00:00,16387.74553597628,16523.979520773122,14762.765835592945
forecast_0707,2025-01-30 11:00:00,15738.29548821799,16464.583968296858,13696.488357149492
forecast_0708,2025-01-30 12:00:00,15554.035676589836,15634.71385852797,13112.432973752644
forecast_0709,2025-01-30 13:00:00,15472.25970963153,15659.24360919181,12728.708155391554
forecast_0710,2025-01-30 14:00:00,15225.550328239427,14894.693325245797,12770.385258960416
forecast_0711,2025-01-30 15:00:00,15137.673012981208,15138.660968950984,13099.318123758712
forecast_0712,2025-01-30 16:00:00,15183.702234011944,15554.132937051743,13525.556960565962
forecast_0713,2025-01-30 17:00:00,14903.298292034144,15975.874792117402,13749.625428742676
forecast_0714,2025-01-30 18:00:00,15503.561454732579,16144.08825357835,15029.946578006746
forecast_0715,2025-01-30 19:00:00,16468.639429628016,16304.285622565278,16624.705023324153
forecast_0716,2025-01-30 20:00:00,17698.989451321348,17197.92947767396,17675.034600458013
forecast_0717,2025-01-30 21:00:00,18250.06719687949,17255.21065053746,18193.119184777825
forecast_0718,2025-01-30 22:00:00,18155.778224823363,17198.427415390244,18008.782384974365
forecast_0719,2025-01-30 23:00:00,18167.786588686737,17757.73222367393,17551.751143122106
forecast_0720,2025-01-31 00:00:00,17654.074686728633,17452.7897047206,17177.46606696886
forecast_0721,2025-01-31 01:00:00,18409.905530752607,17832.814146780845,17213.221962946038
forecast_0722,2025-01-31 02:00:00,18963.84651931899,18044.29191634875,17768.557045097506
forecast_0723,2025-01-31 03:00:00,18496.38298159818,17965.273826888348,17071.252747554292
forecast_0724,2025-01-31 04:00:00,18442.636148162408,18155.32878595229,16790.417552035058
forecast_0725,2025-01-31 05:00:00,18232.149592185677,17388.051139646115,16105.757300667012
forecast_0726,2025-01-31 06:00:00,18231.494299065456,17583.376998666692,16127.723813877741
forecast_0727,2025-01-31 07:00:00,18185.611202364584,16828.13197754776,16051.44101098429
forecast_0728,2025-01-31 08:00:00,18214.50587042757,16806.855914912783,16424.13379974295
forecast_0729,2025-01-31 09:00:00,17378.629119958183,15995.391528260208,15580.89132847236
forecast_0730,2025-01-31 10:00:00,16243.419863350857,15937.882305599709,14396.116787643728
forecast_0731,2025-01-31 11:00:00,15176.508936768088,14348.775854690768,13861.871477236149
forecast_0732,2025-01-31 12:00:00,13795.147184958641,13045.285046813202,11883.606242235805
forecast_0733,2025-01-31 13:00:00,11003.83856383669,10490.803550625858,9126.954282158822
forecast_0734,2025-01-31 14:00:00,8656.560469821357,8075.68226972674,7537.083504002842
forecast_0735,2025-01-31 15:00:00,7543.76337986183,6992.927612242401,6207.958042828077
forecast_0736,2025-01-31 16:00:00,6505.725312846062,6059.899717283201,5249.148677588375
forecast_0737,2025-01-31 17:00:00,5926.711431351681,5083.005897162333,4821.871393320789
forecast_0738,2025-01-31 18:00:00,6306.219531920008,7556.756280702039,5313.750279122343
forecast_0739,2025-01-31 19:00:00,6573.824118466819,7139.327214279765,5748.547698726571
forecast_0740,2025-01-31 20:00:00,6671.42103096513,8512.184677874946,5750.7279931702205
forecast_0741,2025-01-31 21:00:00,6851.693070344732,10043.740277874898,5857.059104635654
forecast_0742,2025-01-31 22:00:00,7180.567449502615,8681.098230019765,6014.137491570469
forecast_0743,2025-01-31 23:00:00,8248.181764789264,10683.002987488719,6914.292830898319
forecast_0744,2025-02-01 00:00:00,7278.6222405153485,8541.996257103572,6536.088705268914
forecast_0745,2025-02-01 01:00:00,8420.200175982758,8397.129227552148,5055.618502143027
forecast_0746,2025-02-01 02:00:00,8509.756996855034,7482.596546934941,4856.297921750437
forecast_0747,2025-02-01 03:00:00,6548.527542566902,5821.011151907154,4197.266674261696
forecast_0748,2025-02-01 04:00:00,4981.71264253168,4106.035931443559,3451.510470173708
forecast_0749,2025-02-01 05:00:00,4792.77148907881,3462.6372414939497,3461.3002824940477
forecast_0750,2025-02-01 06:00:00,3417.9014590711618,2340.7177423028456,2916.4237545068163
forecast_0751,2025-02-01 07:00:00,3001.9243963833414,2505.1690895302304,2949.9927260874883
forecast_0752,2025-02-01 08:00:00,2769.5334497297795,1898.761573315251,2267.583648576982
forecast_0753,2025-02-01 09:00:00,2514.5389529223307,1685.0776868703097,2203.262464115075
forecast_0754,2025-02-01 10:00:00,2239.428880676366,1577.2078769819964,2091.1425360211183
forecast_0755,2025-02-01 11:00:00,2078.8017508004878,1359.839211697219,2049.207167318139
forecast_0756,2025-02-01 12:00:00,2059.157010922878,1361.6296977971392,2072.8663312092785
forecast_0757,2025-02-01 13:00:00,1999.7375432490207,1363.0152310060837,2044.5907237197268
forecast_0758,2025-02-01 14:00:00,2018.5037659737277,1262.582157608378,2249.643046715348
forecast_0759,2025-02-01 15:00:00,1916.1187412448166,1131.9426306130924,2394.148445722369
forecast_0760,2025-02-01 16:00:00,2022.800546821048,1424.7451183807038,2406.135878310612
forecast_0761,2025-02-01 17:00:00,2103.209594462318,1367.1786384249608,2422.7790619110997
forecast_0762,2025-02-01 18:00:00,1960.276026888343,1380.8174383768517,2373.406960133125
forecast_0763,2025-02-01 19:00:00,1936.7879197188236,1473.8401976415146,2382.8535318236577
forecast_0764,2025-02-01 20:00:00,2201.800419807735,1425.402183997243,2352.7644751327643
forecast_0765,2025-02-01 21:00:00,2450.56550940984,2087.2452293726824,2495.812948866377
forecast_0766,2025-02-01 22:00:00,2783.125832305761,2676.5804688434628,2766.6899081652127
forecast_0767,2025-02-01 23:00:00,3147.170418799788,2913.7717884920567,3107.6901534377607
forecast_0768,2025-02-02 00:00:00,3382.2885741881464,2875.7270601340833,3270.360591428126
forecast_0769,2025-02-02 01:00:00,2818.021167169808,1921.1146368324098,2736.928240871716
forecast_0770,2025-02-02 02:00:00,2735.0523131055033,1764.4933128896525,2643.6778868038527
forecast_0771,2025-02-02 03:00:00,2696.69250779442,1959.7328557027217,2722.927994911926
forecast_0772,2025-02-02 04:00:00,2451.3626226718598,1598.7088584354694,2468.2838607005096
forecast_0773,2025-02-02 05:00:00,2574.4200718578268,1914.6520291095133,2489.054434146497
forecast_0774,2025-02-02 06:00:00,2762.3626431126395,2332.957862167563,2758.571095636604
forecast_0775,2025-02-02 07:00:00,3120.9864611662274,2370.4959029757833,2963.879672126204
forecast_0776,2025-02-02 08:00:00,3426.1553130582943,3678.050096704495,3636.272649732997
forecast_0777,2025-02-02 09:00:00,3805.2793348674736,3314.6125729880896,3929.164953086839
forecast_0778,2025-02-02 10:00:00,3619.280655127078,2618.1472064411428,3571.3257143039223
forecast_0779,2025-02-02 11:00:00,3821.70538418659,2851.061860890991,3503.486709103477
forecast_0780,2025-02-02 12:00:00,3671.7698151383834,2687.500163979941,3456.311985964586
forecast_0781,2025-02-02 13:00:00,3444.056167394617,2721.4330093663975,3194.235572487879
forecast_0782,2025-02-02 14:00:00,3231.5714213052884,2539.04806013766,2894.7872944847923
forecast_0783,2025-02-02 15:00:00,2935.3259119268328,2719.9795480503735,2800.6342635451383
forecast_0784,2025-02-02 16:00:00,3334.3804525062624,2698.2699652315214,2666.459967574643
forecast_0785,2025-02-02 17:00:00,4767.2612526358325,4803.570240084693,3759.2167170111834
forecast_0786,2025-02-02 18:00:00,5408.157321521336,6017.176578679216,4314.318869833145
forecast_0787,2025-02-02 19:00:00,7844.990731081507,8653.269082425842,6252.636199023871
forecast_0788,2025-02-02 20:00:00,10000.997706524719,10934.096877402739,8453.794799378778
forecast_0789,2025-02-02 21:00:00,12411.482960574596,12522.269460579719,10432.249566148153
forecast_0790,2025-02-02 22:00:00,14334.027686532741,14243.215617112472,12734.599903443526
forecast_0791,2025-02-02 23:00:00,16563.020805512282,16268.960877777745,15713.31641597896
forecast_0792,2025-02-03 00:00:00,16826.24450853053,16804.526316887626,17101.56714476625
forecast_0793,2025-02-03 01:00:00,17711.12883498388,17703.86626025869,17948.16809432831
forecast_0794,2025-02-03 02:00:00,18358.421382246062,18246.443803104623,18733.469032438552
forecast_0795,2025-02-03 03:00:00,17842.326750762855,17622.94339031851,18688.138234398644
forecast_0796,2025-02-03 04:00:00,17555.224073472466,17024.992336506682,18049.121776007527
forecast_0797,2025-02-03 05:00:00,16998.619449564547,16659.071609964325,16997.92584779589
forecast_0798,2025-02-03 06:00:00,16971.27856988459,16150.814110073019,16071.862912129134
forecast_0799,2025-02-03 07:00:00,16931.264503973798,16378.318992323088,15717.638616397922
forecast_0800,2025-02-03 08:00:00,16746.313094246332,17172.828558264395,14963.66400465916
forecast_0801,2025-02-03 09:00:00,16860.747451224976,16104.317688535191,15267.887285747021
forecast_0802,2025-02-03 10:00:00,16419.06669121312,16335.734920291481,14170.404055139988
forecast_0803,2025-02-03 11:00:00,16293.40804086321,16297.445221124199,13428.957826343665
forecast_0804,2025-02-03 12:00:00,16603.932704051644,16478.306328669238,13094.055214861939
forecast_0805,2025-02-03 13:00:00,16396.38488772789,16244.404996944542,12770.994841584732
forecast_0806,2025-02-03 14:00:00,15881.52330341303,15273.899742818181,12404.229191839351
forecast_0807,2025-02-03 15:00:00,15252.29087423257,15581.194451817439,12079.09184989041
forecast_0808,2025-02-03 16:00:00,15032.307512462565,14962.609048957156,11953.71853482445
forecast_0809,2025-02-03 17:00:00,15035.716975155343,15145.37523334785,12737.69455469546
forecast_0810,2025-02-03 18:00:00,14963.143682874961,15400.581395312542,13327.841631913027
forecast_0811,2025-02-03 19:00:00,15235.80930514889,16108.892446568698,14528.48116680814
forecast_0812,2025-02-03 20:00:00,15496.123875035602,16515.652828666818,15232.244269235234
forecast_0813,2025-02-03 21:00:00,15575.447150118387,16174.546517350342,15468.203231943124
forecast_0814,2025-02-03 22:00:00,15896.507528404334,16586.920526274087,15686.5641629054
forecast_0815,2025-02-03 23:00:00,16613.943749845555,16662.986300625493,16153.428867980658
forecast_0816,2025-02-04 00:00:00,16933.18325405075,16784.50981146391,16429.7577905244
forecast_0817,2025-02-04 01:00:00,16575.505777801907,17078.897939159528,16183.885171574879
forecast_0818,2025-02-04 02:00:00,16284.474122022075,16097.44624018786,15368.683198377083
forecast_0819,2025-02-04 03:00:00,15825.249193646687,15673.678455204561,14957.464527657025
forecast_0820,2025-02-04 04:00:00,15744.278076748418,15725.920537742064,15236.798849043995
forecast_0821,2025-02-04 05:00:00,16359.5565395157,16357.420144296906,15787.614109336724
forecast_0822,2025-02-04 06:00:00,17179.19332635274,17203.063696817633,16392.978004341476
forecast_0823,2025-02-04 07:00:00,17488.19810029796,17844.965261288533,16418.62205573031
forecast_0824,2025-02-04 08:00:00,17169.20098950839,16939.291525840243,15883.154699479845
forecast_0825,2025-02-04 09:00:00,16563.61993091458,16501.17171665774,15395.177573916426
forecast_0826,2025-02-04 10:00:00,16576.158437125363,16568.9738923518,15522.749043373553
forecast_0827,2025-02-04 11:00:00,16172.476227581019,16490.036432100358,14514.368205188297
forecast_0828,2025-02-04 12:00:00,15467.935694803344,15811.251341512905,13387.305517089888
forecast_0829,2025-02-04 13:00:00,14783.05262657509,14391.796404530685,12086.765297124426
forecast_0830,2025-02-04 14:00:00,14379.562396179072,13971.017535476698,11983.172105260228
forecast_0831,2025-02-04 15:00:00,14436.015516892827,14355.792605463657,11977.947010867989
forecast_0832,2025-02-04 16:00:00,14788.87375469587,15107.79725582751,12169.86512755794
forecast_0833,2025-02-04 17:00:00,14999.418741323389,15807.235264049325,13139.896011626293
forecast_0834,2025-02-04 18:00:00,15079.502657828712,15876.683220624718,14411.564508315158
forecast_0835,2025-02-04 19:00:00,15425.51926437243,16440.038550034133,15292.397862233716
forecast_0836,2025-02-04 20:00:00,15865.534463245564,17018.457565861194,16259.79522991875
forecast_0837,2025-02-04 21:00:00,16344.929164778496,17519.853755277833,17340.97452750391
forecast_0838,2025-02-04 22:00:00,16408.713601682757,17673.18936922835,17483.85381951866
forecast_0839,2025-02-04 23:00:00,16669.006348529045,16913.94587899975,17830.329100214847
forecast_0840,2025-02-05 00:00:00,16194.243857829006,16084.69844835136,17459.24102165572
forecast_0841,2025-02-05 01:00:00,16768.831916134903,16734.1671305656,17268.193916794153
forecast_0842,2025-02-05 02:00:00,16564.393884250207,16867.219056630252,16714.988349232277
forecast_0843,2025-02-05 03:00:00,16383.630620670247,16642.173328231256,16065.190501691059
forecast_0844,2025-02-05 04:00:00,16201.146311907116,16225.467653655995,15470.375745512554
forecast_0845,2025-02-05 05:00:00,15930.798858300299,16210.001673927061,15006.07287754111
forecast_0846,2025-02-05 06:00:00,15838.235347087662,16293.791222288615,14556.760206911702
forecast_0847,2025-02-05 07:00:00,15745.12185310211,15967.01326463781,14375.476689630605
forecast_0848,2025-02-05 08:00:00,15540.484645340404,15701.311766971528,13796.99211568602
forecast_0849,2025-02-05 09:00:00,15596.830999285547,15297.709503571496,12846.828615050284
forecast_0850,2025-02-05 10:00:00,15857.939916807209,15649.41339680548,12464.08423031174
forecast_0851,2025-02-05 11:00:00,15815.220575643585,15351.356818292477,12329.53035053498
forecast_0852,2025-02-05 12:00:00,15827.361323759196,15736.684878120022,12191.658546540955
forecast_0853,2025-02-05 13:00:00,15778.660630211309,15776.461281207394,11993.013598130754
forecast_0854,2025-02-05 14:00:00,15397.709877932004,15075.878099814845,12305.922999579172
forecast_0855,2025-02-05 15:00:00,15100.660669476882,14633.327247363017,12206.499098326403
forecast_0856,2025-02-05 16:00:00,14862.471896378753,14857.873694216074,11860.286680044801
forecast_0857,2025-02-05 17:00:00,14652.523250893952,14774.939230685884,12395.127446716631
forecast_0858,2025-02-05 18:00:00,14272.404647866799,14576.741948644805,12763.106543080467
forecast_0859,2025-02-05 19:00:00,14071.337233932809,14459.364838773403,13085.741445200525
forecast_0860,2025-02-05 20:00:00,14109.848114818858,14521.741614580878,13633.340013129618
forecast_0861,2025-02-05 21:00:00,14298.13463548587,14749.24250814479,14142.085508904904
forecast_0862,2025-02-05 22:00:00,14554.708860430987,14960.072102122034,14973.409337909408
forecast_0863,2025-02-05 23:00:00,15242.065851208514,16172.003741535478,16072.068304347898
forecast_0864,2025-02-06 00:00:00,15650.581179780656,16811.55593135961,16675.543557410456
forecast_0865,2025-02-06 01:00:00,16464.551459572278,16992.761256563404,16255.30961818631
forecast_0866,2025-02-06 02:00:00,16498.358480508043,16789.572747101185,16684.81489991982
forecast_0867,2025-02-06 03:00:00,16865.543894736875,17107.55726801064,16976.936591198653
forecast_0868,2025-02-06 04:00:00,17604.838195522072,17686.741839068847,17665.937531925767
forecast_0869,2025-02-06 05:00:00,17676.09022366902,17680.565802459576,17681.80742071355
forecast_0870,2025-02-06 06:00:00,16915.68332316205,17110.862869721837,16618.483541453443
forecast_0871,2025-02-06 07:00:00,16374.890314286797,16612.863830427916,15391.276335453847
forecast_0872,2025-02-06 08:00:00,16104.353792041646,16024.064413632132,14645.432495821802
forecast_0873,2025-02-06 09:00:00,15929.301420649273,15699.46664337586,14627.341912856173
forecast_0874,2025-02-06 10:00:00,14488.954365951751,14571.359676854914,13926.127236501849
forecast_0875,2025-02-06 11:00:00,14068.968516514396,13539.87062549578,12226.964248229886
forecast_0876,2025-02-06 12:00:00,14030.77527278148,13328.763381464272,11047.170413982287
forecast_0877,2025-02-06 13:00:00,14230.66804838827,13355.642441250344,11098.590837260983
forecast_0878,2025-02-06 14:00:00,14528.620330806161,13737.37260561769,11678.185888412603
forecast_0879,2025-02-06 15:00:00,14905.287594686019,14596.755898224323,12545.529462826922
forecast_0880,2025-02-06 16:00:00,15208.53092678728,14701.83860898159,13250.278134140528
forecast_0881,2025-02-06 17:00:00,14675.565383867157,14713.429924650693,13487.26782686971
forecast_0882,2025-02-06 18:00:00,14823.488005934334,14685.157242473886,13908.524651192994
forecast_0883,2025-02-06 19:00:00,14955.06637780989,14097.603246969966,14407.07712972007
forecast_0884,2025-02-06 20:00:00,14768.525746399617,14073.34201183879,13603.787878935133
forecast_0885,2025-02-06 21:00:00,14981.374158641105,14117.950181483608,14084.067611902032
forecast_0886,2025-02-06 22:00:00,14276.313778489193,12164.024715199028,11862.29999835389
forecast_0887,2025-02-06 23:00:00,14361.681650273857,13303.770389509204,12378.087440334859
forecast_0888,2025-02-07 00:00:00,12403.860108808258,12522.022534176012,10669.871258122635
forecast_0889,2025-02-07 01:00:00,9324.602776121214,9662.547183201757,8189.811815493931
forecast_0890,2025-02-07 02:00:00,10100.118664918755,8984.995680874745,7818.762755057741
forecast_0891,2025-02-07 03:00:00,9790.344076413481,7488.226819276892,7203.442172417681
forecast_0892,2025-02-07 04:00:00,9200.671091037602,8122.531550997509,6769.663703820897
forecast_0893,2025-02-07 05:00:00,9273.606772194427,9530.592038016537,6492.223544971408
forecast_0894,2025-02-07 06:00:00,8833.336927064913,9979.513511362493,6643.947450062074
forecast_0895,2025-02-07 07:00:00,7862.34255578141,8798.185019214116,6117.712994319765
forecast_0896,2025-02-07 08:00:00,7407.87358178129,8110.449769408245,6616.900764357527
forecast_0897,2025-02-07 09:00:00,8259.650861703938,8729.574812611078,8228.332173090785
forecast_0898,2025-02-07 10:00:00,11112.33845624276,11486.30465224883,11455.815684841107
forecast_0899,2025-02-07 11:00:00,13419.98510274255,12753.85903303895,13243.856040844432
forecast_0900,2025-02-07 12:00:00,14669.419796601545,13716.820796074846,13620.60147623639
forecast_0901,2025-02-07 13:00:00,14937.728491709508,14060.337836204968,12594.762385355238
forecast_0902,2025-02-07 14:00:00,14740.861749698332,14526.346136397142,12104.887655473314
forecast_0903,2025-02-07 15:00:00,14422.555677621254,14101.378492803797,11548.440801118553
forecast_0904,2025-02-07 16:00:00,14384.18484987792,14335.713950960475,11118.851081450795
forecast_0905,2025-02-07 17:00:00,14210.547775438976,14217.668497185115,10823.508258882463
forecast_0906,2025-02-07 18:00:00,13723.969831193464,13754.792727588167,11056.495831200153
forecast_0907,2025-02-07 19:00:00,13271.498491678794,13082.087265898823,11384.893354393356
forecast_0908,2025-02-07 20:00:00,14088.294374661142,14517.82292788596,12963.580157026347
forecast_0909,2025-02-07 21:00:00,15398.303542973326,15424.378224379765,14963.347421925439
forecast_0910,2025-02-07 22:00:00,16601.25442457113,15994.486377927407,15439.552547266429
forecast_0911,2025-02-07 23:00:00,17433.638254825302,17544.42673988582,16348.432307511866
forecast_0912,2025-02-08 00:00:00,18315.257829545135,18951.52448146352,17299.508185381816
forecast_0913,2025-02-08 01:00:00,18171.716739016156,18055.210753590884,16329.894629465722
forecast_0914,2025-02-08 02:00:00,19669.61618567853,18627.06519910863,17659.352496496376
forecast_0915,2025-02-08 03:00:00,20240.306984648294,18936.702392725132,18336.713247992368
forecast_0916,2025-02-08 04:00:00,20291.335043984647,19046.661314752855,18495.41848273213
forecast_0917,2025-02-08 05:00:00,20259.054584144156,19224.05151980686,18610.062143014293
forecast_0918,2025-02-08 06:00:00,20146.18949571727,19244.588252712154,18064.585078740554
forecast_0919,2025-02-08 07:00:00,19491.073811743157,18759.546418684928,16254.147524620534
forecast_0920,2025-02-08 08:00:00,18182.12531525421,18332.47922336159,13939.105631166098
forecast_0921,2025-02-08 09:00:00,16692.11639996653,16971.84197615987,11790.21421169808
forecast_0922,2025-02-08 10:00:00,14088.680193659948,13439.333176238295,10362.519855573575
forecast_0923,2025-02-08 11:00:00,11748.222278576379,10194.82613351141,8474.457321674858
forecast_0924,2025-02-08 12:00:00,9005.124267124931,7269.086608810752,6704.283250421922
forecast_0925,2025-02-08 13:00:00,7469.237907373377,5772.637781395164,5664.530166632272
forecast_0926,2025-02-08 14:00:00,6412.28105722659,2968.749644541338,5070.122436657584
forecast_0927,2025-02-08 15:00:00,5963.734687107283,4549.44872218743,4950.221905169005
forecast_0928,2025-02-08 16:00:00,6183.670710060104,4785.24377874007,4971.615882253558
forecast_0929,2025-02-08 17:00:00,6734.81325040011,3745.733386117858,5125.927406411114
forecast_0930,2025-02-08 18:00:00,7622.035838210788,6089.476621001179,5793.191310298342
forecast_0931,2025-02-08 19:00:00,8853.90964113889,7934.493267882688,7459.924483507206
forecast_0932,2025-02-08 20:00:00,10171.462681811532,9254.427491458886,8652.97416596324
forecast_0933,2025-02-08 21:00:00,12385.67697836855,11433.471559122547,10266.457511119625
forecast_0934,2025-02-08 22:00:00,14878.392995059909,13579.491939255586,11885.044267656787
forecast_0935,2025-02-08 23:00:00,16288.584219730603,14705.814139388662,12846.00987430647
forecast_0936,2025-02-09 00:00:00,17508.819683340847,16094.263397185152,14356.807808800768
forecast_0937,2025-02-09 01:00:00,17378.132406874698,15872.79689467879,13701.309750331628
forecast_0938,2025-02-09 02:00:00,18804.553393051672,17044.093437949916,15214.942203413138
forecast_0939,2025-02-09 03:00:00,19798.86924602303,17864.896859469958,16504.08093500211
forecast_0940,2025-02-09 04:00:00,19966.523541383485,18557.444944499184,17148.669875436615
forecast_0941,2025-02-09 05:00:00,20312.693533991784,19333.681461173524,17785.346535410947
forecast_0942,2025-02-09 06:00:00,20454.89759441147,18981.655710416206,18158.319061843686
forecast_0943,2025-02-09 07:00:00,20438.037672484257,19094.06548063411,17870.63319825014
forecast_0944,2025-02-09 08:00:00,19650.802947557167,18523.04911062154,16181.21851698997
forecast_0945,2025-02-09 09:00:00,18060.062872912327,17568.07221997765,13810.776470907194
forecast_0946,2025-02-09 10:00:00,16985.276167844015,17478.448607805498,13270.584844101562
forecast_0947,2025-02-09 11:00:00,14779.087997403563,15073.186912630907,12040.394991613171
forecast_0948,2025-02-09 12:00:00,12363.705887987391,12860.787331183246,10101.871365697603
forecast_0949,2025-02-09 13:00:00,10904.426712956383,10769.736679388232,9765.398027012812
forecast_0950,2025-02-09 14:00:00,11184.768321697287,11132.501268172125,10025.377080954971
forecast_0951,2025-02-09 15:00:00,11885.816199826819,11414.416355016823,10270.703132561397
forecast_0952,2025-02-09 16:00:00,13119.327901180925,12889.203154795186,11088.060248338636
forecast_0953,2025-02-09 17:00:00,13774.110185320096,12522.751311940136,11756.259080977841
forecast_0954,2025-02-09 18:00:00,14744.900323735985,14088.355821833884,13168.52363566373
forecast_0955,2025-02-09 19:00:00,16362.523012055812,16272.347482402436,13856.33375428082
forecast_0956,2025-02-09 20:00:00,16034.79569235882,16211.874694167022,13701.232880723144
forecast_0957,2025-02-09 21:00:00,15905.596835665383,15620.12794795637,14115.659076568305
forecast_0958,2025-02-09 22:00:00,16463.84007383868,16657.85704496537,15037.74118711807
forecast_0959,2025-02-09 23:00:00,17356.678741915595,17090.88390064562,15955.236379894635
forecast_0960,2025-02-10 00:00:00,18083.267298840812,17382.465085338386,16946.78189106072
forecast_0961,2025-02-10 01:00:00,18256.104262499364,17603.2142018368,16540.64929232064
forecast_0962,2025-02-10 02:00:00,18713.35336427018,17995.92643323439,17344.02734270598
forecast_0963,2025-02-10 03:00:00,18990.113224647037,18220.327230781666,17625.128066829195
forecast_0964,2025-02-10 04:00:00,19663.173698557104,18707.0354635924,18100.966473518292
forecast_0965,2025-02-10 05:00:00,20211.1930905619,19097.25535887914,18728.030311302606
forecast_0966,2025-02-10 06:00:00,19827.868146513516,19059.751292801215,18660.727969205363
forecast_0967,2025-02-10 07:00:00,19664.98382218188,19276.105519117325,18610.90318408999
forecast_0968,2025-02-10 08:00:00,19380.94623719706,19025.844351288775,18194.0936433608
forecast_0969,2025-02-10 09:00:00,18527.221971531515,18930.906525848077,17989.946439131185
forecast_0970,2025-02-10 10:00:00,16645.096201920922,17145.98676184978,17020.168433562434
forecast_0971,2025-02-10 11:00:00,14592.890209997164,15290.392792829765,14531.758116864323
forecast_0972,2025-02-10 12:00:00,13430.678703440059,14189.726231911769,12337.351930599947
forecast_0973,2025-02-10 13:00:00,13388.115646575508,13743.496168549402,11067.51099053449
forecast_0974,2025-02-10 14:00:00,13353.41069504331,12529.615194531782,11106.795893884826
forecast_0975,2025-02-10 15:00:00,13244.855425338865,12862.894970652907,11249.388353166596
forecast_0976,2025-02-10 16:00:00,12912.617356853309,13138.645671873242,10851.796584616606
forecast_0977,2025-02-10 17:00:00,12455.789586228973,12095.039859648467,9966.562312645558
forecast_0978,2025-02-10 18:00:00,12455.216689253604,11634.641644049809,10074.75934013219
forecast_0979,2025-02-10 19:00:00,13247.819673576052,11276.267067535658,10402.090422154266
forecast_0980,2025-02-10 20:00:00,11925.205968200331,11375.632224752764,8842.701541549724
forecast_0981,2025-02-10 21:00:00,10400.297967595474,9861.84179482639,7566.937754333966
forecast_0982,2025-02-10 22:00:00,10507.695757976577,10343.5739115389,8139.730727467086
forecast_0983,2025-02-10 23:00:00,10545.222494763639,10816.810176493713,8380.490189275315
forecast_0984,2025-02-11 00:00:00,10856.01975577281,11103.273664270706,8975.805452929297
forecast_0985,2025-02-11 01:00:00,12102.509583504956,11311.103202139071,9133.318008386814
forecast_0986,2025-02-11 02:00:00,11906.752589630247,11958.94880055807,8737.652972641099
forecast_0987,2025-02-11 03:00:00,12128.440444740389,11787.849309663561,8700.96735353757
forecast_0988,2025-02-11 04:00:00,12091.277835605859,11432.240614902632,8599.983505767672
forecast_0989,2025-02-11 05:00:00,11052.928067262066,11356.792856266531,8076.536745266327
forecast_0990,2025-02-11 06:00:00,10531.99324267866,9767.031226398845,7860.376511470015
forecast_0991,2025-02-11 07:00:00,9761.52383105864,8262.7646889534,7322.3285549782
forecast_0992,2025-02-11 08:00:00,9733.431839486355,8738.885728198724,7206.166843508856
forecast_0993,2025-02-11 09:00:00,9648.186753157031,7749.72239328103,7026.690501688925
forecast_0994,2025-02-11 10:00:00,8148.7106214793985,6342.873182133975,5948.926811024834
forecast_0995,2025-02-11 11:00:00,6509.384888690323,5659.820979041977,5040.24218259154
forecast_0996,2025-02-11 12:00:00,5181.293261510779,4324.704148261075,4291.7297128595665
forecast_0997,2025-02-11 13:00:00,4349.615474253782,3250.457483891043,3544.167758085532
forecast_0998,2025-02-11 14:00:00,3856.1707660965826,2694.2062193741885,3136.1909679611545
forecast_0999,2025-02-11 15:00:00,4048.6181739837243,2701.172533208869,3259.998357162231
forecast_1000,2025-02-11 16:00:00,4611.370756294305,2798.794530344674,4004.9466540073267
forecast_1001,2025-02-11 17:00:00,4618.774704073527,3318.4339256499516,4186.243788926587
forecast_1002,2025-02-11 18:00:00,6086.183599772108,5295.268672006693,4821.603079057991
forecast_1003,2025-02-11 19:00:00,8190.229667394842,7504.8414004106,5334.252848925827
forecast_1004,2025-02-11 20:00:00,10801.494070134902,10498.722056311479,7042.003712970878
forecast_1005,2025-02-11 21:00:00,13040.12249060272,13533.630250804856,9897.595540801502
forecast_1006,2025-02-11 22:00:00,12548.405329093031,12814.883224997619,8643.081918720016
forecast_1007,2025-02-11 23:00:00,13787.603665325672,14124.497186536566,10555.130783529052
forecast_1008,2025-02-12 00:00:00,16132.76950029839,15780.56270559555,12367.835041048675
forecast_1009,2025-02-12 01:00:00,13788.716304793053,15364.642853496594,11131.272195877067
forecast_1010,2025-02-12 02:00:00,15768.53620293866,16892.032230140314,11623.764329885782
forecast_1011,2025-02-12 03:00:00,17010.777711823546,17559.347814011246,13180.695732091443
forecast_1012,2025-02-12 04:00:00,17115.33479407927,17834.187112103144,13389.642021961521
forecast_1013,2025-02-12 05:00:00,15773.974413234022,16216.564443634152,11915.50705930978
forecast_1014,2025-02-12 06:00:00,13171.843410458998,12686.24216602492,8591.523097412944
forecast_1015,2025-02-12 07:00:00,10439.01626648644,10411.624660419302,6224.273283591173
forecast_1016,2025-02-12 08:00:00,9213.221133421146,9079.405782018086,5542.930777689772
forecast_1017,2025-02-12 09:00:00,9472.07794046751,10486.466687144853,7017.635929710132
forecast_1018,2025-02-12 10:00:00,10421.875608926195,12487.84627660095,9077.688737085364
forecast_1019,2025-02-12 11:00:00,11464.211137529514,13288.743688390989,10115.63019815094
forecast_1020,2025-02-12 12:00:00,12881.043754515136,15044.029106502318,12433.62042670945
forecast_1021,2025-02-12 13:00:00,15519.96501027232,16858.95390293111,15539.618030046637
forecast_1022,2025-02-12 14:00:00,15848.46357768379,17052.97224428109,16525.118260360272
forecast_1023,2025-02-12 15:00:00,16187.281759357069,17312.952099536145,17297.417964613604
forecast_1024,2025-02-12 16:00:00,17284.888497814813,17857.668341079494,18298.940934349626
forecast_1025,2025-02-12 17:00:00,18051.53593987696,18319.832716290497,18606.829522086296
forecast_1026,2025-02-12 18:00:00,18252.215289266052,18746.338609398837,18236.302004959252
forecast_1027,2025-02-12 19:00:00,18340.419667478338,18506.98253954876,17480.06196427942
forecast_1028,2025-02-12 20:00:00,18206.022277432192,18196.208014426018,16946.215186105765
forecast_1029,2025-02-12 21:00:00,18033.509138387966,17401.49992798143,16266.426812676415
forecast_1030,2025-02-12 22:00:00,18194.127125043084,17178.798795179435,16699.458816814044
forecast_1031,2025-02-12 23:00:00,17352.4237834718,17212.177496405428,16528.608908375616
forecast_1032,2025-02-13 00:00:00,16276.0186004975,16018.740902502044,16248.547258308165
forecast_1033,2025-02-13 01:00:00,15194.309390550216,14680.211376420135,14161.891321300564
forecast_1034,2025-02-13 02:00:00,14813.5978130535,14427.032407716059,12511.158671111996
forecast_1035,2025-02-13 03:00:00,14479.439839171993,14411.896875282371,12448.109040438094
forecast_1036,2025-02-13 04:00:00,12661.932241210587,13196.540307789894,11230.104256247374
forecast_1037,2025-02-13 05:00:00,13378.340522607738,13837.975066098235,12542.633542637917
forecast_1038,2025-02-13 06:00:00,14726.777684902447,14315.296616149568,13551.89303516745
forecast_1039,2025-02-13 07:00:00,16040.409679867578,16128.037304932694,14830.38613445365
forecast_1040,2025-02-13 08:00:00,15876.279622444214,15999.483161859029,15138.752251924589
forecast_1041,2025-02-13 09:00:00,16936.601897511086,17468.238558287692,16339.0262244386
forecast_1042,2025-02-13 10:00:00,16033.281291761385,17660.856237951477,16040.549204955045
forecast_1043,2025-02-13 11:00:00,14776.040443358617,16185.249257809106,15092.693721830852
forecast_1044,2025-02-13 12:00:00,14168.19005263304,15500.576842688472,13164.018060090058
forecast_1045,2025-02-13 13:00:00,14219.679864002217,15293.607734960095,12416.338317713504
forecast_1046,2025-02-13 14:00:00,14885.640395799172,16009.229979457476,13014.679617417629
forecast_1047,2025-02-13 15:00:00,15246.961203412411,15918.908242476895,14265.804032666945
forecast_1048,2025-02-13 16:00:00,15549.515592183398,16288.012017956524,15086.977738857313
forecast_1049,2025-02-13 17:00:00,16209.433351684575,16812.73400255896,15642.457916644878
forecast_1050,2025-02-13 18:00:00,17120.946180667102,18049.07214895823,16696.656540824886
forecast_1051,2025-02-13 19:00:00,17404.13998283788,18702.81061347374,17634.17653856074
forecast_1052,2025-02-13 20:00:00,17858.436191220586,18870.057982990736,18304.547390126834
forecast_1053,2025-02-13 21:00:00,18296.479181546198,19050.076832962473,19104.468643150693
forecast_1054,2025-02-13 22:00:00,19551.16547628612,19083.014658219166,19802.771014062484
forecast_1055,2025-02-13 23:00:00,19805.176507082924,19208.109754146888,19955.20870409166
forecast_1056,2025-02-14 00:00:00,19938.76379944025,19020.098532298827,19993.162991276142
forecast_1057,2025-02-14 01:00:00,19984.352501209883,19053.83861179944,19842.95310867155
forecast_1058,2025-02-14 02:00:00,19975.251355188782,19080.708211676098,19793.569632097056
forecast_1059,2025-02-14 03:00:00,19954.036184328837,19202.02554207996,19803.633011828635
forecast_1060,2025-02-14 04:00:00,20107.43319491024,19395.685412288032,19989.94320117343
forecast_1061,2025-02-14 05:00:00,20294.392313906355,19357.700023346362,20133.045720358004
forecast_1062,2025-02-14 06:00:00,20473.372447216883,19590.713509647045,20091.645152857254
forecast_1063,2025-02-14 07:00:00,20392.230374716753,19307.353909320467,19550.71838369219
forecast_1064,2025-02-14 08:00:00,19947.283892560714,18696.082861576422,18336.23859682212
forecast_1065,2025-02-14 09:00:00,18460.92984726042,18342.92695060079,14987.214444095525
forecast_1066,2025-02-14 10:00:00,15491.26824801936,16165.934281270489,12749.247466128636
forecast_1067,2025-02-14 11:00:00,13106.866015548008,13352.405377202627,10956.725833070052
forecast_1068,2025-02-14 12:00:00,11036.869489603505,12098.22848563081,9604.91449061822
forecast_1069,2025-02-14 13:00:00,9976.754073976175,10533.371953423677,8444.142371569915
forecast_1070,2025-02-14 14:00:00,10094.318561372682,9873.496887888592,8313.013601507322
forecast_1071,2025-02-14 15:00:00,9866.320679559605,9804.525230389529,8263.547441177743
forecast_1072,2025-02-14 16:00:00,10916.862948777205,11006.525633427442,9438.421520161166
forecast_1073,2025-02-14 17:00:00,11589.897100443406,11611.025459359165,9898.191232098741
forecast_1074,2025-02-14 18:00:00,13334.40024331654,12792.63466479662,11338.18901015679
forecast_1075,2025-02-14 19:00:00,14919.91232751248,15172.677874154326,13092.829128497513
forecast_1076,2025-02-14 20:00:00,15846.310247046036,16870.863678047237,14143.89338739157
forecast_1077,2025-02-14 21:00:00,17413.549126327554,17885.0067848807,15271.901171341167
forecast_1078,2025-02-14 22:00:00,17445.60603795542,17881.419227194783,14875.21864221367
forecast_1079,2025-02-14 23:00:00,17285.58949505537,18308.814805248,15166.519371534805
forecast_1080,2025-02-15 00:00:00,17914.302749192815,17633.648381629857,15709.356675116716
forecast_1081,2025-02-15 01:00:00,17326.179106760203,17212.576552858332,13823.779394593943
forecast_1082,2025-02-15 02:00:00,17517.213846992778,17500.238046794104,13963.264169600669
forecast_1083,2025-02-15 03:00:00,17475.105578042425,17672.34192153355,13984.748260408976
forecast_1084,2025-02-15 04:00:00,17873.129235316854,17639.543479172222,14237.96784635861
forecast_1085,2025-02-15 05:00:00,17655.387886480246,17135.36220224297,14057.444715808997
forecast_1086,2025-02-15 06:00:00,17403.34865757841,17172.890138567906,12816.926483741252
forecast_1087,2025-02-15 07:00:00,14975.383596499123,15693.199008621921,9898.996760395697
forecast_1088,2025-02-15 08:00:00,12799.771145278624,14061.950961181374,8652.114162942247
forecast_1089,2025-02-15 09:00:00,11201.794169350746,12025.956225083222,8162.727955515351
forecast_1090,2025-02-15 10:00:00,10968.677113912676,13152.556642226315,8340.150404097894
forecast_1091,2025-02-15 11:00:00,11052.498846554427,12841.696899516013,8540.755398909794
forecast_1092,2025-02-15 12:00:00,10997.909132324236,12710.422328330824,8896.792969326465
forecast_1093,2025-02-15 13:00:00,12390.80345503999,12991.915787506174,10745.169475076971
forecast_1094,2025-02-15 14:00:00,14304.223647794905,15052.919315325922,12984.79213087315
forecast_1095,2025-02-15 15:00:00,14725.257193239213,15725.964238966042,13732.997618913498
forecast_1096,2025-02-15 16:00:00,14359.509027453067,15445.644956638791,13858.912430559347
forecast_1097,2025-02-15 17:00:00,14974.58871687395,16002.089587662149,14602.581359706095
forecast_1098,2025-02-15 18:00:00,16126.45460845461,16532.979662942802,15615.219948972073
forecast_1099,2025-02-15 19:00:00,17917.99946383328,17059.648704345895,17441.200350478965
forecast_1100,2025-02-15 20:00:00,18951.747486293207,18764.23007907076,18609.937151106576
forecast_1101,2025-02-15 21:00:00,18941.20656227883,18917.364230992207,18487.634867643188
forecast_1102,2025-02-15 22:00:00,18322.291289731038,18404.59987473786,18299.20468727639
forecast_1103,2025-02-15 23:00:00,18917.43614211667,18384.690782688675,18564.4854905098
forecast_1104,2025-02-16 00:00:00,18846.572648703943,18356.97347502716,18416.345749284923
forecast_1105,2025-02-16 01:00:00,18726.848609467204,18625.217627826303,17979.64476734514
forecast_1106,2025-02-16 02:00:00,19305.290594938208,19478.116764742277,17896.650706670327
forecast_1107,2025-02-16 03:00:00,19277.680363240197,19154.148804634864,17370.776911740824
forecast_1108,2025-02-16 04:00:00,18775.77999018676,18859.139587445603,16497.275536184898
forecast_1109,2025-02-16 05:00:00,17989.144626188514,18498.914077357025,15024.213275615637
forecast_1110,2025-02-16 06:00:00,16859.70355158305,17833.19174183393,14074.071559257376
forecast_1111,2025-02-16 07:00:00,15904.631373358216,15903.735569487662,13072.56410905713
forecast_1112,2025-02-16 08:00:00,15121.690622032136,14226.733717807934,11409.875937359515
forecast_1113,2025-02-16 09:00:00,14402.046802409473,13754.048291312889,10729.914989737394
forecast_1114,2025-02-16 10:00:00,12318.112100147297,13715.371498389546,9642.464996043465
forecast_1115,2025-02-16 11:00:00,10839.015640972942,11858.537664916783,10431.743257099326
forecast_1116,2025-02-16 12:00:00,10275.743866300701,11259.668425558048,10928.175143214225
forecast_1117,2025-02-16 13:00:00,10152.87946581058,10350.491971018564,10045.321406356768
forecast_1118,2025-02-16 14:00:00,11937.247501336013,12189.990022897662,11533.311628077148
forecast_1119,2025-02-16 15:00:00,14094.864033980906,14219.330176875592,12935.051652278858
forecast_1120,2025-02-16 16:00:00,15510.511807959789,15636.494023595975,13425.551711792174
forecast_1121,2025-02-16 17:00:00,15760.223492990883,16635.94211808988,13894.71835684513
forecast_1122,2025-02-16 18:00:00,16651.688973819106,18231.02101007376,16285.280848413178
forecast_1123,2025-02-16 19:00:00,17013.674940543133,18354.72548739675,16886.339759261904
forecast_1124,2025-02-16 20:00:00,17063.127623163527,17975.588684189304,16703.56070626435
forecast_1125,2025-02-16 21:00:00,16807.207039277175,17935.821978391286,16348.642005132468
forecast_1126,2025-02-16 22:00:00,17011.65061628924,18028.072868514195,16719.15690294064
forecast_1127,2025-02-16 23:00:00,16766.091417106614,17078.720617405663,16402.88695489801
forecast_1128,2025-02-17 00:00:00,16465.934850733283,16509.23453409819,15313.128307316914
forecast_1129,2025-02-17 01:00:00,15424.612474580696,15263.683964140371,13175.132525284338
forecast_1130,2025-02-17 02:00:00,14739.210224512895,14561.721295371975,12092.98633091591
forecast_1131,2025-02-17 03:00:00,14317.847542080923,14317.60018637481,11795.36258733365
forecast_1132,2025-02-17 04:00:00,14061.237154513157,13556.254001075486,12184.831884975314
forecast_1133,2025-02-17 05:00:00,13358.834366689036,12882.904178958652,11414.313990582315
forecast_1134,2025-02-17 06:00:00,13000.237714169085,12876.370496123576,11007.812569396696
forecast_1135,2025-02-17 07:00:00,13190.279733060568,12643.818391763352,11162.290634077766
forecast_1136,2025-02-17 08:00:00,13207.75664643813,12103.243741318263,10856.211262063582
forecast_1137,2025-02-17 09:00:00,13040.969432543709,12380.378898027946,10535.493960982301
forecast_1138,2025-02-17 10:00:00,13117.142697427344,12496.554067225641,10042.65522663225
forecast_1139,2025-02-17 11:00:00,13323.762754358995,12382.130639350029,9806.435773906725
forecast_1140,2025-02-17 12:00:00,13225.967784668796,12088.534755362643,9560.038554274204
forecast_1141,2025-02-17 13:00:00,13093.918946199992,11810.795755173669,9327.392591293867
forecast_1142,2025-02-17 14:00:00,13055.569420167667,11495.942549805928,8988.366712644032
forecast_1143,2025-02-17 15:00:00,12869.081512196197,10998.1496522503,8456.812646370163
forecast_1144,2025-02-17 16:00:00,11653.676110937831,10543.387466509532,7560.905449297237
forecast_1145,2025-02-17 17:00:00,10588.984148423355,9377.12831944094,6797.363482670002
forecast_1146,2025-02-17 18:00:00,9288.936443183899,7591.238552122295,6356.927137882058
forecast_1147,2025-02-17 19:00:00,8515.151082732724,6732.204385096925,6477.5715298922205
forecast_1148,2025-02-17 20:00:00,8537.849545276127,6560.489385377901,6332.024982881405
forecast_1149,2025-02-17 21:00:00,7930.30299182012,5658.857017554516,5955.772556291553
forecast_1150,2025-02-17 22:00:00,7624.278592080481,4728.3554788978145,5683.370928969253
forecast_1151,2025-02-17 23:00:00,7724.543746118755,5738.050425819434,6291.392067976682
forecast_1152,2025-02-18 00:00:00,8229.519893960323,6754.480483327975,7039.085537446242
forecast_1153,2025-02-18 01:00:00,9443.143534272493,7880.24084999512,7417.760508797512
forecast_1154,2025-02-18 02:00:00,10086.341873303065,9157.491864658412,7744.393575498538
forecast_1155,2025-02-18 03:00:00,11110.76695262837,9644.970153581648,8274.439112742744
forecast_1156,2025-02-18 04:00:00,11631.45066298191,10034.193586618578,9130.095509849563
forecast_1157,2025-02-18 05:00:00,11894.79154349152,10682.684199583797,9359.203290647656
forecast_1158,2025-02-18 06:00:00,12024.222177548818,10954.190839176032,9913.149709572359
forecast_1159,2025-02-18 07:00:00,12365.308311938566,11132.583397318924,10427.521349362501
forecast_1160,2025-02-18 08:00:00,11911.631703892015,11496.047824496367,10359.469317728432
forecast_1161,2025-02-18 09:00:00,11477.24951986533,10853.752111440666,10078.948130921388
forecast_1162,2025-02-18 10:00:00,11005.136064776885,11099.639148038941,9413.233342390904
forecast_1163,2025-02-18 11:00:00,11548.94206830511,11258.990096030457,9450.639543909554
forecast_1164,2025-02-18 12:00:00,11925.322292617224,11306.351094294561,9246.385475909074
forecast_1165,2025-02-18 13:00:00,12430.23126145612,11447.017708609088,9114.720712897877
forecast_1166,2025-02-18 14:00:00,12679.982222814606,11024.179179757062,9185.89781635785
forecast_1167,2025-02-18 15:00:00,13052.667483328203,11250.1538123102,9053.111658695278
forecast_1168,2025-02-18 16:00:00,13037.020810385315,11508.358056063356,8813.611553627867
forecast_1169,2025-02-18 17:00:00,12783.795084820838,11680.498408749645,8931.778572771103
forecast_1170,2025-02-18 18:00:00,12129.852783502898,11198.985363902488,9117.592178376117
forecast_1171,2025-02-18 19:00:00,12167.025578001321,10928.750914992303,10313.954449548331
forecast_1172,2025-02-18 20:00:00,11550.708554937246,10729.214714965205,9438.411649226173
forecast_1173,2025-02-18 21:00:00,11003.32273955872,10473.994846989832,9069.286729257794
forecast_1174,2025-02-18 22:00:00,10560.150314846951,9812.671504811384,8515.85634160925
forecast_1175,2025-02-18 23:00:00,10598.63921020486,10300.566997180971,8316.46366404559
forecast_1176,2025-02-19 00:00:00,10661.503637222886,10291.86697289572,8567.320813058586
forecast_1177,2025-02-19 01:00:00,10822.193220107063,11055.855410365966,7835.623241182004
forecast_1178,2025-02-19 02:00:00,11422.5283449062,11370.021060834599,8101.361292420059
forecast_1179,2025-02-19 03:00:00,12423.155103286586,13230.453432797094,9201.166082988771
forecast_1180,2025-02-19 04:00:00,12446.00929888802,13556.301069258958,9327.03522951115
forecast_1181,2025-02-19 05:00:00,13449.490687165802,14474.73539038702,10228.454112180978
forecast_1182,2025-02-19 06:00:00,13325.143628925793,13852.825826193506,10121.021865780038
forecast_1183,2025-02-19 07:00:00,13012.20376543059,13320.883548067328,9868.993745716572
forecast_1184,2025-02-19 08:00:00,12974.061323624637,14121.213863077042,9697.035466270645
forecast_1185,2025-02-19 09:00:00,11564.16740953556,12152.7230309786,9187.087685528284
forecast_1186,2025-02-19 10:00:00,9153.178815568705,8774.394645296765,8058.077201334524
forecast_1187,2025-02-19 11:00:00,7621.899601035782,6389.49217786851,6383.915885321469
forecast_1188,2025-02-19 12:00:00,6678.842070685836,6043.845747864997,5633.527633013213
forecast_1189,2025-02-19 13:00:00,6105.611786827803,4924.395495595074,4977.160511136213
forecast_1190,2025-02-19 14:00:00,5916.138087211771,4516.22689889574,4995.3837071067
forecast_1191,2025-02-19 15:00:00,6186.518203642968,4164.526349907316,4829.4402696208845
forecast_1192,2025-02-19 16:00:00,6286.883822409529,3624.694600872667,4873.176267937895
forecast_1193,2025-02-19 17:00:00,6495.571481626181,3923.689988333497,5002.40723741142
forecast_1194,2025-02-19 18:00:00,6590.203249553952,4064.059249792261,5391.297068888498
forecast_1195,2025-02-19 19:00:00,6863.813397473321,4725.040688571082,5598.337517907094
forecast_1196,2025-02-19 20:00:00,6959.719643922164,5785.79667379442,5868.233777550443
forecast_1197,2025-02-19 21:00:00,8002.119955978653,7312.640054238696,6563.102456622628
forecast_1198,2025-02-19 22:00:00,8355.479347764584,8158.704813626045,6932.456617254009
forecast_1199,2025-02-19 23:00:00,9219.396393973866,8063.561416318657,7329.818472509458
forecast_1200,2025-02-20 00:00:00,9416.736392144725,9450.770229705511,7554.844555410553
forecast_1201,2025-02-20 01:00:00,8395.931184879899,7656.155979110579,6183.106545854872
forecast_1202,2025-02-20 02:00:00,8627.332219081396,8062.623153968815,6490.425581204423
forecast_1203,2025-02-20 03:00:00,8647.079056103279,8258.098488145959,6739.391142208842
forecast_1204,2025-02-20 04:00:00,8849.313678979544,8956.082382180084,6830.382276196533
forecast_1205,2025-02-20 05:00:00,9278.42071660798,10059.227549793915,7118.180511601424
forecast_1206,2025-02-20 06:00:00,9969.614196574477,10731.014013859518,7489.376545499568
forecast_1207,2025-02-20 07:00:00,10881.235206032514,11382.878781976446,7813.02122746605
forecast_1208,2025-02-20 08:00:00,12362.357403648428,12123.410209424923,8813.093611614899
forecast_1209,2025-02-20 09:00:00,13460.83280711434,12381.960308754415,10686.326460386073
forecast_1210,2025-02-20 10:00:00,11673.333433365422,11490.105918682713,10399.540248319732
forecast_1211,2025-02-20 11:00:00,11130.240864695332,11262.059189316464,9785.473232674802
forecast_1212,2025-02-20 12:00:00,10945.89144530116,10266.039453608013,9660.15791827082
forecast_1213,2025-02-20 13:00:00,10897.859760103911,9959.151142818195,9023.579238264898
forecast_1214,2025-02-20 14:00:00,10989.505573819279,10187.334070395387,8961.363025244076
forecast_1215,2025-02-20 15:00:00,10980.955778594074,9484.899350336002,8828.631773485638
forecast_1216,2025-02-20 16:00:00,10992.543151310987,8941.85096937474,8432.230389367183
forecast_1217,2025-02-20 17:00:00,10733.560527825397,9245.329417526473,7929.937319694337
forecast_1218,2025-02-20 18:00:00,10375.614033577276,9550.170945213016,8127.312520313146
forecast_1219,2025-02-20 19:00:00,10925.439746436998,10026.747509917535,8717.939345695657
forecast_1220,2025-02-20 20:00:00,9989.86930820021,9555.333162464287,8094.5136462339815
forecast_1221,2025-02-20 21:00:00,9678.017657979926,8970.918459200566,7671.9453651338
forecast_1222,2025-02-20 22:00:00,9143.493692096,9376.126320158131,7238.862227174104
forecast_1223,2025-02-20 23:00:00,9202.811893007278,9213.143729655763,7652.848839332182
forecast_1224,2025-02-21 00:00:00,10020.154748921628,10956.057482020044,8669.887270511905
forecast_1225,2025-02-21 01:00:00,9517.193006090722,9670.446200022165,7006.9655355675595
forecast_1226,2025-02-21 02:00:00,9699.93776997275,10937.928840678105,7501.763738187502
forecast_1227,2025-02-21 03:00:00,10230.335856141846,11178.269552340127,7652.110080925973
forecast_1228,2025-02-21 04:00:00,10214.854348815112,11238.048510274173,7322.458178384931
forecast_1229,2025-02-21 05:00:00,9863.310227544855,10981.244639003326,7284.231096725175
forecast_1230,2025-02-21 06:00:00,10247.679605246281,11341.17794934889,7485.46791868625
forecast_1231,2025-02-21 07:00:00,9720.44391914668,10520.109114697669,7347.285506915143
forecast_1232,2025-02-21 08:00:00,10239.245364805913,11205.642407626756,7773.485031954108
forecast_1233,2025-02-21 09:00:00,9628.418953802522,8746.766762911857,7741.9776469495255
forecast_1234,2025-02-21 10:00:00,7933.989911840604,6793.5312641156925,7336.895276259844
forecast_1235,2025-02-21 11:00:00,6616.894792559322,5843.468582762898,6356.64510980081
forecast_1236,2025-02-21 12:00:00,6104.027446977423,4519.177797317044,5906.189729285569
forecast_1237,2025-02-21 13:00:00,6455.232209345508,5402.175131959995,5800.950903783379
forecast_1238,2025-02-21 14:00:00,6998.946259394297,5522.335004397093,5914.594251038186
forecast_1239,2025-02-21 15:00:00,7751.39460147096,5658.804449469272,6634.788450822301
forecast_1240,2025-02-21 16:00:00,8289.457070986235,6830.120504304231,6922.080107393374
forecast_1241,2025-02-21 17:00:00,8896.29709905256,6448.358785617642,7152.054107159396
forecast_1242,2025-02-21 18:00:00,9683.798574849327,7776.696617009431,7762.091568156309
forecast_1243,2025-02-21 19:00:00,10820.167067355618,8463.148008361382,8891.331030107394
forecast_1244,2025-02-21 20:00:00,11777.216976418153,10394.474320288078,9996.334724765647
forecast_1245,2025-02-21 21:00:00,11861.285078559733,10832.62810018969,10980.716458829724
forecast_1246,2025-02-21 22:00:00,11983.933015347113,10895.58175565751,11270.897909488243
forecast_1247,2025-02-21 23:00:00,12043.576376981853,11265.523161478686,11642.466497243566
forecast_1248,2025-02-22 00:00:00,12242.620844182788,11197.02372741421,12101.615844059821
forecast_1249,2025-02-22 01:00:00,13846.694294080164,12304.222743230117,13518.204839041948
forecast_1250,2025-02-22 02:00:00,14281.871230101377,13054.812287238923,13226.55002874848
forecast_1251,2025-02-22 03:00:00,14623.29341036956,13436.051808950246,12764.915628444203
forecast_1252,2025-02-22 04:00:00,14568.176312497057,13625.757851796148,12731.993662477806
forecast_1253,2025-02-22 05:00:00,13914.91184465537,13004.35242141024,12153.80743314244
forecast_1254,2025-02-22 06:00:00,13119.739120197457,13787.333561574538,10455.496058533812
forecast_1255,2025-02-22 07:00:00,11285.610043671219,11875.424776694003,8440.34777909023
forecast_1256,2025-02-22 08:00:00,12415.350068044627,11955.577379357219,9281.086317361613
forecast_1257,2025-02-22 09:00:00,10748.464422023862,10895.331219990272,8525.578485595239
forecast_1258,2025-02-22 10:00:00,8262.077400748944,7359.1387857286345,6991.447361915441
forecast_1259,2025-02-22 11:00:00,5447.503257964279,4270.149282428069,5395.158938747398
forecast_1260,2025-02-22 12:00:00,5077.3662049821705,3576.1278947697615,4699.881002384346
forecast_1261,2025-02-22 13:00:00,6032.779967646522,4640.016289390896,4912.137446432232
forecast_1262,2025-02-22 14:00:00,6030.919904005469,4736.567798076347,5055.891452530002
forecast_1263,2025-02-22 15:00:00,6320.007172230324,5105.394396919344,5235.192683410913
forecast_1264,2025-02-22 16:00:00,7248.3938366521525,5411.128396405304,5921.302729924795
forecast_1265,2025-02-22 17:00:00,7979.025512617067,6275.3434281595155,6334.451812632802
forecast_1266,2025-02-22 18:00:00,9703.515044591808,8474.618331956595,7933.204112705547
forecast_1267,2025-02-22 19:00:00,11646.62678756966,11290.625848580585,10392.392495976757
forecast_1268,2025-02-22 20:00:00,13787.834255169406,12917.846315029848,12774.12113503493
forecast_1269,2025-02-22 21:00:00,14691.913095973488,13265.618135537316,14586.275183703263
forecast_1270,2025-02-22 22:00:00,15696.19200559529,14967.455317234911,16005.76013998783
forecast_1271,2025-02-22 23:00:00,16340.601553975268,16322.478162488887,16956.094189345044
forecast_1272,2025-02-23 00:00:00,17343.46133032695,16366.802404466045,17788.240361555785
forecast_1273,2025-02-23 01:00:00,17522.81851762577,16864.47650479793,17479.018669308894
forecast_1274,2025-02-23 02:00:00,17722.408273933703,16849.28446393295,17616.638568580216
forecast_1275,2025-02-23 03:00:00,17700.96742606199,16761.82009493222,17785.308603285397
forecast_1276,2025-02-23 04:00:00,17893.99572299614,16581.7257618207,18051.464300297674
forecast_1277,2025-02-23 05:00:00,17813.75044010718,17092.969288467793,18190.83085512729
forecast_1278,2025-02-23 06:00:00,17793.646704106486,17320.008179886907,18225.00428072644
forecast_1279,2025-02-23 07:00:00,18015.117421711104,18355.88483602903,18448.734219536735
forecast_1280,2025-02-23 08:00:00,17383.879271932645,18059.058862757105,18064.535951283462
forecast_1281,2025-02-23 09:00:00,16341.809245462617,17486.762710713927,16553.72804056213
forecast_1282,2025-02-23 10:00:00,15157.37174178972,16292.01826070559,14552.306906226962
forecast_1283,2025-02-23 11:00:00,14472.114485957125,15180.791725413626,13270.648875223858
forecast_1284,2025-02-23 12:00:00,13930.505006785585,14639.682725368219,11619.032421971979
forecast_1285,2025-02-23 13:00:00,13763.848363706227,13773.387854795845,10341.867902838785
forecast_1286,2025-02-23 14:00:00,13763.093799606113,12980.039680073447,10237.820633274101
forecast_1287,2025-02-23 15:00:00,13754.137796375255,12513.879645992183,10172.66148701089
forecast_1288,2025-02-23 16:00:00,13486.93770534979,12173.321256602401,9857.21437111443
forecast_1289,2025-02-23 17:00:00,13288.082843341352,12183.308436203144,10020.173837329015
forecast_1290,2025-02-23 18:00:00,12552.914089957003,11581.565917189593,10488.599955955411
forecast_1291,2025-02-23 19:00:00,12129.842367745321,11056.579814219362,10789.251973799015
forecast_1292,2025-02-23 20:00:00,12016.649670729184,11029.384273295487,10752.237500909423
forecast_1293,2025-02-23 21:00:00,12143.799775947151,11829.12334203392,11069.287740370539
forecast_1294,2025-02-23 22:00:00,12599.00564482378,12850.567167376372,11147.744905953356
forecast_1295,2025-02-23 23:00:00,13434.295198029751,13878.125399675078,11973.533898464108
forecast_1296,2025-02-24 00:00:00,15022.413378677473,14928.501617712436,13196.547262803757
forecast_1297,2025-02-24 01:00:00,16614.295402318057,15587.652620264927,13392.130787253587
forecast_1298,2025-02-24 02:00:00,17693.590444483885,16561.569369943107,14734.754804281703
forecast_1299,2025-02-24 03:00:00,18580.478332918985,17525.101579280967,15650.689138527548
forecast_1300,2025-02-24 04:00:00,18458.698849243756,18024.743084396723,15378.865096840766
forecast_1301,2025-02-24 05:00:00,17308.293914623027,17714.803875648126,13531.41797990882
forecast_1302,2025-02-24 06:00:00,17344.169780388853,17530.35543228068,13397.505284087778
forecast_1303,2025-02-24 07:00:00,16903.26822809407,16339.821025519632,12963.631970078286
forecast_1304,2025-02-24 08:00:00,15670.552048579393,15437.017427613599,11809.965372138928
forecast_1305,2025-02-24 09:00:00,14787.446058470217,14673.411107965334,11453.428826077217
forecast_1306,2025-02-24 10:00:00,12971.00851239316,12138.931629509636,10521.988792521273
forecast_1307,2025-02-24 11:00:00,11337.86804626708,10579.156072320522,9211.32670110874
forecast_1308,2025-02-24 12:00:00,9929.920511401284,8964.639609055648,8163.9619792722215
forecast_1309,2025-02-24 13:00:00,9855.494166596047,8408.038424360497,8283.120611273454
forecast_1310,2025-02-24 14:00:00,10340.759217237695,9526.534391877733,8379.238495560183
forecast_1311,2025-02-24 15:00:00,10411.528206171788,9651.591287629824,8611.231001105794
forecast_1312,2025-02-24 16:00:00,10977.908885242838,10448.648113357078,9261.29668001787
forecast_1313,2025-02-24 17:00:00,10899.78530350748,10661.636762907125,9668.900286639293
forecast_1314,2025-02-24 18:00:00,12185.70598401536,11964.29441463976,10992.899779391322
forecast_1315,2025-02-24 19:00:00,14557.493398769515,14469.837186121867,13576.755507381942
forecast_1316,2025-02-24 20:00:00,16810.988059965748,16746.774720886882,16033.469768374724
forecast_1317,2025-02-24 21:00:00,18231.426547789233,18537.496690135653,17428.02886448343
forecast_1318,2025-02-24 22:00:00,19330.888803565358,19514.820992508197,18568.660753720065
forecast_1319,2025-02-24 23:00:00,19683.015715357717,19852.54356286962,19016.820814875406
forecast_1320,2025-02-25 00:00:00,19953.87252190002,20279.847007519675,19431.0753189612
forecast_1321,2025-02-25 01:00:00,20217.226817314066,20323.522965777658,19363.97517480005
forecast_1322,2025-02-25 02:00:00,20513.470708363,20586.774644642253,19775.17022331956
forecast_1323,2025-02-25 03:00:00,20780.994231589477,20736.78376634688,20029.880674364602
forecast_1324,2025-02-25 04:00:00,20753.549851420674,20563.79410455091,19981.48882103706
forecast_1325,2025-02-25 05:00:00,20856.073786690064,20786.530868089078,20244.7957340631
forecast_1326,2025-02-25 06:00:00,20858.12794239327,20814.9076008948,20192.22961349126
forecast_1327,2025-02-25 07:00:00,20775.96166205239,20931.64264044064,20082.40160259775
forecast_1328,2025-02-25 08:00:00,20407.498208166882,20230.46536717066,19776.831153411924
forecast_1329,2025-02-25 09:00:00,20611.871682854297,20766.311469166612,19927.266434750054
forecast_1330,2025-02-25 10:00:00,20129.650584947874,20565.495544385194,19844.55475223901
forecast_1331,2025-02-25 11:00:00,18695.477794830193,19958.00879927842,19179.847676752634
forecast_1332,2025-02-25 12:00:00,16903.847015493426,18104.647189833267,17569.821957743632
forecast_1333,2025-02-25 13:00:00,16008.218120453437,17305.517621272593,15621.33031991646
forecast_1334,2025-02-25 14:00:00,16547.544113247684,16962.311143157505,15476.4286552817
forecast_1335,2025-02-25 15:00:00,16602.94823050585,17131.0275923284,15233.20363443192
forecast_1336,2025-02-25 16:00:00,17247.30269533173,17903.270361012997,15854.851158331192
forecast_1337,2025-02-25 17:00:00,18117.574261788483,18707.418282101335,16467.055574958147
forecast_1338,2025-02-25 18:00:00,18832.66664087262,19244.159114732254,17861.5869259371
forecast_1339,2025-02-25 19:00:00,19635.472622534617,19641.41944512921,18975.23735732044
forecast_1340,2025-02-25 20:00:00,19864.437668079256,19822.680300854714,19535.247911758324
forecast_1341,2025-02-25 21:00:00,19864.660191634684,19653.754925361347,19993.497416176295
forecast_1342,2025-02-25 22:00:00,19858.643383211755,19597.88896927548,19948.796196990363
forecast_1343,2025-02-25 23:00:00,19811.775092214124,19469.28984425617,19832.097036325773
forecast_1344,2025-02-26 00:00:00,19689.194862357668,19511.938038531916,19701.923490698086
forecast_1345,2025-02-26 01:00:00,19396.672302677875,19027.163696541305,19213.836669110173
forecast_1346,2025-02-26 02:00:00,19484.18564505862,19210.513352516267,19065.059402748997
forecast_1347,2025-02-26 03:00:00,19021.734486691363,19104.87510488841,18863.362893501828
forecast_1348,2025-02-26 04:00:00,18653.617941216693,18862.77711282346,18516.913418405544
forecast_1349,2025-02-26 05:00:00,18598.000120623034,18990.568267993433,18653.51851730106
forecast_1350,2025-02-26 06:00:00,17926.788827032276,18748.816795981933,18135.699000472705
forecast_1351,2025-02-26 07:00:00,17744.503857005297,18657.895150889486,18403.964906376343
forecast_1352,2025-02-26 08:00:00,16749.28703632567,18160.58477348359,17148.161575311635
forecast_1353,2025-02-26 09:00:00,17694.010418129223,18545.10593409898,17895.131558424626
forecast_1354,2025-02-26 10:00:00,15093.040487311264,16428.36284927394,16027.035343621614
forecast_1355,2025-02-26 11:00:00,13094.366872508901,14499.51142807343,13284.419406252575
forecast_1356,2025-02-26 12:00:00,12198.904913906214,13737.705210719525,11262.497866649099
forecast_1357,2025-02-26 13:00:00,12366.22645087964,13974.721002277745,10635.174641458247
forecast_1358,2025-02-26 14:00:00,12772.21915528701,13690.78958141449,10387.617962930117
forecast_1359,2025-02-26 15:00:00,13029.39726005511,13415.944508082732,9846.765748932454
forecast_1360,2025-02-26 16:00:00,13307.58991712433,13731.727244424606,10007.753177674196
forecast_1361,2025-02-26 17:00:00,13612.314839133069,14279.17860836539,11039.207704795726
forecast_1362,2025-02-26 18:00:00,14144.9408572086,15624.49928794832,13009.973834959836
forecast_1363,2025-02-26 19:00:00,14718.33001349241,16766.8899211694,14299.787006473309
forecast_1364,2025-02-26 20:00:00,16611.068611548973,18236.64199870241,16983.626501215207
forecast_1365,2025-02-26 21:00:00,18227.436386421115,19440.197171200067,18808.32822665882
forecast_1366,2025-02-26 22:00:00,17894.979368377306,18949.719966699333,18592.583933762573
forecast_1367,2025-02-26 23:00:00,16697.39243816366,18390.646581225057,18222.113105641904
forecast_1368,2025-02-27 00:00:00,18544.45744323376,19432.379503437158,19490.537009466596
forecast_1369,2025-02-27 01:00:00,19180.99121195744,19819.657735944493,19623.883263057458
forecast_1370,2025-02-27 02:00:00,19837.286393363356,19962.03361507486,19926.805641263796
forecast_1371,2025-02-27 03:00:00,20096.34316591781,20197.832101103075,20120.724319879693
forecast_1372,2025-02-27 04:00:00,20201.065189533307,20096.421162488557,20073.420249122988
forecast_1373,2025-02-27 05:00:00,20337.34671854313,19642.31494194071,20010.151955966572
forecast_1374,2025-02-27 06:00:00,20455.059039980184,20078.148587738902,19766.43881773582
forecast_1375,2025-02-27 07:00:00,20521.580543612316,20534.32823711751,19715.37414538602
forecast_1376,2025-02-27 08:00:00,20158.341655657547,19621.302457277176,19257.791668432714
forecast_1377,2025-02-27 09:00:00,19545.39832475432,19453.874351681858,18746.26440695177
forecast_1378,2025-02-27 10:00:00,18610.023383424912,19156.014675909246,18417.189007265286
forecast_1379,2025-02-27 11:00:00,16695.97748822558,16902.538382126626,16875.983441337656
forecast_1380,2025-02-27 12:00:00,15190.361969219804,15913.627294259963,15546.969335846552
forecast_1381,2025-02-27 13:00:00,15464.718137279997,15693.646678188277,14415.00570283796
forecast_1382,2025-02-27 14:00:00,14603.25811614254,13957.203381459056,12348.467158425905
forecast_1383,2025-02-27 15:00:00,11851.183318527921,11509.535728788016,9954.029838784169
forecast_1384,2025-02-27 16:00:00,10793.036111070478,10307.899509479066,8984.417853983787
forecast_1385,2025-02-27 17:00:00,11157.957059229608,11694.04714916174,8748.607930611879
forecast_1386,2025-02-27 18:00:00,11660.737613036337,11263.130350654112,9732.58005226937
forecast_1387,2025-02-27 19:00:00,13983.552649090725,13915.040233719521,11801.057963941928
forecast_1388,2025-02-27 20:00:00,15982.87374199825,15553.12959517513,13856.485064998362
forecast_1389,2025-02-27 21:00:00,15055.193572508128,15649.840845014163,13241.047161731014
forecast_1390,2025-02-27 22:00:00,15422.9286466956,16318.167405611124,13953.342738753447
forecast_1391,2025-02-27 23:00:00,15002.236185394968,16319.253982027984,13893.588713293666
forecast_1392,2025-02-28 00:00:00,15039.351642058637,16910.12566854116,13985.447761397916
forecast_1393,2025-02-28 01:00:00,15410.536987393014,16051.845696823226,12894.175957387653
forecast_1394,2025-02-28 02:00:00,17258.96667532889,16995.309570319514,14782.887308724312
forecast_1395,2025-02-28 03:00:00,17998.42236179922,17094.14030398603,15674.397219159146
forecast_1396,2025-02-28 04:00:00,18327.828424215408,17911.00007769416,16759.05282374263
forecast_1397,2025-02-28 05:00:00,18212.194128875075,18493.14718380205,17492.607886130005
forecast_1398,2025-02-28 06:00:00,17979.621443323747,18631.70616417156,17259.473549983988
forecast_1399,2025-02-28 07:00:00,19808.699295245657,19545.21168275433,18821.172272376876
forecast_1400,2025-02-28 08:00:00,19377.435420480055,19497.469684929456,18447.009396399106
forecast_1401,2025-02-28 09:00:00,19402.135389084484,19816.669543080367,18892.037666395303
forecast_1402,2025-02-28 10:00:00,18347.37503450323,19177.736709805686,18031.363905370265
forecast_1403,2025-02-28 11:00:00,16770.557189620602,18151.37652548302,15613.17580422099
forecast_1404,2025-02-28 12:00:00,15383.990445922911,16530.291380116338,14172.76199949937
forecast_1405,2025-02-28 13:00:00,15108.450173958863,15096.232485352373,13885.620130917674
forecast_1406,2025-02-28 14:00:00,14234.209418632745,14567.999101586487,13347.864746867237
forecast_1407,2025-02-28 15:00:00,13571.767264488393,13706.489264892858,13132.50358273217
forecast_1408,2025-02-28 16:00:00,13566.140531610301,14126.78606996212,12941.406537596118
forecast_1409,2025-02-28 17:00:00,14518.623302632815,14168.523202960214,13661.622372690974
forecast_1410,2025-02-28 18:00:00,15974.492653509358,14560.838500370966,14628.960202580089
forecast_1411,2025-02-28 19:00:00,16360.635469034525,16060.72209692358,13907.015780637077
forecast_1412,2025-02-28 20:00:00,13854.037198853508,15334.031098777747,11081.879383649351
forecast_1413,2025-02-28 21:00:00,13589.72965496397,12505.277490284116,10739.537073661704
forecast_1414,2025-02-28 22:00:00,12224.552395116767,10328.27545895932,9442.543452824302
forecast_1415,2025-02-28 23:00:00,10810.879748123985,9598.616089859112,8702.486210105291
forecast_1416,2025-03-01 00:00:00,9068.835160084569,8052.39583210352,7049.399678627821
forecast_1417,2025-03-01 01:00:00,10398.668444767212,8453.487521857305,6337.573873734218
forecast_1418,2025-03-01 02:00:00,8141.990951610485,6779.6614627559475,5264.292450822181
forecast_1419,2025-03-01 03:00:00,6851.780288926353,5439.357093453305,4704.484066632325
forecast_1420,2025-03-01 04:00:00,6286.564750932363,4831.932692723589,4483.771288171103
forecast_1421,2025-03-01 05:00:00,5379.866016262453,3965.802190558137,3904.735338490358
forecast_1422,2025-03-01 06:00:00,4577.246712366912,3692.186453186381,3690.839812248555
forecast_1423,2025-03-01 07:00:00,4554.788977045124,3508.979170097879,3533.0278845566827
forecast_1424,2025-03-01 08:00:00,4433.18509125775,3313.2134130557915,3437.1124169895
forecast_1425,2025-03-01 09:00:00,4127.291581027172,3308.8455215505246,3155.767312746689
forecast_1426,2025-03-01 10:00:00,4044.0350253213037,3851.0133201400054,3224.630018555644
forecast_1427,2025-03-01 11:00:00,3300.581919002144,3517.049434620999,2927.5169993718405
forecast_1428,2025-03-01 12:00:00,3921.722859692542,3618.1827810631607,3314.5479210003627
forecast_1429,2025-03-01 13:00:00,4171.7757425980635,4004.057262179661,3591.205002654092
forecast_1430,2025-03-01 14:00:00,4630.516400007005,3825.6021847488437,3489.110205804398
forecast_1431,2025-03-01 15:00:00,4841.8098564495485,3879.60093679608,3568.991390170712
forecast_1432,2025-03-01 16:00:00,5040.092460525525,3715.063605840389,3211.3770020253687
forecast_1433,2025-03-01 17:00:00,5389.075557435939,4275.621416632873,3965.2714580815154
forecast_1434,2025-03-01 18:00:00,5840.295860666494,4838.197026398822,4162.377624021183
forecast_1435,2025-03-01 19:00:00,5827.312707856351,4830.574707597767,4470.817890784063
forecast_1436,2025-03-01 20:00:00,5185.283398094987,4799.624568213371,4720.704066084409
forecast_1437,2025-03-01 21:00:00,5011.073513495131,5140.249973971098,4398.488592745369
forecast_1438,2025-03-01 22:00:00,4573.202081749404,4976.997984795301,3827.3128928986953
forecast_1439,2025-03-01 23:00:00,4552.972592708609,4643.416250038734,3648.1602919484253
forecast_1440,2025-03-02 00:00:00,4701.7834595068825,5009.515780995514,3915.771444534344
forecast_1441,2025-03-02 01:00:00,6049.490350702739,6631.7895363023,4680.570630302076
forecast_1442,2025-03-02 02:00:00,6489.310562211519,5869.369484721719,4640.079008482847
forecast_1443,2025-03-02 03:00:00,6829.516088287481,6447.275518644059,4630.434551178649
forecast_1444,2025-03-02 04:00:00,6019.280928866864,5541.210418653009,4267.419031616324
forecast_1445,2025-03-02 05:00:00,5684.783682475854,4869.772582740417,4040.166459078091
forecast_1446,2025-03-02 06:00:00,4383.501733247753,3640.951965970289,3694.9308216722166
forecast_1447,2025-03-02 07:00:00,3170.4877224650127,2905.1289866145253,3132.1348254439326
forecast_1448,2025-03-02 08:00:00,2640.006666720489,2468.245632597233,2748.530757180157
forecast_1449,2025-03-02 09:00:00,3181.1044521605318,2974.8479049678244,2967.4790576578444
forecast_1450,2025-03-02 10:00:00,3449.646783531124,3399.592576973164,3162.0361750111047
forecast_1451,2025-03-02 11:00:00,4345.385748786026,3700.6576467555265,3570.4130644358315
forecast_1452,2025-03-02 12:00:00,5176.730120747645,4894.998660952028,4464.265281210444
forecast_1453,2025-03-02 13:00:00,5765.731421230979,6254.048403531756,5108.614162641361
forecast_1454,2025-03-02 14:00:00,6370.299990256237,7470.589841745917,5934.3070373451255
forecast_1455,2025-03-02 15:00:00,6724.446072866869,8061.745243223447,6649.5040548347515
forecast_1456,2025-03-02 16:00:00,7908.656377353824,9482.355900304843,7732.173996500324
forecast_1457,2025-03-02 17:00:00,8739.32227986778,11084.092108160025,9041.87105418429
forecast_1458,2025-03-02 18:00:00,9667.57543208848,12388.496122880315,10592.282411973769
forecast_1459,2025-03-02 19:00:00,10772.30855073937,13789.938288030115,11902.541498276467
forecast_1460,2025-03-02 20:00:00,10725.282369660517,13607.505891815696,11846.705412165022
forecast_1461,2025-03-02 21:00:00,10999.013403678553,13816.472651379307,12206.789950338756
forecast_1462,2025-03-02 22:00:00,11728.714965532668,14803.861004529792,12859.621931974769
forecast_1463,2025-03-02 23:00:00,12008.408220898047,15106.411272160696,13113.80698312824
forecast_1464,2025-03-03 00:00:00,12162.475871050985,15569.644676551048,12942.607757616624
forecast_1465,2025-03-03 01:00:00,12668.785829565986,17253.147637844748,12998.034523897528
forecast_1466,2025-03-03 02:00:00,13527.407013618174,16901.332949416385,13343.62360438182
forecast_1467,2025-03-03 03:00:00,14383.183104061856,17339.957014738844,14211.493747314398
forecast_1468,2025-03-03 04:00:00,14518.751044066237,17630.86261305637,14613.066970851136
forecast_1469,2025-03-03 05:00:00,14040.845928579854,17239.33306660116,14060.040350855224
forecast_1470,2025-03-03 06:00:00,14819.61031164082,18015.367806114016,14470.540565664513
forecast_1471,2025-03-03 07:00:00,15465.097587215745,18438.47559135584,15051.123768383113
forecast_1472,2025-03-03 08:00:00,15515.065147316775,18195.069970110882,15331.58396494445
forecast_1473,2025-03-03 09:00:00,15540.527984989432,18221.2959241395,15637.250299694337
forecast_1474,2025-03-03 10:00:00,15024.507825026754,17909.684041741064,15083.524965909633
forecast_1475,2025-03-03 11:00:00,15383.21159089337,17429.094212239022,15362.65456582757
forecast_1476,2025-03-03 12:00:00,14963.664778377071,16594.9652621708,15044.759594736786
forecast_1477,2025-03-03 13:00:00,15051.259675539884,16424.63130732123,15190.951122762275
forecast_1478,2025-03-03 14:00:00,14785.06898791101,16463.27851521092,14898.130711100397
forecast_1479,2025-03-03 15:00:00,14999.627068172933,16586.56374585003,15412.492737680772
forecast_1480,2025-03-03 16:00:00,14276.29447990041,16912.54168164701,14437.582501170302
forecast_1481,2025-03-03 17:00:00,13739.390022868414,16315.621187768164,13757.904834445671
forecast_1482,2025-03-03 18:00:00,14054.829796131111,16201.006078002805,14497.139373848438
forecast_1483,2025-03-03 19:00:00,13339.642731492018,15822.225636527743,13760.455798830422
forecast_1484,2025-03-03 20:00:00,13440.4740251468,15968.528642158628,13667.707873712126
forecast_1485,2025-03-03 21:00:00,13639.11076897067,15693.787127102136,13924.722392017435
forecast_1486,2025-03-03 22:00:00,13527.10678806941,15831.043068376859,14040.040418105265
forecast_1487,2025-03-03 23:00:00,14198.219518837375,16327.942296548961,14381.222559314487
forecast_1488,2025-03-04 00:00:00,14401.3125276287,16500.951899280037,14406.340544898294
forecast_1489,2025-03-04 01:00:00,15219.492094886813,16390.688048774347,14833.203854638628
forecast_1490,2025-03-04 02:00:00,15356.239030668625,17098.146100259975,15113.67177941259
forecast_1491,2025-03-04 03:00:00,15238.89811412114,17551.644400712106,15353.36145490499
forecast_1492,2025-03-04 04:00:00,15336.48329530239,17679.837684924827,15196.392692456066
forecast_1493,2025-03-04 05:00:00,15494.672690463287,17717.4043102741,15270.069992155808
forecast_1494,2025-03-04 06:00:00,15559.225052786784,17940.89678140268,15554.4456623226
forecast_1495,2025-03-04 07:00:00,15738.21794485435,17983.729201592432,15685.028727050243
forecast_1496,2025-03-04 08:00:00,16040.348547491403,17665.15337863372,15948.07782159868
forecast_1497,2025-03-04 09:00:00,16119.824079727217,17875.472534588924,15914.643572751376
forecast_1498,2025-03-04 10:00:00,16259.056301445307,17737.08004028535,15928.616149275274
forecast_1499,2025-03-04 11:00:00,16410.70971779022,17828.82743508883,16220.27750897465
forecast_1500,2025-03-04 12:00:00,15975.143873741024,17734.868931034358,15866.019870339669
forecast_1501,2025-03-04 13:00:00,15434.857792814499,18107.662620450472,15654.797947564999
forecast_1502,2025-03-04 14:00:00,15280.816904287247,18215.412451245793,15543.634946604472
forecast_1503,2025-03-04 15:00:00,14735.232607594511,17856.857187588546,14746.744101015782
forecast_1504,2025-03-04 16:00:00,14167.901718530604,17604.3339719245,14562.415016071787
forecast_1505,2025-03-04 17:00:00,13822.65111486234,17593.966861284043,13991.902549626408
forecast_1506,2025-03-04 18:00:00,13682.81258715337,17220.887139413535,14173.061826841127
forecast_1507,2025-03-04 19:00:00,13330.129835176229,17683.814705402725,13821.357592196797
forecast_1508,2025-03-04 20:00:00,13226.424416729384,17257.7384665836,13644.099562858892
forecast_1509,2025-03-04 21:00:00,12923.973351557746,17404.65871983356,13211.521266295349
forecast_1510,2025-03-04 22:00:00,12915.30615767313,16709.05597617054,12973.548392492936
forecast_1511,2025-03-04 23:00:00,12017.559448331704,15876.965051406069,12438.936712291184
forecast_1512,2025-03-05 00:00:00,10562.420473848757,13403.23181285876,10710.511040783198
forecast_1513,2025-03-05 01:00:00,8775.763542567227,9461.655311498333,8567.007790351532
forecast_1514,2025-03-05 02:00:00,7724.864104788232,8964.170241137705,8117.595683786477
forecast_1515,2025-03-05 03:00:00,7204.336881939409,7742.564816563936,7738.150676862704
forecast_1516,2025-03-05 04:00:00,6345.609313122548,6569.901868086708,6431.863484653553
forecast_1517,2025-03-05 05:00:00,5948.360934492383,6304.376878422494,5657.805221024194
forecast_1518,2025-03-05 06:00:00,5804.572199286686,6429.473523074703,5457.106490187207
forecast_1519,2025-03-05 07:00:00,6091.574112453236,6628.214905901938,5622.94911902399
forecast_1520,2025-03-05 08:00:00,5574.573801480555,5841.474704539495,5317.245995943494
forecast_1521,2025-03-05 09:00:00,5191.766103272239,5321.3087881142255,5287.763341784681
forecast_1522,2025-03-05 10:00:00,4705.645410932126,4719.358129047094,5070.395959168495
forecast_1523,2025-03-05 11:00:00,4280.118557768177,4295.170258473386,4743.758739353223
forecast_1524,2025-03-05 12:00:00,3816.153791021706,3713.5819675443613,4165.150413363935
forecast_1525,2025-03-05 13:00:00,3695.8445164896216,3490.9146854774744,4104.440401487142
forecast_1526,2025-03-05 14:00:00,3762.7592864668504,3496.2452773404248,4056.5541846413703
forecast_1527,2025-03-05 15:00:00,3444.980720942578,2894.964623008883,3542.9201955506733
forecast_1528,2025-03-05 16:00:00,3511.766771126054,2805.8101329418896,3405.639924104616
forecast_1529,2025-03-05 17:00:00,3275.521174282512,2758.6861207079155,3382.3400677172344
forecast_1530,2025-03-05 18:00:00,3201.4717966553453,2294.469209076623,3225.182956367852
forecast_1531,2025-03-05 19:00:00,3662.0151323974014,2567.0548100234223,3491.6337998418253
forecast_1532,2025-03-05 20:00:00,3950.5062882146894,3299.3022338484398,3711.0043359279607
forecast_1533,2025-03-05 21:00:00,3871.7125588586023,3270.2261250572865,3505.370738034367
forecast_1534,2025-03-05 22:00:00,3889.923238584181,3411.7443472110326,3466.4687486298844
forecast_1535,2025-03-05 23:00:00,4106.464541844847,3439.2054010332095,3689.6237238497765
forecast_1536,2025-03-06 00:00:00,3643.369281962613,3201.186756039308,3470.569118264863
forecast_1537,2025-03-06 01:00:00,3404.9815857893,2692.503323259317,3084.834195753426
forecast_1538,2025-03-06 02:00:00,3410.796102301735,2852.487067615274,2999.904758503849
forecast_1539,2025-03-06 03:00:00,3299.75437490455,2390.9914836565076,2812.706204346086
forecast_1540,2025-03-06 04:00:00,3108.4947747698343,2065.5767491229153,2735.376034231399
forecast_1541,2025-03-06 05:00:00,3118.472735281419,2184.7210417490232,2711.686521792271
forecast_1542,2025-03-06 06:00:00,2914.14180604616,1966.7530602396275,2678.1809680216006
forecast_1543,2025-03-06 07:00:00,2656.4103384209025,1417.4385023195073,2558.748554644424
forecast_1544,2025-03-06 08:00:00,2573.9373425349872,1596.1686191718313,2544.5757810025957
forecast_1545,2025-03-06 09:00:00,2026.0930210419165,1251.2283354174906,2275.3772623409436
forecast_1546,2025-03-06 10:00:00,1652.51372396918,1120.094625211112,2041.2517382583308
forecast_1547,2025-03-06 11:00:00,1590.0975091700423,971.671937136412,1843.2971221704913
forecast_1548,2025-03-06 12:00:00,1677.2690690366676,749.755989987572,1867.3612129250866
forecast_1549,2025-03-06 13:00:00,1908.9334366696057,1075.8872086061313,2151.0891573234494
forecast_1550,2025-03-06 14:00:00,2054.8288572355646,1299.3038499509094,2361.7767368522987
forecast_1551,2025-03-06 15:00:00,2043.2908634782893,1275.5930744755851,2421.7481953677725
forecast_1552,2025-03-06 16:00:00,2237.660904520409,1301.7195555536723,2624.393008111589
forecast_1553,2025-03-06 17:00:00,2337.666615650284,1437.4476338610423,2721.23089379146
forecast_1554,2025-03-06 18:00:00,2220.5404045897167,1386.8966173083668,2558.277727523505
forecast_1555,2025-03-06 19:00:00,2373.1495143192983,1557.5040249959256,2506.830391690452
forecast_1556,2025-03-06 20:00:00,2946.108673312835,1808.8419228798239,2849.7870118728765
forecast_1557,2025-03-06 21:00:00,3479.014748840355,1946.7420358140037,3197.8966082205284
forecast_1558,2025-03-06 22:00:00,3520.264197023346,2129.250576742207,3291.3498292222685
forecast_1559,2025-03-06 23:00:00,3269.335289895486,1936.7522643786344,3091.181223973854
forecast_1560,2025-03-07 00:00:00,3481.0816421186028,2139.4270520007094,3077.374062764673
forecast_1561,2025-03-07 01:00:00,3464.5408514648116,1926.3466368619088,3179.4709563086353
forecast_1562,2025-03-07 02:00:00,3645.24417996938,2108.5970583869607,3037.7955003096777
forecast_1563,2025-03-07 03:00:00,3061.725343183228,1755.2563839307422,2851.0717709469645
forecast_1564,2025-03-07 04:00:00,3561.361721504648,2076.374183421818,3212.0852472758843
forecast_1565,2025-03-07 05:00:00,3563.392499296132,2481.8247412280507,3147.8838252566197
forecast_1566,2025-03-07 06:00:00,3374.210506162639,2419.3686407815185,3170.307204243986
forecast_1567,2025-03-07 07:00:00,2854.4397838733676,1319.0167253348257,2731.5230889807494
forecast_1568,2025-03-07 08:00:00,2918.786892388087,1509.6546510441385,2658.079123549205
forecast_1569,2025-03-07 09:00:00,3177.9147705000914,1721.0357071367976,2628.198663773637
forecast_1570,2025-03-07 10:00:00,2523.2342509971345,1158.6322895062979,2317.138909624647
forecast_1571,2025-03-07 11:00:00,2328.417988083628,952.3231574354124,2013.6075922997643
forecast_1572,2025-03-07 12:00:00,2533.859091556308,1722.948850069229,2225.162177988524
forecast_1573,2025-03-07 13:00:00,2095.4065866854394,1068.278609678491,2138.628471189478
forecast_1574,2025-03-07 14:00:00,2327.352870706234,1008.8175251752955,2222.0941878367335
forecast_1575,2025-03-07 15:00:00,2456.130838425011,1576.427209209253,2615.2244347452292
forecast_1576,2025-03-07 16:00:00,2700.109234166876,1733.386701304577,2693.7368875701322
forecast_1577,2025-03-07 17:00:00,2803.807226410624,2303.8821003384555,2588.8983662554106
forecast_1578,2025-03-07 18:00:00,3419.060907759379,2547.148486623136,2890.7995068165155
forecast_1579,2025-03-07 19:00:00,3638.8639984076526,2810.2407514012757,3153.011215824979
forecast_1580,2025-03-07 20:00:00,3999.922767680784,3318.857797012875,3375.185832880906
forecast_1581,2025-03-07 21:00:00,4522.001754769207,3889.5254506972296,3938.659044924237
forecast_1582,2025-03-07 22:00:00,5253.538837938346,4347.613482615304,4664.5295722720775
forecast_1583,2025-03-07 23:00:00,5806.563536762818,4941.800561672724,5062.066836262857
forecast_1584,2025-03-08 00:00:00,6449.629909544043,5170.875121208104,5434.473652602706
forecast_1585,2025-03-08 01:00:00,7001.459396316585,5741.099077450477,5403.4265696019875
forecast_1586,2025-03-08 02:00:00,7468.783886538844,6349.857086618376,5934.2783833273215
forecast_1587,2025-03-08 03:00:00,8255.259299733365,7382.258471890634,6124.511461948819
forecast_1588,2025-03-08 04:00:00,8998.12427454803,8452.501320783025,6243.259240797469
forecast_1589,2025-03-08 05:00:00,9104.40307405545,9206.115395864097,6132.455367818262
forecast_1590,2025-03-08 06:00:00,9128.696160409847,9959.773618319447,6358.430644377595
forecast_1591,2025-03-08 07:00:00,9240.324302775556,9489.117218834512,6421.621317397719
forecast_1592,2025-03-08 08:00:00,8618.509366641736,9562.382564506785,5927.347477261186
forecast_1593,2025-03-08 09:00:00,7863.650723633113,7764.321690771102,5551.119960130288
forecast_1594,2025-03-08 10:00:00,7125.450302652746,5936.7159815065115,5166.334856753524
forecast_1595,2025-03-08 11:00:00,6973.560036670104,5597.533522449981,4802.581783073898
forecast_1596,2025-03-08 12:00:00,6459.607050424577,5351.778692977573,4776.900906987628
forecast_1597,2025-03-08 13:00:00,6564.5604236513755,5275.294759696035,4538.89978794194
forecast_1598,2025-03-08 14:00:00,6828.09265535861,6043.3199433505215,5737.0630574529505
forecast_1599,2025-03-08 15:00:00,7188.570718392808,6114.6280004294695,5668.7014351017
forecast_1600,2025-03-08 16:00:00,7955.211783216118,6256.395009596024,6519.216571900315
forecast_1601,2025-03-08 17:00:00,8595.944586242184,7961.0526358020925,7014.941821226623
forecast_1602,2025-03-08 18:00:00,10309.929633658861,9962.00627660846,8476.40245268293
forecast_1603,2025-03-08 19:00:00,10629.11228412851,10774.715619455095,8330.656283501441
forecast_1604,2025-03-08 20:00:00,10161.673999313047,10066.779949147876,7680.695892001132
forecast_1605,2025-03-08 21:00:00,9418.114961026882,9530.479417844666,7383.063144862905
forecast_1606,2025-03-08 22:00:00,9563.916807674552,10181.800386708186,7932.440126553994
forecast_1607,2025-03-08 23:00:00,9957.63697507175,9503.755987882258,8103.820764735819
forecast_1608,2025-03-09 00:00:00,9952.021362195446,9381.559860569745,8088.803912444118
forecast_1609,2025-03-09 01:00:00,9163.730149148168,8651.20881738231,6777.343549485657
forecast_1610,2025-03-09 02:00:00,8610.058965967622,7721.832022310135,6088.945988079203
forecast_1611,2025-03-09 03:00:00,7787.444712426672,7150.770697443348,5673.454245489692
forecast_1612,2025-03-09 04:00:00,7262.144050594863,6257.142715964171,5353.684968890253
forecast_1613,2025-03-09 05:00:00,6677.884250394993,3774.5788729405035,4865.319760534826
forecast_1614,2025-03-09 06:00:00,6677.2782662001755,4990.604690427374,4573.678944925892
forecast_1615,2025-03-09 07:00:00,6146.057851481807,5045.501130661447,4224.767215901973
forecast_1616,2025-03-09 08:00:00,4899.465019862635,3305.6228813206,3683.081806550977
forecast_1617,2025-03-09 09:00:00,3587.1541803787213,2361.223387886511,2786.5454313098107
forecast_1618,2025-03-09 10:00:00,2582.3488782894983,1444.5596599649384,2378.7698009409432
forecast_1619,2025-03-09 11:00:00,2270.8816530299814,1272.6606350876586,2170.069661178441
forecast_1620,2025-03-09 12:00:00,1747.4143955974496,687.8019886209244,1693.5270942097573
forecast_1621,2025-03-09 13:00:00,1650.3366651383108,727.4802107278338,1767.4540981488904
forecast_1622,2025-03-09 14:00:00,1653.3263119638032,690.0880994073732,1898.8265567620383
forecast_1623,2025-03-09 15:00:00,1737.2442108051553,962.1201285746642,1858.7297293608217
forecast_1624,2025-03-09 16:00:00,1859.7487771691463,852.817308707773,1869.296363821786
forecast_1625,2025-03-09 17:00:00,1862.597884860826,845.7325777745896,1865.0687833459424
forecast_1626,2025-03-09 18:00:00,2145.962186227428,1325.8253892702319,2115.7905676959954
forecast_1627,2025-03-09 19:00:00,3151.4120330875667,1964.1661368573498,2686.694059698839
forecast_1628,2025-03-09 20:00:00,3276.245287855917,1948.0618394174905,2951.1879993282755
forecast_1629,2025-03-09 21:00:00,3146.849939703642,2287.81536955626,3228.9952834920628
forecast_1630,2025-03-09 22:00:00,4127.175333040758,2877.4351843101067,3983.1572284779845
forecast_1631,2025-03-09 23:00:00,5294.817097440167,4801.933155747925,4827.297158997829
forecast_1632,2025-03-10 00:00:00,6238.7891159917845,6014.236754100625,5476.164997956394
forecast_1633,2025-03-10 01:00:00,8330.836152548052,7254.302548067298,5309.13571081579
forecast_1634,2025-03-10 02:00:00,9601.540703899704,7471.804254466357,5714.656189142074
forecast_1635,2025-03-10 03:00:00,9614.196310781663,8072.396351098555,5714.92002316722
forecast_1636,2025-03-10 04:00:00,9776.940373463367,6609.480889522705,5926.871529413989
forecast_1637,2025-03-10 05:00:00,9448.231941223581,7603.807748254147,5711.419181919313
forecast_1638,2025-03-10 06:00:00,8477.207212210626,7296.574193545328,5388.783905474421
forecast_1639,2025-03-10 07:00:00,8975.15509223139,7939.643195297145,5436.898861486779
forecast_1640,2025-03-10 08:00:00,7916.819213097154,6971.208329581212,5036.557787412582
forecast_1641,2025-03-10 09:00:00,7360.037902617658,5866.697665880651,4703.728045626473
forecast_1642,2025-03-10 10:00:00,6413.716944354117,5530.803433673656,4586.647396775457
forecast_1643,2025-03-10 11:00:00,5514.536565594073,4920.821076873297,4089.6594933526258
forecast_1644,2025-03-10 12:00:00,5164.754072301903,4750.587420004566,4159.123670044382
forecast_1645,2025-03-10 13:00:00,5295.7009645161,4589.501573043893,4078.5967087470735
forecast_1646,2025-03-10 14:00:00,5926.985227172309,4900.594001776193,4249.405436070774
forecast_1647,2025-03-10 15:00:00,6327.006896277173,4196.812303616667,4606.215527637576
forecast_1648,2025-03-10 16:00:00,6808.744302165915,5716.29955053783,4702.377357149967
forecast_1649,2025-03-10 17:00:00,7030.268828089631,6415.4367267383295,5110.105173279202
forecast_1650,2025-03-10 18:00:00,6827.200515304998,7169.876582500929,5315.381084635605
forecast_1651,2025-03-10 19:00:00,7496.355199831836,7965.211328662333,5556.258153730005
forecast_1652,2025-03-10 20:00:00,8541.009376649943,8963.779731278297,6102.416428364022
forecast_1653,2025-03-10 21:00:00,9684.083128711278,10857.768507155986,7099.248047004635
forecast_1654,2025-03-10 22:00:00,11482.626393092149,12105.438413162497,8619.792340748369
forecast_1655,2025-03-10 23:00:00,14018.07206656058,14121.14926866099,10708.184599235721
forecast_1656,2025-03-11 00:00:00,15775.666588715902,16217.404484361785,12817.2927696818
forecast_1657,2025-03-11 01:00:00,17528.237350625128,16939.400058007304,13936.97079640967
forecast_1658,2025-03-11 02:00:00,18281.41440503351,17656.27683515499,15713.478671829507
forecast_1659,2025-03-11 03:00:00,18504.527065579918,18310.82925342735,16114.38389668891
forecast_1660,2025-03-11 04:00:00,18142.04747602267,17928.239770930944,15671.80331571118
forecast_1661,2025-03-11 05:00:00,18290.09099866028,17325.067478816756,14890.184670187953
forecast_1662,2025-03-11 06:00:00,16734.66911921873,15219.193430178339,11363.660777780704
forecast_1663,2025-03-11 07:00:00,12664.47434099489,11154.221910287984,7885.796561432693
forecast_1664,2025-03-11 08:00:00,8921.887059845338,7817.666239866638,5929.548718673845
forecast_1665,2025-03-11 09:00:00,7007.7359610685435,5445.627688876273,5215.957688414556
forecast_1666,2025-03-11 10:00:00,5227.440266110039,3578.680221572573,4145.436376482171
forecast_1667,2025-03-11 11:00:00,4220.126861636772,3105.1974284505013,3163.3664566471934
forecast_1668,2025-03-11 12:00:00,3498.8196821661963,2292.0320658793653,2744.664564113187
forecast_1669,2025-03-11 13:00:00,3095.1388030692647,1761.7569559161227,2387.2764635909925
forecast_1670,2025-03-11 14:00:00,2856.9149702613504,1687.4117098299891,2605.154710825611
forecast_1671,2025-03-11 15:00:00,2868.8541570420057,1831.7123260237395,2514.700110420702
forecast_1672,2025-03-11 16:00:00,3269.7719345478736,2257.3677365837234,2653.4663848150017
forecast_1673,2025-03-11 17:00:00,3364.874043177257,2036.4939142719986,2899.988510055272
forecast_1674,2025-03-11 18:00:00,3942.987034656243,3484.055796315482,3576.56150742505
forecast_1675,2025-03-11 19:00:00,5529.719034070191,5314.920810567518,4670.886778810662
forecast_1676,2025-03-11 20:00:00,7492.376394364563,7306.2966837714675,6249.057023195323
forecast_1677,2025-03-11 21:00:00,11621.26355312912,11487.333046522559,9229.59675946514
forecast_1678,2025-03-11 22:00:00,13769.707504417918,13627.959356897643,11216.350899396344
forecast_1679,2025-03-11 23:00:00,15795.769989420281,15871.214778139525,13155.05394186555
forecast_1680,2025-03-12 00:00:00,18302.416328474606,16559.04796091128,16017.01979780116
forecast_1681,2025-03-12 01:00:00,18272.6489899485,15825.056553223285,15972.5997296861
forecast_1682,2025-03-12 02:00:00,16772.605064892698,16385.968717477706,14249.587216780717
forecast_1683,2025-03-12 03:00:00,15851.582161798604,15701.944841448121,13288.109636267209
forecast_1684,2025-03-12 04:00:00,16027.71186183927,17364.44894730331,14162.441481281245
forecast_1685,2025-03-12 05:00:00,16439.744315417945,16829.32323753029,14935.789054024914
forecast_1686,2025-03-12 06:00:00,18184.565641858208,18714.992680564246,16380.111136083073
forecast_1687,2025-03-12 07:00:00,19500.91630034242,18826.029491198562,18416.82278437259
forecast_1688,2025-03-12 08:00:00,19627.927383331116,18944.56428034786,19350.983055191384
forecast_1689,2025-03-12 09:00:00,19541.318102218116,19142.520117579414,19530.360866159783
forecast_1690,2025-03-12 10:00:00,19273.537431525652,19311.193383116064,18788.052839552452
forecast_1691,2025-03-12 11:00:00,18235.830571500563,18452.60374629766,17640.823944263968
forecast_1692,2025-03-12 12:00:00,17905.278530379277,18013.37982268219,16977.6430267157
forecast_1693,2025-03-12 13:00:00,17769.25229625451,17772.97643933272,16228.081399386543
forecast_1694,2025-03-12 14:00:00,17499.156680653767,17708.12972829264,16367.901166761063
forecast_1695,2025-03-12 15:00:00,17622.795687881713,18499.80954397391,16343.721358583745
forecast_1696,2025-03-12 16:00:00,17670.600866606128,19084.86548032374,16475.037232727853
forecast_1697,2025-03-12 17:00:00,17880.788672462568,19080.84635918411,16499.38978950793
forecast_1698,2025-03-12 18:00:00,17348.542026491166,18660.62895316499,16278.334328798073
forecast_1699,2025-03-12 19:00:00,16731.62090005687,17920.874768414622,16676.72613842386
forecast_1700,2025-03-12 20:00:00,15979.130457863921,17424.250035781653,15848.992570876504
forecast_1701,2025-03-12 21:00:00,16198.725726937515,16545.900910687276,16360.054283895228
forecast_1702,2025-03-12 22:00:00,15992.563336050032,15611.479413587876,16228.550475147731
forecast_1703,2025-03-12 23:00:00,15337.924470514425,15434.970105938435,16030.438732748937
forecast_1704,2025-03-13 00:00:00,15280.096197201094,15177.67418209438,16168.27453974826
forecast_1705,2025-03-13 01:00:00,15800.746369804825,15283.43518511981,15950.975323574581
forecast_1706,2025-03-13 02:00:00,16241.637212488824,14905.308239642593,15956.011709223767
forecast_1707,2025-03-13 03:00:00,16538.742720585193,14971.77770698215,16044.102059546452
forecast_1708,2025-03-13 04:00:00,16839.004405324464,14670.077484718735,15266.938197205822
forecast_1709,2025-03-13 05:00:00,16475.09383984719,15876.980097199283,14247.842948564146
forecast_1710,2025-03-13 06:00:00,15289.341463200035,15479.16164433554,11933.435975375505
forecast_1711,2025-03-13 07:00:00,13456.55985236885,13908.098303398661,10564.330265000719
forecast_1712,2025-03-13 08:00:00,12537.720406099934,12582.710199346238,9697.094022086136
forecast_1713,2025-03-13 09:00:00,11262.900715296139,12377.49691717262,9097.336315764775
forecast_1714,2025-03-13 10:00:00,9527.466796859091,11022.489064894684,7689.2242188199825
forecast_1715,2025-03-13 11:00:00,7125.827899774218,7401.278270252288,5128.069466958415
forecast_1716,2025-03-13 12:00:00,5384.058141594329,5131.557406651897,4042.641499231635
forecast_1717,2025-03-13 13:00:00,4330.014211302835,3767.994685079465,3322.919001930459
forecast_1718,2025-03-13 14:00:00,3966.5035983543376,2749.939462769339,2714.757235371318
forecast_1719,2025-03-13 15:00:00,3129.515194694238,1617.7645922886916,2498.077148637087
forecast_1720,2025-03-13 16:00:00,2970.634599231491,1665.30377873597,2442.6234219484986
forecast_1721,2025-03-13 17:00:00,2735.171239025849,1740.4913272060953,2215.189350838399
forecast_1722,2025-03-13 18:00:00,3141.080944465384,2115.499317879843,2803.313064621968
forecast_1723,2025-03-13 19:00:00,2789.6865202459094,2149.8400696556428,2673.146588161683
forecast_1724,2025-03-13 20:00:00,3262.520702659198,2639.3498226533525,3207.137807588903
forecast_1725,2025-03-13 21:00:00,4184.097702454637,3472.689790280042,3891.6627742812557
forecast_1726,2025-03-13 22:00:00,4617.486132900282,4037.6832113825485,4221.971404075292
forecast_1727,2025-03-13 23:00:00,4869.024099146347,4025.4928576612647,4260.033263529436
forecast_1728,2025-03-14 00:00:00,4939.17707762631,3655.260597679035,4352.874717067454
forecast_1729,2025-03-14 01:00:00,4855.341032386288,3622.928317755323,3742.3804075963094
forecast_1730,2025-03-14 02:00:00,3884.1529893639713,2655.4768340283845,3237.518625866984
forecast_1731,2025-03-14 03:00:00,3679.7350185536898,2444.388834101352,3037.6696454149196
forecast_1732,2025-03-14 04:00:00,2990.3255130911466,2213.802999725549,2704.646829817097
forecast_1733,2025-03-14 05:00:00,2421.4145832517615,2195.7406910659115,2501.148640192422
forecast_1734,2025-03-14 06:00:00,2350.61527917504,2015.3314053316594,2403.024163831015
forecast_1735,2025-03-14 07:00:00,2166.364547243267,1763.9988564534065,2388.455949863461
forecast_1736,2025-03-14 08:00:00,2369.312754274615,2332.5831858145007,2336.9532402673744
forecast_1737,2025-03-14 09:00:00,2384.1767265769654,1700.4258096415256,2485.992126908151
forecast_1738,2025-03-14 10:00:00,2351.4831963520533,1600.4810123572388,2442.6621146241373
forecast_1739,2025-03-14 11:00:00,2270.3596355114173,1434.2922272414285,2334.351962938735
forecast_1740,2025-03-14 12:00:00,2482.7758573081446,1830.4853108445425,2561.502640487598
forecast_1741,2025-03-14 13:00:00,2938.980295572675,2031.830752723792,2798.631029010825
forecast_1742,2025-03-14 14:00:00,3265.046785497908,2532.7082295976543,3016.814612525351
forecast_1743,2025-03-14 15:00:00,3382.475133966853,2656.211192902821,3242.018712285693
forecast_1744,2025-03-14 16:00:00,3259.399598592774,2353.920955180639,2910.0270421691444
forecast_1745,2025-03-14 17:00:00,3058.2295672615473,2134.4728997309594,2937.2047700386793
forecast_1746,2025-03-14 18:00:00,3098.430588190531,1823.6092361333144,3059.1759885402794
forecast_1747,2025-03-14 19:00:00,3264.875271168292,2851.5386431557204,3224.6582295675644
forecast_1748,2025-03-14 20:00:00,4048.343102881646,3149.5847748647866,3704.362502502713
forecast_1749,2025-03-14 21:00:00,4272.419461200101,3083.7117539214296,3736.4533400907058
forecast_1750,2025-03-14 22:00:00,4573.699774559096,3246.3496723273593,3661.7323805628544
forecast_1751,2025-03-14 23:00:00,4764.777138261035,3301.246844045844,3910.2659144692575
forecast_1752,2025-03-15 00:00:00,4828.896450696434,3165.80254797238,4008.9577652833236
forecast_1753,2025-03-15 01:00:00,6269.735758930281,4549.163436537741,4948.318829205059
forecast_1754,2025-03-15 02:00:00,6028.921727826211,4100.508441375362,4621.9392666270305
forecast_1755,2025-03-15 03:00:00,6008.921757490323,4029.986359965298,4342.648550798877
forecast_1756,2025-03-15 04:00:00,6563.789040745393,4845.181301280647,4537.479081613555
forecast_1757,2025-03-15 05:00:00,6760.6086143560005,5489.085587988393,4620.07567707702
forecast_1758,2025-03-15 06:00:00,6400.166444436478,5228.750252585731,4569.5006158684755
forecast_1759,2025-03-15 07:00:00,7442.06208960794,6482.922350399544,5003.661647184211
forecast_1760,2025-03-15 08:00:00,7329.238385676852,7506.838450094817,4956.281683826091
forecast_1761,2025-03-15 09:00:00,8376.427888067983,8517.264259695194,5218.608085270788
forecast_1762,2025-03-15 10:00:00,8691.35367583887,8772.787466735328,5765.713662025997
forecast_1763,2025-03-15 11:00:00,8802.702459027489,8272.665846374859,5980.171164956974
forecast_1764,2025-03-15 12:00:00,8192.668319260583,7936.111477126215,5610.465504548586
forecast_1765,2025-03-15 13:00:00,7577.585656153691,6777.045915278474,5742.180777071257
forecast_1766,2025-03-15 14:00:00,7030.961336164344,6519.146515226285,5218.398194769885
forecast_1767,2025-03-15 15:00:00,5549.58894643752,4225.891150038009,4276.446294303488
forecast_1768,2025-03-15 16:00:00,5406.06740318843,3977.775656500943,3868.2087439135375
forecast_1769,2025-03-15 17:00:00,4290.226923451292,3360.6955702505456,3885.0242209281264
forecast_1770,2025-03-15 18:00:00,4129.641792196149,3686.584108392966,4020.62380971142
forecast_1771,2025-03-15 19:00:00,4378.603180494492,4004.783327032572,3973.9260210375805
forecast_1772,2025-03-15 20:00:00,4196.646035564852,4387.092646495133,3928.9375254092884
forecast_1773,2025-03-15 21:00:00,4378.31525267667,4083.3923166359264,4150.746372256952
forecast_1774,2025-03-15 22:00:00,4120.747110517635,3671.337358900201,3982.149568595021
forecast_1775,2025-03-15 23:00:00,3527.7748717089535,2816.7061742933492,3455.0180445432507
forecast_1776,2025-03-16 00:00:00,3333.676066902473,2653.529207691385,3252.023604012806
forecast_1777,2025-03-16 01:00:00,3249.672321447528,2667.255380115267,2811.7707505446533
forecast_1778,2025-03-16 02:00:00,2691.077388117791,2193.609895299607,2602.996785019303
forecast_1779,2025-03-16 03:00:00,2523.500277761997,1841.1810536162811,2441.761331189635
forecast_1780,2025-03-16 04:00:00,2572.8876843523703,1896.6498067308405,2439.35333181472
forecast_1781,2025-03-16 05:00:00,2656.1886296115254,1614.042968279493,2530.712019533945
forecast_1782,2025-03-16 06:00:00,2798.338311450136,1791.672040880341,2813.265710330712
forecast_1783,2025-03-16 07:00:00,2877.0929319496117,1618.749377530556,2933.858279013252
forecast_1784,2025-03-16 08:00:00,2922.3871277123894,1294.459305579817,2866.059979057266
forecast_1785,2025-03-16 09:00:00,2759.0589492392373,1467.333334299165,2928.7332738971213
forecast_1786,2025-03-16 10:00:00,2862.8234265073734,1543.1490386125013,2831.3747913994584
forecast_1787,2025-03-16 11:00:00,3016.016704221645,1236.1865847784443,2854.226656988675
forecast_1788,2025-03-16 12:00:00,3180.272280248925,1604.112779835475,2835.377896952878
forecast_1789,2025-03-16 13:00:00,3812.76671383529,1915.2091960102857,3366.4664371107738
forecast_1790,2025-03-16 14:00:00,4507.0905878644635,4378.942917629852,4014.1684987209615
forecast_1791,2025-03-16 15:00:00,5469.5808965093165,6033.877471353884,4920.380243695217
forecast_1792,2025-03-16 16:00:00,7016.280420132194,7297.601961696719,6462.280941971486
forecast_1793,2025-03-16 17:00:00,7579.45607119267,8675.11828654953,7612.807594103434
forecast_1794,2025-03-16 18:00:00,9000.843946693076,11319.595905087739,10165.38997343778
forecast_1795,2025-03-16 19:00:00,11750.376083666713,13781.542830506472,11582.645913805454
forecast_1796,2025-03-16 20:00:00,12437.978432719701,13881.085951779163,12298.21864982087
forecast_1797,2025-03-16 21:00:00,12010.508362105042,12358.98935599709,11718.332163233728
forecast_1798,2025-03-16 22:00:00,13117.447841658872,12025.160857219082,13388.70778945171
forecast_1799,2025-03-16 23:00:00,12162.098161247912,11490.291745340857,11947.441920375195
forecast_1800,2025-03-17 00:00:00,12186.519365054952,12324.263734786458,11652.526854456048
forecast_1801,2025-03-17 01:00:00,14111.88533246022,14058.712683253641,11839.293951670239
forecast_1802,2025-03-17 02:00:00,14217.972092385535,12771.176027368398,13589.848484436812
forecast_1803,2025-03-17 03:00:00,14585.391183732983,13360.81622509242,13763.648086752622
forecast_1804,2025-03-17 04:00:00,12899.288287721858,12874.59434712456,11479.468539117974
forecast_1805,2025-03-17 05:00:00,9407.483557676109,9139.894032700202,9420.775256826586
forecast_1806,2025-03-17 06:00:00,9269.306818730573,8653.277404079945,7374.335240768799
forecast_1807,2025-03-17 07:00:00,6030.086089324113,6276.326014635002,5035.155108519726
forecast_1808,2025-03-17 08:00:00,4859.918429196769,3554.2640128860094,3493.577691410651
forecast_1809,2025-03-17 09:00:00,4099.352976431074,2651.850699224296,3290.794098894848
forecast_1810,2025-03-17 10:00:00,3357.1550798143644,1985.4839644352178,2976.415411509428
forecast_1811,2025-03-17 11:00:00,4559.269400140814,3247.43955468674,4278.356530524311
forecast_1812,2025-03-17 12:00:00,6885.573224556052,5892.762946288463,5988.710598665459
forecast_1813,2025-03-17 13:00:00,8105.090912724898,7869.976095136735,6141.320239554962
forecast_1814,2025-03-17 14:00:00,9865.749845789882,9367.0706391409,8391.49246591522
forecast_1815,2025-03-17 15:00:00,10681.535260762024,9356.909156796024,8399.523743165959
forecast_1816,2025-03-17 16:00:00,10449.927177270112,9430.91375246983,8349.81216224835
forecast_1817,2025-03-17 17:00:00,11058.854804567369,9147.590819381354,8645.679363482885
forecast_1818,2025-03-17 18:00:00,10788.117069136468,9153.65590239872,9125.332049503686
forecast_1819,2025-03-17 19:00:00,11058.18862445791,9804.825155874456,9963.900857274886
forecast_1820,2025-03-17 20:00:00,11965.730449399143,10820.371729204424,10777.686358395411
forecast_1821,2025-03-17 21:00:00,13649.53084002054,12841.188466990861,12944.035164362333
forecast_1822,2025-03-17 22:00:00,14110.29233933194,12193.568769997777,12321.149910081083
forecast_1823,2025-03-17 23:00:00,12734.41263337625,10890.985567428259,11108.75970282139
forecast_1824,2025-03-18 00:00:00,10141.890593839105,8484.797555526842,8638.002689080427
forecast_1825,2025-03-18 01:00:00,9749.363538243011,10188.457192848859,7784.618113330191
forecast_1826,2025-03-18 02:00:00,8427.926052503384,7525.913414498551,5941.065002768535
forecast_1827,2025-03-18 03:00:00,7267.295053787563,7125.537950264323,5168.896801253785
forecast_1828,2025-03-18 04:00:00,6557.689810999629,6110.999253392334,5070.988705014616
forecast_1829,2025-03-18 05:00:00,6039.176371902898,6452.610513474906,4790.218390412456
forecast_1830,2025-03-18 06:00:00,5705.888137670003,5560.281547676377,4122.450305773663
forecast_1831,2025-03-18 07:00:00,5146.6012557008435,2406.3898256953726,3200.4639763209007
forecast_1832,2025-03-18 08:00:00,4808.502948301153,2654.45008247441,3430.7298439811325
forecast_1833,2025-03-18 09:00:00,4653.101586446467,3386.604946708547,3540.297727535384
forecast_1834,2025-03-18 10:00:00,3693.632847540427,2692.6887474183804,3787.1771412704525
forecast_1835,2025-03-18 11:00:00,3448.1416229991646,2026.6553075166019,3338.2304565312675
forecast_1836,2025-03-18 12:00:00,3867.977172667268,2645.7850657512645,3391.3073614926125
forecast_1837,2025-03-18 13:00:00,5738.098128555903,5454.531907785248,5145.670117348471
forecast_1838,2025-03-18 14:00:00,7457.315616306896,6578.160387049135,6409.289485592029
forecast_1839,2025-03-18 15:00:00,8052.20958685024,8058.868962433598,6474.484817771905
forecast_1840,2025-03-18 16:00:00,10946.840090976348,11736.194616184363,10192.891909989228
forecast_1841,2025-03-18 17:00:00,12787.205213433625,14011.834360958042,12132.735340425555
forecast_1842,2025-03-18 18:00:00,12960.00776636408,14300.23129867369,11758.045092165103
forecast_1843,2025-03-18 19:00:00,13338.699246965116,14650.559270927191,12467.403796756227
forecast_1844,2025-03-18 20:00:00,13858.112557119912,13404.912177001268,11609.519138207857
forecast_1845,2025-03-18 21:00:00,11310.12914982091,11382.773899044238,10394.083773666462
forecast_1846,2025-03-18 22:00:00,9548.627867845826,7974.295636472807,7754.026710195225
forecast_1847,2025-03-18 23:00:00,7878.854322896012,6021.387425694581,6672.24803898718
forecast_1848,2025-03-19 00:00:00,6817.463358663104,5036.2812841830855,5729.410334643855
forecast_1849,2025-03-19 01:00:00,6147.235941326964,4082.70970015808,4523.831401848686
forecast_1850,2025-03-19 02:00:00,5141.652126663189,3861.4614210521677,4014.7208037506443
forecast_1851,2025-03-19 03:00:00,5045.465503371724,3757.7265229633667,3957.9298700740196
forecast_1852,2025-03-19 04:00:00,5236.749066135036,3330.9635294439113,4071.0384318933234
forecast_1853,2025-03-19 05:00:00,4482.349549823846,2926.505229022061,3674.000910618173
forecast_1854,2025-03-19 06:00:00,4579.872104571094,3135.301724654667,4108.129826807172
forecast_1855,2025-03-19 07:00:00,5443.817695211435,4307.809640617867,4509.481748621101
forecast_1856,2025-03-19 08:00:00,6184.127342430907,5740.09777420725,5306.162700743742
forecast_1857,2025-03-19 09:00:00,6383.3696661419635,5848.375224240595,5867.904260996315
forecast_1858,2025-03-19 10:00:00,6804.137421424874,6443.97951575157,5816.235847787335
forecast_1859,2025-03-19 11:00:00,6673.275282779503,5560.8189756082675,5603.7014737939135
forecast_1860,2025-03-19 12:00:00,7296.502078878322,5820.910756095754,6174.812109096058
forecast_1861,2025-03-19 13:00:00,8258.483776521856,7250.970828042965,6907.071713478167
forecast_1862,2025-03-19 14:00:00,8954.259337017804,7732.268082662439,7321.3866012097715
forecast_1863,2025-03-19 15:00:00,9240.299598810216,8563.602259077254,7770.367800522883
forecast_1864,2025-03-19 16:00:00,10700.60397263923,9503.504684682215,9260.843219235596
forecast_1865,2025-03-19 17:00:00,11514.505199261577,10920.990386096262,10274.917257584386
forecast_1866,2025-03-19 18:00:00,12206.398980457885,12285.18001173679,11565.093222139785
forecast_1867,2025-03-19 19:00:00,13506.794418487949,13853.782161057286,13014.031039753037
forecast_1868,2025-03-19 20:00:00,14579.109951638737,14854.708423778797,14346.56304509191
forecast_1869,2025-03-19 21:00:00,14996.96370156731,15646.39974205786,14825.640979248017
forecast_1870,2025-03-19 22:00:00,16922.188233347068,17086.39751240412,16361.175778728866
forecast_1871,2025-03-19 23:00:00,18003.181096968827,17867.265369981207,17457.295093277113
forecast_1872,2025-03-20 00:00:00,18149.77090207929,17963.182327817576,17721.448237696495
forecast_1873,2025-03-20 01:00:00,19467.85093165631,18876.108063245578,18186.96792242599
forecast_1874,2025-03-20 02:00:00,19120.263177916953,18877.722869811158,17987.277733097966
forecast_1875,2025-03-20 03:00:00,18823.6170867596,18596.556518641584,17998.156553306235
forecast_1876,2025-03-20 04:00:00,19154.875090886504,18765.408363349743,18332.197599691517
forecast_1877,2025-03-20 05:00:00,19444.61869325617,18969.48765803031,18728.673229435404
forecast_1878,2025-03-20 06:00:00,19503.081757243162,19435.02596225139,18887.69773663908
forecast_1879,2025-03-20 07:00:00,19648.978312043146,19644.353666809584,18936.668222899894
forecast_1880,2025-03-20 08:00:00,19375.188697260433,19568.335138539333,18990.89912072326
forecast_1881,2025-03-20 09:00:00,19333.909298748484,19437.3112481465,19143.794229548843
forecast_1882,2025-03-20 10:00:00,18719.795037359043,19155.168841287366,18983.619876251403
forecast_1883,2025-03-20 11:00:00,18003.745380351418,19082.591151242526,18390.996212400092
forecast_1884,2025-03-20 12:00:00,17322.048935488114,18544.04026748943,17767.35051404117
forecast_1885,2025-03-20 13:00:00,16752.590126862055,18342.02612499118,16689.818365814186
forecast_1886,2025-03-20 14:00:00,17139.81208113983,18634.418145112366,16732.359218920476
forecast_1887,2025-03-20 15:00:00,17701.280102644178,19018.95301012427,17008.367527995066
forecast_1888,2025-03-20 16:00:00,17885.811857547902,19216.89328422155,17449.315709799346
forecast_1889,2025-03-20 17:00:00,18353.544025444768,19406.399972030704,18049.00586481427
forecast_1890,2025-03-20 18:00:00,18212.5022371223,19619.116922584544,18410.792691325827
forecast_1891,2025-03-20 19:00:00,18072.73483828798,19572.35264728808,18696.775252449654
forecast_1892,2025-03-20 20:00:00,18805.4261731747,19794.43201824731,18998.05157990181
forecast_1893,2025-03-20 21:00:00,18407.430140631957,19615.738279211662,19191.125530686324
forecast_1894,2025-03-20 22:00:00,18631.945092150425,19292.265442428048,19293.65726860681
forecast_1895,2025-03-20 23:00:00,19255.422144343156,19190.609610251762,19803.671694675897
forecast_1896,2025-03-21 00:00:00,20107.83153646103,19780.03235225757,20174.937964993864
forecast_1897,2025-03-21 01:00:00,18898.25171255294,19686.795409987884,19937.558782875323
forecast_1898,2025-03-21 02:00:00,19256.748463574677,19681.374982420333,19954.958372733843
forecast_1899,2025-03-21 03:00:00,19318.785099661138,19514.728033573585,19977.154964880658
forecast_1900,2025-03-21 04:00:00,19054.819215709453,19623.43196507389,20009.682784107245
forecast_1901,2025-03-21 05:00:00,19248.959818884425,19686.559656488516,20169.694245348717
forecast_1902,2025-03-21 06:00:00,19166.673530268024,19668.537927477148,20111.634267824735
forecast_1903,2025-03-21 07:00:00,19116.959142872794,19454.36602360662,19828.917769668536
forecast_1904,2025-03-21 08:00:00,18838.653233703335,19417.94594850467,19488.680380127196
forecast_1905,2025-03-21 09:00:00,18882.505686794077,19835.16741414652,19191.09776553592
forecast_1906,2025-03-21 10:00:00,18050.54539616817,19854.942187999273,18161.33002286308
forecast_1907,2025-03-21 11:00:00,17870.64774384543,19441.06050060874,17005.586954754457
forecast_1908,2025-03-21 12:00:00,17867.474353898797,19240.077233396394,16462.53247962414
forecast_1909,2025-03-21 13:00:00,18149.787626326288,19257.82938578598,16954.988036306288
forecast_1910,2025-03-21 14:00:00,18187.148744878046,19266.73878972453,16690.20102035091
forecast_1911,2025-03-21 15:00:00,17822.33255495833,18921.117079120224,15542.338206748102
forecast_1912,2025-03-21 16:00:00,16981.641198846115,18668.09677600843,14972.43600902477
forecast_1913,2025-03-21 17:00:00,17027.316122872682,18550.795876409793,14546.283680109667
forecast_1914,2025-03-21 18:00:00,17550.06625459352,18990.62663447953,15705.996062484299
forecast_1915,2025-03-21 19:00:00,17649.03011802544,19085.05902489548,17091.865288111563
forecast_1916,2025-03-21 20:00:00,17668.534557438994,18798.535088095563,17539.653844845314
forecast_1917,2025-03-21 21:00:00,17750.85142921687,18863.840962045222,18545.287930397208
forecast_1918,2025-03-21 22:00:00,17903.753298495805,18536.042040267825,18842.689383684887
forecast_1919,2025-03-21 23:00:00,18169.606401268193,18996.539202688542,19684.898745865947
forecast_1920,2025-03-22 00:00:00,18661.847174301845,19643.981303739205,19484.50358200452
forecast_1921,2025-03-22 01:00:00,18617.95432643029,19626.541873688555,19431.506998286226
forecast_1922,2025-03-22 02:00:00,19116.237344251414,19528.485410814297,19606.303697033112
forecast_1923,2025-03-22 03:00:00,19156.267692520614,19215.730122379387,19553.554389074496
forecast_1924,2025-03-22 04:00:00,19265.202587401447,19346.26393442158,19736.212447613725
forecast_1925,2025-03-22 05:00:00,19482.309157351287,19510.216673848525,19712.72094413725
forecast_1926,2025-03-22 06:00:00,19661.05772922341,19678.02774636475,19649.17722090157
forecast_1927,2025-03-22 07:00:00,19352.132464124417,19620.209724961314,19140.652426618635
forecast_1928,2025-03-22 08:00:00,19472.470680311908,19531.8291228388,18933.489812222866
forecast_1929,2025-03-22 09:00:00,19499.73705792767,19517.830575304783,19220.743732601994
forecast_1930,2025-03-22 10:00:00,18237.899932270328,19484.075056347832,18116.12040577552
forecast_1931,2025-03-22 11:00:00,17296.426475558852,19128.592960262624,16642.837919551515
forecast_1932,2025-03-22 12:00:00,16900.22750481522,18588.250153978996,15419.30228947553
forecast_1933,2025-03-22 13:00:00,17065.076425328793,18475.94601580429,15486.630138441134
forecast_1934,2025-03-22 14:00:00,17149.088420039276,18720.989008945377,16074.369468605262
forecast_1935,2025-03-22 15:00:00,17089.21395532135,18458.564770114986,16476.508131029812
forecast_1936,2025-03-22 16:00:00,16763.318413848046,17457.631684117663,16110.726462966048
forecast_1937,2025-03-22 17:00:00,16482.466499536415,17056.05093407571,16020.02914506296
forecast_1938,2025-03-22 18:00:00,16359.917553461597,17318.404953845344,16212.012615886319
forecast_1939,2025-03-22 19:00:00,16438.91163047806,17956.525011549627,16489.060374432083
forecast_1940,2025-03-22 20:00:00,16677.151771167,18068.85792666625,17273.006176699724
forecast_1941,2025-03-22 21:00:00,16972.88705575606,18320.10377128301,18357.729028763904
forecast_1942,2025-03-22 22:00:00,17359.54287772123,18355.03078681587,19077.768410596433
forecast_1943,2025-03-22 23:00:00,19220.439144509644,18942.336264781276,19878.67641358538
forecast_1944,2025-03-23 00:00:00,19913.179095526655,19137.756926064856,20191.969369334478
forecast_1945,2025-03-23 01:00:00,17958.876518770176,18135.62685770844,19087.14632552011
forecast_1946,2025-03-23 02:00:00,17727.62187278238,18224.745804380946,18890.49603400447
forecast_1947,2025-03-23 03:00:00,18924.20709005894,18415.415671837694,19178.82203241279
forecast_1948,2025-03-23 04:00:00,19189.445209422545,18685.782175120898,19061.438137692057
forecast_1949,2025-03-23 05:00:00,19173.733828603614,18060.702979135738,18450.25378962807
forecast_1950,2025-03-23 06:00:00,18038.435953409644,15087.90479617639,16133.461099824468
forecast_1951,2025-03-23 07:00:00,14119.334027302892,12630.017563396097,9882.307685688353
forecast_1952,2025-03-23 08:00:00,8198.73827279699,8570.234406332105,5264.790852257394
forecast_1953,2025-03-23 09:00:00,5931.001590687664,6075.040919388271,3642.5258913631787
forecast_1954,2025-03-23 10:00:00,4050.7431081276645,3816.1395749038816,2983.7524444986166
forecast_1955,2025-03-23 11:00:00,3597.574669247034,2956.507449080033,2682.5179166143903
forecast_1956,2025-03-23 12:00:00,3316.278902449353,2773.1756146732528,2734.182782368556
forecast_1957,2025-03-23 13:00:00,3088.4846429416984,2658.1070760810467,2616.7946964620846
forecast_1958,2025-03-23 14:00:00,4187.391903707194,3393.790646061959,3528.6661779440064
forecast_1959,2025-03-23 15:00:00,4719.52690596215,3980.0611521740198,3385.8420263362786
forecast_1960,2025-03-23 16:00:00,5559.341972867147,5081.218054646591,3660.184983872011
forecast_1961,2025-03-23 17:00:00,5050.200656772951,5069.830306413085,3768.9598927297493
forecast_1962,2025-03-23 18:00:00,5057.247750214341,4894.9238557255885,3460.143101302604
forecast_1963,2025-03-23 19:00:00,4989.691356584635,5601.25198566675,4069.0903854598787
forecast_1964,2025-03-23 20:00:00,6989.19034338014,8267.711245620101,5653.208779032033
forecast_1965,2025-03-23 21:00:00,9596.144036187343,10795.662782227355,7579.963063583472
forecast_1966,2025-03-23 22:00:00,11804.713425529084,14436.001071046414,9957.16885587421
forecast_1967,2025-03-23 23:00:00,13548.87757736462,14707.525422827259,12905.90494487361
forecast_1968,2025-03-24 00:00:00,14354.353719187286,14761.593385705757,14841.396425623272
forecast_1969,2025-03-24 01:00:00,14127.471834173844,14600.857857884954,13455.057266781507
forecast_1970,2025-03-24 02:00:00,14172.932124703748,15307.617786093828,13888.04570089938
forecast_1971,2025-03-24 03:00:00,13367.124990936107,14389.627266084766,14086.792153145961
forecast_1972,2025-03-24 04:00:00,14268.902564626205,14942.485019740256,14749.343713485257
forecast_1973,2025-03-24 05:00:00,14256.552570987724,15165.257878667933,15041.538670959804
forecast_1974,2025-03-24 06:00:00,15013.659872780958,15532.42559367079,15762.63264414655
forecast_1975,2025-03-24 07:00:00,15179.081151820876,16014.24698727515,15694.361774015659
forecast_1976,2025-03-24 08:00:00,14566.264984225434,15626.244640984074,14719.564612530081
forecast_1977,2025-03-24 09:00:00,14277.263632014208,15706.126408051281,14330.791183864605
forecast_1978,2025-03-24 10:00:00,14434.378577835745,15661.668636299037,14723.291671842606
forecast_1979,2025-03-24 11:00:00,14666.165947905769,16329.549077598618,14086.066572897082
forecast_1980,2025-03-24 12:00:00,15193.199437550453,16904.61934531662,13790.694127592309
forecast_1981,2025-03-24 13:00:00,15519.192971733963,16337.20867842347,13514.228706817034
forecast_1982,2025-03-24 14:00:00,15427.621330821275,16088.010913389851,14056.958559890541
forecast_1983,2025-03-24 15:00:00,14987.09022892014,14699.827989395872,13337.723732028677
forecast_1984,2025-03-24 16:00:00,14498.944095895287,14782.542775683543,12634.453192797604
forecast_1985,2025-03-24 17:00:00,14000.023779752384,15168.153771476802,12702.663627443886
forecast_1986,2025-03-24 18:00:00,13570.889481015663,14671.48478230302,12529.905500508272
forecast_1987,2025-03-24 19:00:00,13814.730445088773,15417.484014024496,13566.412058170878
forecast_1988,2025-03-24 20:00:00,14788.443845534954,16145.671617163152,14493.244361427965
forecast_1989,2025-03-24 21:00:00,16088.760974639099,16824.564351430032,16999.83604736934
forecast_1990,2025-03-24 22:00:00,16176.93207919742,16590.66468231861,17627.950378847047
forecast_1991,2025-03-24 23:00:00,17612.751761433174,17911.720308728167,18968.02335109264
forecast_1992,2025-03-25 00:00:00,18423.93550641514,18606.56998693419,19266.715428390602
forecast_1993,2025-03-25 01:00:00,18157.150156943124,18280.643618116806,19100.40298070575
forecast_1994,2025-03-25 02:00:00,17692.647320737968,17714.909230242876,18075.04771090429
forecast_1995,2025-03-25 03:00:00,16646.045954066536,15983.458208092667,15624.331339800452
forecast_1996,2025-03-25 04:00:00,14498.164371817675,13047.926337436636,12314.779203219916
forecast_1997,2025-03-25 05:00:00,10397.199842482929,10474.80359301342,8873.00494225494
forecast_1998,2025-03-25 06:00:00,8841.914196116473,8477.245192643595,7804.316761728163
forecast_1999,2025-03-25 07:00:00,8748.740592226148,9935.679913422982,6826.567595072911
forecast_2000,2025-03-25 08:00:00,8900.352189567144,10951.44075329585,6257.941633105509
forecast_2001,2025-03-25 09:00:00,9076.856613251164,11802.095647952086,7231.450791321141
forecast_2002,2025-03-25 10:00:00,9689.989441483845,13115.18324798347,9511.339085114727
forecast_2003,2025-03-25 11:00:00,10550.877432264366,13975.61271247907,11339.096125736125
forecast_2004,2025-03-25 12:00:00,10426.94338369246,13490.664945665894,11642.878865895895
forecast_2005,2025-03-25 13:00:00,12763.861606654289,15749.840019666455,14081.464173210346
forecast_2006,2025-03-25 14:00:00,15248.474785650853,17153.532507588032,16337.99509476012
forecast_2007,2025-03-25 15:00:00,16697.887220438315,17302.44108162294,17869.706066927538
forecast_2008,2025-03-25 16:00:00,17214.520649327907,17575.30605602397,17582.486018251875
forecast_2009,2025-03-25 17:00:00,17911.901864747393,17858.439067584615,17039.974596635646
forecast_2010,2025-03-25 18:00:00,17974.761984008626,18244.10022292626,17143.613748480187
forecast_2011,2025-03-25 19:00:00,17972.268569896296,17837.227369809963,17726.3076050896
forecast_2012,2025-03-25 20:00:00,17817.000756762896,17916.20142196746,17846.651967705246
forecast_2013,2025-03-25 21:00:00,17782.2237379319,18652.66292775156,18388.205561783616
forecast_2014,2025-03-25 22:00:00,17945.63996263595,19218.433499069666,18312.68593181693
forecast_2015,2025-03-25 23:00:00,18196.934611302087,19488.14695528651,18668.48654031874
forecast_2016,2025-03-26 00:00:00,18924.70097529333,20126.41450268509,19359.49139139526
forecast_2017,2025-03-26 01:00:00,18926.70009983175,20011.129641291624,19862.001311607375
forecast_2018,2025-03-26 02:00:00,18741.211492157032,19870.50075691436,19896.956076056107
forecast_2019,2025-03-26 03:00:00,17434.25498776703,18910.796983710745,18988.145361322233
forecast_2020,2025-03-26 04:00:00,15654.183712687285,16766.195675689385,16876.55476577274
forecast_2021,2025-03-26 05:00:00,14144.692229418364,15573.370403961002,13856.613693686286
forecast_2022,2025-03-26 06:00:00,12969.809909989488,13181.42417445546,10974.014696793376
forecast_2023,2025-03-26 07:00:00,9577.69320556383,8746.854006689486,7668.2153609943325
forecast_2024,2025-03-26 08:00:00,6403.951598108984,5680.557483360567,4830.7952450810435
forecast_2025,2025-03-26 09:00:00,5277.098389437054,4428.049765600552,4079.885428354905
forecast_2026,2025-03-26 10:00:00,4280.745003188076,3695.3678452589998,3139.336891332981
forecast_2027,2025-03-26 11:00:00,4741.081762616274,3559.847145105555,3792.298174499597
forecast_2028,2025-03-26 12:00:00,4397.341568821846,4265.022988086808,3041.083611413827
forecast_2029,2025-03-26 13:00:00,4341.610256931467,4519.013057293632,3204.7696277642867
forecast_2030,2025-03-26 14:00:00,5103.130104510132,5066.802834798206,3140.0350704177017
forecast_2031,2025-03-26 15:00:00,4937.676226117449,5080.167305954923,3443.6655599450373
forecast_2032,2025-03-26 16:00:00,4660.70816493557,5229.023400933536,3348.790313260846
forecast_2033,2025-03-26 17:00:00,6014.238864688083,6080.915689046151,4073.4759678991604
forecast_2034,2025-03-26 18:00:00,7000.573401068887,7212.200702331194,4806.11025910822
forecast_2035,2025-03-26 19:00:00,7562.348660662895,8390.456045772971,5327.9755466069655
forecast_2036,2025-03-26 20:00:00,8457.738196132213,10169.670026546471,6570.526214874546
forecast_2037,2025-03-26 21:00:00,10853.849969685638,12886.949928340495,9034.215551842315
forecast_2038,2025-03-26 22:00:00,12907.473902980122,16134.3909638181,12348.58517268184
forecast_2039,2025-03-26 23:00:00,15371.131594495419,18291.69298719061,16284.726633274484
forecast_2040,2025-03-27 00:00:00,16547.729752084633,19016.301970378267,18508.402914057024
forecast_2041,2025-03-27 01:00:00,18335.786453524703,19741.634148699603,19444.628878230127
forecast_2042,2025-03-27 02:00:00,18570.68737505878,19711.142919913647,19955.63276374288
forecast_2043,2025-03-27 03:00:00,17949.519317704704,18374.160064778604,19302.209651309975
forecast_2044,2025-03-27 04:00:00,17766.796585071228,18420.601359963977,19335.511157033197
forecast_2045,2025-03-27 05:00:00,15116.306860277153,17180.171007320063,16844.714992467307
forecast_2046,2025-03-27 06:00:00,13216.394158611898,14445.094283475908,14741.811570297694
forecast_2047,2025-03-27 07:00:00,13814.457356844006,16276.644036658463,15042.918765029388
forecast_2048,2025-03-27 08:00:00,14987.069369365308,16564.48333104227,16650.33051047076
forecast_2049,2025-03-27 09:00:00,14354.97057770467,16290.144471241976,15709.406249941532
forecast_2050,2025-03-27 10:00:00,12611.887584613858,14680.000766896988,14302.503441677327
forecast_2051,2025-03-27 11:00:00,12730.877511622817,13990.078356307475,14155.658766841367
forecast_2052,2025-03-27 12:00:00,10091.475655225433,11407.837361270933,9701.18977778434
forecast_2053,2025-03-27 13:00:00,10441.827891766603,11076.222599733605,9794.650852611037
forecast_2054,2025-03-27 14:00:00,10809.708924700917,11037.917770883367,9980.782044869087
forecast_2055,2025-03-27 15:00:00,9931.075014151425,10242.19410266927,9313.405783093434
forecast_2056,2025-03-27 16:00:00,8703.408641829888,9018.728448096654,7014.964392168532
forecast_2057,2025-03-27 17:00:00,8625.744072684083,8621.077113006859,7226.972784856772
forecast_2058,2025-03-27 18:00:00,9311.476484862615,9060.343840272111,7515.945370040228
forecast_2059,2025-03-27 19:00:00,9658.135448943047,9515.395130864516,7690.26591298157
forecast_2060,2025-03-27 20:00:00,10965.897481667263,11757.828851360995,9336.209609839165
forecast_2061,2025-03-27 21:00:00,11518.980593506272,12580.602924210547,10613.49210373009
forecast_2062,2025-03-27 22:00:00,11172.923384280453,12109.048975194943,9477.921196123607
forecast_2063,2025-03-27 23:00:00,11027.18163693312,11045.988592182475,9496.977072993852
forecast_2064,2025-03-28 00:00:00,9302.06624665298,9823.330632800915,7196.7790416523
forecast_2065,2025-03-28 01:00:00,5978.047342042997,5132.940319684269,4737.063436887476
forecast_2066,2025-03-28 02:00:00,5261.7748222540395,4073.2150382750324,3763.090568001384
forecast_2067,2025-03-28 03:00:00,4563.46618191647,4387.048249558262,3245.1794525420946
forecast_2068,2025-03-28 04:00:00,4640.809990137685,4660.571167311583,3575.6697462650313
forecast_2069,2025-03-28 05:00:00,4332.732379561032,4411.111270841686,3407.0926607239207
forecast_2070,2025-03-28 06:00:00,4150.565152479406,3409.7438962683727,3131.8195543599313
forecast_2071,2025-03-28 07:00:00,3608.3186775234126,2603.521309120973,3293.401113504094
forecast_2072,2025-03-28 08:00:00,3381.4328974581067,1990.4805421365704,3277.98750952415
forecast_2073,2025-03-28 09:00:00,3468.001441971881,2036.20278962144,3043.5702402586735
forecast_2074,2025-03-28 10:00:00,3709.3160913825777,2044.2550085360633,3139.7235842771242
forecast_2075,2025-03-28 11:00:00,3631.916189645898,2463.8537775634545,3000.331762007539
forecast_2076,2025-03-28 12:00:00,3537.183403991708,2454.834659694203,2973.275678102534
forecast_2077,2025-03-28 13:00:00,3888.9607493511044,2622.965195307136,2854.58819327015
forecast_2078,2025-03-28 14:00:00,3236.8886502012047,2384.2885315341855,2170.82766433165
forecast_2079,2025-03-28 15:00:00,3219.9883046391815,2025.6731171674228,2369.0928225906046
forecast_2080,2025-03-28 16:00:00,3349.309234188093,2549.9868001576297,1721.707739027382
forecast_2081,2025-03-28 17:00:00,4222.0568555401405,3111.0551226765374,2758.62614172695
forecast_2082,2025-03-28 18:00:00,4724.77482549851,4679.948453495652,3407.833655621066
forecast_2083,2025-03-28 19:00:00,5820.818434250632,5807.248843912672,4557.409073836443
forecast_2084,2025-03-28 20:00:00,7297.194486829067,8166.86130181471,5110.591051744097
forecast_2085,2025-03-28 21:00:00,6934.008197404,6269.560198823196,4850.910615755974
forecast_2086,2025-03-28 22:00:00,6421.707487536711,5132.802413368896,4641.186840184495
forecast_2087,2025-03-28 23:00:00,6762.051568572086,5335.599903859033,5275.015267819892
forecast_2088,2025-03-29 00:00:00,5574.244719050857,4813.0537247134325,4685.968205749679
forecast_2089,2025-03-29 01:00:00,3367.7405359153236,2277.2257397621706,3419.8287870956365
forecast_2090,2025-03-29 02:00:00,3737.0230094664003,1823.6113349583497,3294.19897244239
forecast_2091,2025-03-29 03:00:00,4243.747130279147,2876.6654341287335,3707.659246306922
forecast_2092,2025-03-29 04:00:00,4428.751797780703,4014.890530234228,3717.8632583203685
forecast_2093,2025-03-29 05:00:00,5907.971906966369,6068.283566364315,5047.831499950285
forecast_2094,2025-03-29 06:00:00,6373.041458593077,7169.292156341047,5541.506263062974
forecast_2095,2025-03-29 07:00:00,7069.816894120437,7625.411813012145,6010.450230973944
forecast_2096,2025-03-29 08:00:00,7323.988625177413,8924.170477834621,7633.704760057062
forecast_2097,2025-03-29 09:00:00,7472.101865024354,8082.996861653314,7711.940444355575
forecast_2098,2025-03-29 10:00:00,8774.14032794309,9038.227409517538,8522.507695473872
forecast_2099,2025-03-29 11:00:00,10380.363109657757,9925.254865953208,9129.446556327995
forecast_2100,2025-03-29 12:00:00,11676.536461489437,11122.662490404877,9834.906144941122
forecast_2101,2025-03-29 13:00:00,12774.51633663855,12362.898723318462,10171.277989997647
forecast_2102,2025-03-29 14:00:00,13766.809289791647,12772.925905801601,10510.355467775373
forecast_2103,2025-03-29 15:00:00,14312.527349018372,13362.276965447454,11187.513044155652
forecast_2104,2025-03-29 16:00:00,14789.369402220442,13655.33685331523,11831.580078503717
forecast_2105,2025-03-29 17:00:00,14257.219546392298,13836.67821505584,11140.9459986594
forecast_2106,2025-03-29 18:00:00,14072.04507054005,13218.497626717284,10312.266032073067
forecast_2107,2025-03-29 19:00:00,13269.61625847475,12579.867725588534,10115.962954191926
forecast_2108,2025-03-29 20:00:00,12864.095633193305,12291.908925837857,10327.706571945862
forecast_2109,2025-03-29 21:00:00,13240.823421204168,12305.284260144144,10804.522936400648
forecast_2110,2025-03-29 22:00:00,13416.300165781555,12315.88812056533,11132.87617975946
forecast_2111,2025-03-29 23:00:00,13666.4135128825,12282.434319298072,11595.25856966593
forecast_2112,2025-03-30 00:00:00,13412.193884337841,11330.033611358418,11660.021372732499
forecast_2113,2025-03-30 01:00:00,13291.265426843573,11062.217721777732,11200.896257503971
forecast_2114,2025-03-30 02:00:00,13235.89996013245,10738.44826934264,10911.789974022398
forecast_2115,2025-03-30 03:00:00,12772.04557316247,10490.84323316774,10452.935355373344
forecast_2116,2025-03-30 04:00:00,12109.838873302957,9961.967809972788,9834.716776027184
forecast_2117,2025-03-30 05:00:00,11657.922386684852,9600.535957712706,9465.637402441324
forecast_2118,2025-03-30 06:00:00,11216.49445963489,8738.563337422453,9363.69747912045
forecast_2119,2025-03-30 07:00:00,11037.85497025678,8488.876940737187,9033.368056635201
forecast_2120,2025-03-30 08:00:00,10884.858912509193,7553.240358696137,9002.051024321896
forecast_2121,2025-03-30 09:00:00,10809.343953201651,7974.388731763474,8957.01206133494
forecast_2122,2025-03-30 10:00:00,10790.664135438172,8133.989641515412,8412.622135822818
forecast_2123,2025-03-30 11:00:00,10700.048261647886,8654.767649616828,8004.3207482397065
forecast_2124,2025-03-30 12:00:00,10723.163253642892,8806.607025636244,7840.5691907737855
forecast_2125,2025-03-30 13:00:00,10417.777236679583,8987.537990505622,7528.942616871441
forecast_2126,2025-03-30 14:00:00,9847.11013432424,8722.807659864997,7209.590306368316
forecast_2127,2025-03-30 15:00:00,9160.493301708404,8168.7590635773795,6530.431944410102
forecast_2128,2025-03-30 16:00:00,8542.780074065522,6748.955933577303,5671.91203372748
forecast_2129,2025-03-30 17:00:00,7485.669680293142,5826.991745753303,4929.845166748011
forecast_2130,2025-03-30 18:00:00,6725.009715033188,5119.301060303091,4435.215844068739
forecast_2131,2025-03-30 19:00:00,6589.436439147504,5604.169734089381,4481.239341656273
forecast_2132,2025-03-30 20:00:00,7293.352640669879,6656.365851776228,5883.1240181629955
forecast_2133,2025-03-30 21:00:00,7906.600081250077,7621.510288886035,5785.539545770369
forecast_2134,2025-03-30 22:00:00,8471.72303286748,8729.51490165648,6901.811528508477
forecast_2135,2025-03-30 23:00:00,10010.173958796218,10480.957225423423,7890.849944795307
forecast_2136,2025-03-31 00:00:00,11163.912979848796,11219.42186544033,8847.490219038249
forecast_2137,2025-03-31 01:00:00,14629.198432032015,14105.96823727373,13105.953154810999
forecast_2138,2025-03-31 02:00:00,14891.284037861904,13773.396320673028,13808.818252759325
forecast_2139,2025-03-31 03:00:00,14986.744025157537,14989.503413293956,14276.461167198479
forecast_2140,2025-03-31 04:00:00,15289.599089794312,15607.683723439937,14276.22540237133
forecast_2141,2025-03-31 05:00:00,15351.883742385062,15752.303777450856,14029.030572511856
forecast_2142,2025-03-31 06:00:00,16215.331418524787,15152.696949194125,13284.749362069733
forecast_2143,2025-03-31 07:00:00,11256.27424812659,13411.383192156152,8679.466341661018
forecast_2144,2025-03-31 08:00:00,10127.891325779321,10030.966820790898,8199.250036718171
forecast_2145,2025-03-31 09:00:00,7512.656827371586,7296.342450368857,6349.683683611209
forecast_2146,2025-03-31 10:00:00,5458.8837764893415,4982.033171966434,4766.262050931655
forecast_2147,2025-03-31 11:00:00,4471.907456292794,4242.303635639317,4055.744033581907
forecast_2148,2025-03-31 12:00:00,4463.093224039857,3511.8240630104997,3945.8193911312283
forecast_2149,2025-03-31 13:00:00,4878.533394047072,3592.419047575959,3772.5212126552055
forecast_2150,2025-03-31 14:00:00,5389.943825179123,3759.125714093952,4186.647410406662
forecast_2151,2025-03-31 15:00:00,5583.028057574183,3771.9230299164756,4096.469947415566
forecast_2152,2025-03-31 16:00:00,5475.1023553262985,3270.4283801102138,3759.5315960484954
forecast_2153,2025-03-31 17:00:00,6356.157461859069,4253.865307804567,4888.742242018784
forecast_2154,2025-03-31 18:00:00,6840.252243095932,5649.767819921304,5712.341583203767
forecast_2155,2025-03-31 19:00:00,8567.307213520991,7858.925447665679,7809.00995587501
forecast_2156,2025-03-31 20:00:00,11136.635165694715,10865.6795661028,9362.577672006639
forecast_2157,2025-03-31 21:00:00,13023.91921885595,13615.57352188298,10873.55584055914
forecast_2158,2025-03-31 22:00:00,13977.129622168206,12999.763464545977,11368.934809856153
forecast_2159,2025-03-31 23:00:00,15401.899408884376,14347.29452523851,13187.469192678942
forecast_2160,2025-04-01 00:00:00,14884.256026716974,12763.66442596318,12307.317623984774
forecast_2161,2025-04-01 01:00:00,12078.59239964178,11459.293287704797,9489.515065720529
forecast_2162,2025-04-01 02:00:00,12274.8679494848,10679.867199854474,8759.433956418148
forecast_2163,2025-04-01 03:00:00,11105.698699095996,8236.283891543048,7745.705124595294
forecast_2164,2025-04-01 04:00:00,10101.73606394951,8697.996986477187,6829.526673242636
forecast_2165,2025-04-01 05:00:00,9381.10749766506,8119.992619032436,6022.604157345
forecast_2166,2025-04-01 06:00:00,8480.866133724998,7316.859925531364,5364.7957604599405
forecast_2167,2025-04-01 07:00:00,7546.086373682594,6519.411362663008,4608.546248463792
forecast_2168,2025-04-01 08:00:00,6220.414334283547,5074.639692893959,4395.798475575595
forecast_2169,2025-04-01 09:00:00,4472.22436230394,3218.385854572992,3622.322557329565
forecast_2170,2025-04-01 10:00:00,3109.1068745649072,2644.6939388836245,3002.111184452801
forecast_2171,2025-04-01 11:00:00,2532.0523010858474,1387.7604045531114,2249.2434061751783
forecast_2172,2025-04-01 12:00:00,1960.6552092691159,837.999469173986,1841.1254129969004
forecast_2173,2025-04-01 13:00:00,1896.8375722550923,895.847742874784,1910.3278952993985
forecast_2174,2025-04-01 14:00:00,2267.6445682279973,1664.0550819205598,2232.8999847546397
forecast_2175,2025-04-01 15:00:00,2916.380452567242,1791.5991039252779,2482.7739941658783
forecast_2176,2025-04-01 16:00:00,3641.064295955001,2097.6895760224675,2721.9442425969755
forecast_2177,2025-04-01 17:00:00,3782.0949254012767,2102.336332236441,2822.0753812308376
forecast_2178,2025-04-01 18:00:00,3519.9633270069144,2658.14495211148,2755.796516079952
forecast_2179,2025-04-01 19:00:00,3315.3460198407856,1997.1992918041208,2714.53473888538
forecast_2180,2025-04-01 20:00:00,3410.0333608735455,2117.36939940341,2695.4125765253593
forecast_2181,2025-04-01 21:00:00,3609.16030824268,2194.773539106298,3028.9592075204987
forecast_2182,2025-04-01 22:00:00,3308.1116946764355,1871.7804612418822,2990.831254818431
forecast_2183,2025-04-01 23:00:00,3239.9758159040794,1957.146727605223,2949.687429785605
forecast_2184,2025-04-02 00:00:00,3314.5841238165635,2082.2848126248696,3001.4145447643637
forecast_2185,2025-04-02 01:00:00,3032.717472581385,1433.606118591122,2669.9832360529863
forecast_2186,2025-04-02 02:00:00,3178.3189069855944,1763.6078800595692,2740.640772881975
forecast_2187,2025-04-02 03:00:00,3146.926947631702,1687.177024876798,2695.0441754487097
forecast_2188,2025-04-02 04:00:00,2944.4548500223714,1559.7163926511876,2611.8525016093677
forecast_2189,2025-04-02 05:00:00,3074.143085547793,1933.7777528998158,2611.953895265604
forecast_2190,2025-04-02 06:00:00,3049.125507963193,2111.744103692881,2824.5461482901133
forecast_2191,2025-04-02 07:00:00,3053.739869699998,2014.059911149262,2689.8447856180373
forecast_2192,2025-04-02 08:00:00,2453.6027411870864,1523.7798796969273,2192.061253155005
forecast_2193,2025-04-02 09:00:00,2155.3787132125512,1096.0840397455186,1908.6721035875157
forecast_2194,2025-04-02 10:00:00,2150.6388338288507,1037.1601628235942,1914.573785107786
forecast_2195,2025-04-02 11:00:00,3052.55229437212,1624.2371389298964,2397.1516956205487
forecast_2196,2025-04-02 12:00:00,2343.813803638221,1568.8506335248421,2019.999821493905
forecast_2197,2025-04-02 13:00:00,2776.6315572199856,1518.817869747156,2470.396740451093
forecast_2198,2025-04-02 14:00:00,2960.5353722352957,1671.4955199769631,2547.861625476925
forecast_2199,2025-04-02 15:00:00,3221.8043049500693,1785.271008216202,2698.2119934104967
forecast_2200,2025-04-02 16:00:00,3512.752215385741,1957.9529331749825,2796.1645881237378
forecast_2201,2025-04-02 17:00:00,3353.8334944515063,1834.3911971932478,2679.794741938165
forecast_2202,2025-04-02 18:00:00,2870.8536109547335,1799.8310458976232,2683.12807441618
forecast_2203,2025-04-02 19:00:00,2848.411290054405,1820.9527586071322,2604.1492899384675
forecast_2204,2025-04-02 20:00:00,2496.554023540123,2027.0124529612845,2603.456003278226
forecast_2205,2025-04-02 21:00:00,2248.9488591745526,1892.4580590471246,2570.5334757743994
forecast_2206,2025-04-02 22:00:00,2352.5750537881077,1833.3497948198842,2437.330581764891
forecast_2207,2025-04-02 23:00:00,2444.49599965224,1664.3891919602565,2608.5115566760605
forecast_2208,2025-04-03 00:00:00,2321.1855696774396,1964.5998092694738,2591.9486518806375
forecast_2209,2025-04-03 01:00:00,2805.059269299606,1999.596209656991,2620.126879643838
forecast_2210,2025-04-03 02:00:00,2756.3995776751885,1933.978662310781,2600.9603571374714
forecast_2211,2025-04-03 03:00:00,2794.3162393806606,2268.612364959844,2568.617711807707
forecast_2212,2025-04-03 04:00:00,2685.488084880182,2480.581366800701,2592.2681742215805
forecast_2213,2025-04-03 05:00:00,2906.748751330359,2817.506874371246,2728.3420651168926
forecast_2214,2025-04-03 06:00:00,2838.9884221052816,2720.8397827167696,2781.3202979108296
forecast_2215,2025-04-03 07:00:00,2926.0378862857124,2809.763001648846,2662.917529234951
forecast_2216,2025-04-03 08:00:00,3216.960652808858,2979.2211959985652,2560.8394236531285
forecast_2217,2025-04-03 09:00:00,2912.0730469568516,2156.0744628078896,2327.611131713456
forecast_2218,2025-04-03 10:00:00,2485.32027168737,1606.9740955233942,2196.2634620194162
forecast_2219,2025-04-03 11:00:00,2238.7796023454653,1302.7774711490788,2131.146534646096
forecast_2220,2025-04-03 12:00:00,2501.239735705992,1364.7745993421786,2145.7797381689834
forecast_2221,2025-04-03 13:00:00,2521.8973602837136,1524.8197946152286,2256.088892118104
forecast_2222,2025-04-03 14:00:00,2493.121067533366,1494.3470189490208,2237.2085157986426
forecast_2223,2025-04-03 15:00:00,2397.335371773725,1355.0278929197304,2233.523599775263
forecast_2224,2025-04-03 16:00:00,2543.3294288618763,1486.5706100961447,2260.0608130869655
forecast_2225,2025-04-03 17:00:00,2535.5946715384644,1373.5972389786575,2289.077041502995
forecast_2226,2025-04-03 18:00:00,2582.1305699661525,1391.4157950356494,2525.8858633805626
forecast_2227,2025-04-03 19:00:00,2814.4736648859243,1811.7375644034448,2509.8688178344487
forecast_2228,2025-04-03 20:00:00,3901.164224370524,2660.4803101736657,2791.89596300554
forecast_2229,2025-04-03 21:00:00,3769.031887673182,3187.459765286242,2973.8309942214864
forecast_2230,2025-04-03 22:00:00,4298.931177294865,4129.403091554449,3675.240617831576
forecast_2231,2025-04-03 23:00:00,5119.651371137772,5096.219880310344,4798.094553672681
forecast_2232,2025-04-04 00:00:00,5482.134631348801,6781.81741863338,4958.390892071529
forecast_2233,2025-04-04 01:00:00,6689.368046656557,6904.304495449555,4865.786760680682
forecast_2234,2025-04-04 02:00:00,7883.566037991692,8245.560445697693,5528.578905613087
forecast_2235,2025-04-04 03:00:00,9152.693280790798,9120.82938983164,5922.54839886873
forecast_2236,2025-04-04 04:00:00,9697.440793498656,9796.797742714965,6467.450408748489
forecast_2237,2025-04-04 05:00:00,10146.485886207445,10449.425685866609,6783.694063128711
forecast_2238,2025-04-04 06:00:00,9660.86854079582,9584.092007309908,6420.670872415256
forecast_2239,2025-04-04 07:00:00,9428.107285010063,8710.984484940485,6065.538844484627
forecast_2240,2025-04-04 08:00:00,8546.45820567547,7611.930117588337,5754.463468572045
forecast_2241,2025-04-04 09:00:00,6432.157740946392,5611.836620582368,4655.316432031604
forecast_2242,2025-04-04 10:00:00,4233.216428039998,3759.3715091642207,3261.096720561735
forecast_2243,2025-04-04 11:00:00,3259.8836122442026,2559.609921170122,2834.142126278578
forecast_2244,2025-04-04 12:00:00,3075.3684146852156,2166.1355069264782,2682.2105635830417
forecast_2245,2025-04-04 13:00:00,3186.212302663871,1046.9835205078125,2752.0739411925224
forecast_2246,2025-04-04 14:00:00,3161.5022515860574,2435.574283856874,2939.5362107222236
forecast_2247,2025-04-04 15:00:00,3694.3661720113905,2621.275817854682,3266.7854901875417
forecast_2248,2025-04-04 16:00:00,4033.6044536151776,2354.7985126770545,3060.811827454917
forecast_2249,2025-04-04 17:00:00,4093.835986478981,2381.381674985616,2946.900687755134
forecast_2250,2025-04-04 18:00:00,4304.437585186532,3196.2795446733653,3276.0805329679793
forecast_2251,2025-04-04 19:00:00,4099.367874675582,3763.466728995743,3199.6528929952356
forecast_2252,2025-04-04 20:00:00,4668.936960947321,4802.7421649158005,3876.5208093837373
forecast_2253,2025-04-04 21:00:00,5141.722743150892,5324.424163134096,4844.675219899921
forecast_2254,2025-04-04 22:00:00,4892.775308095815,5103.0773426756605,4643.031916776193
forecast_2255,2025-04-04 23:00:00,5801.034736192498,6300.824038008701,5109.944388395692
forecast_2256,2025-04-05 00:00:00,7679.784266936504,8974.231186029003,6151.61649169624
forecast_2257,2025-04-05 01:00:00,8893.06559384608,9891.473990281753,6073.48831137522
forecast_2258,2025-04-05 02:00:00,10298.848935213751,11590.041353147672,6654.242675704687
forecast_2259,2025-04-05 03:00:00,11037.463523369519,11642.54983815237,7221.614668384342
forecast_2260,2025-04-05 04:00:00,11099.652086501766,12213.792612708763,7601.000884046949
forecast_2261,2025-04-05 05:00:00,10351.494653421583,11304.27727676299,7238.278084360172
forecast_2262,2025-04-05 06:00:00,10686.173961932862,12147.378679093672,7295.800767100322
forecast_2263,2025-04-05 07:00:00,10458.161420980909,11951.497964828157,7177.1059340439315
forecast_2264,2025-04-05 08:00:00,9036.126365319817,10863.450472184872,6370.594836968554
forecast_2265,2025-04-05 09:00:00,8752.835670930841,10122.826605478811,7297.1496418492425
forecast_2266,2025-04-05 10:00:00,7386.105125603384,8244.312171138745,5814.356068063293
forecast_2267,2025-04-05 11:00:00,7632.09531816548,7971.430472127216,7956.601184740406
forecast_2268,2025-04-05 12:00:00,8947.709013902899,10005.163538285722,8550.922995840885
forecast_2269,2025-04-05 13:00:00,11669.454137470102,12932.876444611826,10317.666199837062
forecast_2270,2025-04-05 14:00:00,14163.646045607593,15554.05100516411,13849.287015857351
forecast_2271,2025-04-05 15:00:00,14637.294309492283,14791.615503404719,15048.700480006639
forecast_2272,2025-04-05 16:00:00,14993.863105142867,14906.4474487549,15590.669432547984
forecast_2273,2025-04-05 17:00:00,14366.31951273468,14459.061255745522,14646.426714157762
forecast_2274,2025-04-05 18:00:00,14713.903231600423,14976.604262233792,15182.41756744248
forecast_2275,2025-04-05 19:00:00,14835.500182612568,15705.011788318614,14877.907436408595
forecast_2276,2025-04-05 20:00:00,15185.164039987749,15731.14620102034,15022.802303595492
forecast_2277,2025-04-05 21:00:00,15255.896174114907,15471.703098876378,15796.39681223859
forecast_2278,2025-04-05 22:00:00,14463.815494228016,14852.169172009131,15118.07708861661
forecast_2279,2025-04-05 23:00:00,15137.747821103045,15849.581701441772,15924.323410470457
forecast_2280,2025-04-06 00:00:00,15606.509910044624,16140.564258006922,15846.109026386499
forecast_2281,2025-04-06 01:00:00,15738.821430978338,14881.897774204881,16450.524342213903
forecast_2282,2025-04-06 02:00:00,16308.047801397279,15826.544356207045,17242.34165396443
forecast_2283,2025-04-06 03:00:00,16450.459287422247,16587.6524735649,17648.83552527032
forecast_2284,2025-04-06 04:00:00,16241.617803381576,16568.938347347754,17428.94166209662
forecast_2285,2025-04-06 05:00:00,16181.434493150584,17241.526585809377,17406.558817692552
forecast_2286,2025-04-06 06:00:00,16205.491236324468,17060.34460867837,16943.917073588258
forecast_2287,2025-04-06 07:00:00,16303.958992157422,17081.567247920342,16709.25408222262
forecast_2288,2025-04-06 08:00:00,16276.737973483654,17046.065697287482,16605.45895653576
forecast_2289,2025-04-06 09:00:00,15287.09170231662,16029.790105947764,15114.478587242755
forecast_2290,2025-04-06 10:00:00,14461.86479491737,14615.746857383883,12815.63555619686
forecast_2291,2025-04-06 11:00:00,14305.190796160341,14058.196702595762,12029.014154176593
forecast_2292,2025-04-06 12:00:00,13424.50249692814,13939.204705522317,11149.356562080065
forecast_2293,2025-04-06 13:00:00,13356.06589189128,14320.062783150663,11112.620590272134
forecast_2294,2025-04-06 14:00:00,13550.300575183925,14430.947066383684,11188.44553871575
forecast_2295,2025-04-06 15:00:00,13632.831258264785,14257.047889736059,11519.827052961118
forecast_2296,2025-04-06 16:00:00,13842.078780348711,13666.129114139625,11377.532747973628
forecast_2297,2025-04-06 17:00:00,13429.301724073031,14176.866035694104,11147.962131844897
forecast_2298,2025-04-06 18:00:00,13272.510682366665,14170.84202548984,11235.122138162122
forecast_2299,2025-04-06 19:00:00,14306.351003772754,15024.13742805806,13779.493900063631
forecast_2300,2025-04-06 20:00:00,14937.197122353089,14763.214731267844,15642.93022933442
forecast_2301,2025-04-06 21:00:00,14974.873953724891,14932.374412498399,15858.05700734681
forecast_2302,2025-04-06 22:00:00,14761.696900922387,14572.089659660896,16067.662232919152
forecast_2303,2025-04-06 23:00:00,15024.787444814276,14672.816140547731,16566.62139549098
forecast_2304,2025-04-07 00:00:00,14898.175993903606,14701.419672679061,16564.42609005344
forecast_2305,2025-04-07 01:00:00,15137.113181584888,15145.84223003264,15960.503711697247
forecast_2306,2025-04-07 02:00:00,15503.38557511838,15019.358872822082,15940.347624510341
forecast_2307,2025-04-07 03:00:00,15668.627297360572,15012.221808428729,15580.783672256706
forecast_2308,2025-04-07 04:00:00,15575.870162838615,15481.390848406087,15028.589586858285
forecast_2309,2025-04-07 05:00:00,15717.402111494997,15710.655062956535,14835.933766478387
forecast_2310,2025-04-07 06:00:00,15761.110767964288,15229.804157690633,15076.621917441887
forecast_2311,2025-04-07 07:00:00,15459.807890652955,16013.305373886575,14853.900382067808
forecast_2312,2025-04-07 08:00:00,14197.3419016283,16136.031559700205,13985.115454675573
forecast_2313,2025-04-07 09:00:00,12766.518140705488,13841.812764031622,13304.371511753874
forecast_2314,2025-04-07 10:00:00,11149.703927433282,12628.799501517386,11948.097577531624
forecast_2315,2025-04-07 11:00:00,9890.426534043108,10591.026875377105,10039.734700411544
forecast_2316,2025-04-07 12:00:00,9801.124752181719,10365.243710355142,9582.09787813831
forecast_2317,2025-04-07 13:00:00,10422.171171437327,11209.538839729958,10380.664401963646
forecast_2318,2025-04-07 14:00:00,11713.023930998897,12203.393423220794,12163.095831238386
forecast_2319,2025-04-07 15:00:00,13094.984117401294,13928.652672561904,13547.96031462351
forecast_2320,2025-04-07 16:00:00,14010.811810016856,14648.94869004982,13744.531861314108
forecast_2321,2025-04-07 17:00:00,15533.191931065583,16103.26037616741,15543.866619885112
forecast_2322,2025-04-07 18:00:00,16418.34961729814,17369.571647566736,16546.95287486635
forecast_2323,2025-04-07 19:00:00,16524.10534126367,18033.052640642676,17882.605346309174
forecast_2324,2025-04-07 20:00:00,16978.558799322902,18719.750984941456,18343.920695100256
forecast_2325,2025-04-07 21:00:00,17565.50591366284,19201.337724298857,18659.131476100196
forecast_2326,2025-04-07 22:00:00,18066.706362519602,19414.491258337093,18848.30540132735
forecast_2327,2025-04-07 23:00:00,18989.363060023596,19744.005835886586,19263.657539984764
forecast_2328,2025-04-08 00:00:00,19150.173889055106,19349.377250780995,19684.416223069653
forecast_2329,2025-04-08 01:00:00,19157.597986503282,19011.61576290789,19671.536708287756
forecast_2330,2025-04-08 02:00:00,19137.41291138373,19152.858046260248,19418.72001546555
forecast_2331,2025-04-08 03:00:00,19008.17052086061,19444.295370529282,19166.56668270413
forecast_2332,2025-04-08 04:00:00,18745.420815464888,19439.987162773374,18928.31898280589
forecast_2333,2025-04-08 05:00:00,18351.726574387645,19410.0684397473,18629.017952916176
forecast_2334,2025-04-08 06:00:00,17968.43414257688,19520.1912597729,18677.76002806733
forecast_2335,2025-04-08 07:00:00,18099.773590989964,18964.14237481414,18682.888009273887
forecast_2336,2025-04-08 08:00:00,17688.985666812572,18277.63838091818,17330.726598615056
forecast_2337,2025-04-08 09:00:00,16211.778685156298,16437.78735082804,14343.92618570583
forecast_2338,2025-04-08 10:00:00,15139.591516884731,15294.719803327036,12640.777425985529
forecast_2339,2025-04-08 11:00:00,14198.293172271922,14015.238840099793,11051.588420207281
forecast_2340,2025-04-08 12:00:00,13890.197598478211,13839.479307559772,10469.550262252282
forecast_2341,2025-04-08 13:00:00,13588.80285438929,12718.829066685834,10360.853349606414
forecast_2342,2025-04-08 14:00:00,12595.766090688161,11157.56365618775,9486.882960557003
forecast_2343,2025-04-08 15:00:00,10556.772719105977,9585.772774906027,7507.080974576887
forecast_2344,2025-04-08 16:00:00,6889.5910096839525,6480.131171580785,4405.751695798777
forecast_2345,2025-04-08 17:00:00,5783.1142300964875,4371.5014541279415,3526.0399264713606
forecast_2346,2025-04-08 18:00:00,4739.099230300424,3441.6875336354715,3223.9675091504537
forecast_2347,2025-04-08 19:00:00,4106.670790816808,3217.245075405385,2848.5371646069802
forecast_2348,2025-04-08 20:00:00,3194.0724020310054,2440.2976810621503,2664.883460658335
forecast_2349,2025-04-08 21:00:00,3020.3469113731453,2064.7179752997545,2683.236365674601
forecast_2350,2025-04-08 22:00:00,2857.448201208283,1851.5912124605024,2851.3627227352076
forecast_2351,2025-04-08 23:00:00,2973.000773411031,2012.4892235534708,2892.806704287007
forecast_2352,2025-04-09 00:00:00,3160.033459175061,2280.0392919317546,3005.9511190474377
forecast_2353,2025-04-09 01:00:00,3266.5970941955547,2384.2603506829123,2944.637720230769
forecast_2354,2025-04-09 02:00:00,3265.5592596284955,2384.693916417168,2931.270497914041
forecast_2355,2025-04-09 03:00:00,3397.505572740607,2583.9732432791484,2932.022240706632
forecast_2356,2025-04-09 04:00:00,3786.226783119746,2796.38222788185,3010.721355917396
forecast_2357,2025-04-09 05:00:00,3599.0913403669974,2818.4556985500344,3149.512966143743
forecast_2358,2025-04-09 06:00:00,4003.113965175223,3112.284466509002,3266.1442036520652
forecast_2359,2025-04-09 07:00:00,4440.345735298529,3314.8376396018857,3257.783863543464
forecast_2360,2025-04-09 08:00:00,4493.12013547292,4492.623056430539,3708.371306215073
forecast_2361,2025-04-09 09:00:00,4372.6601281168405,3635.4715699520216,3657.8663099083783
forecast_2362,2025-04-09 10:00:00,4082.435795643698,3893.006138896726,3392.372929048757
forecast_2363,2025-04-09 11:00:00,3801.5155024889254,3245.4156880185647,3149.864330979409
forecast_2364,2025-04-09 12:00:00,4823.199846677857,3931.1457659269727,3812.970465202542
forecast_2365,2025-04-09 13:00:00,5213.874600079929,4378.295439457585,4199.866390663494
forecast_2366,2025-04-09 14:00:00,6037.728642618738,5448.655435489411,4676.4523017917345
forecast_2367,2025-04-09 15:00:00,7315.586742593096,7088.238114687902,6041.902425927653
forecast_2368,2025-04-09 16:00:00,8789.877977277967,8844.941086088793,7057.583044188955
forecast_2369,2025-04-09 17:00:00,9363.729911988223,9727.843363041044,7532.978457574314
forecast_2370,2025-04-09 18:00:00,8750.95054075944,8690.903584325195,6148.831679678237
forecast_2371,2025-04-09 19:00:00,7271.030897882174,6801.230994298378,5316.292148645617
forecast_2372,2025-04-09 20:00:00,6762.557824602638,7696.50366223134,5006.940490861095
forecast_2373,2025-04-09 21:00:00,9101.336662741835,9783.43701352759,8937.282787235144
forecast_2374,2025-04-09 22:00:00,8846.710184577816,10849.026713593306,7692.80958949904
forecast_2375,2025-04-09 23:00:00,8629.853848443887,8856.10948724916,6868.259954589493
forecast_2376,2025-04-10 00:00:00,9999.698024701302,11163.223211984572,8148.691566287494
forecast_2377,2025-04-10 01:00:00,9818.788897564998,11614.21105079625,7493.911637716433
forecast_2378,2025-04-10 02:00:00,10757.208689480243,12503.074219832088,9477.345223794055
forecast_2379,2025-04-10 03:00:00,11952.94016075027,13464.353069539578,10063.666857660606
forecast_2380,2025-04-10 04:00:00,11161.683348960472,10790.504110282534,8724.585105401728
forecast_2381,2025-04-10 05:00:00,10547.127091058675,9245.596660599376,8673.177828470383
forecast_2382,2025-04-10 06:00:00,9055.80217662031,7847.790290531763,6833.68687471349
forecast_2383,2025-04-10 07:00:00,6950.287944562439,5859.464121551308,5319.209077009974
forecast_2384,2025-04-10 08:00:00,6150.325333702825,5071.783053605057,4453.086900973774
forecast_2385,2025-04-10 09:00:00,6536.816248914385,5504.7297417182235,4841.960497854449
forecast_2386,2025-04-10 10:00:00,5564.735596137141,4466.1446038264985,4217.4489838441195
forecast_2387,2025-04-10 11:00:00,4511.983029625113,3442.1024351203146,3276.3653934136096
forecast_2388,2025-04-10 12:00:00,4391.799569092818,2671.960655021093,3010.3114439907613
forecast_2389,2025-04-10 13:00:00,4315.427015831257,2838.645750803625,3004.430372840304
forecast_2390,2025-04-10 14:00:00,3865.0717068869203,2621.5592118309173,2634.6099653287297
forecast_2391,2025-04-10 15:00:00,4478.446808133017,3644.0518060215422,3089.538050372855
forecast_2392,2025-04-10 16:00:00,5128.277664629506,4141.237329435697,2685.6633137329727
forecast_2393,2025-04-10 17:00:00,4089.3073869746595,3951.3538015148965,3125.812287845081
forecast_2394,2025-04-10 18:00:00,3895.404465170457,3940.8886379673454,2630.70742598795
forecast_2395,2025-04-10 19:00:00,4448.765590357189,5108.930017512576,3018.61617310766
forecast_2396,2025-04-10 20:00:00,4564.647526660079,5367.665157967218,3444.788053110915
forecast_2397,2025-04-10 21:00:00,4425.444827376194,5451.5228549864105,3484.9538217533773
forecast_2398,2025-04-10 22:00:00,4674.850749339223,6048.85860228163,4023.8062781752765
forecast_2399,2025-04-10 23:00:00,4597.622245014289,5582.950657691528,3884.6515018868936
forecast_2400,2025-04-11 00:00:00,4555.403596276459,5686.347114119876,3956.843797380486
forecast_2401,2025-04-11 01:00:00,4309.065789622651,4284.516066237127,3368.232214223663
forecast_2402,2025-04-11 02:00:00,4527.790126483732,4296.068096210251,3427.616860666286
forecast_2403,2025-04-11 03:00:00,4637.33381471419,4310.402897908829,3472.994978317294
forecast_2404,2025-04-11 04:00:00,4330.540078506193,3852.8515064742874,3286.1778150178566
forecast_2405,2025-04-11 05:00:00,4211.461202692384,3649.3765324699407,3168.4686727127396
forecast_2406,2025-04-11 06:00:00,3832.374245010879,3373.8664931692088,3023.562891748343
forecast_2407,2025-04-11 07:00:00,3814.245626008974,2653.468310363794,2724.2798370750447
forecast_2408,2025-04-11 08:00:00,3005.343118606557,2516.7314530568483,2381.4676856077845
forecast_2409,2025-04-11 09:00:00,2162.3805292095726,1730.6200103370475,1909.0435699100788
forecast_2410,2025-04-11 10:00:00,1722.71460391161,1336.2201032863559,1509.029776149849
forecast_2411,2025-04-11 11:00:00,1348.884122146588,903.1531523081462,1487.3450096624667
forecast_2412,2025-04-11 12:00:00,1394.2018653897437,663.7209766651398,1418.3677854547761
forecast_2413,2025-04-11 13:00:00,2043.1952533854667,885.1807473353842,1628.7033366705703
forecast_2414,2025-04-11 14:00:00,2467.2620509219705,1309.4197037144072,1872.354519947641
forecast_2415,2025-04-11 15:00:00,2587.790624655337,1402.8688525022797,2063.6041878840124
forecast_2416,2025-04-11 16:00:00,3321.993815683761,2186.482629639843,2423.5376442298752
forecast_2417,2025-04-11 17:00:00,3327.803140678304,2372.005264207749,2598.314525619228
forecast_2418,2025-04-11 18:00:00,4064.2227091224913,3400.6905311718797,2899.2774922878775
forecast_2419,2025-04-11 19:00:00,3722.165097067905,3094.056993676064,3085.6548006526027
forecast_2420,2025-04-11 20:00:00,5101.838709479975,4906.7544868709465,3896.4312668627244
forecast_2421,2025-04-11 21:00:00,5261.603510304407,5280.602084237716,4119.828015523259
forecast_2422,2025-04-11 22:00:00,5150.048524256412,5029.671198320011,4414.804569569864
forecast_2423,2025-04-11 23:00:00,5097.202703203405,4582.968186647636,4297.651937157301
forecast_2424,2025-04-12 00:00:00,5161.154247109165,4555.320153991848,4505.736493176553
forecast_2425,2025-04-12 01:00:00,4311.138492779832,3311.506490159305,3847.3272129580696
forecast_2426,2025-04-12 02:00:00,4094.3739882936784,3124.355696466211,3561.4898261466833
forecast_2427,2025-04-12 03:00:00,4833.201116750702,4722.428096553967,3843.524053346481
forecast_2428,2025-04-12 04:00:00,6042.072220420866,7190.306940068451,4652.694648632926
forecast_2429,2025-04-12 05:00:00,7515.89115594122,8774.505290070705,5301.159017018541
forecast_2430,2025-04-12 06:00:00,8545.787421480854,10660.662867338588,6619.625590252451
forecast_2431,2025-04-12 07:00:00,10936.003850129311,12913.53201525329,8687.157192845836
forecast_2432,2025-04-12 08:00:00,11757.716674277268,14058.365742967037,9838.893409107644
forecast_2433,2025-04-12 09:00:00,12105.988705107284,14114.02823069708,11932.517105945228
forecast_2434,2025-04-12 10:00:00,11654.125611593408,12896.420484321126,12647.047578013646
forecast_2435,2025-04-12 11:00:00,11882.719750969569,13094.717116519898,12834.710867455075
forecast_2436,2025-04-12 12:00:00,13395.969005792856,13840.945342788264,14598.22142519945
forecast_2437,2025-04-12 13:00:00,14590.292891410018,14956.861779592984,15877.51742146772
forecast_2438,2025-04-12 14:00:00,13674.765443233438,14025.653631250962,14844.031369671397
forecast_2439,2025-04-12 15:00:00,12555.411593238492,12520.807220186958,13084.153281078723
forecast_2440,2025-04-12 16:00:00,12541.572959268084,12388.899589827897,13361.468906490187
forecast_2441,2025-04-12 17:00:00,12391.77483168404,11761.16879405326,13343.08467638379
forecast_2442,2025-04-12 18:00:00,12979.998601614489,13777.809907184115,13415.199094074796
forecast_2443,2025-04-12 19:00:00,13940.260867208248,15158.536480071374,14139.742487200281
forecast_2444,2025-04-12 20:00:00,15893.808002206566,16463.875554668808,16005.042982585986
forecast_2445,2025-04-12 21:00:00,16176.325313692785,17236.97254588767,16367.524652777744
forecast_2446,2025-04-12 22:00:00,15985.684053712484,17327.51446368162,16660.073540863654
forecast_2447,2025-04-12 23:00:00,16761.06230442407,17832.02131687216,17465.23109309991
forecast_2448,2025-04-13 00:00:00,16606.485266935597,17347.55181099419,17590.861996536158
forecast_2449,2025-04-13 01:00:00,15037.629838575165,17009.47967107047,16277.199030253978
forecast_2450,2025-04-13 02:00:00,13907.33196961803,17017.84805697316,14358.8209628327
forecast_2451,2025-04-13 03:00:00,14923.602247923689,17746.10906852664,15087.50206498713
forecast_2452,2025-04-13 04:00:00,17309.690259610485,19132.81824981023,17319.314701660147
forecast_2453,2025-04-13 05:00:00,17143.79654271742,19026.99851980435,16608.458184319104
forecast_2454,2025-04-13 06:00:00,17820.66312204991,17792.290184233207,17143.203872303737
forecast_2455,2025-04-13 07:00:00,18438.608490185317,18388.592771958145,17246.038990298104
forecast_2456,2025-04-13 08:00:00,18578.395163081303,18336.663988892324,17875.704838323567
forecast_2457,2025-04-13 09:00:00,18451.06007163918,18027.590858713054,17095.93838409116
forecast_2458,2025-04-13 10:00:00,18158.65937176709,18168.200509500053,16920.311974596858
forecast_2459,2025-04-13 11:00:00,17740.44351748668,17659.23820552421,16568.940298549926
forecast_2460,2025-04-13 12:00:00,17587.569441597745,17815.889577548583,16015.4539291187
forecast_2461,2025-04-13 13:00:00,17425.94345714209,17543.430501379014,15964.850374312973
forecast_2462,2025-04-13 14:00:00,17060.23974876548,17316.107702581357,15597.511515603643
forecast_2463,2025-04-13 15:00:00,17287.25061630444,17275.370780066813,15560.650552589104
forecast_2464,2025-04-13 16:00:00,17345.028429246886,17637.862445843,15913.389032018727
forecast_2465,2025-04-13 17:00:00,17701.71569942977,18541.024737842952,16338.047783747914
forecast_2466,2025-04-13 18:00:00,17693.567231375928,19076.14516680235,16500.536933774347
forecast_2467,2025-04-13 19:00:00,18310.39861895536,18462.365583019597,18051.0279701863
forecast_2468,2025-04-13 20:00:00,18716.761732308732,18458.278875542648,18623.890824584956
forecast_2469,2025-04-13 21:00:00,18118.179624716904,18436.628683383555,18405.983885939433
forecast_2470,2025-04-13 22:00:00,17768.355962011978,18587.534250941193,18856.998187414025
forecast_2471,2025-04-13 23:00:00,17286.50099481482,18369.5550844533,18751.19081936329
forecast_2472,2025-04-14 00:00:00,16529.64194697423,17546.356599068546,18364.20992912514
forecast_2473,2025-04-14 01:00:00,15048.98521723519,16717.235687614273,16910.35908282538
forecast_2474,2025-04-14 02:00:00,13970.75535204786,16121.128904901838,15919.411768546472
forecast_2475,2025-04-14 03:00:00,13099.528668275741,14439.417430344723,13396.099135036735
forecast_2476,2025-04-14 04:00:00,12944.224852512572,13138.543447285187,12024.845053320509
forecast_2477,2025-04-14 05:00:00,11475.934556593047,11487.074661927329,9735.061427003153
forecast_2478,2025-04-14 06:00:00,8640.050572096212,8285.996014860793,6969.21878851404
forecast_2479,2025-04-14 07:00:00,7290.4663348324875,6645.578812935468,5610.563621771289
forecast_2480,2025-04-14 08:00:00,6629.494109503079,5349.633378837923,5102.418397352312
forecast_2481,2025-04-14 09:00:00,5729.568381971573,3839.3576933180025,4904.877659010645
forecast_2482,2025-04-14 10:00:00,4912.648960801363,3342.1063412628346,3736.666111550757
forecast_2483,2025-04-14 11:00:00,4936.821112302902,3624.6411191571447,3726.365226394992
forecast_2484,2025-04-14 12:00:00,4546.081181957933,2839.381713020775,3167.7627569840706
forecast_2485,2025-04-14 13:00:00,4378.244976109336,4212.618097195945,3572.8674039185603
forecast_2486,2025-04-14 14:00:00,4431.894982248341,2667.290179114268,3397.4098361895844
forecast_2487,2025-04-14 15:00:00,3561.312966567787,2478.3826814391105,2323.6479068002127
forecast_2488,2025-04-14 16:00:00,3343.1090980850945,2380.4415847683294,3066.5900924613507
forecast_2489,2025-04-14 17:00:00,3515.770181762672,2238.929383189641,3696.0096602706394
forecast_2490,2025-04-14 18:00:00,3722.3080448466458,2844.467618753257,3865.3292369028945
forecast_2491,2025-04-14 19:00:00,4339.1597079102185,3973.7068101535083,3855.6645439873255
forecast_2492,2025-04-14 20:00:00,4612.867060117351,4417.701651778579,4368.053354025535
forecast_2493,2025-04-14 21:00:00,5408.64806506539,4273.161510608485,4164.626175433469
forecast_2494,2025-04-14 22:00:00,6471.207495468041,5890.033919826693,4845.046409283231
forecast_2495,2025-04-14 23:00:00,7364.881788556769,6874.908205911705,6033.87200558382
forecast_2496,2025-04-15 00:00:00,7992.866996608543,6851.440650786101,6584.066406118884
forecast_2497,2025-04-15 01:00:00,7910.214670517173,7806.701754002602,7361.217818308962
forecast_2498,2025-04-15 02:00:00,8159.2385907998,8493.677208969599,6658.557518659047
forecast_2499,2025-04-15 03:00:00,7465.222205100339,7008.460840825529,5884.001505868853
forecast_2500,2025-04-15 04:00:00,7361.4484501974075,6186.552697793632,5959.404095339884
forecast_2501,2025-04-15 05:00:00,6410.629427980086,4948.800930380064,5468.573470761765
forecast_2502,2025-04-15 06:00:00,6133.200038121404,5810.804988672204,5167.655785742157
forecast_2503,2025-04-15 07:00:00,6902.658822837724,6775.633050857022,5621.861798982471
forecast_2504,2025-04-15 08:00:00,7111.97764437361,7282.6521301575285,5691.862591637837
forecast_2505,2025-04-15 09:00:00,6982.7200830884285,7119.270234148438,6473.709777249631
forecast_2506,2025-04-15 10:00:00,7236.951659313846,7759.072547079112,6683.278625275061
forecast_2507,2025-04-15 11:00:00,8295.01383335206,7644.39252216735,6697.636258119279
forecast_2508,2025-04-15 12:00:00,8553.3622426296,7626.286647172185,6289.361138061627
forecast_2509,2025-04-15 13:00:00,8972.847478833128,8177.719606869419,6334.110040841369
forecast_2510,2025-04-15 14:00:00,9415.233366966466,8999.877028128998,6167.05107149825
forecast_2511,2025-04-15 15:00:00,10625.820111851,9589.656697477834,7345.040588107199
forecast_2512,2025-04-15 16:00:00,11458.595978018759,10344.188486823154,8020.535391177897
forecast_2513,2025-04-15 17:00:00,12062.554548502227,10715.743410241452,8563.261993042403
forecast_2514,2025-04-15 18:00:00,12779.997121308215,11965.968105171505,10286.478739978145
forecast_2515,2025-04-15 19:00:00,13386.79877695606,13322.305416667383,11979.878463702182
forecast_2516,2025-04-15 20:00:00,14445.671968628412,14835.741497944175,14106.021924595561
forecast_2517,2025-04-15 21:00:00,14859.869371050807,15135.276553430518,15276.728485642712
forecast_2518,2025-04-15 22:00:00,15580.13179779752,15893.82055898086,16685.311328268206
forecast_2519,2025-04-15 23:00:00,16154.123426187143,16582.774129529524,17653.95164238551
forecast_2520,2025-04-16 00:00:00,16431.722671955224,16445.801090878864,18111.94408098155
forecast_2521,2025-04-16 01:00:00,17602.272666937875,18113.119572835843,17174.88190425522
forecast_2522,2025-04-16 02:00:00,17899.97510085741,17532.99439264861,17137.13759606848
forecast_2523,2025-04-16 03:00:00,18745.527339653196,18000.543774358983,17388.40555003
forecast_2524,2025-04-16 04:00:00,17628.65306958428,18496.520325755228,15825.369718451506
forecast_2525,2025-04-16 05:00:00,17756.329629559816,17461.115832987234,16425.752213284657
forecast_2526,2025-04-16 06:00:00,17602.8288338115,17471.627252109654,15664.308320448632
forecast_2527,2025-04-16 07:00:00,16479.7294753858,16452.27695883809,14140.861454405844
forecast_2528,2025-04-16 08:00:00,14683.44814599496,15592.079146369582,12057.395142031894
forecast_2529,2025-04-16 09:00:00,13508.076583191587,14457.181614423283,12345.36156941298
forecast_2530,2025-04-16 10:00:00,11440.848219550757,12879.733829114582,11566.789478304197
forecast_2531,2025-04-16 11:00:00,9910.930123916913,10771.611237199471,10784.282163209184
forecast_2532,2025-04-16 12:00:00,10756.40521644265,10797.902486495594,10740.709786868014
forecast_2533,2025-04-16 13:00:00,11906.242705630859,12679.91448905211,11666.275897579966
forecast_2534,2025-04-16 14:00:00,13733.990394091208,15165.841218624157,13436.853019762792
forecast_2535,2025-04-16 15:00:00,15441.160334872166,16864.327723395043,15035.664685486478
forecast_2536,2025-04-16 16:00:00,16550.078492016542,18147.55271970389,15833.090006757797
forecast_2537,2025-04-16 17:00:00,17018.65895582257,18674.409644478143,16143.73630941899
forecast_2538,2025-04-16 18:00:00,17288.32269549675,18991.561929726806,16742.79787752235
forecast_2539,2025-04-16 19:00:00,17572.6837881386,19159.071549821623,18126.063033988517
forecast_2540,2025-04-16 20:00:00,17698.73976750574,18704.495827947612,18588.105286634716
forecast_2541,2025-04-16 21:00:00,17950.554722842673,18749.575123713614,19103.013002232765
forecast_2542,2025-04-16 22:00:00,17930.305081655493,18597.760063544185,19019.715218959253
forecast_2543,2025-04-16 23:00:00,18069.57091229294,18924.23211334893,19488.347129918693
forecast_2544,2025-04-17 00:00:00,19322.716592606354,19382.229815087827,19947.081178826837
forecast_2545,2025-04-17 01:00:00,19986.42615963499,19553.608500728376,20073.75399404855
forecast_2546,2025-04-17 02:00:00,19885.803903086442,19205.072642751995,20157.076548370867
forecast_2547,2025-04-17 03:00:00,19491.984437664243,19102.630845048843,19905.651745639174
forecast_2548,2025-04-17 04:00:00,19474.99219247395,19014.566746077937,19704.023175919134
forecast_2549,2025-04-17 05:00:00,19796.865843141943,19168.816091973073,19733.35758539704
forecast_2550,2025-04-17 06:00:00,19334.891461409294,18405.97588184056,19145.445944004063
forecast_2551,2025-04-17 07:00:00,16966.00501481744,16893.535717724524,16406.925189423422
forecast_2552,2025-04-17 08:00:00,15589.869781736828,15603.858506037848,15003.730800638961
forecast_2553,2025-04-17 09:00:00,13124.828054628506,14721.668935793494,13764.622882150901
forecast_2554,2025-04-17 10:00:00,11888.76361573459,13559.479176083478,11615.690168033643
forecast_2555,2025-04-17 11:00:00,11890.911000298307,13564.75767946007,12064.329443218872
forecast_2556,2025-04-17 12:00:00,11518.51359770008,13565.172541040312,12199.193128024219
forecast_2557,2025-04-17 13:00:00,10695.547515474966,12518.816269833165,11846.901795669437
forecast_2558,2025-04-17 14:00:00,11503.266783926132,12582.98457350448,12532.762241790733
forecast_2559,2025-04-17 15:00:00,12691.60177294786,13408.606393252481,13943.870484436295
forecast_2560,2025-04-17 16:00:00,13048.992356886323,14019.025931078262,14305.395460295182
forecast_2561,2025-04-17 17:00:00,13659.756888646389,15039.11270158713,14881.917079219693
forecast_2562,2025-04-17 18:00:00,13849.897377856596,14969.128597389354,14454.255002538663
forecast_2563,2025-04-17 19:00:00,13428.955911606787,14577.072305127886,13118.47607703327
forecast_2564,2025-04-17 20:00:00,13394.732172910934,13571.811567301218,12923.97487488529
forecast_2565,2025-04-17 21:00:00,13201.308253016303,13698.809216947982,13440.758425253269
forecast_2566,2025-04-17 22:00:00,14449.905230083805,14329.942625571486,15177.28139387025
forecast_2567,2025-04-17 23:00:00,14901.419128297524,15537.485251270666,15495.91959562591
forecast_2568,2025-04-18 00:00:00,15702.1393762169,17380.22501972966,17237.646714893468
forecast_2569,2025-04-18 01:00:00,16190.914606795946,18254.111123433577,17336.441961489083
forecast_2570,2025-04-18 02:00:00,17129.095591076395,18148.36384366826,18672.989316066138
forecast_2571,2025-04-18 03:00:00,17810.720149520926,18737.92274993639,18760.99114559567
forecast_2572,2025-04-18 04:00:00,17642.725598230198,18092.873651325517,18505.30402829918
forecast_2573,2025-04-18 05:00:00,16995.618757495562,17847.684737605647,17845.278096905844
forecast_2574,2025-04-18 06:00:00,14498.256811933346,15624.37857255693,14940.490096309117
forecast_2575,2025-04-18 07:00:00,13430.65554947847,14151.222350745666,13941.32450183126
forecast_2576,2025-04-18 08:00:00,13946.789816849388,15207.685684928703,12932.215704625689
forecast_2577,2025-04-18 09:00:00,12864.665120304906,14692.9393930958,11212.529694815454
forecast_2578,2025-04-18 10:00:00,11299.078232442353,13155.280486428741,10558.34892629866
forecast_2579,2025-04-18 11:00:00,10608.283546083854,11847.5146488515,10162.693691481205
forecast_2580,2025-04-18 12:00:00,11590.68236088856,11587.489104771565,9902.175766493287
forecast_2581,2025-04-18 13:00:00,11299.552551994391,10570.761362284098,9764.542803958395
forecast_2582,2025-04-18 14:00:00,10599.675457867688,9898.045256114056,8938.495580508825
forecast_2583,2025-04-18 15:00:00,9868.239743713091,8879.258194863596,8392.844798340922
forecast_2584,2025-04-18 16:00:00,9280.471201754845,8345.707368865511,7889.495740394994
forecast_2585,2025-04-18 17:00:00,9277.256647288668,8974.356718596122,7200.341977860931
forecast_2586,2025-04-18 18:00:00,9815.377651386405,10397.569350700905,7978.527009827141
forecast_2587,2025-04-18 19:00:00,11369.581765326198,11277.291243173626,8869.56774765428
forecast_2588,2025-04-18 20:00:00,12169.446930520266,12859.628205604467,10380.841085197211
forecast_2589,2025-04-18 21:00:00,12303.90195231361,12977.884921107929,10804.863023835675
forecast_2590,2025-04-18 22:00:00,11861.576185077518,12826.759453515979,10237.125706435938
forecast_2591,2025-04-18 23:00:00,12430.635480637575,14348.969441215677,11803.415238132975
forecast_2592,2025-04-19 00:00:00,13765.686620745,14732.070041763563,13223.93056508382
forecast_2593,2025-04-19 01:00:00,14438.668122913128,15341.088249794351,12681.123488129988
forecast_2594,2025-04-19 02:00:00,14161.401492720737,15748.408131253243,13193.27625051605
forecast_2595,2025-04-19 03:00:00,15876.852949561808,16469.049962080615,15461.715975869192
forecast_2596,2025-04-19 04:00:00,16407.778036630905,16483.734322785378,16190.997350526057
forecast_2597,2025-04-19 05:00:00,15699.520778819557,15368.73956879906,15640.210283325536
forecast_2598,2025-04-19 06:00:00,14884.214106686173,15038.105636267044,15057.357024347111
forecast_2599,2025-04-19 07:00:00,13790.968855459687,15261.315052078471,14137.371679958478
forecast_2600,2025-04-19 08:00:00,13053.950604108162,15739.093986797709,13736.389702027918
forecast_2601,2025-04-19 09:00:00,12972.849244423931,15269.878715339108,13931.13863880169
forecast_2602,2025-04-19 10:00:00,12994.988683841151,15549.519325773845,13713.197736675778
forecast_2603,2025-04-19 11:00:00,14149.64091099987,16322.016514543844,14377.85409939574
forecast_2604,2025-04-19 12:00:00,14721.885920035364,16338.800189471227,14923.902017564751
forecast_2605,2025-04-19 13:00:00,15793.257556044813,17520.06703444774,15615.362998328386
forecast_2606,2025-04-19 14:00:00,16492.94622671616,17970.772828965877,16174.824574452716
forecast_2607,2025-04-19 15:00:00,16678.581867128778,18186.764087684216,16296.742071012384
forecast_2608,2025-04-19 16:00:00,17377.715679087687,18296.486551761438,16461.2216504066
forecast_2609,2025-04-19 17:00:00,17808.113222234424,18235.995635896874,17474.384816164973
forecast_2610,2025-04-19 18:00:00,17648.634088409155,18996.481636537603,17035.535669099907
forecast_2611,2025-04-19 19:00:00,17357.001954002786,18872.11471296493,17357.313800949156
forecast_2612,2025-04-19 20:00:00,16181.672549862087,17686.219503058142,16681.031995170357
forecast_2613,2025-04-19 21:00:00,16284.065117524133,17656.894429952124,17842.626375036743
forecast_2614,2025-04-19 22:00:00,15899.41160033975,15531.162839124043,17805.69905586123
forecast_2615,2025-04-19 23:00:00,12560.456377413568,12597.37801346752,14310.07788222313
forecast_2616,2025-04-20 00:00:00,11010.95198337707,11407.335791423775,12418.790477811126
forecast_2617,2025-04-20 01:00:00,10671.695136257185,11463.999874688718,10885.816637847916
forecast_2618,2025-04-20 02:00:00,9473.86666625938,9933.869851525938,7749.286615607982
forecast_2619,2025-04-20 03:00:00,6019.402275118534,6026.391855346321,4306.780529036368
forecast_2620,2025-04-20 04:00:00,5341.170119912133,4387.18294191516,4363.080447167521
forecast_2621,2025-04-20 05:00:00,4437.67209983427,3627.4492498657582,3503.1792772792137
forecast_2622,2025-04-20 06:00:00,3697.855265746783,2469.73546584008,3068.6557171131535
forecast_2623,2025-04-20 07:00:00,3237.0386868902597,2692.539951125223,2777.516885608615
forecast_2624,2025-04-20 08:00:00,2573.37319737059,1929.015276669626,2086.7959467751775
forecast_2625,2025-04-20 09:00:00,2178.815840736956,1595.4364838483825,1838.7713374422135
forecast_2626,2025-04-20 10:00:00,2172.3307994978873,1558.2834298375437,1933.9337876540808
forecast_2627,2025-04-20 11:00:00,2157.820257480169,1463.6501931622956,1905.0833126478797
forecast_2628,2025-04-20 12:00:00,1973.3680704884368,1346.7852741601232,2104.8096276615775
forecast_2629,2025-04-20 13:00:00,2395.4492271560384,1519.5767325123495,2219.8163768577742
forecast_2630,2025-04-20 14:00:00,2637.023879484792,1666.7948553080387,2248.9087174904143
forecast_2631,2025-04-20 15:00:00,2559.467277444982,1375.4043841288492,2272.082044935399
forecast_2632,2025-04-20 16:00:00,2279.3904854515813,1434.3745328911202,2196.265521708523
forecast_2633,2025-04-20 17:00:00,2283.4430977219963,1500.0481682113932,2345.760021359353
forecast_2634,2025-04-20 18:00:00,2429.962366374072,1713.8079423256913,2282.5956597680006
forecast_2635,2025-04-20 19:00:00,2843.963925560519,1801.772679076324,2303.6497796862636
forecast_2636,2025-04-20 20:00:00,2851.032241065513,1783.5274204880543,2489.144137909453
forecast_2637,2025-04-20 21:00:00,3092.7050016426388,2118.250573081806,2554.96154241854
forecast_2638,2025-04-20 22:00:00,3228.4865628666776,2220.3081423415388,2639.9755550627583
forecast_2639,2025-04-20 23:00:00,3205.0108098425735,2296.4718717541127,2759.1495317842737
forecast_2640,2025-04-21 00:00:00,3185.1206025346164,2337.7984497414445,2715.4870583590355
forecast_2641,2025-04-21 01:00:00,3008.4522653095114,2315.303985555024,2531.0833677625124
forecast_2642,2025-04-21 02:00:00,3076.4818655839126,1943.0318109302311,2282.9552382291427
forecast_2643,2025-04-21 03:00:00,3012.0596085830275,1974.1012316144158,2361.5192618151227
forecast_2644,2025-04-21 04:00:00,3117.657359170009,2200.6039936748784,2499.6144969111992
forecast_2645,2025-04-21 05:00:00,3241.571419284571,2610.5048316651632,2594.21979491816
forecast_2646,2025-04-21 06:00:00,3731.2393893276767,2937.761864438281,2868.979827147128
forecast_2647,2025-04-21 07:00:00,4030.0045846015105,3453.630780570062,2771.2266732194107
forecast_2648,2025-04-21 08:00:00,4236.508483038171,3576.723209315321,3044.148530581905
forecast_2649,2025-04-21 09:00:00,4534.823387809931,3375.469352148626,3327.4258928245013
forecast_2650,2025-04-21 10:00:00,4885.022138262941,3923.8048456996826,3568.6675582395483
forecast_2651,2025-04-21 11:00:00,4850.268521964626,4094.3894292343743,3728.492973707459
forecast_2652,2025-04-21 12:00:00,4874.61855182619,4022.0336145531496,3838.2844362640517
forecast_2653,2025-04-21 13:00:00,5109.315470936424,5018.802757897688,4341.356543988359
forecast_2654,2025-04-21 14:00:00,4573.2653408156875,5309.642659953235,4214.1215281999785
forecast_2655,2025-04-21 15:00:00,4412.964466807564,4392.778224475812,4011.602942750881
forecast_2656,2025-04-21 16:00:00,4714.945378479001,3408.009241724586,3733.796286118593
forecast_2657,2025-04-21 17:00:00,4777.011451071354,3888.118705154131,3384.1187576584334
forecast_2658,2025-04-21 18:00:00,4726.09777643764,3924.759697736787,3332.7375191953142
forecast_2659,2025-04-21 19:00:00,5438.029832605976,5195.095374727967,3968.1898968990554
forecast_2660,2025-04-21 20:00:00,6212.08867835253,7744.561138951647,4531.665106164096
forecast_2661,2025-04-21 21:00:00,7213.928419787255,8253.06575646755,5194.977712361428
forecast_2662,2025-04-21 22:00:00,7131.422117794285,8549.737364126919,5616.006771777498
forecast_2663,2025-04-21 23:00:00,8128.8602138960005,9436.985208223103,6173.613534084454
forecast_2664,2025-04-22 00:00:00,8071.9085504663635,9587.684240211,6392.763820165881
forecast_2665,2025-04-22 01:00:00,8710.04425514265,10541.609799002405,6433.15815148447
forecast_2666,2025-04-22 02:00:00,9400.043542080444,10632.912943824384,6522.199769319913
forecast_2667,2025-04-22 03:00:00,8959.141886891153,8430.920915683777,6404.181238658501
forecast_2668,2025-04-22 04:00:00,8562.106870156953,9104.892465430821,6218.0374875458565
forecast_2669,2025-04-22 05:00:00,7541.708577159157,8232.876870214468,5554.859819603094
forecast_2670,2025-04-22 06:00:00,6646.2299838770305,6487.774547837377,5009.956776400151
forecast_2671,2025-04-22 07:00:00,6534.480841821907,7151.049729215029,4716.545986048309
forecast_2672,2025-04-22 08:00:00,6985.123794751773,7677.642711629883,4973.984608060491
forecast_2673,2025-04-22 09:00:00,7473.014832744386,9205.030160814811,5772.644487416657
forecast_2674,2025-04-22 10:00:00,8518.005166616014,9866.98575866501,6973.602378686029
forecast_2675,2025-04-22 11:00:00,10675.91225701632,14107.38553699353,9739.309975173106
forecast_2676,2025-04-22 12:00:00,11838.179808319283,14326.787255058156,11272.536182331814
forecast_2677,2025-04-22 13:00:00,11060.938417558322,13094.026098582766,10592.88995503994
forecast_2678,2025-04-22 14:00:00,8682.739315921948,10448.613097420828,7509.371486337875
forecast_2679,2025-04-22 15:00:00,7250.05331621551,7624.99742359742,6311.501025920256
forecast_2680,2025-04-22 16:00:00,6566.96132102796,5969.370327585146,5197.445366096222
forecast_2681,2025-04-22 17:00:00,5506.050560810859,5517.843733915611,4410.261209928288
forecast_2682,2025-04-22 18:00:00,4751.1280986724105,4781.860787615726,3900.881663026639
forecast_2683,2025-04-22 19:00:00,5492.667342501738,5858.263154696849,4806.512038174134
forecast_2684,2025-04-22 20:00:00,6520.8866393806975,6056.228032221184,5393.809177776121
forecast_2685,2025-04-22 21:00:00,5766.202920416243,6781.39773365956,5052.910193739862
forecast_2686,2025-04-22 22:00:00,5842.811241144203,6923.050324624697,4488.924252336562
forecast_2687,2025-04-22 23:00:00,5951.53398164284,6903.084217509662,4412.097221481216
forecast_2688,2025-04-23 00:00:00,5977.434778178192,6601.534585688778,4274.798674054948
forecast_2689,2025-04-23 01:00:00,7029.698179478087,7917.41069057717,4732.690024748836
forecast_2690,2025-04-23 02:00:00,6713.578141957666,7517.537391426693,4489.534617133294
forecast_2691,2025-04-23 03:00:00,6653.267126638818,7456.02381408335,4748.671542795991
forecast_2692,2025-04-23 04:00:00,6677.145666228171,7747.185062287068,4796.4269397306925
forecast_2693,2025-04-23 05:00:00,6041.50193423039,6609.371780217614,4346.171036728334
forecast_2694,2025-04-23 06:00:00,5153.793397203057,6155.906171591616,3813.3118439128443
forecast_2695,2025-04-23 07:00:00,5296.30733835214,5419.9516825924175,3769.3337759723236
forecast_2696,2025-04-23 08:00:00,4625.637182076824,4340.598809891957,3327.390523417011
forecast_2697,2025-04-23 09:00:00,3955.7779233123565,3615.870059839479,2968.1182401110987
forecast_2698,2025-04-23 10:00:00,3253.3474413722583,2585.957663690012,2520.0549754250687
forecast_2699,2025-04-23 11:00:00,2839.32733990633,1960.2723754968358,2303.495270470142
forecast_2700,2025-04-23 12:00:00,2508.606040594614,1890.693867776485,2143.302594051807
forecast_2701,2025-04-23 13:00:00,2602.032906852168,1694.7293350849034,2127.0281518753964
forecast_2702,2025-04-23 14:00:00,2830.874769924533,1894.6145060381464,2213.047626038702
forecast_2703,2025-04-23 15:00:00,2911.648972990697,2237.7196138018357,2265.1834733376622
forecast_2704,2025-04-23 16:00:00,3071.541474310913,2730.7741719291816,2362.798345650445
forecast_2705,2025-04-23 17:00:00,4355.868137991644,4688.48386684067,3227.935224395034
forecast_2706,2025-04-23 18:00:00,5171.357444612608,5918.053676637315,3626.5555333920656
forecast_2707,2025-04-23 19:00:00,5232.095045822947,5714.567722672411,3968.0905709711124
forecast_2708,2025-04-23 20:00:00,5979.344028739818,6770.344680872737,4719.738871560014
forecast_2709,2025-04-23 21:00:00,6111.280272873905,6559.2461650544665,5028.598954536104
forecast_2710,2025-04-23 22:00:00,8621.58850629922,10237.296728434852,6798.918441706588
forecast_2711,2025-04-23 23:00:00,11130.561963159858,12873.476191816222,9061.255190255728
forecast_2712,2025-04-24 00:00:00,14057.296558852715,16977.97757127303,12383.081557392023
forecast_2713,2025-04-24 01:00:00,15501.479699053772,17058.192458760066,14178.14543041163
forecast_2714,2025-04-24 02:00:00,17009.64461418889,17319.686594660834,16440.855561225148
forecast_2715,2025-04-24 03:00:00,17233.222488685937,16971.349986161258,17101.7279251823
forecast_2716,2025-04-24 04:00:00,17573.535649742742,17094.986113447365,17766.311516109396
forecast_2717,2025-04-24 05:00:00,17435.245790424164,16740.220880895693,17260.44503196049
forecast_2718,2025-04-24 06:00:00,17094.043857228753,16808.408925064305,16150.026229610176
forecast_2719,2025-04-24 07:00:00,15985.053001926693,16126.28100420317,14247.927256869445
forecast_2720,2025-04-24 08:00:00,14217.037262047677,15011.519551920761,12044.631378768758
forecast_2721,2025-04-24 09:00:00,11797.915627060549,13447.736008038977,10247.056868652044
forecast_2722,2025-04-24 10:00:00,9881.471558594101,10777.828340585369,10080.02722257421
forecast_2723,2025-04-24 11:00:00,10300.937357066685,11570.75205242411,11089.476953516814
forecast_2724,2025-04-24 12:00:00,10827.928242190545,12389.339673010854,12277.989742803169
forecast_2725,2025-04-24 13:00:00,12287.744424453274,13178.252761469543,13157.782378349191
forecast_2726,2025-04-24 14:00:00,14355.835682741226,15231.927867360611,13048.1409100099
forecast_2727,2025-04-24 15:00:00,15515.570423575322,17379.587398389333,13447.686353641415
forecast_2728,2025-04-24 16:00:00,15936.625551569836,17611.963940141955,13649.734833345701
forecast_2729,2025-04-24 17:00:00,15908.584832652568,17914.57775382562,13359.094704620376
forecast_2730,2025-04-24 18:00:00,16215.678600593455,17826.35301068735,13696.76782924684
forecast_2731,2025-04-24 19:00:00,16546.611091896477,18396.08970999842,14145.326563418712
forecast_2732,2025-04-24 20:00:00,16523.040250527498,18029.42038376424,14167.162243746501
forecast_2733,2025-04-24 21:00:00,16683.403088204104,17781.544723914005,14743.837674293482
forecast_2734,2025-04-24 22:00:00,16140.47200836205,16724.07510434005,14881.88481282117
forecast_2735,2025-04-24 23:00:00,15695.127540500882,16101.718536142555,14725.40204317835
forecast_2736,2025-04-25 00:00:00,15413.246200169026,15878.733523178686,14978.498547647923
forecast_2737,2025-04-25 01:00:00,15016.02314080453,15727.590670009393,15060.205711482065
forecast_2738,2025-04-25 02:00:00,14750.85816512267,14637.942117106963,14444.451939482118
forecast_2739,2025-04-25 03:00:00,14748.12316558875,14808.588120277698,14243.97245767877
forecast_2740,2025-04-25 04:00:00,14649.211571205484,14587.005968712594,14244.42311143614
forecast_2741,2025-04-25 05:00:00,14685.912166429389,15288.505884135235,15024.452174488886
forecast_2742,2025-04-25 06:00:00,14413.727536487386,15767.039465697879,15047.901505470272
forecast_2743,2025-04-25 07:00:00,13830.581345557483,14722.203866194068,13978.515601941759
forecast_2744,2025-04-25 08:00:00,13172.662254811348,13929.054254905259,11973.715146995535
forecast_2745,2025-04-25 09:00:00,12707.919648368337,13454.780801630393,10371.23434692235
forecast_2746,2025-04-25 10:00:00,12810.320093067041,13143.920644426273,9986.434741324676
forecast_2747,2025-04-25 11:00:00,13048.306039088808,12906.367155552758,9923.72782566984
forecast_2748,2025-04-25 12:00:00,13067.513147237227,12159.555624020782,9579.857537510537
forecast_2749,2025-04-25 13:00:00,12871.27712030851,12271.292520365043,9665.412621515243
forecast_2750,2025-04-25 14:00:00,12527.575751062905,11913.954290724087,9959.17078498368
forecast_2751,2025-04-25 15:00:00,12028.195949773573,11891.303323376227,9379.221681629078
forecast_2752,2025-04-25 16:00:00,11695.329598774493,11396.437453753697,8637.33385044401
forecast_2753,2025-04-25 17:00:00,11628.868170289883,11734.886936953735,8216.757320785313
forecast_2754,2025-04-25 18:00:00,12113.246913702336,11707.380997419383,9045.417931720694
forecast_2755,2025-04-25 19:00:00,13051.767218825791,12283.053585584668,11033.13039799586
forecast_2756,2025-04-25 20:00:00,13463.414623401066,12820.426354052292,12268.175290517844
forecast_2757,2025-04-25 21:00:00,14394.06771082817,13895.808362038355,12990.849202578462
forecast_2758,2025-04-25 22:00:00,14365.253774079803,13046.822872996629,13410.21823957033
forecast_2759,2025-04-25 23:00:00,13255.882005557974,11787.123893826469,12170.048765052186
forecast_2760,2025-04-26 00:00:00,12442.731959507513,11028.736595639984,11787.774630612063
forecast_2761,2025-04-26 01:00:00,11998.738471326491,12552.48524146219,9707.233095804648
forecast_2762,2025-04-26 02:00:00,13120.276848355163,13348.046838091956,10897.35689230977
forecast_2763,2025-04-26 03:00:00,14130.629623390076,14752.138500156625,11114.097617191537
forecast_2764,2025-04-26 04:00:00,15599.213431444961,15619.31663078718,12777.7233545393
forecast_2765,2025-04-26 05:00:00,16251.588334633641,16301.809908374038,14063.000991018856
forecast_2766,2025-04-26 06:00:00,15045.733517807152,15535.295299824422,13741.794444956937
forecast_2767,2025-04-26 07:00:00,14403.428317289552,15286.000531201336,14037.753095014086
forecast_2768,2025-04-26 08:00:00,14294.067700277337,15130.137542051105,14640.316653487072
forecast_2769,2025-04-26 09:00:00,11722.258821738844,12699.545372373374,12679.97388405904
forecast_2770,2025-04-26 10:00:00,11036.006799129547,12191.916840234015,11311.53732986421
forecast_2771,2025-04-26 11:00:00,11388.599912303558,13158.515569677094,11036.056136503517
forecast_2772,2025-04-26 12:00:00,12521.607004758893,13849.148829707143,11636.842850312856
forecast_2773,2025-04-26 13:00:00,13311.116798890162,14248.728364917086,12353.41624295878
forecast_2774,2025-04-26 14:00:00,13881.670895737283,14924.960130365935,12762.54607137984
forecast_2775,2025-04-26 15:00:00,14994.000714327212,16204.433781385833,13718.806638291224
forecast_2776,2025-04-26 16:00:00,15139.336511406695,16516.444246647843,13759.87864607304
forecast_2777,2025-04-26 17:00:00,15460.282074689203,17194.52143424262,14307.391921082342
forecast_2778,2025-04-26 18:00:00,16160.072420957371,18163.112805327186,15638.563337111469
forecast_2779,2025-04-26 19:00:00,17212.658784299074,18775.259532796605,18059.839409070846
forecast_2780,2025-04-26 20:00:00,17914.27836470952,19025.251783026644,19156.660560350792
forecast_2781,2025-04-26 21:00:00,18381.36537704095,19372.315351078585,19694.26732085234
forecast_2782,2025-04-26 22:00:00,19177.805941996543,19476.75156878593,19946.82531263065
forecast_2783,2025-04-26 23:00:00,19320.084899024787,19305.528311166505,20107.07970338657
forecast_2784,2025-04-27 00:00:00,19334.581476381907,19494.761687426537,20111.124900100225
forecast_2785,2025-04-27 01:00:00,19142.12414124301,19479.68357520139,19759.170683193974
forecast_2786,2025-04-27 02:00:00,19316.863182205227,19422.374318851445,19787.837164983946
forecast_2787,2025-04-27 03:00:00,18827.49626740483,19220.352746711145,19684.276272703642
forecast_2788,2025-04-27 04:00:00,19202.75236907737,19374.771755124537,19351.838321155745
forecast_2789,2025-04-27 05:00:00,19007.23310926203,18979.542209546387,19098.58925164536
forecast_2790,2025-04-27 06:00:00,19298.68099645545,19016.002991807607,19220.257479592463
forecast_2791,2025-04-27 07:00:00,18485.243906033582,18789.795790687152,18277.294513735855
forecast_2792,2025-04-27 08:00:00,18272.339385287145,18722.982303594785,18001.217933787648
forecast_2793,2025-04-27 09:00:00,15820.966102956076,17338.192871231426,16457.93035206235
forecast_2794,2025-04-27 10:00:00,14940.328216660222,17167.61463100701,14767.126659118381
forecast_2795,2025-04-27 11:00:00,15436.84415205321,16880.75821449204,14305.977801508325
forecast_2796,2025-04-27 12:00:00,15906.455783366513,16819.568082323254,14436.367361007986
forecast_2797,2025-04-27 13:00:00,16292.723035274383,17797.82872034112,15430.546048232529
forecast_2798,2025-04-27 14:00:00,16042.164739218944,17228.544172704886,14766.330006557064
forecast_2799,2025-04-27 15:00:00,15536.21077024144,16412.599103982866,13344.945570496606
forecast_2800,2025-04-27 16:00:00,15500.057826709452,16042.701514928242,13193.388100719872
forecast_2801,2025-04-27 17:00:00,15329.253296364888,15935.72402034859,13312.513002062795
forecast_2802,2025-04-27 18:00:00,15055.469431511283,15275.030441362971,14061.131854819285
forecast_2803,2025-04-27 19:00:00,14959.901232908624,15257.375527614116,14398.01822485395
forecast_2804,2025-04-27 20:00:00,15447.707652933219,15624.889836869166,15272.986158906751
forecast_2805,2025-04-27 21:00:00,14892.783434949079,15401.696476047871,13873.369595482283
forecast_2806,2025-04-27 22:00:00,14582.094685839096,14778.68578729678,13421.655393998015
forecast_2807,2025-04-27 23:00:00,15218.460692598874,15424.979235850256,14243.855742568287
forecast_2808,2025-04-28 00:00:00,14946.410376534865,14631.461289363133,14198.53645386926
forecast_2809,2025-04-28 01:00:00,15313.034485944383,16529.007773167177,15320.942912878418
forecast_2810,2025-04-28 02:00:00,15290.250144361784,14380.864534978375,14844.93248011809
forecast_2811,2025-04-28 03:00:00,14905.981114640806,14601.804997605026,13695.776539551574
forecast_2812,2025-04-28 04:00:00,14085.655794002629,14485.971869979268,11871.515918923062
forecast_2813,2025-04-28 05:00:00,11983.056092913654,11829.415747746509,10531.391159612875
forecast_2814,2025-04-28 06:00:00,10390.143306559237,10000.18524390252,8516.310336126233
forecast_2815,2025-04-28 07:00:00,9871.262006907842,9533.003766781403,7520.531846983764
forecast_2816,2025-04-28 08:00:00,8855.659896332356,8455.988939239196,6545.797970529242
forecast_2817,2025-04-28 09:00:00,6950.253327206863,6067.976441860704,5540.122364258513
forecast_2818,2025-04-28 10:00:00,7216.1275826647125,6377.924112444989,6089.6353756777535
forecast_2819,2025-04-28 11:00:00,8108.352271525337,7729.708987035069,7519.370841868636
forecast_2820,2025-04-28 12:00:00,9914.394073334657,9998.169641166252,8896.28458703933
forecast_2821,2025-04-28 13:00:00,11311.193729755103,10496.215816681204,8729.512178966157
forecast_2822,2025-04-28 14:00:00,12442.851558334834,11290.694869700485,8581.06618494497
forecast_2823,2025-04-28 15:00:00,11459.217177056998,9983.672842044234,7339.528724036015
forecast_2824,2025-04-28 16:00:00,9011.805233551397,7816.500769384747,5063.47345361039
forecast_2825,2025-04-28 17:00:00,7670.787051584692,5827.046723924353,4100.624369787291
forecast_2826,2025-04-28 18:00:00,5808.327059685315,4259.532207124486,4235.208366832441
forecast_2827,2025-04-28 19:00:00,5772.172747132523,4801.131484304859,3545.3777342127414
forecast_2828,2025-04-28 20:00:00,6072.987564724929,4916.470767166735,4147.620375748922
forecast_2829,2025-04-28 21:00:00,6179.917674900531,5425.980957049293,4268.603580302085
forecast_2830,2025-04-28 22:00:00,6488.153470220086,5991.175314053301,4946.421511402765
forecast_2831,2025-04-28 23:00:00,5711.431915515432,5807.019618217398,4520.592656621619
forecast_2832,2025-04-29 00:00:00,5246.328735188537,5015.0476829749205,4148.2735765405
forecast_2833,2025-04-29 01:00:00,4329.154501254457,4118.55137108874,2922.9394917280006
forecast_2834,2025-04-29 02:00:00,4115.009873150199,3784.396953910736,2951.681714222933
forecast_2835,2025-04-29 03:00:00,4332.529301269102,3672.6266106241646,3111.94816259396
forecast_2836,2025-04-29 04:00:00,4880.755715151794,3661.604056341187,3335.3152229380066
forecast_2837,2025-04-29 05:00:00,5113.377920504421,4281.358557097803,3802.381540510702
forecast_2838,2025-04-29 06:00:00,5854.657219126139,5162.839053270756,4349.140153534563
forecast_2839,2025-04-29 07:00:00,6714.508532436753,7784.283357645252,5647.974200435371
forecast_2840,2025-04-29 08:00:00,6913.970588331109,8487.528320880185,6377.911821545018
forecast_2841,2025-04-29 09:00:00,6592.928565625859,6745.148462436189,5879.366096876191
forecast_2842,2025-04-29 10:00:00,6367.606559595271,6182.805651842955,5188.974626975891
forecast_2843,2025-04-29 11:00:00,6895.23194085107,6471.0455491703615,5213.706026527376
forecast_2844,2025-04-29 12:00:00,7141.246898236914,7206.162560332021,5428.519658895212
forecast_2845,2025-04-29 13:00:00,7583.357874795753,7055.806015565668,5962.831674490879
forecast_2846,2025-04-29 14:00:00,7650.373904930999,6769.322937111825,5925.2096421546175
forecast_2847,2025-04-29 15:00:00,7674.351725643906,6726.02898593402,6382.1037072084655
forecast_2848,2025-04-29 16:00:00,8960.659366604237,7565.575873417904,7303.035221490847
forecast_2849,2025-04-29 17:00:00,9311.544140558579,7603.880435748281,7122.211984549267
forecast_2850,2025-04-29 18:00:00,9979.255692775432,8541.13013364312,7961.49874816957
forecast_2851,2025-04-29 19:00:00,11061.983597749833,10926.253153712345,9766.568159522782
forecast_2852,2025-04-29 20:00:00,14116.046302740688,14371.344772587508,13533.588146522561
forecast_2853,2025-04-29 21:00:00,17102.42260768093,16778.093810717,17476.72370444087
forecast_2854,2025-04-29 22:00:00,18245.886129656297,17498.75751674228,18993.599757456697
forecast_2855,2025-04-29 23:00:00,19052.571379586992,18368.43315049717,19429.05175680089
forecast_2856,2025-04-30 00:00:00,19293.195686586758,18599.225155687152,19754.17466716118
forecast_2857,2025-04-30 01:00:00,19711.874030638995,19507.91882513756,19557.4160718142
forecast_2858,2025-04-30 02:00:00,20560.566028472946,19800.33676804948,20074.041414371593
forecast_2859,2025-04-30 03:00:00,20643.568613619922,19475.176029673807,20032.805631647097
forecast_2860,2025-04-30 04:00:00,20370.092574102702,18941.649854726507,19907.66835573038
forecast_2861,2025-04-30 05:00:00,20181.70689582859,19197.303649538182,19749.822696906955
forecast_2862,2025-04-30 06:00:00,19902.306779015507,18985.34053201724,19338.693213415245
forecast_2863,2025-04-30 07:00:00,18254.662622664484,18268.155915404004,18953.98120757059
forecast_2864,2025-04-30 08:00:00,17573.838297473118,17695.9445068996,18769.786509005127
forecast_2865,2025-04-30 09:00:00,15957.539298564023,17732.384111777996,17332.562961458585
forecast_2866,2025-04-30 10:00:00,14809.963374653566,16824.6862530604,16214.349447976809
forecast_2867,2025-04-30 11:00:00,13458.616329399225,15748.03215117462,14551.814290462866
forecast_2868,2025-04-30 12:00:00,12611.027679374252,13982.587015075447,12804.437337743766
forecast_2869,2025-04-30 13:00:00,12665.51670845844,14246.124174708482,12172.489572799599
forecast_2870,2025-04-30 14:00:00,12079.207668481815,12818.404821689295,11684.616823734987
forecast_2871,2025-04-30 15:00:00,11285.849431917453,12102.947908647295,10978.828962373831
forecast_2872,2025-04-30 16:00:00,10393.973577057543,10597.039579624927,9306.18939495807
forecast_2873,2025-04-30 17:00:00,9442.560025040182,9160.3821577684,7479.994846699106
forecast_2874,2025-04-30 18:00:00,8945.42715557193,8010.959540616115,6765.841366524906
forecast_2875,2025-04-30 19:00:00,8797.899219114213,8066.413309693988,6953.894657703966
forecast_2876,2025-04-30 20:00:00,9351.935644900514,9396.899420709637,7979.916222570751
forecast_2877,2025-04-30 21:00:00,9720.832162237215,9630.279674284331,7749.780461751147
forecast_2878,2025-04-30 22:00:00,10905.11903489989,11549.944908229845,9100.256934212865
forecast_2879,2025-04-30 23:00:00,12963.241361775494,13770.005429400366,12393.838089483568
forecast_2880,2025-05-01 00:00:00,14742.78730361986,15291.190470613006,14355.808236120563
forecast_2881,2025-05-01 01:00:00,16781.835153191478,16259.154988892678,16599.006001088783
forecast_2882,2025-05-01 02:00:00,17460.801565906375,16519.939045888626,18351.34952286577
forecast_2883,2025-05-01 03:00:00,17768.582651452787,16741.396597725725,18743.82245573947
forecast_2884,2025-05-01 04:00:00,18392.83359132959,17756.1967082498,19330.270571666493
forecast_2885,2025-05-01 05:00:00,18722.782435567715,18197.772075425055,19713.871187113793
forecast_2886,2025-05-01 06:00:00,18982.239974765682,18718.180648077192,19762.298693016586
forecast_2887,2025-05-01 07:00:00,18939.514275069432,19237.72143026881,19772.350695318637
forecast_2888,2025-05-01 08:00:00,18669.82102063684,19102.89953657835,19621.737473213056
forecast_2889,2025-05-01 09:00:00,18041.73517237687,18193.74239459429,19215.109996490257
forecast_2890,2025-05-01 10:00:00,17388.10912232872,17489.397832910265,17740.82471413068
forecast_2891,2025-05-01 11:00:00,17177.263328069006,17477.728383300946,16921.72682658162
forecast_2892,2025-05-01 12:00:00,17143.986080675175,17180.53821893096,16180.119471506989
forecast_2893,2025-05-01 13:00:00,17432.00925086905,17428.58281788766,16749.3585116858
forecast_2894,2025-05-01 14:00:00,16265.592802261854,16623.80678850833,16758.960462627998
forecast_2895,2025-05-01 15:00:00,16717.934387545774,16889.94826741359,17313.718079048158
forecast_2896,2025-05-01 16:00:00,15845.00893187279,16474.8739153,15363.649578098877
forecast_2897,2025-05-01 17:00:00,14679.422891005892,16439.835044567284,14329.044169058452
forecast_2898,2025-05-01 18:00:00,12657.216052294603,15174.62594445705,12142.02137346233
forecast_2899,2025-05-01 19:00:00,12513.958785773772,13895.043694668231,13636.17154520471
forecast_2900,2025-05-01 20:00:00,13778.811421440001,16370.380212457527,14890.922153578455
forecast_2901,2025-05-01 21:00:00,11751.861958234425,14332.364256426146,10992.841768229413
forecast_2902,2025-05-01 22:00:00,13262.82179596143,16092.168876795473,13135.616465785233
forecast_2903,2025-05-01 23:00:00,14740.138716648371,16345.219382177336,15395.649593625572
forecast_2904,2025-05-02 00:00:00,16780.061989624803,17576.762524056023,16731.456454502437
forecast_2905,2025-05-02 01:00:00,17040.084210142824,18278.540676260956,16404.773787134905
forecast_2906,2025-05-02 02:00:00,17296.894824331404,18479.407408389277,17160.840011054854
forecast_2907,2025-05-02 03:00:00,16463.866682078315,17569.354657647877,16129.575031248025
forecast_2908,2025-05-02 04:00:00,16357.865494971938,17233.42161368891,16538.29499254622
forecast_2909,2025-05-02 05:00:00,16717.82397424652,17204.238869661483,16558.292891077017
forecast_2910,2025-05-02 06:00:00,16059.415962600291,17361.961044819793,16053.212266925064
forecast_2911,2025-05-02 07:00:00,15673.19219715591,17108.91705432137,15194.78179923021
forecast_2912,2025-05-02 08:00:00,14784.41982790233,15668.353617322171,13534.304387342067
forecast_2913,2025-05-02 09:00:00,14345.636401586049,15151.777255970504,12206.80938412481
forecast_2914,2025-05-02 10:00:00,13811.572328072896,14458.294198871808,11444.178682603502
forecast_2915,2025-05-02 11:00:00,12696.80676958795,12949.533752873782,10033.857417248855
forecast_2916,2025-05-02 12:00:00,12045.592122019327,11776.999220138347,9770.364470769327
forecast_2917,2025-05-02 13:00:00,11452.012732765217,10901.811107769801,9159.078825592816
forecast_2918,2025-05-02 14:00:00,10921.10174857885,9647.573272640488,8748.625393352606
forecast_2919,2025-05-02 15:00:00,10405.025578852099,9054.895840407502,7941.79097627274
forecast_2920,2025-05-02 16:00:00,9370.163560644129,7915.426286467385,6554.158951544544
forecast_2921,2025-05-02 17:00:00,8425.208791510646,7204.903825828434,5441.856397360526
forecast_2922,2025-05-02 18:00:00,9358.241318190228,8640.081147631441,7157.559807991057
forecast_2923,2025-05-02 19:00:00,10022.60549404913,9540.09038620834,8104.995678444175
forecast_2924,2025-05-02 20:00:00,10833.867854447377,10539.457482070053,9239.782631143122
forecast_2925,2025-05-02 21:00:00,11515.187445753658,11815.839012290926,10511.742554962006
forecast_2926,2025-05-02 22:00:00,12709.22798045881,11908.562620671797,11779.79911795252
forecast_2927,2025-05-02 23:00:00,13549.862156633304,14185.174811954555,13109.078874174214
forecast_2928,2025-05-03 00:00:00,12338.741859133976,12584.904000676659,12309.624382115117
forecast_2929,2025-05-03 01:00:00,13319.894607942442,14143.384436071932,12844.940378781386
forecast_2930,2025-05-03 02:00:00,12220.243845296962,12218.172596184158,11042.49081376423
forecast_2931,2025-05-03 03:00:00,11099.95497963416,10593.657615727825,9843.802831957486
forecast_2932,2025-05-03 04:00:00,9957.07696895362,9733.475810437867,7304.996968467709
forecast_2933,2025-05-03 05:00:00,8148.4225144471675,8513.0614198874,6766.812075291137
forecast_2934,2025-05-03 06:00:00,6536.580522942553,6868.787073754006,4623.905938907033
forecast_2935,2025-05-03 07:00:00,5518.454382006001,6404.364572458936,4552.2512646299765
forecast_2936,2025-05-03 08:00:00,6824.198860292652,6450.576203439766,5799.366606018853
forecast_2937,2025-05-03 09:00:00,7832.652458142927,7146.6435389121425,6518.474536055031
forecast_2938,2025-05-03 10:00:00,9099.563633312275,9748.923558930685,8214.227396008078
forecast_2939,2025-05-03 11:00:00,10992.015830083474,14080.852563040373,10181.495809930615
forecast_2940,2025-05-03 12:00:00,12066.648519997412,15437.796176925094,11470.908258635194
forecast_2941,2025-05-03 13:00:00,13333.62867464425,15322.749331822766,13165.30715256298
forecast_2942,2025-05-03 14:00:00,13018.077631031283,15311.202359699611,12390.482127680638
forecast_2943,2025-05-03 15:00:00,13042.194668806384,14184.471292311684,12738.973356075201
forecast_2944,2025-05-03 16:00:00,14008.938142946548,14848.508046953886,13652.673333904258
forecast_2945,2025-05-03 17:00:00,13768.233127330626,15188.41374158027,13581.837340085924
forecast_2946,2025-05-03 18:00:00,13538.388163138174,14207.559373364142,14377.30340526761
forecast_2947,2025-05-03 19:00:00,14527.169604211536,15838.107661771804,15020.484131514379
forecast_2948,2025-05-03 20:00:00,15423.882988738773,16477.813561613228,16659.666201795997
forecast_2949,2025-05-03 21:00:00,15354.72835710066,16208.440037082726,16523.785730969656
forecast_2950,2025-05-03 22:00:00,15478.258026249241,16403.032873713542,16137.214433673547
forecast_2951,2025-05-03 23:00:00,15754.814871988749,15838.630292366304,16291.911925295895
forecast_2952,2025-05-04 00:00:00,15582.018194001066,16120.625188195092,16860.37321053737
forecast_2953,2025-05-04 01:00:00,16029.532049831458,16648.147812674524,16637.36862162019
forecast_2954,2025-05-04 02:00:00,15709.748896993166,16222.728175520742,16136.030977029412
forecast_2955,2025-05-04 03:00:00,15509.078500652238,15465.840535210997,15498.120271354712
forecast_2956,2025-05-04 04:00:00,15827.504959474238,15852.426938183477,15899.075006867857
forecast_2957,2025-05-04 05:00:00,16237.534775124437,16307.643919691183,16105.436264717422
forecast_2958,2025-05-04 06:00:00,16636.45306300589,16483.00832150331,15995.572008429184
forecast_2959,2025-05-04 07:00:00,15965.98173119449,15931.532424979292,14663.544320812674
forecast_2960,2025-05-04 08:00:00,15280.971063613679,15606.745530564649,13557.695340728933
forecast_2961,2025-05-04 09:00:00,15026.921780895322,15382.520070340248,12163.505103626372
forecast_2962,2025-05-04 10:00:00,14659.233599627189,14857.076261562735,11030.877355216693
forecast_2963,2025-05-04 11:00:00,14551.905933015974,14589.716419043702,10195.004547682254
forecast_2964,2025-05-04 12:00:00,14988.967771740732,15176.850015815286,10908.78551651162
forecast_2965,2025-05-04 13:00:00,15997.620903804695,16020.25220595446,13036.7761157897
forecast_2966,2025-05-04 14:00:00,16790.592760640036,16978.411127024876,13985.359089001297
forecast_2967,2025-05-04 15:00:00,16870.966588468138,17002.85742760075,14069.36388927235
forecast_2968,2025-05-04 16:00:00,16611.513358858134,16999.553903767133,13332.837696339968
forecast_2969,2025-05-04 17:00:00,16048.101016612472,17112.701786035825,13041.629724468135
forecast_2970,2025-05-04 18:00:00,15861.651481949193,16710.162164537614,13153.794838585289
forecast_2971,2025-05-04 19:00:00,15401.924170197603,15790.814491251822,13391.956490372613
forecast_2972,2025-05-04 20:00:00,14737.791187903198,14508.47084958552,13671.400148858034
forecast_2973,2025-05-04 21:00:00,12530.25362749965,11902.781624481047,10859.785548399186
forecast_2974,2025-05-04 22:00:00,8415.334017513898,8138.084836525857,5842.531655402274
forecast_2975,2025-05-04 23:00:00,5955.876720417213,6170.532198194133,4404.4803697121215
forecast_2976,2025-05-05 00:00:00,7253.656514235381,6032.6191643542,5171.517105625208
forecast_2977,2025-05-05 01:00:00,7449.097291062837,7191.44571230224,5623.333752528327
forecast_2978,2025-05-05 02:00:00,6375.194369084043,4554.239188663041,4618.640378174764
forecast_2979,2025-05-05 03:00:00,5914.128631773659,4117.526279524542,4205.478193368672
forecast_2980,2025-05-05 04:00:00,6129.7118452647355,4313.506645718231,4023.9899032624553
forecast_2981,2025-05-05 05:00:00,5158.37348748122,4022.9304713822285,3670.1436333586526
forecast_2982,2025-05-05 06:00:00,4947.464764885192,3260.762997547623,3594.016004960175
forecast_2983,2025-05-05 07:00:00,4376.302634392962,3220.6495497271826,3527.927283557581
forecast_2984,2025-05-05 08:00:00,3510.0882296577593,2853.5225625912244,3301.807089346622
forecast_2985,2025-05-05 09:00:00,3001.1848509766887,2127.2350193344023,2763.491553534846
forecast_2986,2025-05-05 10:00:00,2759.2057925399413,1961.9241833727285,2454.712525177056
forecast_2987,2025-05-05 11:00:00,2434.3210404012043,1447.0029819812264,2120.2062182868513
forecast_2988,2025-05-05 12:00:00,3058.0672322771743,1852.96395742985,2237.476735590104
forecast_2989,2025-05-05 13:00:00,2878.817870465004,1993.6015988969566,2460.4077655370575
forecast_2990,2025-05-05 14:00:00,2382.243660361217,1812.4052605414897,2061.2395185562095
forecast_2991,2025-05-05 15:00:00,2100.8351131914887,1393.492740762777,1975.377791643089
forecast_2992,2025-05-05 16:00:00,2176.8669741189383,1498.1697386529943,1891.29580348826
forecast_2993,2025-05-05 17:00:00,2759.406299130548,2347.3611361117373,2323.7130574805246
forecast_2994,2025-05-05 18:00:00,3815.2445169778066,3128.6737191210523,2881.539939920064
forecast_2995,2025-05-05 19:00:00,4331.393549950898,3818.306457566483,3900.1711644681827
forecast_2996,2025-05-05 20:00:00,5087.852874639222,4938.985667928384,3661.091110810443
forecast_2997,2025-05-05 21:00:00,5658.321448790997,6037.542774258372,4315.289202603524
forecast_2998,2025-05-05 22:00:00,6461.837582688377,6931.472291189655,4593.4271448419095
forecast_2999,2025-05-05 23:00:00,5302.515595298491,4605.278753846782,4091.3746669661805
forecast_3000,2025-05-06 00:00:00,4909.389326594618,4321.077208420496,3622.0495114848586
forecast_3001,2025-05-06 01:00:00,4045.850271660978,3321.677187211647,3070.926211651409
forecast_3002,2025-05-06 02:00:00,3851.4146563943323,3297.22895130282,3535.418305276698
forecast_3003,2025-05-06 03:00:00,3891.240118684512,3055.630905313383,3313.989383083348
forecast_3004,2025-05-06 04:00:00,3408.393484943871,2858.793905721175,3016.8234134797253
forecast_3005,2025-05-06 05:00:00,2860.7035883708377,2333.476641092513,2440.19723594636
forecast_3006,2025-05-06 06:00:00,2984.031897981843,2808.98754060401,2403.1210944215213
forecast_3007,2025-05-06 07:00:00,2984.334603122804,2559.1015892524347,2173.910989891361
forecast_3008,2025-05-06 08:00:00,3222.7729921340015,2304.732964272586,2288.9268786271505
forecast_3009,2025-05-06 09:00:00,3047.75057116675,2457.5971652815997,2247.005621459515
forecast_3010,2025-05-06 10:00:00,2637.0035432639697,2065.4273369633793,2133.865127041061
forecast_3011,2025-05-06 11:00:00,2784.964525335752,2189.064342745094,2206.1528127425045
forecast_3012,2025-05-06 12:00:00,2593.157676280976,1772.846489224656,2196.0201060913155
forecast_3013,2025-05-06 13:00:00,2866.1637060575486,1942.5975993080278,2306.5912128964333
forecast_3014,2025-05-06 14:00:00,3054.988423676554,2214.5369420500447,2609.6673708523235
forecast_3015,2025-05-06 15:00:00,3177.05968306664,2428.3162926087116,2763.338903485368
forecast_3016,2025-05-06 16:00:00,2659.900366066133,1442.308905790024,2480.638197698788
forecast_3017,2025-05-06 17:00:00,2660.0667462752986,1750.06438519763,2323.4350993517046
forecast_3018,2025-05-06 18:00:00,2328.440075410545,1793.8277391293407,2023.9710562396244
forecast_3019,2025-05-06 19:00:00,2880.4189395076896,2212.9261968349347,2969.0392743141656
forecast_3020,2025-05-06 20:00:00,3331.334094987886,2432.7375287809573,3245.961985326749
forecast_3021,2025-05-06 21:00:00,3549.598975390143,3112.1253548237514,3352.5394066946865
forecast_3022,2025-05-06 22:00:00,3831.7229782960358,4037.728561425706,3476.0203389296826
forecast_3023,2025-05-06 23:00:00,3704.372269621503,3277.11614262386,3491.777708669565
forecast_3024,2025-05-07 00:00:00,3971.136843110827,3961.082299224998,3601.304322496324
forecast_3025,2025-05-07 01:00:00,4183.977021152467,3796.9940316717507,3414.9098344175577
forecast_3026,2025-05-07 02:00:00,4486.536841257486,2497.7414677718307,3386.10150450679
forecast_3027,2025-05-07 03:00:00,4541.892736677088,4621.875308452799,3465.6625761312976
forecast_3028,2025-05-07 04:00:00,4928.742294819429,3104.365302404477,3894.7501133936144
forecast_3029,2025-05-07 05:00:00,5229.314912148117,4809.643009570469,4058.8528275534263
forecast_3030,2025-05-07 06:00:00,5626.213602707214,5059.051558586936,3993.1570547768556
forecast_3031,2025-05-07 07:00:00,5794.347788613244,5083.694952334145,4141.902389285495
forecast_3032,2025-05-07 08:00:00,5426.704170352882,4873.148100960698,4003.913806227205
forecast_3033,2025-05-07 09:00:00,4180.348702752795,3389.163974232209,3234.6313374401034
forecast_3034,2025-05-07 10:00:00,3555.2489669897805,2315.699797299316,2489.2842852900544
forecast_3035,2025-05-07 11:00:00,3136.0026694286134,1734.4332365969135,2316.275862920527
forecast_3036,2025-05-07 12:00:00,3234.743051406177,2035.985967944167,2491.2247923986997
forecast_3037,2025-05-07 13:00:00,3931.1161202972953,2463.26003256643,2550.051940644459
forecast_3038,2025-05-07 14:00:00,4103.76175111807,2875.1133449512513,2967.7071741495565
forecast_3039,2025-05-07 15:00:00,3763.466082694787,2614.977634105336,2506.7985010415696
forecast_3040,2025-05-07 16:00:00,3833.461220093819,2545.0598374408123,2207.707748572025
forecast_3041,2025-05-07 17:00:00,3620.788814313657,2385.0607585423727,2350.7953143472514
forecast_3042,2025-05-07 18:00:00,3942.5085794012675,2509.0120216466603,2527.525251897254
forecast_3043,2025-05-07 19:00:00,4522.742840370092,3313.7443102590087,3007.780983575081
forecast_3044,2025-05-07 20:00:00,4834.623340691538,3452.0167753656724,3448.4841075639074
forecast_3045,2025-05-07 21:00:00,5602.88616283986,5140.141261317265,3954.8515427672546
forecast_3046,2025-05-07 22:00:00,7068.745992989729,5693.1858707399315,4502.125388569257
forecast_3047,2025-05-07 23:00:00,8066.954574364103,7895.257062889443,5277.919329880178
forecast_3048,2025-05-08 00:00:00,7950.141413444706,7349.74650259302,5397.269690490612
forecast_3049,2025-05-08 01:00:00,7331.212884169464,7523.906792426289,4958.312654294576
forecast_3050,2025-05-08 02:00:00,8800.857077411361,9000.870726812853,5630.5201476657585
forecast_3051,2025-05-08 03:00:00,11250.293476464034,11706.117442351031,6944.7929595570695
forecast_3052,2025-05-08 04:00:00,12907.814607886932,12287.19003276683,8006.595239828589
forecast_3053,2025-05-08 05:00:00,12722.372705920523,9129.88876548733,7626.438741892676
forecast_3054,2025-05-08 06:00:00,11392.577107198373,9995.608904175768,6460.679669623298
forecast_3055,2025-05-08 07:00:00,7685.866493343288,6353.851425931297,4634.399534466997
forecast_3056,2025-05-08 08:00:00,6091.406960113397,5405.057378210839,4362.381097491583
forecast_3057,2025-05-08 09:00:00,4841.215312658046,3688.475260306429,3648.9349155099662
forecast_3058,2025-05-08 10:00:00,3689.2719253034875,2586.935583237622,2897.9390572917464
forecast_3059,2025-05-08 11:00:00,3545.207404954899,2284.258181000836,2902.5010487525783
forecast_3060,2025-05-08 12:00:00,3160.70584482139,2210.006067942436,2656.4379735667253
forecast_3061,2025-05-08 13:00:00,3114.5488139632735,2180.6575387565535,3017.960702076798
forecast_3062,2025-05-08 14:00:00,3976.842912012052,4061.0894389409223,3530.7687090531736
forecast_3063,2025-05-08 15:00:00,3497.5153911011553,2728.900150357204,3135.0271190654494
forecast_3064,2025-05-08 16:00:00,4366.916121514029,3154.7166415452225,3395.553992661372
forecast_3065,2025-05-08 17:00:00,4683.6431412980655,3744.9489659361343,3435.0692180241945
forecast_3066,2025-05-08 18:00:00,5074.302182054305,4948.647025570521,3896.1482585179756
forecast_3067,2025-05-08 19:00:00,6034.612754550705,5866.453921601151,4059.093928181351
forecast_3068,2025-05-08 20:00:00,5794.507116658118,5065.795504364649,4032.6040042466093
forecast_3069,2025-05-08 21:00:00,5777.485924167222,5165.535174900759,4358.6064296932245
forecast_3070,2025-05-08 22:00:00,5863.585175811804,6342.615074455244,4458.124537395292
forecast_3071,2025-05-08 23:00:00,6384.950168119057,6910.348023026732,5090.010853664251
forecast_3072,2025-05-09 00:00:00,7046.405528143441,8370.509645286174,5852.380422720839
forecast_3073,2025-05-09 01:00:00,8114.740682617774,9280.997017770416,5550.463393153072
forecast_3074,2025-05-09 02:00:00,9375.467528767736,9918.452327447972,5911.624855060184
forecast_3075,2025-05-09 03:00:00,8496.508562164416,8648.773308151362,5517.495085786538
forecast_3076,2025-05-09 04:00:00,7927.603179592372,8642.852603012452,5385.741595701166
forecast_3077,2025-05-09 05:00:00,6351.663912985203,6588.1999222159,4282.334033019654
forecast_3078,2025-05-09 06:00:00,5452.127909857852,5773.165513573085,3853.204828832726
forecast_3079,2025-05-09 07:00:00,5316.257023091211,4709.775471437801,3780.0658776038417
forecast_3080,2025-05-09 08:00:00,4759.676446700535,4267.120268477551,3389.105123085783
forecast_3081,2025-05-09 09:00:00,3838.2858036951725,3940.5436349963743,2919.7315705986225
forecast_3082,2025-05-09 10:00:00,4846.811419618444,4895.1424670534325,3775.7086955447985
forecast_3083,2025-05-09 11:00:00,5220.506535660943,5351.643922959103,3824.746738323495
forecast_3084,2025-05-09 12:00:00,6797.375065333717,8144.69432548417,5159.749786449567
forecast_3085,2025-05-09 13:00:00,7278.204080493541,9061.899861879774,5918.852033620908
forecast_3086,2025-05-09 14:00:00,9687.798080141325,11286.998927124543,9330.875877988083
forecast_3087,2025-05-09 15:00:00,11659.638025882661,13150.483442546663,10942.284111504223
forecast_3088,2025-05-09 16:00:00,12185.572597665632,14033.607449168552,11556.910938527752
forecast_3089,2025-05-09 17:00:00,12419.999404711882,13868.897637365802,12697.422781369343
forecast_3090,2025-05-09 18:00:00,10658.98160993321,12321.202234537664,11018.85170176953
forecast_3091,2025-05-09 19:00:00,8658.47911261535,8901.928391916394,8090.454152850795
forecast_3092,2025-05-09 20:00:00,6685.463490944854,5982.260356351453,5134.890034120098
forecast_3093,2025-05-09 21:00:00,5095.687257190939,4116.284649912117,3433.684229042222
forecast_3094,2025-05-09 22:00:00,5893.804971465081,6860.390384466731,4503.286416295838
forecast_3095,2025-05-09 23:00:00,8915.427323480048,11722.1472293045,8173.120432436642
forecast_3096,2025-05-10 00:00:00,9817.580390453564,13638.32615297166,10234.029965286465
forecast_3097,2025-05-10 01:00:00,13358.876088908411,16030.280762590088,14961.672856895495
forecast_3098,2025-05-10 02:00:00,16297.536367133493,17588.44023867698,18039.841190271785
forecast_3099,2025-05-10 03:00:00,16368.575276510963,17389.41887447054,18516.034926476415
forecast_3100,2025-05-10 04:00:00,16436.299305873054,16925.27624001009,18137.118792610694
forecast_3101,2025-05-10 05:00:00,17124.826726500767,17110.83373812899,18044.51617673255
forecast_3102,2025-05-10 06:00:00,17374.843770133954,18276.458510631346,17659.535091433263
forecast_3103,2025-05-10 07:00:00,18374.40100712586,19262.50071641372,17946.416326731473
forecast_3104,2025-05-10 08:00:00,18838.710138826693,19111.377951900497,18011.90648266347
forecast_3105,2025-05-10 09:00:00,19001.182909041785,19236.744525860777,18468.806390021116
forecast_3106,2025-05-10 10:00:00,19026.265542419795,18533.78374534681,18666.505747143976
forecast_3107,2025-05-10 11:00:00,19268.619792259786,18375.02529468401,18678.27346454396
forecast_3108,2025-05-10 12:00:00,19460.91404084663,18202.78680654258,18773.93402477539
forecast_3109,2025-05-10 13:00:00,18819.55409012897,17900.26592318261,18516.059922405617
forecast_3110,2025-05-10 14:00:00,18100.71278876525,17637.28154648132,18251.659958083746
forecast_3111,2025-05-10 15:00:00,17122.05499394703,17562.433795232246,17653.866219915228
forecast_3112,2025-05-10 16:00:00,16128.437738124616,16747.046024655123,17068.173552281743
forecast_3113,2025-05-10 17:00:00,15735.802958667435,16164.59236487739,16582.562729724435
forecast_3114,2025-05-10 18:00:00,14385.27695023513,14800.14104985061,15243.818091520672
forecast_3115,2025-05-10 19:00:00,12173.37599216598,13322.367541356225,12258.518922973486
forecast_3116,2025-05-10 20:00:00,12681.153141120212,13332.145967957305,12807.967167667783
forecast_3117,2025-05-10 21:00:00,11654.568816384992,11942.520722320383,10653.753546475786
forecast_3118,2025-05-10 22:00:00,12111.385924971895,12862.573503341446,11533.2695706281
forecast_3119,2025-05-10 23:00:00,12752.209000396615,13044.627154327505,11626.864209627962
forecast_3120,2025-05-11 00:00:00,12177.780566784302,11037.477003738319,10248.918442916525
forecast_3121,2025-05-11 01:00:00,10752.290519507795,10973.673920560272,8544.187832636666
forecast_3122,2025-05-11 02:00:00,9856.119292539195,10078.634373959667,7599.566740775841
forecast_3123,2025-05-11 03:00:00,9509.614854731812,9970.494715558561,7367.071022584601
forecast_3124,2025-05-11 04:00:00,8559.896081352139,8240.288327988419,6135.8404320092
forecast_3125,2025-05-11 05:00:00,8354.51418012562,7934.5138378713655,6265.421648250342
forecast_3126,2025-05-11 06:00:00,8066.473782193176,7527.300575194446,5389.116130329283
forecast_3127,2025-05-11 07:00:00,6163.622214363426,5888.997022598743,4354.095791752261
forecast_3128,2025-05-11 08:00:00,5628.211021564111,4921.986066556094,4042.7099490533883
forecast_3129,2025-05-11 09:00:00,4357.157517676537,3792.737961612419,3087.253332667527
forecast_3130,2025-05-11 10:00:00,3565.429202166417,2818.918499189336,3057.6639191610143
forecast_3131,2025-05-11 11:00:00,3522.9808542246456,2397.662177208516,2766.9975678739356
forecast_3132,2025-05-11 12:00:00,3784.9410862694967,2754.876641627031,2668.1021649316763
forecast_3133,2025-05-11 13:00:00,4265.871941384572,3588.7701554009477,3101.8461667099036
forecast_3134,2025-05-11 14:00:00,5184.445327557694,4382.437391995036,3424.0514372114576
forecast_3135,2025-05-11 15:00:00,4875.942824350867,3998.5689959099336,3287.9028175656053
forecast_3136,2025-05-11 16:00:00,4098.057539525828,3072.4773921832957,2632.4762859570214
forecast_3137,2025-05-11 17:00:00,5125.149892300602,3970.977289649844,3618.6986736608405
forecast_3138,2025-05-11 18:00:00,5000.943179954917,5094.490989296559,3506.6544470164304
forecast_3139,2025-05-11 19:00:00,6859.681073534037,6760.70022979325,5777.898311777963
forecast_3140,2025-05-11 20:00:00,7895.460657248803,8479.96958826626,6269.847378273558
forecast_3141,2025-05-11 21:00:00,9978.370897148787,11323.711785793805,8579.954909484435
forecast_3142,2025-05-11 22:00:00,11002.91541869597,11911.887643164022,8728.167708412446
forecast_3143,2025-05-11 23:00:00,13386.219345828054,13909.85290986922,10875.481997243618
forecast_3144,2025-05-12 00:00:00,15762.989330045548,15840.527875344083,14308.127685481595
forecast_3145,2025-05-12 01:00:00,15709.727906356162,16200.967493611512,13811.740148357972
forecast_3146,2025-05-12 02:00:00,16323.246129950196,16382.377021462353,14833.089328102342
forecast_3147,2025-05-12 03:00:00,16607.87319334472,16518.180918021102,15838.37103898292
forecast_3148,2025-05-12 04:00:00,16640.22463481646,16094.789563075208,16057.635981809135
forecast_3149,2025-05-12 05:00:00,16282.49329814325,15222.137975279473,15773.47090842585
forecast_3150,2025-05-12 06:00:00,15632.35282401506,15038.457318038858,14424.878153478307
forecast_3151,2025-05-12 07:00:00,15175.21711796166,14487.851780102186,14212.042705852215
forecast_3152,2025-05-12 08:00:00,14333.425875854611,14346.954634007916,13185.186533057806
forecast_3153,2025-05-12 09:00:00,12215.785927465404,12961.12046031258,10936.002441637833
forecast_3154,2025-05-12 10:00:00,10648.964673724216,11458.86396242527,9227.729046833243
forecast_3155,2025-05-12 11:00:00,9911.404929728233,10289.336026325556,8135.869104362554
forecast_3156,2025-05-12 12:00:00,9271.263970058566,9583.969414706586,7755.729222853537
forecast_3157,2025-05-12 13:00:00,9149.86161941261,8275.200869863245,7268.298057269127
forecast_3158,2025-05-12 14:00:00,8824.345102551637,7978.6400238369515,7094.0893720032645
forecast_3159,2025-05-12 15:00:00,8590.55196001439,7590.570261718637,7039.722605011793
forecast_3160,2025-05-12 16:00:00,8544.014811941954,7415.668349238821,6809.669144788924
forecast_3161,2025-05-12 17:00:00,8669.314953919158,7639.540714322015,6867.1375126986095
forecast_3162,2025-05-12 18:00:00,9816.175081886893,9043.87852699179,7981.216890826729
forecast_3163,2025-05-12 19:00:00,11133.533838215735,10684.45445667472,9661.96506753676
forecast_3164,2025-05-12 20:00:00,13547.511701393185,13379.685839689766,12066.78845998569
forecast_3165,2025-05-12 21:00:00,15809.611495117133,15461.645502358866,14837.956767950958
forecast_3166,2025-05-12 22:00:00,17906.01133780629,17490.234300916298,17423.482531516933
forecast_3167,2025-05-12 23:00:00,19151.26989776697,17930.388582683336,19111.562104571178
forecast_3168,2025-05-13 00:00:00,19445.812379636925,18434.54697814108,19506.91516844437
forecast_3169,2025-05-13 01:00:00,20255.85186139535,18901.32433910422,19450.376247111333
forecast_3170,2025-05-13 02:00:00,20558.187680009945,19142.40779616299,20068.44745912293
forecast_3171,2025-05-13 03:00:00,20659.677299311865,19107.006315364546,19963.91089932976
forecast_3172,2025-05-13 04:00:00,20560.901578912493,19198.41862731691,19931.609706104642
forecast_3173,2025-05-13 05:00:00,19900.00828651977,19053.173829184485,19641.336168261758
forecast_3174,2025-05-13 06:00:00,19362.9532562574,18762.96878392392,19154.804822608527
forecast_3175,2025-05-13 07:00:00,17501.852393910332,18144.168538922102,18571.21617109768
forecast_3176,2025-05-13 08:00:00,17329.30082165748,18175.801468781247,18747.71690021581
forecast_3177,2025-05-13 09:00:00,16625.94229740198,18189.810140284455,18030.921088187955
forecast_3178,2025-05-13 10:00:00,15606.789760728816,16930.037074560394,17505.73480458868
forecast_3179,2025-05-13 11:00:00,14785.983950428767,16000.69943730471,16340.193906886521
forecast_3180,2025-05-13 12:00:00,14658.569861507758,15583.793094784805,15578.546439391632
forecast_3181,2025-05-13 13:00:00,14626.856790944075,15600.5810488303,15921.250531258615
forecast_3182,2025-05-13 14:00:00,14267.133745429866,15395.53101330151,16080.358297620234
forecast_3183,2025-05-13 15:00:00,13909.533762761395,14923.430428233407,15880.346578715962
forecast_3184,2025-05-13 16:00:00,13361.97414207527,14236.470874712639,15155.283760290324
forecast_3185,2025-05-13 17:00:00,13463.57643624068,14678.726716837687,15619.400154762816
forecast_3186,2025-05-13 18:00:00,14641.361563819311,15545.032673730684,16761.34291159502
forecast_3187,2025-05-13 19:00:00,16091.2555244397,16583.405608704998,18096.82718629128
forecast_3188,2025-05-13 20:00:00,18001.91021327293,17630.60484696732,19165.388581190145
forecast_3189,2025-05-13 21:00:00,18926.928660690188,17937.691009497063,19252.11148163746
forecast_3190,2025-05-13 22:00:00,19494.493295842876,18320.76095432532,19723.780083255002
forecast_3191,2025-05-13 23:00:00,19471.70010439179,18266.225884226078,19738.793711281596
forecast_3192,2025-05-14 00:00:00,19478.95429594545,18419.48492842572,19658.73476499792
forecast_3193,2025-05-14 01:00:00,19557.67948729142,18324.577947625436,19472.24004345325
forecast_3194,2025-05-14 02:00:00,19902.22113704046,18559.73751337937,19612.352099444575
forecast_3195,2025-05-14 03:00:00,20311.470065808513,18829.585585027788,19702.570135810995
forecast_3196,2025-05-14 04:00:00,20354.66975680249,18957.41192257747,19697.40127411276
forecast_3197,2025-05-14 05:00:00,20498.414880891698,19068.53510349379,19414.759318259068
forecast_3198,2025-05-14 06:00:00,19939.803285964175,18427.141274007685,18238.98092380666
forecast_3199,2025-05-14 07:00:00,17717.425575190027,17300.99880010487,15160.700405877375
forecast_3200,2025-05-14 08:00:00,17019.249653711457,16706.119683326724,14218.75136904926
forecast_3201,2025-05-14 09:00:00,13623.918470811397,13661.9508310708,11702.656438149872
forecast_3202,2025-05-14 10:00:00,10674.776903322709,10856.104692343164,9377.41799834661
forecast_3203,2025-05-14 11:00:00,8618.25877270094,8645.40338624629,7138.744763079377
forecast_3204,2025-05-14 12:00:00,7279.326552461262,7010.274928050478,5857.058352460621
forecast_3205,2025-05-14 13:00:00,6870.677243955642,6928.350794239414,5843.311035054666
forecast_3206,2025-05-14 14:00:00,6945.409040380573,6604.385209441196,5611.1879838374725
forecast_3207,2025-05-14 15:00:00,6639.692723309399,6004.9737136289295,5276.374161979484
forecast_3208,2025-05-14 16:00:00,6683.75406989749,6237.3357212046085,4856.96240749071
forecast_3209,2025-05-14 17:00:00,7042.258713107585,6070.386517805526,5195.8379005732495
forecast_3210,2025-05-14 18:00:00,7028.414214268458,7293.5040456854795,4982.341939027929
forecast_3211,2025-05-14 19:00:00,8348.704622795782,8607.449556699226,6402.858421457871
forecast_3212,2025-05-14 20:00:00,9722.835039630983,10626.190592083936,6880.827635111742
forecast_3213,2025-05-14 21:00:00,9752.165725732244,10647.75672055193,7621.215258339894
forecast_3214,2025-05-14 22:00:00,10020.502374605703,10647.710636781701,7850.4954568776775
forecast_3215,2025-05-14 23:00:00,10855.269989007309,11255.100829817056,8359.194785252581
forecast_3216,2025-05-15 00:00:00,11605.290445566452,12340.043794291896,9418.619576746361
forecast_3217,2025-05-15 01:00:00,11285.924943677146,12019.681126185826,9255.757760348279
forecast_3218,2025-05-15 02:00:00,12795.885522795117,14039.103333944844,10485.441170617787
forecast_3219,2025-05-15 03:00:00,13997.61774830506,15337.231325735902,11952.754903861882
forecast_3220,2025-05-15 04:00:00,15138.595686926274,16692.734644407185,14501.378021759212
forecast_3221,2025-05-15 05:00:00,16275.744867785528,17537.410254784605,16482.00181410712
forecast_3222,2025-05-15 06:00:00,16530.332663711266,17811.58113755811,17266.935945069894
forecast_3223,2025-05-15 07:00:00,16766.07576895452,17644.075232937845,18113.77900621854
forecast_3224,2025-05-15 08:00:00,17213.644748233935,17246.720502965687,18312.603607835685
forecast_3225,2025-05-15 09:00:00,16125.118924937906,16956.85705122143,17202.71540328602
forecast_3226,2025-05-15 10:00:00,15234.00998770223,16195.41678955063,16733.87420737456
forecast_3227,2025-05-15 11:00:00,15226.86783670407,15930.930675174503,16343.986297683394
forecast_3228,2025-05-15 12:00:00,15564.133252289217,16718.61931543599,17276.46840172068
forecast_3229,2025-05-15 13:00:00,16217.896463353678,17149.27665523373,17726.156268410803
forecast_3230,2025-05-15 14:00:00,17627.70993719891,17955.21077597166,18808.10934202796
forecast_3231,2025-05-15 15:00:00,18073.568704308756,18507.494196642816,19515.546667639595
forecast_3232,2025-05-15 16:00:00,17736.136682088385,18041.611132441885,19660.858578515043
forecast_3233,2025-05-15 17:00:00,17466.83855283337,17772.70593951499,19599.49774885522
forecast_3234,2025-05-15 18:00:00,17259.913088380912,17749.306054520966,19483.25194119698
forecast_3235,2025-05-15 19:00:00,17821.24488814937,17737.71107991371,19470.808866928288
forecast_3236,2025-05-15 20:00:00,17743.856919372934,17947.575090027807,19603.019028923336
forecast_3237,2025-05-15 21:00:00,17360.989089919734,18088.388241769273,19544.026008275774
forecast_3238,2025-05-15 22:00:00,17989.225555715482,18046.76596842135,19824.113971760737
forecast_3239,2025-05-15 23:00:00,18412.211881731047,18391.2234456859,19737.862564465508
forecast_3240,2025-05-16 00:00:00,17896.087897754718,18000.696301832006,19594.211883790496
forecast_3241,2025-05-16 01:00:00,18638.208179200068,18417.561346782604,19774.95187550872
forecast_3242,2025-05-16 02:00:00,18562.39258825611,18344.929358312398,19889.807434804945
forecast_3243,2025-05-16 03:00:00,18308.95882616353,18184.774037581687,19896.41617548756
forecast_3244,2025-05-16 04:00:00,18496.344172814974,18053.60833919797,19891.934773112298
forecast_3245,2025-05-16 05:00:00,18732.654611784637,17809.424615171687,19820.36020640647
forecast_3246,2025-05-16 06:00:00,18377.42851433235,17728.881277812325,19673.09677147372
forecast_3247,2025-05-16 07:00:00,17742.780576085544,17551.288289124022,19209.39023016516
forecast_3248,2025-05-16 08:00:00,17047.23351098024,17158.663421750985,18619.311103701206
forecast_3249,2025-05-16 09:00:00,15756.346563269588,15958.63934499438,17075.73768208106
forecast_3250,2025-05-16 10:00:00,13500.141426663688,14505.682106672382,13811.227878436359
forecast_3251,2025-05-16 11:00:00,11933.859429254822,12484.558524110598,11446.808572463777
forecast_3252,2025-05-16 12:00:00,10401.157883927714,10797.499953368679,10225.351638136877
forecast_3253,2025-05-16 13:00:00,9300.046110173573,8899.062526988382,8518.465602986314
forecast_3254,2025-05-16 14:00:00,8505.419971551219,7953.4276382066855,6920.560833385066
forecast_3255,2025-05-16 15:00:00,7560.727091473457,7356.329437260481,5762.375775111264
forecast_3256,2025-05-16 16:00:00,7406.280591999066,6838.417334478388,6339.948974402917
forecast_3257,2025-05-16 17:00:00,7647.555809948573,7596.599796974491,6211.251024273102
forecast_3258,2025-05-16 18:00:00,7130.611320461123,7419.285109376981,5664.28697971819
forecast_3259,2025-05-16 19:00:00,7662.356953069071,8009.047592949627,6231.944310393409
forecast_3260,2025-05-16 20:00:00,7841.775835637313,8084.706724549903,6260.873863488309
forecast_3261,2025-05-16 21:00:00,6731.627083920545,7059.472768769754,6630.261228910312
forecast_3262,2025-05-16 22:00:00,5383.115415190427,5224.7778109927585,4561.218064361036
forecast_3263,2025-05-16 23:00:00,5306.250831942932,4493.84259872505,5363.444896222752
forecast_3264,2025-05-17 00:00:00,5619.6193908673895,5118.61167145108,4502.248250767579
forecast_3265,2025-05-17 01:00:00,5513.107399780638,6181.965012543378,4130.680465020735
forecast_3266,2025-05-17 02:00:00,5786.404864758413,5594.447362152369,4437.001600364753
forecast_3267,2025-05-17 03:00:00,6252.255536124725,5912.486264132511,4100.121073526525
forecast_3268,2025-05-17 04:00:00,5159.386731473108,4623.103240902308,4160.229347919552
forecast_3269,2025-05-17 05:00:00,4518.676799656563,4393.370005558543,3153.8335701726737
forecast_3270,2025-05-17 06:00:00,3604.8603235208193,3050.0937316041777,2683.7909845145705
forecast_3271,2025-05-17 07:00:00,3365.911314375184,2987.193559522356,2534.36742348982
forecast_3272,2025-05-17 08:00:00,4173.178625398532,3946.099046089067,2973.2228535016425
forecast_3273,2025-05-17 09:00:00,5068.843100915525,5219.584165760942,3469.685743745106
forecast_3274,2025-05-17 10:00:00,5691.254771916252,6481.023589855457,4703.19806381349
forecast_3275,2025-05-17 11:00:00,6175.695037136491,6797.27158160751,5127.091502536889
forecast_3276,2025-05-17 12:00:00,7190.674046739772,8099.025424134443,6475.044750693349
forecast_3277,2025-05-17 13:00:00,8450.402705159959,9579.626723459274,8502.69448763935
forecast_3278,2025-05-17 14:00:00,10186.396218056754,11378.007773856929,10501.937909394188
forecast_3279,2025-05-17 15:00:00,12074.952932469441,12741.756317030478,11565.37419770617
forecast_3280,2025-05-17 16:00:00,14389.666385715873,14766.048466864368,13878.298141667326
forecast_3281,2025-05-17 17:00:00,16253.982182215535,17820.437278868718,15942.706603032342
forecast_3282,2025-05-17 18:00:00,18183.663751463813,18522.590468146347,18081.34310966234
forecast_3283,2025-05-17 19:00:00,18908.158925065436,18785.50301232747,19163.175054341424
forecast_3284,2025-05-17 20:00:00,19426.167946721132,18746.932286799987,19378.119010768874
forecast_3285,2025-05-17 21:00:00,19714.51631253607,18722.27682670441,19589.615209542288
forecast_3286,2025-05-17 22:00:00,19631.897661464063,19235.88965760856,19525.215297698818
forecast_3287,2025-05-17 23:00:00,19601.89232613892,19468.47441617938,19575.39389231736
forecast_3288,2025-05-18 00:00:00,19210.21248612127,19196.580484555292,19662.36529145647
forecast_3289,2025-05-18 01:00:00,18537.916633806177,18825.429182929984,19062.01236822293
forecast_3290,2025-05-18 02:00:00,18135.467720656903,18049.35623820731,18869.7461530184
forecast_3291,2025-05-18 03:00:00,16739.09144406657,16697.70869456337,17134.866872231276
forecast_3292,2025-05-18 04:00:00,14425.377326852295,14036.559126032074,14766.297807705076
forecast_3293,2025-05-18 05:00:00,12700.103261561646,12716.236074352859,12744.660488861147
forecast_3294,2025-05-18 06:00:00,8317.148133225011,9595.360711458246,7155.132971422436
forecast_3295,2025-05-18 07:00:00,5995.900018392737,6577.631093455637,4647.646161276095
forecast_3296,2025-05-18 08:00:00,4901.7181105425225,3423.430024545681,3738.7826490942707
forecast_3297,2025-05-18 09:00:00,3214.8228727873984,1837.6165393122194,2578.6607866969475
forecast_3298,2025-05-18 10:00:00,2636.4579162776035,1887.6984166132106,2289.620815683226
forecast_3299,2025-05-18 11:00:00,3161.8292997607246,2317.5378361331327,2558.7476664231554
forecast_3300,2025-05-18 12:00:00,3613.7268952765776,2835.033992400929,2964.2345682364426
forecast_3301,2025-05-18 13:00:00,4708.679317974023,3816.821089917912,3347.569402129464
forecast_3302,2025-05-18 14:00:00,5402.900947591872,4487.9055953395255,3627.025785031827
forecast_3303,2025-05-18 15:00:00,6165.199072426751,6053.44399548963,4007.0023098664014
forecast_3304,2025-05-18 16:00:00,6774.784586444489,6713.530943726298,4226.426856966058
forecast_3305,2025-05-18 17:00:00,7760.383324719409,6613.474488943477,5415.943964372061
forecast_3306,2025-05-18 18:00:00,8797.211307253328,7886.114278565349,6526.512829783551
forecast_3307,2025-05-18 19:00:00,9656.741377693375,9334.917486845992,7912.6367208635675
forecast_3308,2025-05-18 20:00:00,11478.455922130819,11496.7295480076,10305.766509769746
forecast_3309,2025-05-18 21:00:00,12644.691830061165,12485.829861248621,12346.147167711244
forecast_3310,2025-05-18 22:00:00,13438.573632048123,12985.637337552842,12799.802308647606
forecast_3311,2025-05-18 23:00:00,14378.200481995082,13119.481505538166,14295.06054209779
forecast_3312,2025-05-19 00:00:00,13490.894208558148,13097.91687427836,12568.08957409802
forecast_3313,2025-05-19 01:00:00,14548.783275945003,14578.00440650331,12674.985970691208
forecast_3314,2025-05-19 02:00:00,13331.23447397415,13692.269281344408,11140.467862202924
forecast_3315,2025-05-19 03:00:00,13316.965295986825,12953.864352959523,11031.753995631898
forecast_3316,2025-05-19 04:00:00,12196.081664978781,11215.453536591092,10061.866956209902
forecast_3317,2025-05-19 05:00:00,11740.992273950156,11785.0720178622,9906.537153495869
forecast_3318,2025-05-19 06:00:00,11493.526887678407,13234.890746910049,9855.665800753013
forecast_3319,2025-05-19 07:00:00,11616.735031314509,13930.952602139654,10187.70533881218
forecast_3320,2025-05-19 08:00:00,12802.789842638404,15526.925990012625,12663.802552745932
forecast_3321,2025-05-19 09:00:00,11956.86292276502,15140.610394253972,13269.742233875011
forecast_3322,2025-05-19 10:00:00,12274.391815515337,14981.349370627044,13629.084957825386
forecast_3323,2025-05-19 11:00:00,13263.581676607602,15187.47074687163,13739.076065939253
forecast_3324,2025-05-19 12:00:00,14938.371477203573,16744.843841576134,14865.804808030462
forecast_3325,2025-05-19 13:00:00,16250.952881841105,17268.276584041312,15766.08133688624
forecast_3326,2025-05-19 14:00:00,17122.01480695255,17623.151256321144,16438.52330352331
forecast_3327,2025-05-19 15:00:00,17779.41910060501,17721.509013271214,16621.35475586234
forecast_3328,2025-05-19 16:00:00,18598.83565708318,17949.990626876133,17758.892061684106
forecast_3329,2025-05-19 17:00:00,18903.634879729005,17798.790580940895,18218.066076870193
forecast_3330,2025-05-19 18:00:00,18655.002114546638,18174.28573395618,18186.270901734537
forecast_3331,2025-05-19 19:00:00,18438.10727143895,18936.459323283452,18275.937159318008
forecast_3332,2025-05-19 20:00:00,18356.197437896983,18860.272996336473,18491.327537112273
forecast_3333,2025-05-19 21:00:00,18201.14980338013,18631.134341571284,18633.65266310131
forecast_3334,2025-05-19 22:00:00,18264.726944056027,18380.26533858711,18891.29967163638
forecast_3335,2025-05-19 23:00:00,17972.890277848594,18293.137666003106,18745.18801771361
forecast_3336,2025-05-20 00:00:00,17816.532802297526,18064.830598202694,18494.25429526005
forecast_3337,2025-05-20 01:00:00,17879.654050887966,18040.325318433497,18064.68877964317
forecast_3338,2025-05-20 02:00:00,17902.760185462896,18266.199811602164,18822.639626831307
forecast_3339,2025-05-20 03:00:00,17572.183979304024,17933.876987227995,18790.34095723935
forecast_3340,2025-05-20 04:00:00,17886.321907842423,18152.796171052236,18767.514732780706
forecast_3341,2025-05-20 05:00:00,17923.290106951925,17994.546727433295,18835.91490671177
forecast_3342,2025-05-20 06:00:00,18194.350916223102,18390.579463080954,19101.881609594875
forecast_3343,2025-05-20 07:00:00,18265.6722860811,18634.211494000312,19392.458088626852
forecast_3344,2025-05-20 08:00:00,18128.943715324385,18456.507179802626,19079.931504273398
forecast_3345,2025-05-20 09:00:00,17167.498785352054,17809.568201450562,18011.69193653024
forecast_3346,2025-05-20 10:00:00,16462.9269410451,16794.853489410067,16349.127954664005
forecast_3347,2025-05-20 11:00:00,14924.241386403988,15251.057958425767,14835.884060577428
forecast_3348,2025-05-20 12:00:00,13939.086171470852,14761.133835526134,14118.683434505774
forecast_3349,2025-05-20 13:00:00,13612.094380105389,14636.208531398626,13915.410131378181
forecast_3350,2025-05-20 14:00:00,14273.999820256005,14400.901312717007,14760.367922073356
forecast_3351,2025-05-20 15:00:00,14903.828332683877,14885.779586745337,15922.672624645791
forecast_3352,2025-05-20 16:00:00,15502.739405056407,15939.774425724672,16705.693783498322
forecast_3353,2025-05-20 17:00:00,15566.592536989883,15709.985159035856,17478.55206838725
forecast_3354,2025-05-20 18:00:00,16050.924427038379,16811.555638846134,18440.532933408653
forecast_3355,2025-05-20 19:00:00,17155.441270908348,17130.90561712709,19321.631981151873
forecast_3356,2025-05-20 20:00:00,18306.799016182496,17752.85130290084,19765.667785151843
forecast_3357,2025-05-20 21:00:00,18229.689102386124,17411.05597880693,19789.42316790803
forecast_3358,2025-05-20 22:00:00,18359.079856521053,17740.96140880636,19934.56075460945
forecast_3359,2025-05-20 23:00:00,18921.081531555694,17835.7296992851,20002.925549574218
forecast_3360,2025-05-21 00:00:00,19118.19479838607,17435.35094719899,19909.268865759364
forecast_3361,2025-05-21 01:00:00,19094.70473135152,17469.185830377704,19386.69749375233
forecast_3362,2025-05-21 02:00:00,18233.263114884314,17002.22269408735,19146.947321374075
forecast_3363,2025-05-21 03:00:00,17573.032771123737,16580.506595390063,18915.148142275528
forecast_3364,2025-05-21 04:00:00,17472.65300250645,16671.35116060679,18690.52914167503
forecast_3365,2025-05-21 05:00:00,17960.20154405148,15551.335979996087,18787.67999632452
forecast_3366,2025-05-21 06:00:00,15780.270898213446,13899.240512828645,16431.13548720986
forecast_3367,2025-05-21 07:00:00,10065.451168583097,10610.392719179774,9296.516444087832
forecast_3368,2025-05-21 08:00:00,7792.294634704684,6616.007170716719,6082.624078796114
forecast_3369,2025-05-21 09:00:00,5629.300715310285,4832.248146967605,4044.399735476719
forecast_3370,2025-05-21 10:00:00,4521.045090193259,3609.490105031113,3252.4867955791633
forecast_3371,2025-05-21 11:00:00,4601.411520277541,3422.074629469966,3432.1045361471265
forecast_3372,2025-05-21 12:00:00,4129.063890460745,2626.1384557000983,3309.776625747957
forecast_3373,2025-05-21 13:00:00,3734.723784780211,2421.5189162827946,3022.367869552533
forecast_3374,2025-05-21 14:00:00,3606.012326202077,2487.181705147314,2985.6065570638016
forecast_3375,2025-05-21 15:00:00,3411.5603656121675,2304.156084091252,2799.6602059980296
forecast_3376,2025-05-21 16:00:00,3269.09830644482,1759.48682148016,2698.7013445947323
forecast_3377,2025-05-21 17:00:00,2909.105886218327,1439.2856039933488,2276.9862307997646
forecast_3378,2025-05-21 18:00:00,3551.06515651546,2149.491184282231,2653.7423803956995
forecast_3379,2025-05-21 19:00:00,2989.0998432654387,2449.48745612003,2439.786314933703
forecast_3380,2025-05-21 20:00:00,4103.562497407023,3549.513094237859,2989.0423752255565
forecast_3381,2025-05-21 21:00:00,3856.0616726537664,3638.2193037782863,2871.3324596321218
forecast_3382,2025-05-21 22:00:00,4020.8723345970047,3323.3808940945905,2750.290573637946
forecast_3383,2025-05-21 23:00:00,3418.9470426907383,2444.5358346113103,2236.2971113826607
forecast_3384,2025-05-22 00:00:00,2651.492943318138,2332.835852594105,2077.7940876342386
forecast_3385,2025-05-22 01:00:00,3352.0075665652093,3127.041407597887,2081.8279605512166
forecast_3386,2025-05-22 02:00:00,3366.369427893397,2526.1148724155883,2193.083598189329
forecast_3387,2025-05-22 03:00:00,3425.9747675248404,3332.289495316937,2292.2230287153734
forecast_3388,2025-05-22 04:00:00,3427.928359375401,3077.2677324489496,2355.1431136413553
forecast_3389,2025-05-22 05:00:00,3466.3148653810995,3127.0607697634146,2372.2559326586725
forecast_3390,2025-05-22 06:00:00,3442.4027374896286,2667.19012522232,2511.2444594912445
forecast_3391,2025-05-22 07:00:00,3419.1028069928716,2726.0094229914203,2608.8980118329537
forecast_3392,2025-05-22 08:00:00,3405.527926970882,2990.462027977401,2867.405737058708
forecast_3393,2025-05-22 09:00:00,4023.142208838124,4759.610457029959,3067.2546276142725
forecast_3394,2025-05-22 10:00:00,4208.84856475063,4845.392027029997,3210.903371314013
forecast_3395,2025-05-22 11:00:00,3788.812078647808,4230.768731725409,3272.0806069286023
forecast_3396,2025-05-22 12:00:00,3698.9808057104806,4026.97606878452,3181.083392346178
forecast_3397,2025-05-22 13:00:00,3743.1587178898444,3801.2953067462036,3158.6371837056286
forecast_3398,2025-05-22 14:00:00,3854.459577898979,3739.4856060621973,3122.015635087715
forecast_3399,2025-05-22 15:00:00,3973.10463664458,3409.8813026422945,3058.1754122819943
forecast_3400,2025-05-22 16:00:00,3602.753811889232,2485.672672800588,2850.181762093223
forecast_3401,2025-05-22 17:00:00,2703.1697883028555,1873.3873264896833,2589.002186470923
forecast_3402,2025-05-22 18:00:00,2585.9194395329832,1743.7940549831917,2481.983835921896
forecast_3403,2025-05-22 19:00:00,2247.215539519187,1748.6911347593395,2120.176393190862
forecast_3404,2025-05-22 20:00:00,3169.1805749438986,2431.2746710845545,2601.7454717531837
forecast_3405,2025-05-22 21:00:00,3815.877137358746,2636.7904845429503,2605.589681315397
forecast_3406,2025-05-22 22:00:00,4029.4438370727426,2728.6120882470086,2686.3996464698967
forecast_3407,2025-05-22 23:00:00,3996.7170495112273,2675.0928589011255,2530.503306708032
forecast_3408,2025-05-23 00:00:00,4060.1898448723573,2937.636647319246,2462.6030463970087
forecast_3409,2025-05-23 01:00:00,3750.950097775222,2707.094753274329,2321.218796889124
forecast_3410,2025-05-23 02:00:00,4296.5353772628005,3141.259196487893,2510.3371718016356
forecast_3411,2025-05-23 03:00:00,4309.76376331039,3643.4566014201264,2564.94451650211
forecast_3412,2025-05-23 04:00:00,4134.274983464796,3487.536046478528,2509.4746045679713
forecast_3413,2025-05-23 05:00:00,4239.174494609703,3658.3952941046655,2513.938043318197
forecast_3414,2025-05-23 06:00:00,4623.192577603413,3938.6207676039185,2705.7137533117107
forecast_3415,2025-05-23 07:00:00,4716.724484877093,3947.74984923428,2766.1820517212113
forecast_3416,2025-05-23 08:00:00,4271.944309110276,3989.017168783523,2790.2093756734257
forecast_3417,2025-05-23 09:00:00,4490.24833828235,3981.982477711444,2927.8362374299554
forecast_3418,2025-05-23 10:00:00,4524.495983797232,4124.8729408155505,3105.3757196569795
forecast_3419,2025-05-23 11:00:00,4534.098250757488,4637.144104008236,3198.4593052677487
forecast_3420,2025-05-23 12:00:00,4325.492764282276,4084.3701603340596,3112.992100216385
forecast_3421,2025-05-23 13:00:00,3988.1743205250395,3383.36523752195,2840.965568823636
forecast_3422,2025-05-23 14:00:00,3937.212375205904,3446.2747117255076,2902.069688378751
forecast_3423,2025-05-23 15:00:00,3201.0379264480634,2653.242567359507,2523.3426495274507
forecast_3424,2025-05-23 16:00:00,3348.7828341591503,2788.2218983233115,2547.745673044202
forecast_3425,2025-05-23 17:00:00,3463.025717311069,3292.592565700514,2802.013507207559
forecast_3426,2025-05-23 18:00:00,4198.443909896326,4656.426075642025,3193.11110687158
forecast_3427,2025-05-23 19:00:00,4533.04396743787,4281.891914846179,3148.5467338997796
forecast_3428,2025-05-23 20:00:00,4093.5154753328243,4329.933358345361,2992.6762366664734
forecast_3429,2025-05-23 21:00:00,4720.279337616288,4703.626699054409,2981.0747706385537
forecast_3430,2025-05-23 22:00:00,4958.9251386486485,4994.815053016609,3087.5856447828096
forecast_3431,2025-05-23 23:00:00,4515.531726238799,4241.644042184394,3044.5134876277584
forecast_3432,2025-05-24 00:00:00,4427.557246413513,3876.4729779875192,2951.7620505405202
forecast_3433,2025-05-24 01:00:00,5771.154204144321,6089.428973032762,3123.763933174105
forecast_3434,2025-05-24 02:00:00,5828.086819762811,5771.868402302222,3138.5722843503854
forecast_3435,2025-05-24 03:00:00,5712.772093970147,5697.805320416965,3335.4757031882687
forecast_3436,2025-05-24 04:00:00,5619.774550108913,5637.934071773339,3409.5648453212025
forecast_3437,2025-05-24 05:00:00,5905.7252881087115,6556.547867904732,3456.3069717113494
forecast_3438,2025-05-24 06:00:00,6028.282131432736,6721.2193564789195,3943.7704232666965
forecast_3439,2025-05-24 07:00:00,5605.282321582555,6305.588923044041,3834.4248595783383
forecast_3440,2025-05-24 08:00:00,5594.10562157272,5924.862009361443,4010.2217225064787
forecast_3441,2025-05-24 09:00:00,5242.180209096572,5707.5397401365735,4022.096288218664
forecast_3442,2025-05-24 10:00:00,5505.457960031789,5673.10402497987,4247.096624380912
forecast_3443,2025-05-24 11:00:00,5047.088050261991,5082.399482171302,4260.987441741383
forecast_3444,2025-05-24 12:00:00,5189.294237844221,5582.295003860099,4387.670214455077
forecast_3445,2025-05-24 13:00:00,5163.1523104451835,5590.177578477146,4515.16721590633
forecast_3446,2025-05-24 14:00:00,5371.042331734399,5712.119499498434,4757.875595170721
forecast_3447,2025-05-24 15:00:00,5839.464916651578,6477.41294280243,5144.594507163826
forecast_3448,2025-05-24 16:00:00,6752.731045941118,7829.042814985434,5886.50940320729
forecast_3449,2025-05-24 17:00:00,7527.995949450453,9256.449664008956,6688.241539786165
forecast_3450,2025-05-24 18:00:00,7415.059843094754,8832.610740827535,6670.1315459651505
forecast_3451,2025-05-24 19:00:00,7110.592203646121,8625.171398817227,6349.378357228205
forecast_3452,2025-05-24 20:00:00,7107.287201321451,8461.945674927574,6459.613980051851
forecast_3453,2025-05-24 21:00:00,7488.38258644945,9199.84137728105,6608.512220894216
forecast_3454,2025-05-24 22:00:00,6831.275501114408,7975.695397317229,6099.9842186930855
forecast_3455,2025-05-24 23:00:00,6602.151353694831,6862.156499320666,5751.460437908213
forecast_3456,2025-05-25 00:00:00,6201.006242197583,5969.209598458159,5213.092905210552
forecast_3457,2025-05-25 01:00:00,5714.9782503632505,5122.216362488132,4554.717202061625
forecast_3458,2025-05-25 02:00:00,5271.237468766046,4596.835086250023,4030.7291385660988
forecast_3459,2025-05-25 03:00:00,4675.512712836627,3975.196203234577,3701.201868659296
forecast_3460,2025-05-25 04:00:00,4359.614407567986,3826.856286051382,3548.3851489539284
forecast_3461,2025-05-25 05:00:00,4599.0911853691805,4203.6401215169035,3662.1136223498484
forecast_3462,2025-05-25 06:00:00,4719.582475894312,4298.3117881895205,3798.492930210803
forecast_3463,2025-05-25 07:00:00,4266.087317303836,4181.904639755783,3290.2148665256204
forecast_3464,2025-05-25 08:00:00,3939.8422968891737,3863.560996204784,2834.587713160765
forecast_3465,2025-05-25 09:00:00,3339.6553813599044,2785.6557736893883,2284.520959551949
forecast_3466,2025-05-25 10:00:00,2488.2333679952735,1797.9127001724246,2092.4484934501043
forecast_3467,2025-05-25 11:00:00,2563.6739831163677,1319.550444219422,2075.239425370816
forecast_3468,2025-05-25 12:00:00,2723.2695818004454,2149.277106343536,2117.746087717432
forecast_3469,2025-05-25 13:00:00,4038.8072384693905,3279.403424331211,2634.0893864013105
forecast_3470,2025-05-25 14:00:00,4353.635720569824,4104.863653177263,2513.965998957035
forecast_3471,2025-05-25 15:00:00,4354.130928897139,3480.6476950386873,2106.0950993720517
forecast_3472,2025-05-25 16:00:00,4097.038011751309,3427.731311324147,3767.273334112557
forecast_3473,2025-05-25 17:00:00,4537.5283522713935,5003.604497481372,3260.394769843613
forecast_3474,2025-05-25 18:00:00,5133.288121518412,5391.099618210383,4341.842168090564
forecast_3475,2025-05-25 19:00:00,4671.208149797181,4635.169819234268,3817.134737706168
forecast_3476,2025-05-25 20:00:00,6556.997856752305,7245.27328442339,4716.541520530816
forecast_3477,2025-05-25 21:00:00,7508.407617116214,8417.307955269942,5874.64931108508
forecast_3478,2025-05-25 22:00:00,8189.276470792911,8963.945907435867,6320.520763936045
forecast_3479,2025-05-25 23:00:00,8901.655930732866,9040.014961981975,5993.938350568569
forecast_3480,2025-05-26 00:00:00,10224.332330676414,9822.989607009591,6982.376429140411
forecast_3481,2025-05-26 01:00:00,10491.846211703516,10083.868294378073,6948.327333547641
forecast_3482,2025-05-26 02:00:00,9671.38259712073,9237.714471399977,6206.843935571362
forecast_3483,2025-05-26 03:00:00,9326.477324828324,8491.852508856686,5715.197590676801
forecast_3484,2025-05-26 04:00:00,8772.137909884581,7195.302212981016,5097.652195209189
forecast_3485,2025-05-26 05:00:00,7231.869286654869,6445.369173715678,4502.984412134436
forecast_3486,2025-05-26 06:00:00,6436.368045141175,5068.690227329698,4054.480570807201
forecast_3487,2025-05-26 07:00:00,4888.984921080708,3960.0533021776564,3539.524912262794
forecast_3488,2025-05-26 08:00:00,3906.2521699199406,3166.8382698565792,3150.6787649603702
forecast_3489,2025-05-26 09:00:00,3213.025290419186,2386.858626479736,2707.6966380968984
forecast_3490,2025-05-26 10:00:00,2672.0525426794043,2083.9634742411217,2417.457424087338
forecast_3491,2025-05-26 11:00:00,2261.2021622056436,1721.311751805652,2093.017539661692
forecast_3492,2025-05-26 12:00:00,2057.339000178562,1186.4507223498633,1640.5021803606594
forecast_3493,2025-05-26 13:00:00,2911.15884442089,2211.8732945469537,3004.8262579839784
forecast_3494,2025-05-26 14:00:00,3225.0161443611955,2066.1638038367846,3047.3949943725665
forecast_3495,2025-05-26 15:00:00,3302.223872008857,2434.9003687821255,2520.582826914065
forecast_3496,2025-05-26 16:00:00,2933.966369813831,2148.404302086401,2534.6639204961675
forecast_3497,2025-05-26 17:00:00,3215.0565794849854,2209.2906009292765,2547.0997042197214
forecast_3498,2025-05-26 18:00:00,3206.762540981973,2319.7172074179475,2560.224782201604
forecast_3499,2025-05-26 19:00:00,3257.489114279316,2766.2637811721806,2730.7795952938695
forecast_3500,2025-05-26 20:00:00,3460.6631441839145,2904.155334563119,3133.8462933420337
forecast_3501,2025-05-26 21:00:00,4395.90284459313,3738.9111188622064,3592.633621050618
forecast_3502,2025-05-26 22:00:00,5037.980368809319,4992.236778104613,4191.557254487972
forecast_3503,2025-05-26 23:00:00,6568.435814359718,6611.617577154317,4838.002469920137
forecast_3504,2025-05-27 00:00:00,7856.421452940445,7783.276954485883,5476.6997771434135
forecast_3505,2025-05-27 01:00:00,8519.505702973674,7929.162562859049,5225.886347145333
forecast_3506,2025-05-27 02:00:00,8652.376575047505,8213.242789201533,5388.159418366375
forecast_3507,2025-05-27 03:00:00,8321.382801511449,7569.585178914941,5236.048250081967
forecast_3508,2025-05-27 04:00:00,7852.412104805941,7038.256286572647,5087.6161558334115
forecast_3509,2025-05-27 05:00:00,6496.296971095622,5549.570404232477,4251.172798358978
forecast_3510,2025-05-27 06:00:00,5837.125561651157,4779.993606303502,3625.1768957959366
forecast_3511,2025-05-27 07:00:00,4504.381032076518,3710.0610105479827,3313.691906725083
forecast_3512,2025-05-27 08:00:00,3301.035630458614,2820.6339261456624,2727.012320719432
forecast_3513,2025-05-27 09:00:00,2532.937081005539,2153.600597581306,2317.7327456285716
forecast_3514,2025-05-27 10:00:00,2112.025339803384,1971.4768566879557,2454.3222635244815
forecast_3515,2025-05-27 11:00:00,1884.399121699009,1500.9973332037675,1874.429897125973
forecast_3516,2025-05-27 12:00:00,2196.1580226668852,1741.0346132629315,2797.016144643874
forecast_3517,2025-05-27 13:00:00,2060.492330706699,1482.3411529886575,2437.883608967414
forecast_3518,2025-05-27 14:00:00,2090.3179757027233,1451.2383459481432,2400.026070601133
forecast_3519,2025-05-27 15:00:00,1921.6702404302778,1289.262294946779,1862.3608855846824
forecast_3520,2025-05-27 16:00:00,2077.4882594229343,1835.5691857553888,2044.9349423812653
forecast_3521,2025-05-27 17:00:00,1918.478366003211,1489.173262034912,2004.9400125969873
forecast_3522,2025-05-27 18:00:00,1985.843416696298,1585.4944271329673,1908.3837887987497
forecast_3523,2025-05-27 19:00:00,2470.952229837077,1763.448546671039,2162.813715712023
forecast_3524,2025-05-27 20:00:00,2570.2049321524546,1714.5318968218312,2589.8597412272857
forecast_3525,2025-05-27 21:00:00,3179.4224763689504,2855.4624425805605,2845.233668801808
forecast_3526,2025-05-27 22:00:00,3419.3044083744903,3414.0776758967604,3315.644732636621
forecast_3527,2025-05-27 23:00:00,3718.6391915299614,3754.130258316663,3709.292195029274
forecast_3528,2025-05-28 00:00:00,4048.6381352394387,3967.511233429209,3877.321076985342
forecast_3529,2025-05-28 01:00:00,5181.999378625305,4912.061079244381,3770.0834250305625
forecast_3530,2025-05-28 02:00:00,6039.704220306099,5891.061632018797,4152.078545803717
forecast_3531,2025-05-28 03:00:00,6599.348800479496,6216.469324872748,4220.8739681097795
forecast_3532,2025-05-28 04:00:00,6378.970780557775,5760.943308803833,4306.377592462874
forecast_3533,2025-05-28 05:00:00,5404.499777851336,5414.348376197849,3668.0177330794086
forecast_3534,2025-05-28 06:00:00,4537.078759373325,3640.862041297748,3140.4952810611358
forecast_3535,2025-05-28 07:00:00,3739.0255169763545,3355.098891961127,2649.583618893474
forecast_3536,2025-05-28 08:00:00,2641.451832994912,2251.377528236062,2017.9652231152718
forecast_3537,2025-05-28 09:00:00,1888.5732398603523,1485.7814309424045,1637.6005294543836
forecast_3538,2025-05-28 10:00:00,1587.7280360347468,1139.7717467598218,1390.4816727884258
forecast_3539,2025-05-28 11:00:00,1917.4706518032958,1466.4764506649008,1627.243029608626
forecast_3540,2025-05-28 12:00:00,2198.4768156905548,1404.2349004866228,2139.47895711908
forecast_3541,2025-05-28 13:00:00,2469.124959073664,1856.305248822101,1827.1466146241664
forecast_3542,2025-05-28 14:00:00,2039.1034024194068,1266.355644470305,2047.3490548927687
forecast_3543,2025-05-28 15:00:00,2053.549945562284,1711.7442454623274,2494.6020156923505
forecast_3544,2025-05-28 16:00:00,2576.2850777986378,1737.0192735902979,2301.673962584495
forecast_3545,2025-05-28 17:00:00,3633.546742454192,2300.844593587124,2577.2540477524667
forecast_3546,2025-05-28 18:00:00,3516.251719739962,2484.3726387879096,3328.757068446797
forecast_3547,2025-05-28 19:00:00,3300.941757362152,2846.717182065999,3170.3137807940457
forecast_3548,2025-05-28 20:00:00,2994.0537883400957,2746.6382284409433,3004.8065220434064
forecast_3549,2025-05-28 21:00:00,3387.1140501581276,2826.4664406106876,3172.1001018923953
forecast_3550,2025-05-28 22:00:00,3356.635530535515,3013.4658139997496,3441.360973243482
forecast_3551,2025-05-28 23:00:00,4077.9569850961807,3433.4846559729817,3502.237015054801
forecast_3552,2025-05-29 00:00:00,4017.4676069953766,3403.067728183053,3539.6616807036016
forecast_3553,2025-05-29 01:00:00,3477.669853028991,3032.7263891353605,3306.448517354017
forecast_3554,2025-05-29 02:00:00,3468.5855932937293,2735.242638825156,2987.8680574156842
forecast_3555,2025-05-29 03:00:00,3632.4665712245883,2842.3567180930295,2904.025653818877
forecast_3556,2025-05-29 04:00:00,3726.285745772017,2689.9640588019765,2859.4649056684284
forecast_3557,2025-05-29 05:00:00,3409.3535442171647,2511.138245611375,2649.176571227887
forecast_3558,2025-05-29 06:00:00,2824.416559119795,2221.4615924357786,2351.247153113927
forecast_3559,2025-05-29 07:00:00,2287.6173055387653,1923.3048375819963,2121.789511932876
forecast_3560,2025-05-29 08:00:00,1841.4126538160021,1514.6645615355055,1863.035600381333
forecast_3561,2025-05-29 09:00:00,1745.7676070729199,1395.5269811048604,1709.9617718863528
forecast_3562,2025-05-29 10:00:00,1866.5845695661287,1319.0192432908998,1815.2031810192004
forecast_3563,2025-05-29 11:00:00,2158.7222003131255,1306.4711773923443,2069.1026147918556
forecast_3564,2025-05-29 12:00:00,2422.177019791199,1419.6719134690848,2072.2710235899767
forecast_3565,2025-05-29 13:00:00,2377.5195327794763,1438.711768946177,2201.3435661358553
forecast_3566,2025-05-29 14:00:00,2453.9954752966687,1678.6601484891858,2190.7895831388532
forecast_3567,2025-05-29 15:00:00,2468.545025666973,1692.6631247952305,2172.3135222587853
forecast_3568,2025-05-29 16:00:00,2785.1125719402157,1784.835085628751,2357.7224149720414
forecast_3569,2025-05-29 17:00:00,2562.8018659646154,1575.9933224519482,2200.818958361416
forecast_3570,2025-05-29 18:00:00,2733.262279808036,2099.295709032626,2157.457075692148
forecast_3571,2025-05-29 19:00:00,2812.7639989468566,2223.2753112432633,2116.4424025149897
forecast_3572,2025-05-29 20:00:00,3186.489187772611,2627.9846391456313,2266.733827921298
forecast_3573,2025-05-29 21:00:00,3212.4873912198,2762.5897701040385,2172.471387842965
forecast_3574,2025-05-29 22:00:00,3202.926066182813,3121.774792289951,2178.835475240708
forecast_3575,2025-05-29 23:00:00,2946.742792767571,2709.1345598824264,2168.696643446849
forecast_3576,2025-05-30 00:00:00,3098.7298212335877,2832.9308707299415,2265.066667069872
forecast_3577,2025-05-30 01:00:00,2914.213333309589,2328.665408357119,2087.6856388418337
forecast_3578,2025-05-30 02:00:00,3020.6382426222535,2732.959351382681,2358.4248704972388
forecast_3579,2025-05-30 03:00:00,3227.5868157373043,3271.6625158141665,2371.229801302049
forecast_3580,2025-05-30 04:00:00,3271.765966154594,3270.9387985755266,2386.526782107094
forecast_3581,2025-05-30 05:00:00,3371.140619471561,3522.7004281790028,2422.4249269812444
forecast_3582,2025-05-30 06:00:00,3649.793068675278,3953.891829995973,2558.984369550856
forecast_3583,2025-05-30 07:00:00,3713.471022495947,3676.6125517757437,2424.2100722508944
forecast_3584,2025-05-30 08:00:00,3599.202633082639,3356.8066844773416,2461.456388755289
forecast_3585,2025-05-30 09:00:00,3093.5139938238763,2791.8291769347334,2396.68819279338
forecast_3586,2025-05-30 10:00:00,2993.972517769257,2488.548570493712,2383.138844915115
forecast_3587,2025-05-30 11:00:00,2846.2887348384984,891.1243286132812,2187.5377024755626
forecast_3588,2025-05-30 12:00:00,2809.688467409863,1690.1014606083513,2160.1463903492377
forecast_3589,2025-05-30 13:00:00,2930.120738938741,1657.768746198571,2296.3325374609394
forecast_3590,2025-05-30 14:00:00,2598.762918483524,1538.188141623627,2253.5420497684213
forecast_3591,2025-05-30 15:00:00,2530.154507624571,1445.088284522702,2095.679255139974
forecast_3592,2025-05-30 16:00:00,2225.5451254154054,1353.99939497496,1929.6528552160332
forecast_3593,2025-05-30 17:00:00,2312.839024664333,1425.1184580652912,1898.5822337889576
forecast_3594,2025-05-30 18:00:00,2567.8789927997086,1866.7265194847141,1830.866332038383
forecast_3595,2025-05-30 19:00:00,2611.5057687359485,2085.390952202277,1862.0233170573626
forecast_3596,2025-05-30 20:00:00,2759.284434870096,2374.780179627931,1904.124172464397
forecast_3597,2025-05-30 21:00:00,3160.7186819664507,3026.871745157741,2151.2065222850492
forecast_3598,2025-05-30 22:00:00,3108.39313926499,2674.054805104145,2363.003267359089
forecast_3599,2025-05-30 23:00:00,3111.517298562492,2826.411573701056,2405.52374486568
forecast_3600,2025-05-31 00:00:00,3130.23914486648,2837.5795982546397,2453.3219337874184
forecast_3601,2025-05-31 01:00:00,2784.48915612152,2424.1552516040165,2513.820596986522
forecast_3602,2025-05-31 02:00:00,3195.098225736533,2532.5504150139877,2731.097483922696
forecast_3603,2025-05-31 03:00:00,3398.7647070771845,2277.1776696817883,2634.0521389400565
forecast_3604,2025-05-31 04:00:00,3454.73685934702,2443.8971528127167,2631.1605241230377
forecast_3605,2025-05-31 05:00:00,3363.378483289705,2494.2643355719993,2662.871190673162
forecast_3606,2025-05-31 06:00:00,3094.7509141650003,2495.3603277156726,2412.676839449311
forecast_3607,2025-05-31 07:00:00,2878.1186421677185,2984.2105382139384,2400.786169950584
forecast_3608,2025-05-31 08:00:00,3041.763507508269,3009.9831900300815,2197.9905605087065
forecast_3609,2025-05-31 09:00:00,2577.1944651316608,2296.2692770385365,2084.9964549371857
forecast_3610,2025-05-31 10:00:00,2561.4890693667585,1890.099399958163,2065.685388983669
forecast_3611,2025-05-31 11:00:00,2932.0119153410424,2154.7154636627592,2161.6023463181136
forecast_3612,2025-05-31 12:00:00,3196.5085679151234,2357.303843361725,2332.197201015791
forecast_3613,2025-05-31 13:00:00,2996.2541595180455,2038.7608753506067,2282.8006395018533
forecast_3614,2025-05-31 14:00:00,3190.843997166642,2195.460600882984,2399.948627153209
forecast_3615,2025-05-31 15:00:00,3153.044100206762,2612.2596068633384,2332.184359115686
forecast_3616,2025-05-31 16:00:00,2818.4992476316384,2652.9631013333546,2202.976396815106
forecast_3617,2025-05-31 17:00:00,2864.0622157079247,2436.0505437665324,2147.467698811675
forecast_3618,2025-05-31 18:00:00,3222.8576559050007,3207.509948590487,2235.6417818630102
forecast_3619,2025-05-31 19:00:00,3160.0096824110888,2458.337814566602,2086.821604838805
forecast_3620,2025-05-31 20:00:00,3152.335327147618,2904.0346462963907,2329.1492344492044
forecast_3621,2025-05-31 21:00:00,3162.488864154632,3053.0049638054697,2425.6885899075537
forecast_3622,2025-05-31 22:00:00,3088.852597256533,2920.5110094433485,2491.6597023374925
forecast_3623,2025-05-31 23:00:00,3322.6113379999206,3014.2378204003385,2664.2645617597495
forecast_3624,2025-06-01 00:00:00,3094.7887356652827,2699.712670772955,2644.3036004489986
forecast_3625,2025-06-01 01:00:00,3092.4284649642905,2420.3151551653846,2432.4364270633973
forecast_3626,2025-06-01 02:00:00,3278.968712817129,2667.2754408646792,2567.103696611791
forecast_3627,2025-06-01 03:00:00,3701.331977097958,3153.244999770428,2886.3381356502623
forecast_3628,2025-06-01 04:00:00,4394.949715575137,3576.079358781218,3179.8681789375396
forecast_3629,2025-06-01 05:00:00,3814.458543851295,3320.7195956172027,2952.4764872467185
forecast_3630,2025-06-01 06:00:00,3434.4453164592937,3040.8110132915854,2628.747848285348
forecast_3631,2025-06-01 07:00:00,2982.967732218649,2772.9993815110965,2226.643154082814
forecast_3632,2025-06-01 08:00:00,2223.696735537435,1645.046447021065,1756.795304990655
forecast_3633,2025-06-01 09:00:00,2097.478992589526,1535.34207287942,1768.957324131122
forecast_3634,2025-06-01 10:00:00,2117.2130851317565,1353.9191293071585,1742.9706241130475
forecast_3635,2025-06-01 11:00:00,1992.1439631929165,1080.7076816958913,1645.5712417863613
forecast_3636,2025-06-01 12:00:00,2286.250665687066,1235.9564966679714,1641.7457917611118
forecast_3637,2025-06-01 13:00:00,2121.208081322944,1204.7204456381808,1686.8980000526249
forecast_3638,2025-06-01 14:00:00,2539.6951772005577,1406.3836137993583,1887.0243159527347
forecast_3639,2025-06-01 15:00:00,2540.521833376979,2041.8637469306373,2088.867616770934
forecast_3640,2025-06-01 16:00:00,1948.8794889789388,1158.043806103815,1695.4221301326593
forecast_3641,2025-06-01 17:00:00,1998.324974720976,1290.1370285369535,1902.0279471762785
forecast_3642,2025-06-01 18:00:00,3559.1424271081796,2519.597921463722,2685.112872427295
forecast_3643,2025-06-01 19:00:00,4837.195991596909,4556.455461959153,3454.668056525282
forecast_3644,2025-06-01 20:00:00,5345.01698286956,5749.219166682064,4306.686554683756
forecast_3645,2025-06-01 21:00:00,5990.175063185994,6553.405108274888,4200.309021775804
forecast_3646,2025-06-01 22:00:00,6490.749928903422,7136.887145592427,4587.958672614957
forecast_3647,2025-06-01 23:00:00,6520.966792822406,6177.318029270791,4458.151241454214
forecast_3648,2025-06-02 00:00:00,6788.3306258322955,6463.5767984920385,4696.3581920795295
forecast_3649,2025-06-02 01:00:00,6847.276271755207,6526.664530811719,4614.203224660488
forecast_3650,2025-06-02 02:00:00,6665.849908439566,5261.5877657614565,4823.769874629963
forecast_3651,2025-06-02 03:00:00,6860.389353109333,5750.61302786809,4379.17173973975
forecast_3652,2025-06-02 04:00:00,5624.375399466766,4132.914988511591,3898.754177053512
forecast_3653,2025-06-02 05:00:00,4676.188347490181,4012.9235565544827,3647.4883988562424
forecast_3654,2025-06-02 06:00:00,4400.618255114165,3422.9262819100486,3401.393305088077
forecast_3655,2025-06-02 07:00:00,3459.0447723911348,2811.582092614067,2944.13328331301
forecast_3656,2025-06-02 08:00:00,3362.595870059491,2693.9081879573732,2870.774081613132
forecast_3657,2025-06-02 09:00:00,3402.8826610752544,2887.7408040979153,2456.632740115551
forecast_3658,2025-06-02 10:00:00,3198.2638548568048,2890.9293291467447,2516.0650870682034
forecast_3659,2025-06-02 11:00:00,3191.5340344450815,2599.5461564267143,2597.3712284198273
forecast_3660,2025-06-02 12:00:00,3236.64059504354,2301.213592717958,2553.2754622367574
forecast_3661,2025-06-02 13:00:00,3221.480021537186,2141.344571135817,2486.527865843214
forecast_3662,2025-06-02 14:00:00,3116.6184774536414,1797.4442690957999,2340.1063388786292
forecast_3663,2025-06-02 15:00:00,4208.765433035199,3410.498590029865,3124.4536541577127
forecast_3664,2025-06-02 16:00:00,5200.9496584626995,4324.7699158094765,3587.375850980075
forecast_3665,2025-06-02 17:00:00,5544.504906161079,4780.815283382939,3719.318760353323
forecast_3666,2025-06-02 18:00:00,5996.613745723975,5770.330422331097,4085.238109297494
forecast_3667,2025-06-02 19:00:00,6022.883603147782,6193.561914230289,4147.533990819789
forecast_3668,2025-06-02 20:00:00,5752.983748916422,6249.201720733284,4173.3604745675375
forecast_3669,2025-06-02 21:00:00,5741.356867912014,6925.52378760367,4276.486637443868
forecast_3670,2025-06-02 22:00:00,5348.252109313518,5860.51888547165,4181.487519006447
forecast_3671,2025-06-02 23:00:00,5230.172987210669,5140.953219678317,4318.791391010195
forecast_3672,2025-06-03 00:00:00,4300.130337606663,3969.9879948535204,3381.767726966602
forecast_3673,2025-06-03 01:00:00,4493.736963392822,3901.494346559354,3257.4964519765435
forecast_3674,2025-06-03 02:00:00,4847.0916031347415,4099.3786362924875,3038.116893974015
forecast_3675,2025-06-03 03:00:00,4968.75207002197,4775.718374129897,3411.8327914755373
forecast_3676,2025-06-03 04:00:00,4852.083128004085,3933.9677300581543,3135.8684461723333
forecast_3677,2025-06-03 05:00:00,4711.901816711332,4395.38759633928,3230.1527951616786
forecast_3678,2025-06-03 06:00:00,4147.208399090771,3828.8587231417214,3130.4422557845896
forecast_3679,2025-06-03 07:00:00,3625.133827744052,3378.2180052296144,2912.2941522889832
forecast_3680,2025-06-03 08:00:00,3687.2317332458883,3312.2496685357883,2981.941623907004
forecast_3681,2025-06-03 09:00:00,3876.9010363814996,3369.0349631560566,2958.025889992018
forecast_3682,2025-06-03 10:00:00,4723.989192498901,4514.313666319009,3615.340849696058
forecast_3683,2025-06-03 11:00:00,5307.89292096232,5294.593875247711,3875.1024780811713
forecast_3684,2025-06-03 12:00:00,5981.529632778906,6412.712159417854,4598.1773168148575
forecast_3685,2025-06-03 13:00:00,6823.3731448635335,7491.144384337066,5017.668210469956
forecast_3686,2025-06-03 14:00:00,9087.393139661894,8839.598395549518,6310.513873487645
forecast_3687,2025-06-03 15:00:00,10667.626343681539,9909.327374512064,8542.901846315757
forecast_3688,2025-06-03 16:00:00,12441.672982082644,10826.797448752932,9775.169573756355
forecast_3689,2025-06-03 17:00:00,12711.830346672872,11818.708428851924,10238.239433557766
forecast_3690,2025-06-03 18:00:00,12923.460713233288,12742.601710793191,10764.680179948173
forecast_3691,2025-06-03 19:00:00,13843.757937646062,13479.23556490233,11851.125880859729
forecast_3692,2025-06-03 20:00:00,14503.30300665259,14524.41499188881,13537.035187431627
forecast_3693,2025-06-03 21:00:00,16046.378524800415,16321.070875506324,15485.617687061505
forecast_3694,2025-06-03 22:00:00,15846.428753868562,15408.635232907585,15394.512663048572
forecast_3695,2025-06-03 23:00:00,14995.540621367929,14334.631251802515,15058.053645065664
forecast_3696,2025-06-04 00:00:00,14949.211343299052,14854.957142492536,16100.165052199418
forecast_3697,2025-06-04 01:00:00,15307.870856190728,14900.162499592312,16916.877879336524
forecast_3698,2025-06-04 02:00:00,15146.066574716551,14734.668345158454,15652.957157649178
forecast_3699,2025-06-04 03:00:00,15715.998362291923,15258.317955088121,15818.931413155226
forecast_3700,2025-06-04 04:00:00,16405.201425449006,15613.670013912399,16587.711699356514
forecast_3701,2025-06-04 05:00:00,16547.257331482768,16383.81166212066,16964.759936489434
forecast_3702,2025-06-04 06:00:00,17599.20769205766,17737.03724272396,17888.345257540008
forecast_3703,2025-06-04 07:00:00,17883.03031207217,18319.434674667136,17686.097826150686
forecast_3704,2025-06-04 08:00:00,17834.281202575025,17994.297981331976,17476.772591591445
forecast_3705,2025-06-04 09:00:00,17747.619696410125,17709.92352532455,16265.221068967528
forecast_3706,2025-06-04 10:00:00,17634.32215017847,17183.622484641684,15162.82481954418
forecast_3707,2025-06-04 11:00:00,17302.56417511241,16996.161918613943,15028.060958815679
forecast_3708,2025-06-04 12:00:00,16978.148536149674,16953.1247872426,15026.389282562153
forecast_3709,2025-06-04 13:00:00,16500.42810090338,16248.562577962957,14392.396355750307
forecast_3710,2025-06-04 14:00:00,15704.098574480766,15843.921078876434,12966.46591157042
forecast_3711,2025-06-04 15:00:00,14459.767378455745,14213.354043722074,11588.840443146417
forecast_3712,2025-06-04 16:00:00,14024.283100387125,13361.600650439372,10795.80336383813
forecast_3713,2025-06-04 17:00:00,13879.029965550444,13326.905867947866,11768.930883738136
forecast_3714,2025-06-04 18:00:00,13293.720106261122,11791.470218093196,12252.42706757264
forecast_3715,2025-06-04 19:00:00,13748.953793389763,12490.152869709687,13117.55192978645
forecast_3716,2025-06-04 20:00:00,13590.742320063368,12627.625215851534,13108.09794020949
forecast_3717,2025-06-04 21:00:00,14022.910176814623,13028.215732193115,14488.32072282218
forecast_3718,2025-06-04 22:00:00,12433.083423988908,12333.622912836305,12169.460043198129
forecast_3719,2025-06-04 23:00:00,13897.52891758913,12876.943450020022,14555.693997900376
forecast_3720,2025-06-05 00:00:00,14764.352284624121,13950.683889212964,14782.455496822144
forecast_3721,2025-06-05 01:00:00,15236.476541435904,14155.880313564978,12944.042008823948
forecast_3722,2025-06-05 02:00:00,14896.473874742627,14316.275132175726,11972.339045363744
forecast_3723,2025-06-05 03:00:00,15178.531669810387,14980.755598505692,12711.11143190505
forecast_3724,2025-06-05 04:00:00,15803.64782999683,14915.439752500954,12767.631804022612
forecast_3725,2025-06-05 05:00:00,16464.89986191156,15514.267362086082,13054.424086479661
forecast_3726,2025-06-05 06:00:00,15485.03612580295,14899.511036636617,11728.550869044062
forecast_3727,2025-06-05 07:00:00,14338.437805233265,14951.28138209053,11598.498663292177
forecast_3728,2025-06-05 08:00:00,12013.188922954105,13661.660690019578,10338.142033068605
forecast_3729,2025-06-05 09:00:00,9853.049240081353,10198.036661361275,7881.342925507646
forecast_3730,2025-06-05 10:00:00,7990.106612273885,7888.860397906742,5893.66390462318
forecast_3731,2025-06-05 11:00:00,7521.900064851787,6777.099491761691,5395.996203469168
forecast_3732,2025-06-05 12:00:00,7539.671660342379,7150.271252298394,5427.40414802381
forecast_3733,2025-06-05 13:00:00,7276.469777037171,7098.475247853624,5662.10395570694
forecast_3734,2025-06-05 14:00:00,7171.309204772499,6530.251782218204,6333.060685921646
forecast_3735,2025-06-05 15:00:00,8004.997466822728,7236.505489019125,7405.3498638545025
forecast_3736,2025-06-05 16:00:00,9499.909968217675,9529.786644647616,9132.851407049284
forecast_3737,2025-06-05 17:00:00,11563.53383916273,11412.750310012188,11418.003008356158
forecast_3738,2025-06-05 18:00:00,12676.89331775055,12313.631797226475,13019.31603255192
forecast_3739,2025-06-05 19:00:00,14589.033565289585,13566.311520910765,15588.865410807699
forecast_3740,2025-06-05 20:00:00,16172.036936483406,15343.223282855779,16888.60154942627
forecast_3741,2025-06-05 21:00:00,17238.67608038034,16337.160351481083,17765.461764498003
forecast_3742,2025-06-05 22:00:00,18424.896061201158,17299.88888682196,18580.555808956007
forecast_3743,2025-06-05 23:00:00,18968.750710187196,17295.94337869179,18855.558335146154
forecast_3744,2025-06-06 00:00:00,19458.01193746135,17725.001735565726,19495.144325055957
forecast_3745,2025-06-06 01:00:00,18953.66256423431,18036.043880544225,18993.156315446166
forecast_3746,2025-06-06 02:00:00,19839.418034740647,18167.10525253792,19331.40533554535
forecast_3747,2025-06-06 03:00:00,20357.132951615567,18460.01353823498,19925.47767158896
forecast_3748,2025-06-06 04:00:00,20225.785616125955,18353.386927414664,19856.19410110179
forecast_3749,2025-06-06 05:00:00,20220.44353802746,18608.48570698523,19796.900542357595
forecast_3750,2025-06-06 06:00:00,19746.85862696443,18169.185621219192,19465.499341435196
forecast_3751,2025-06-06 07:00:00,18488.414954934145,17873.83974865877,18894.67084363083
forecast_3752,2025-06-06 08:00:00,17377.7911976068,17386.806132201593,18179.104421938137
forecast_3753,2025-06-06 09:00:00,15373.451805231083,16473.844873295253,17008.97357142741
forecast_3754,2025-06-06 10:00:00,13714.980124929934,14842.373085559531,14999.817801012729
forecast_3755,2025-06-06 11:00:00,13424.822909775048,14921.20860549505,14290.702793556278
forecast_3756,2025-06-06 12:00:00,13904.42666089874,14847.503970155885,14607.527380222724
forecast_3757,2025-06-06 13:00:00,13819.34781233428,14669.899152818532,14575.344626054157
forecast_3758,2025-06-06 14:00:00,14439.305703072067,15138.449020036967,14748.841127935428
forecast_3759,2025-06-06 15:00:00,14527.546877925663,14607.220022433681,15094.685129830697
forecast_3760,2025-06-06 16:00:00,14977.98216894739,14989.051949164566,15592.291778872088
forecast_3761,2025-06-06 17:00:00,15058.380255449887,14469.9928082073,15968.800922798931
forecast_3762,2025-06-06 18:00:00,15465.551718013947,15348.93149884419,16573.244852243646
forecast_3763,2025-06-06 19:00:00,15334.734021640403,16369.253043469365,17021.66143570583
forecast_3764,2025-06-06 20:00:00,15888.962336332585,16763.967002404665,17601.813611935784
forecast_3765,2025-06-06 21:00:00,16529.329628401334,16469.527543706077,18336.83370761046
forecast_3766,2025-06-06 22:00:00,17315.001827341155,16772.38127265025,19258.89407129321
forecast_3767,2025-06-06 23:00:00,17491.04072363216,17002.406558367125,19479.890793655442
forecast_3768,2025-06-07 00:00:00,17660.124767349604,16955.07884664539,19559.649412885352
forecast_3769,2025-06-07 01:00:00,18484.719138417797,17484.710697182956,19378.545889078476
forecast_3770,2025-06-07 02:00:00,18686.427166364585,17461.31824829446,19370.140056154552
forecast_3771,2025-06-07 03:00:00,18452.256260255483,17436.960500992223,19222.195012137054
forecast_3772,2025-06-07 04:00:00,18565.525729608882,17465.363048266172,19445.57110324113
forecast_3773,2025-06-07 05:00:00,19709.73047915023,17682.278020869286,19739.33299899149
forecast_3774,2025-06-07 06:00:00,19218.337076409218,18011.973924909493,19088.562777406984
forecast_3775,2025-06-07 07:00:00,17844.324363215524,17640.860131778383,18322.776771453777
forecast_3776,2025-06-07 08:00:00,17631.406224665843,17169.76980344137,17809.009264405035
forecast_3777,2025-06-07 09:00:00,15169.88483480792,15428.215984631226,15373.735728024765
forecast_3778,2025-06-07 10:00:00,11176.387626792675,11377.814452094339,11281.22829161206
forecast_3779,2025-06-07 11:00:00,9817.244829335592,10088.708860951367,8660.394544460763
forecast_3780,2025-06-07 12:00:00,8335.819189602491,8510.234697171678,6886.553631868016
forecast_3781,2025-06-07 13:00:00,7116.937646861081,6279.568116696258,6252.210645279358
forecast_3782,2025-06-07 14:00:00,6829.579483734954,6101.530921336782,5487.289222413644
forecast_3783,2025-06-07 15:00:00,6309.446857324749,5573.900607710555,5125.4977899193045
forecast_3784,2025-06-07 16:00:00,6635.589221919514,5281.715344253198,5129.22579722188
forecast_3785,2025-06-07 17:00:00,6734.645522619705,5482.790653024416,4790.629574699148
forecast_3786,2025-06-07 18:00:00,7443.664794846905,6734.118953177203,5621.862557706146
forecast_3787,2025-06-07 19:00:00,9234.943190534379,9485.339843270209,7236.777849725894
forecast_3788,2025-06-07 20:00:00,10534.677398890253,11805.66053504769,8338.331782957684
forecast_3789,2025-06-07 21:00:00,13646.72833769299,15423.413272239017,12109.569292662785
forecast_3790,2025-06-07 22:00:00,14164.307300611727,14108.492941120523,12942.90547773442
forecast_3791,2025-06-07 23:00:00,13351.626274732153,13719.51215081542,12237.439333025879
forecast_3792,2025-06-08 00:00:00,12484.371462846691,13130.052066648577,10899.058056587583
forecast_3793,2025-06-08 01:00:00,12339.882878981582,13479.570844487092,10998.092740672328
forecast_3794,2025-06-08 02:00:00,11479.987241606974,12445.052900834336,8536.702302593252
forecast_3795,2025-06-08 03:00:00,10363.421206374871,11222.401529743358,7405.470344761605
forecast_3796,2025-06-08 04:00:00,9803.399842027418,10580.567535200034,6853.727226366706
forecast_3797,2025-06-08 05:00:00,9898.51099937229,9937.35767237928,6673.246869952357
forecast_3798,2025-06-08 06:00:00,7500.726158716217,8584.561212231645,4649.17488472138
forecast_3799,2025-06-08 07:00:00,5938.162954877778,5416.127652997977,4069.2801803493585
forecast_3800,2025-06-08 08:00:00,4854.85263991835,4002.7409744854826,3168.721710579868
forecast_3801,2025-06-08 09:00:00,3635.7217592312727,3042.309342116477,2669.5674767191513
forecast_3802,2025-06-08 10:00:00,2742.174555807239,2377.588569173783,2215.3031052950346
forecast_3803,2025-06-08 11:00:00,2587.441273428613,1802.939055450107,2417.052884829329
forecast_3804,2025-06-08 12:00:00,2275.0167789125944,1470.5992359455431,2192.9588080305034
forecast_3805,2025-06-08 13:00:00,1774.3912819140987,1225.4219496776373,1838.5944305514158
forecast_3806,2025-06-08 14:00:00,2071.6003590197597,1212.2680442056899,1886.2844226274249
forecast_3807,2025-06-08 15:00:00,2144.2577908105864,1238.2041828377787,1879.7068259505781
forecast_3808,2025-06-08 16:00:00,2673.5088409152277,1457.6779719833407,1987.8114826551327
forecast_3809,2025-06-08 17:00:00,2423.827166327049,1451.3505257643894,1987.321621815229
forecast_3810,2025-06-08 18:00:00,3152.2688692307574,1905.8284774472572,2169.164723615402
forecast_3811,2025-06-08 19:00:00,3306.866417867327,2502.868894901855,2373.8151522876337
forecast_3812,2025-06-08 20:00:00,3897.6973472258833,3364.8426365731343,2919.8556603620773
forecast_3813,2025-06-08 21:00:00,4238.095830397485,4701.077160187899,3626.9635930195127
forecast_3814,2025-06-08 22:00:00,5499.200329100142,5712.213641845871,4775.583978419971
forecast_3815,2025-06-08 23:00:00,7844.366065030003,8397.610285539806,6112.626715656796
forecast_3816,2025-06-09 00:00:00,10475.120153916068,10764.499508084888,7776.031756869228
forecast_3817,2025-06-09 01:00:00,10686.63285941093,11112.233534646364,7395.614607371832
forecast_3818,2025-06-09 02:00:00,11427.6192410193,11260.071854200392,7823.615007120078
forecast_3819,2025-06-09 03:00:00,10789.089905232646,10318.30818575115,7202.929067401383
forecast_3820,2025-06-09 04:00:00,10536.31372663534,9392.607552317892,6701.224143322796
forecast_3821,2025-06-09 05:00:00,8877.340294484597,8317.891252864461,5749.179450966902
forecast_3822,2025-06-09 06:00:00,7246.838400207958,6321.056440119159,4578.746058005315
forecast_3823,2025-06-09 07:00:00,5242.324734071146,4381.366801942184,3785.545267940158
forecast_3824,2025-06-09 08:00:00,5019.896464571554,4443.433845889153,3761.17484769629
forecast_3825,2025-06-09 09:00:00,4102.7942176689385,3821.4435701417983,3383.7218983242465
forecast_3826,2025-06-09 10:00:00,3524.750056033136,2928.0440173796387,2950.7306091809073
forecast_3827,2025-06-09 11:00:00,3269.908919650431,2536.55398421427,2589.61776905723
forecast_3828,2025-06-09 12:00:00,3025.402316332328,2078.5785426316197,2637.772097865214
forecast_3829,2025-06-09 13:00:00,2953.555192293081,1925.824471651279,2578.403565682896
forecast_3830,2025-06-09 14:00:00,3132.226449213623,2086.7242036291473,2880.140719101192
forecast_3831,2025-06-09 15:00:00,4105.173007150191,3158.7691421032087,3420.0355552460132
forecast_3832,2025-06-09 16:00:00,4346.020250771636,4000.9773992530077,4192.460576819969
forecast_3833,2025-06-09 17:00:00,4583.447776437384,4105.741277710313,4264.731172755431
forecast_3834,2025-06-09 18:00:00,4831.294292615531,4110.3629246072815,3872.2763561989723
forecast_3835,2025-06-09 19:00:00,5545.824552892758,5205.196194051875,3801.8083004831096
forecast_3836,2025-06-09 20:00:00,6377.075256394002,6971.81006552234,5237.96853122759
forecast_3837,2025-06-09 21:00:00,7483.250977857353,8780.281971295593,6250.695393099085
forecast_3838,2025-06-09 22:00:00,10228.085400210331,10894.085601014422,7817.8963971888015
forecast_3839,2025-06-09 23:00:00,12168.97470371952,14033.147807470481,10141.72761761476
forecast_3840,2025-06-10 00:00:00,13712.597998913116,14730.52843288485,11725.568561479886
forecast_3841,2025-06-10 01:00:00,14856.914110640802,16255.751278082347,13368.525482651057
forecast_3842,2025-06-10 02:00:00,16024.213670339394,17171.006647195565,14917.461611846351
forecast_3843,2025-06-10 03:00:00,17030.483810367266,17623.69202912721,16228.970294300752
forecast_3844,2025-06-10 04:00:00,16698.45390396257,16080.496967116107,16402.06655179283
forecast_3845,2025-06-10 05:00:00,17644.46118595943,15792.921347171297,17642.349707426205
forecast_3846,2025-06-10 06:00:00,16458.6225840794,15614.388084716276,15258.921201941368
forecast_3847,2025-06-10 07:00:00,15353.003469091062,14998.105838225796,13085.576740094406
forecast_3848,2025-06-10 08:00:00,13063.437527164731,14594.541287133987,10559.59295800732
forecast_3849,2025-06-10 09:00:00,9426.165949478145,9968.592658822736,7592.4395055092955
forecast_3850,2025-06-10 10:00:00,6896.243403117705,6744.662221714457,5011.3201270643995
forecast_3851,2025-06-10 11:00:00,6396.291736715264,5001.904781141015,4685.92653920181
forecast_3852,2025-06-10 12:00:00,6397.240290265805,5465.0151393665,4770.146282600013
forecast_3853,2025-06-10 13:00:00,6948.162486334688,6190.57657375839,5586.833444735645
forecast_3854,2025-06-10 14:00:00,7572.389192468637,6966.742406241798,6482.451094069639
forecast_3855,2025-06-10 15:00:00,8316.178628846279,7761.495339011993,6764.694866975957
forecast_3856,2025-06-10 16:00:00,8693.08443368476,8224.846808789314,6897.722444623628
forecast_3857,2025-06-10 17:00:00,9648.439379654259,8964.552243632075,7884.75288964535
forecast_3858,2025-06-10 18:00:00,10394.9748057966,9900.220153752643,8281.047356411314
forecast_3859,2025-06-10 19:00:00,11279.678554480888,10943.071101862599,9300.126375805747
forecast_3860,2025-06-10 20:00:00,12309.422567743588,13142.555222775805,11145.942571728265
forecast_3861,2025-06-10 21:00:00,13672.003320033737,14636.009451634807,13724.070679821329
forecast_3862,2025-06-10 22:00:00,14100.17816937585,14627.656952283747,14476.109460864136
forecast_3863,2025-06-10 23:00:00,14563.60355355496,14149.457021869475,15166.48374593358
forecast_3864,2025-06-11 00:00:00,14573.199508165604,13783.56631715161,15337.48738792552
forecast_3865,2025-06-11 01:00:00,13692.029411624284,14076.119336133172,14127.349127040778
forecast_3866,2025-06-11 02:00:00,15150.416701035214,14507.284845553702,13717.895312065255
forecast_3867,2025-06-11 03:00:00,16523.662659391535,15820.736539977812,14759.998267157858
forecast_3868,2025-06-11 04:00:00,16830.367168818462,15122.592628572072,15194.833863691903
forecast_3869,2025-06-11 05:00:00,17120.180939074336,14817.06164038697,14922.785588185718
forecast_3870,2025-06-11 06:00:00,15541.36290162769,14193.307520900093,13284.85661703932
forecast_3871,2025-06-11 07:00:00,14915.98145297803,14048.136289861344,12168.417296567326
forecast_3872,2025-06-11 08:00:00,12592.16200585098,12497.429574143944,10159.731574849944
forecast_3873,2025-06-11 09:00:00,9853.795748132008,9678.153767487653,7654.706790240486
forecast_3874,2025-06-11 10:00:00,8583.376901318075,7604.982250734736,6537.515654399355
forecast_3875,2025-06-11 11:00:00,8348.638583413245,7156.55220834193,6002.419144466878
forecast_3876,2025-06-11 12:00:00,7966.2888515617215,6766.352284154818,5681.992627932511
forecast_3877,2025-06-11 13:00:00,7426.135012714238,6626.914036225879,5488.17142068238
forecast_3878,2025-06-11 14:00:00,7616.421779611341,7479.958912561556,6157.348448439808
forecast_3879,2025-06-11 15:00:00,7031.29061116203,6799.032160128347,5293.717738612951
forecast_3880,2025-06-11 16:00:00,6079.7948534587995,5320.793950528585,4190.237180626322
forecast_3881,2025-06-11 17:00:00,6432.513311185712,5486.741944537575,4521.751751495989
forecast_3882,2025-06-11 18:00:00,4207.161544760641,4077.4927685724747,2924.3311967056716
forecast_3883,2025-06-11 19:00:00,4890.626298217494,4507.153232869468,3209.6035381419138
forecast_3884,2025-06-11 20:00:00,5527.366237862232,5430.302087826649,3944.715201361351
forecast_3885,2025-06-11 21:00:00,5899.609178436334,7232.019987630006,4476.037556302639
forecast_3886,2025-06-11 22:00:00,5973.340206435692,7201.879554835345,4422.973349655815
forecast_3887,2025-06-11 23:00:00,6720.1779904216855,7245.608665046134,4739.975063675709
forecast_3888,2025-06-12 00:00:00,7019.29436461851,7157.216529950326,4911.950187739022
forecast_3889,2025-06-12 01:00:00,6151.565144590074,5303.812735597281,3927.776792475049
forecast_3890,2025-06-12 02:00:00,6168.40526155732,5287.174762541825,4021.203649760277
forecast_3891,2025-06-12 03:00:00,5208.403039077645,4244.546346006959,3445.805086567574
forecast_3892,2025-06-12 04:00:00,4414.041293358102,3363.5313040382794,3353.8095863093195
forecast_3893,2025-06-12 05:00:00,3913.7296371686016,2901.1512678997005,3150.4105927920587
forecast_3894,2025-06-12 06:00:00,2975.0044413836267,2749.950115046182,2595.5521763759375
forecast_3895,2025-06-12 07:00:00,2476.7331140468814,2162.2470140139767,2177.6509645549118
forecast_3896,2025-06-12 08:00:00,1980.2192827412387,1626.7185155389352,1693.4959166134518
forecast_3897,2025-06-12 09:00:00,1768.3962552237824,1303.2336016908407,1700.7207963981787
forecast_3898,2025-06-12 10:00:00,1733.3714233487303,1138.597461672441,1738.7999107669148
forecast_3899,2025-06-12 11:00:00,1727.7113237128856,1126.9838897348154,1651.8256509999105
forecast_3900,2025-06-12 12:00:00,1785.5278069973824,1305.4176441852348,1738.1467635683255
forecast_3901,2025-06-12 13:00:00,2335.158284098022,1477.8887555930737,2075.8153363737265
forecast_3902,2025-06-12 14:00:00,2239.645446370843,1577.6503913314918,2051.349507327154
forecast_3903,2025-06-12 15:00:00,2361.9406342130524,1313.3073212245645,2038.5894423150003
forecast_3904,2025-06-12 16:00:00,2386.08361315604,1437.4338631833425,2186.0021708694576
forecast_3905,2025-06-12 17:00:00,2633.8975217769234,1873.2523193840364,2228.358935428159
forecast_3906,2025-06-12 18:00:00,2651.358163520953,2163.6911680319768,2208.4875079495296
forecast_3907,2025-06-12 19:00:00,3054.918555828431,2524.397725525796,2289.675421617486
forecast_3908,2025-06-12 20:00:00,3501.5051508210963,3426.7800089647153,3003.4107253137863
forecast_3909,2025-06-12 21:00:00,3370.4372188586776,3298.6717111059033,3074.461221362722
forecast_3910,2025-06-12 22:00:00,3559.2457822773354,4029.956879854231,3383.0763716640236
forecast_3911,2025-06-12 23:00:00,4269.962804543316,4307.092657925157,3548.7357098172865
forecast_3912,2025-06-13 00:00:00,4532.676412194574,4761.997525487215,3937.257362843513
forecast_3913,2025-06-13 01:00:00,4861.169717668302,5716.647016588145,3605.28895346274
forecast_3914,2025-06-13 02:00:00,6113.586471985864,6589.256978517459,4261.905067557913
forecast_3915,2025-06-13 03:00:00,6675.807752877717,7232.190749131834,4452.1788390833535
forecast_3916,2025-06-13 04:00:00,6395.27382213078,5633.524163968557,3924.536392769975
forecast_3917,2025-06-13 05:00:00,5148.4792197676925,4259.604577041657,3485.226756503877
forecast_3918,2025-06-13 06:00:00,4655.382733888853,4078.0781948228696,3301.358199235923
forecast_3919,2025-06-13 07:00:00,3636.467923085729,3133.0699495723165,3031.540494110127
forecast_3920,2025-06-13 08:00:00,2941.668245747714,2153.5446117547544,2561.3917975257436
forecast_3921,2025-06-13 09:00:00,2843.0764893785586,1993.0901397035404,2276.4551697597763
forecast_3922,2025-06-13 10:00:00,2337.769776115301,2249.5078030213217,2062.830038843684
forecast_3923,2025-06-13 11:00:00,2311.113335900838,1803.574568399898,2092.3571025031415
forecast_3924,2025-06-13 12:00:00,2085.3494028092,1135.573022475237,2030.6351174214376
forecast_3925,2025-06-13 13:00:00,2296.8870846393747,1165.9718276832782,2056.3054151618185
forecast_3926,2025-06-13 14:00:00,2686.827315283841,1098.7494206102633,2255.241629007806
forecast_3927,2025-06-13 15:00:00,2991.078809419489,1300.8401258166605,2680.467074014024
forecast_3928,2025-06-13 16:00:00,3232.047336014249,2279.824391494835,2563.3553335510796
forecast_3929,2025-06-13 17:00:00,3446.1199127145996,2626.5209964462692,2621.287590829354
forecast_3930,2025-06-13 18:00:00,3922.436148982705,3855.8327164326483,3233.2064886556045
forecast_3931,2025-06-13 19:00:00,3999.1012465393787,3497.115515845582,3207.8014305691513
forecast_3932,2025-06-13 20:00:00,4565.4171119713155,4929.374853617763,3665.5075558476597
forecast_3933,2025-06-13 21:00:00,5073.999342898425,4768.20401770114,3906.799763949889
forecast_3934,2025-06-13 22:00:00,5144.163722895191,5337.737226214254,4028.1088075852344
forecast_3935,2025-06-13 23:00:00,5886.854911836958,6310.329097641952,4536.027591634996
forecast_3936,2025-06-14 00:00:00,5740.444495944092,6118.931568347323,4798.292834420711
forecast_3937,2025-06-14 01:00:00,8133.660128618258,9581.779572522988,5835.022618560439
forecast_3938,2025-06-14 02:00:00,8306.255907698163,9607.803929733831,5618.871579573358
forecast_3939,2025-06-14 03:00:00,8065.014787741953,9983.609948139732,5637.128614864263
forecast_3940,2025-06-14 04:00:00,6858.908382582789,9168.094442079571,5205.375418182251
forecast_3941,2025-06-14 05:00:00,5664.304925915454,7155.270687180139,4312.550997801065
forecast_3942,2025-06-14 06:00:00,4901.570081008589,4816.508168337364,3601.0697237683426
forecast_3943,2025-06-14 07:00:00,3124.8787797814366,2979.13345081058,2811.020841694584
forecast_3944,2025-06-14 08:00:00,3133.173756069933,2085.305972998286,3124.4425149565377
forecast_3945,2025-06-14 09:00:00,3568.167086504098,2529.3825607428307,2895.516145144269
forecast_3946,2025-06-14 10:00:00,3259.280557357102,1731.7395878645461,3118.4435332801927
forecast_3947,2025-06-14 11:00:00,2797.002798055657,2488.110608659666,2317.6373083844774
forecast_3948,2025-06-14 12:00:00,2696.6523347456787,2196.7033467219608,2510.788848998301
forecast_3949,2025-06-14 13:00:00,2809.6919128392133,2341.610283598133,2449.807064560285
forecast_3950,2025-06-14 14:00:00,3132.738359360377,2606.805763744652,2539.3030173474917
forecast_3951,2025-06-14 15:00:00,2949.763723836638,2150.751754790028,2410.5699619101606
forecast_3952,2025-06-14 16:00:00,3073.7381204203757,2103.3965466967975,2509.9443695148843
forecast_3953,2025-06-14 17:00:00,3029.1884780326936,2354.4066540115973,2594.8751515329604
forecast_3954,2025-06-14 18:00:00,2878.9152452620483,2668.1581036207804,2494.7972378413315
forecast_3955,2025-06-14 19:00:00,2950.5525685745533,3049.949248772249,2405.8193090954383
forecast_3956,2025-06-14 20:00:00,3303.715687096579,3389.933225675864,2519.0790300441636
forecast_3957,2025-06-14 21:00:00,3353.9560616907656,3392.1191498994385,2628.1362776953533
forecast_3958,2025-06-14 22:00:00,3532.820503039353,4054.564505390759,3086.49950238826
forecast_3959,2025-06-14 23:00:00,4731.470040466584,4865.844314123986,3944.540341708122
forecast_3960,2025-06-15 00:00:00,5225.549423424863,5512.3618418314,4950.28831117574
forecast_3961,2025-06-15 01:00:00,7231.380531673157,7438.469290864261,5391.245855563126
forecast_3962,2025-06-15 02:00:00,8003.835523378438,7172.600801432782,5759.665713841552
forecast_3963,2025-06-15 03:00:00,7855.461880648356,7422.7810703830055,5651.3335398855015
forecast_3964,2025-06-15 04:00:00,7447.088756284088,6142.970839289559,5669.905305343427
forecast_3965,2025-06-15 05:00:00,7235.23824250598,6004.338684989926,5442.2221810307055
forecast_3966,2025-06-15 06:00:00,7222.928458374645,6594.08042902315,5417.57298966032
forecast_3967,2025-06-15 07:00:00,5759.546600267582,5085.14186717489,4358.848910894135
forecast_3968,2025-06-15 08:00:00,4797.313812022333,4083.6658712091607,3484.181653406887
forecast_3969,2025-06-15 09:00:00,3788.3477677671863,3144.279884025606,2906.133065631005
forecast_3970,2025-06-15 10:00:00,3305.7730377224543,2685.4504515342887,2888.710174467519
forecast_3971,2025-06-15 11:00:00,3296.356571670021,2078.9988197060175,2786.1705264395646
forecast_3972,2025-06-15 12:00:00,3490.563696039976,2510.9238384485448,2943.56762507839
forecast_3973,2025-06-15 13:00:00,3679.995725186671,3039.8905244941147,3113.3403504838116
forecast_3974,2025-06-15 14:00:00,4031.2628531157097,3041.0973035484685,3495.0399029978303
forecast_3975,2025-06-15 15:00:00,4353.689786690171,3173.8119523594014,3538.747805820106
forecast_3976,2025-06-15 16:00:00,5218.752634027848,4729.8411416221015,4010.214656515655
forecast_3977,2025-06-15 17:00:00,5848.833069020009,4937.5687551003075,4190.09198144789
forecast_3978,2025-06-15 18:00:00,6852.360304861715,6537.8782003437145,4973.656477871706
forecast_3979,2025-06-15 19:00:00,8520.57828614939,8616.655885491116,6508.858575904878
forecast_3980,2025-06-15 20:00:00,9179.649338462023,10380.220513595677,6819.365634817502
forecast_3981,2025-06-15 21:00:00,9172.711069091143,10939.169046371451,7509.3781943365375
forecast_3982,2025-06-15 22:00:00,9355.905317503397,11483.227757607781,8354.881162670374
forecast_3983,2025-06-15 23:00:00,10856.75030766375,12642.467020725415,9364.571140328284
forecast_3984,2025-06-16 00:00:00,11315.326156390245,12996.075285817711,11395.428101173467
forecast_3985,2025-06-16 01:00:00,10381.284881459402,11504.431029276853,8591.160987342428
forecast_3986,2025-06-16 02:00:00,10198.964821492678,11570.94602587479,8737.904137085654
forecast_3987,2025-06-16 03:00:00,10338.810342800687,12098.1008001568,8511.93610071143
forecast_3988,2025-06-16 04:00:00,9071.625658455223,11173.251740320724,7103.146914565861
forecast_3989,2025-06-16 05:00:00,7988.032354438035,8317.264710096157,6349.768641324419
forecast_3990,2025-06-16 06:00:00,6868.676595182216,8504.47649252392,5391.549503707296
forecast_3991,2025-06-16 07:00:00,7843.9244732715,10168.947208835816,6016.575236994056
forecast_3992,2025-06-16 08:00:00,7937.896618320496,9901.96930620325,6082.129449772777
forecast_3993,2025-06-16 09:00:00,8442.241338199528,10965.187834587809,6541.2233869432785
forecast_3994,2025-06-16 10:00:00,7771.156426536967,9975.294636916213,5692.761817886941
forecast_3995,2025-06-16 11:00:00,8012.052637968829,10229.190956059589,6319.813017898916
forecast_3996,2025-06-16 12:00:00,9710.048998278919,11757.952790120646,8234.818604443497
forecast_3997,2025-06-16 13:00:00,9432.98147447055,11675.289036625876,8477.963880057847
forecast_3998,2025-06-16 14:00:00,11285.576066862246,14417.045599599742,10859.062031008501
forecast_3999,2025-06-16 15:00:00,12860.59232997756,14191.583779615672,12208.868239235644
forecast_4000,2025-06-16 16:00:00,12696.89616062191,12468.152111751986,11932.084139362953
forecast_4001,2025-06-16 17:00:00,13866.221199005891,14455.627248047611,13130.062342351635
forecast_4002,2025-06-16 18:00:00,14512.553534566907,14873.447641933793,14247.389948340217
forecast_4003,2025-06-16 19:00:00,13914.349151520011,14105.172130327674,14002.240220680105
forecast_4004,2025-06-16 20:00:00,13477.868481142219,13771.704129280046,12683.906515741339
forecast_4005,2025-06-16 21:00:00,14004.995314331603,14644.817497821385,13325.029022726732
forecast_4006,2025-06-16 22:00:00,15180.46125949831,17094.740479187694,15212.784609733239
forecast_4007,2025-06-16 23:00:00,16354.267047892783,18180.49212812919,17212.35184519004
forecast_4008,2025-06-17 00:00:00,16683.969341313405,18734.147852534792,18346.13734916135
forecast_4009,2025-06-17 01:00:00,16362.945716871087,17311.05709471768,18306.936521202835
forecast_4010,2025-06-17 02:00:00,16627.687845025925,17415.541970598806,18203.00989728174
forecast_4011,2025-06-17 03:00:00,16393.242022740153,17112.669818668248,17696.77838469082
forecast_4012,2025-06-17 04:00:00,16714.906325793127,17180.5314396145,17834.583855073783
forecast_4013,2025-06-17 05:00:00,16886.54563418755,17644.109469207884,17927.23601053359
forecast_4014,2025-06-17 06:00:00,16245.810108433738,17703.189716086126,17311.601801682897
forecast_4015,2025-06-17 07:00:00,15260.330335040617,17367.67752736375,16137.399450404042
forecast_4016,2025-06-17 08:00:00,14678.739935847772,16423.398046221897,15577.843166623343
forecast_4017,2025-06-17 09:00:00,13704.090342700789,16125.333718022066,14181.977434985645
forecast_4018,2025-06-17 10:00:00,12843.05815956636,14918.924532277206,12622.409748028334
forecast_4019,2025-06-17 11:00:00,12259.44572949965,13213.933354928833,11295.142073239975
forecast_4020,2025-06-17 12:00:00,11332.350102765431,12341.95883529403,10494.863428944089
forecast_4021,2025-06-17 13:00:00,11165.381857335356,11524.949105659462,10352.142461448104
forecast_4022,2025-06-17 14:00:00,10829.37053592968,11099.126271613539,10223.697892926011
forecast_4023,2025-06-17 15:00:00,9913.617449711226,9671.08735313993,9148.820847756897
forecast_4024,2025-06-17 16:00:00,9769.388249553469,9776.222383508284,8617.23567434024
forecast_4025,2025-06-17 17:00:00,8682.918642503104,8725.667077813549,7489.5767426265775
forecast_4026,2025-06-17 18:00:00,8315.526276841383,8393.65853093535,7005.172373905951
forecast_4027,2025-06-17 19:00:00,6937.15178537872,7230.584945350776,5295.7274771333505
forecast_4028,2025-06-17 20:00:00,7434.601124246037,7970.56072724811,5293.6570287915965
forecast_4029,2025-06-17 21:00:00,7527.407949968754,8686.64233332664,5597.020017097893
forecast_4030,2025-06-17 22:00:00,7567.257749736264,8958.963543778711,5401.082243162262
forecast_4031,2025-06-17 23:00:00,7349.679342067076,9343.833096432849,5383.963255862863
forecast_4032,2025-06-18 00:00:00,7789.03688641294,9299.767425321796,5502.612226990168
forecast_4033,2025-06-18 01:00:00,8148.930529826639,9786.661222528026,5635.758913479813
forecast_4034,2025-06-18 02:00:00,8964.475077330693,10330.62955963963,5903.156935981162
forecast_4035,2025-06-18 03:00:00,9602.121641045513,10811.625767826074,6398.463887117683
forecast_4036,2025-06-18 04:00:00,9571.785246037423,10497.548245402126,6248.957915917337
forecast_4037,2025-06-18 05:00:00,9633.333726574025,11046.636816781163,6316.39214539448
forecast_4038,2025-06-18 06:00:00,9602.125928258447,11620.306431491133,6888.251438051137
forecast_4039,2025-06-18 07:00:00,8676.05661849221,10159.637077524785,5980.607326062605
forecast_4040,2025-06-18 08:00:00,7815.44615339176,9516.36382931607,5593.674780289172
forecast_4041,2025-06-18 09:00:00,6472.213756873157,6792.092063443578,4580.518874619791
forecast_4042,2025-06-18 10:00:00,5319.021643628964,5427.788249180404,4007.9392789003587
forecast_4043,2025-06-18 11:00:00,4585.597491828519,3917.4653254652267,3470.666637540705
forecast_4044,2025-06-18 12:00:00,4608.790339792904,4077.713283056768,3447.787522586862
forecast_4045,2025-06-18 13:00:00,4117.148101157001,3330.1156635252355,3239.7084495188524
forecast_4046,2025-06-18 14:00:00,4298.690957892284,3316.5412501931364,3380.2409118340947
forecast_4047,2025-06-18 15:00:00,4366.9801330078535,4161.229507494771,3258.747539225171
forecast_4048,2025-06-18 16:00:00,4588.870684205713,4352.129381774978,3562.549871633505
forecast_4049,2025-06-18 17:00:00,4783.017210367198,3953.1134160709503,3482.1987876449484
forecast_4050,2025-06-18 18:00:00,5397.584675794239,4329.007879459043,3875.548773091603
forecast_4051,2025-06-18 19:00:00,6541.004330754142,5900.438169800549,4768.9634299394065
forecast_4052,2025-06-18 20:00:00,7353.958402652397,7122.340978718899,5681.420079351254
forecast_4053,2025-06-18 21:00:00,9499.041116576771,10477.838588351195,7149.107075557494
forecast_4054,2025-06-18 22:00:00,11039.57010651326,11903.604618904057,8311.596210512227
forecast_4055,2025-06-18 23:00:00,12434.104925658787,13690.37425443422,9647.395876892633
forecast_4056,2025-06-19 00:00:00,13469.789174681217,14119.96162311267,11076.786661482289
forecast_4057,2025-06-19 01:00:00,13329.08327415094,14365.3376542999,10545.968203265238
forecast_4058,2025-06-19 02:00:00,13199.866578048792,14242.064171383892,10294.439220754668
forecast_4059,2025-06-19 03:00:00,12565.105053014537,13926.980340465683,9597.761632053378
forecast_4060,2025-06-19 04:00:00,12944.926329654805,14052.522652649513,9993.45686099152
forecast_4061,2025-06-19 05:00:00,12623.000615024655,13467.106882767184,9501.176787057391
forecast_4062,2025-06-19 06:00:00,10819.77246526978,11228.520774882609,7299.526038868975
forecast_4063,2025-06-19 07:00:00,8495.236728222833,6856.000486032991,5336.492077071377
forecast_4064,2025-06-19 08:00:00,6913.420716610636,6562.158456081571,4355.729903633071
forecast_4065,2025-06-19 09:00:00,5355.282677832447,5007.182191608264,3696.558749166932
forecast_4066,2025-06-19 10:00:00,3815.4323870244634,2982.9550856681044,2855.744015342982
forecast_4067,2025-06-19 11:00:00,2426.8397501626996,1573.709770720633,2061.4524170603345
forecast_4068,2025-06-19 12:00:00,2258.0326323709123,847.5713143871595,1971.2593974921908
forecast_4069,2025-06-19 13:00:00,2326.1975525502194,865.920016229364,2363.0299940805435
forecast_4070,2025-06-19 14:00:00,2787.12451003336,986.3833882697909,2686.9396769998266
forecast_4071,2025-06-19 15:00:00,3000.861157912032,785.3881225585938,2427.578631669386
forecast_4072,2025-06-19 16:00:00,3918.1358878396704,1442.9094877659438,2434.2316042132684
forecast_4073,2025-06-19 17:00:00,3517.705246022824,2131.4217070957325,3219.1585615696335
forecast_4074,2025-06-19 18:00:00,4435.837588569933,2994.600667621274,3900.6395690097243
forecast_4075,2025-06-19 19:00:00,5425.7354243451155,5981.441623908069,4464.86009415793
forecast_4076,2025-06-19 20:00:00,5509.262604949568,6171.406180921398,4335.837464734118
forecast_4077,2025-06-19 21:00:00,5870.782841458474,7092.098849068896,4741.396140816563
forecast_4078,2025-06-19 22:00:00,7486.678710985478,8876.022126301661,5594.432903567772
forecast_4079,2025-06-19 23:00:00,8536.255014962357,10182.853956124573,6375.627647889036
forecast_4080,2025-06-20 00:00:00,9100.327690483311,10579.694058404843,6773.293703562235
forecast_4081,2025-06-20 01:00:00,10384.526376001886,12065.421090024713,7572.457759683165
forecast_4082,2025-06-20 02:00:00,11026.37218602595,11923.653428456662,8733.642538424823
forecast_4083,2025-06-20 03:00:00,11528.29840529264,13595.011860418128,9657.54910964339
forecast_4084,2025-06-20 04:00:00,11834.420761623911,13546.157220670748,10647.973772757738
forecast_4085,2025-06-20 05:00:00,11854.150685639888,13948.735848719149,10401.415729161712
forecast_4086,2025-06-20 06:00:00,11350.665308227035,12642.277384396384,9351.443458388829
forecast_4087,2025-06-20 07:00:00,10793.488086639994,12230.425053899407,8940.05253688698
forecast_4088,2025-06-20 08:00:00,10350.657369148408,11816.332983805507,8185.521832954473
forecast_4089,2025-06-20 09:00:00,10449.752822031023,12250.09912388767,10077.205631707226
forecast_4090,2025-06-20 10:00:00,10969.327839316928,13328.682044549312,12446.132910347935
forecast_4091,2025-06-20 11:00:00,12310.144716759129,14810.089904288481,15160.322866506674
forecast_4092,2025-06-20 12:00:00,13800.614439990244,16227.931391055059,16799.445619857906
forecast_4093,2025-06-20 13:00:00,15115.908738511116,16730.180041494183,17713.895948439007
forecast_4094,2025-06-20 14:00:00,15488.207740541176,17097.01039802502,17949.100330269615
forecast_4095,2025-06-20 15:00:00,16556.361567455133,17964.139035191794,18412.361846597727
forecast_4096,2025-06-20 16:00:00,17331.995661568566,18328.034843924797,18752.379236551733
forecast_4097,2025-06-20 17:00:00,17749.27105206205,18100.008105451794,18824.204945921876
forecast_4098,2025-06-20 18:00:00,18391.940207976735,18006.574412023365,19009.039023942078
forecast_4099,2025-06-20 19:00:00,18593.73511228207,17897.091495216137,19465.06603434697
forecast_4100,2025-06-20 20:00:00,18860.27814413782,17856.52043663451,19448.33506130796
forecast_4101,2025-06-20 21:00:00,18454.554419230542,17981.72776137106,19433.969306327934
forecast_4102,2025-06-20 22:00:00,18411.885252853783,17437.844252989773,19533.262450320224
forecast_4103,2025-06-20 23:00:00,18370.259113880493,18033.383882486098,19540.02738762171
forecast_4104,2025-06-21 00:00:00,18267.836332156334,18149.59559024714,19459.06713046358
forecast_4105,2025-06-21 01:00:00,17255.85010500125,18244.796842211425,19167.403501699227
forecast_4106,2025-06-21 02:00:00,16887.072853376383,18022.466328270508,18678.629215279758
forecast_4107,2025-06-21 03:00:00,16356.025613071899,17979.28038944097,18968.60559066289
forecast_4108,2025-06-21 04:00:00,15479.6657755923,17997.739831100487,18541.937104799817
forecast_4109,2025-06-21 05:00:00,15389.549493472048,17650.0433948739,17979.1836640506
forecast_4110,2025-06-21 06:00:00,15690.697451897577,17281.627084060914,17492.10762722664
forecast_4111,2025-06-21 07:00:00,15229.645780443087,16916.348687073543,16091.775905760482
forecast_4112,2025-06-21 08:00:00,14997.38955394757,15421.793553322392,16327.728946077132
forecast_4113,2025-06-21 09:00:00,14427.67094435579,14675.029323756187,15293.75580572347
forecast_4114,2025-06-21 10:00:00,12317.436638664742,13118.917503704153,12881.006711876998
forecast_4115,2025-06-21 11:00:00,10729.0502035348,11560.462912177447,10566.17134787561
forecast_4116,2025-06-21 12:00:00,8778.60342091764,9200.548576075696,7905.877398390334
forecast_4117,2025-06-21 13:00:00,9562.930667061453,11807.537576142466,8760.277058373578
forecast_4118,2025-06-21 14:00:00,10347.855796746022,12786.779431627414,9858.00329007916
forecast_4119,2025-06-21 15:00:00,8629.671827591066,11181.031674727641,9144.165593960255
forecast_4120,2025-06-21 16:00:00,9421.443299463377,12503.859674915839,9538.133201883398
forecast_4121,2025-06-21 17:00:00,10685.838547053081,13227.220778071343,10675.43501583474
forecast_4122,2025-06-21 18:00:00,10762.753493988464,12687.002142756173,10642.87753269746
forecast_4123,2025-06-21 19:00:00,10114.770384339787,11155.372195049138,8441.78321244521
forecast_4124,2025-06-21 20:00:00,13832.847077640887,14821.710339671645,12380.292213115395
forecast_4125,2025-06-21 21:00:00,14845.537690885485,16832.74245875897,14113.87439145553
forecast_4126,2025-06-21 22:00:00,14766.783629443456,16408.406083820548,15120.139366422623
forecast_4127,2025-06-21 23:00:00,14713.937607622203,15881.045743778328,14837.09294850744
forecast_4128,2025-06-22 00:00:00,15637.06479389159,16267.29901870906,16386.48708736263
forecast_4129,2025-06-22 01:00:00,15797.047030433345,15221.93047578972,16094.582664413245
forecast_4130,2025-06-22 02:00:00,16254.359328782233,16583.657932535756,15702.854745289296
forecast_4131,2025-06-22 03:00:00,15110.884391627362,15558.665040683916,13765.133013763785
forecast_4132,2025-06-22 04:00:00,14629.533376136638,15600.507633673098,12444.00284593113
forecast_4133,2025-06-22 05:00:00,12677.433489799912,14101.09647460566,10009.14091850412
forecast_4134,2025-06-22 06:00:00,11558.891895176346,12735.2441028435,8498.356339795724
forecast_4135,2025-06-22 07:00:00,10989.288857333715,10921.819513013754,7311.784185525257
forecast_4136,2025-06-22 08:00:00,9676.131975272829,10433.565192917667,6362.753470137384
forecast_4137,2025-06-22 09:00:00,8427.732487064754,9704.665282320184,6104.391236495374
forecast_4138,2025-06-22 10:00:00,7301.973473303235,8375.910301398879,5808.778064811788
forecast_4139,2025-06-22 11:00:00,7129.107894238036,7710.078765467716,5779.248404611151
forecast_4140,2025-06-22 12:00:00,7068.454085777886,7196.149251577325,5563.557676582205
forecast_4141,2025-06-22 13:00:00,6515.076420273916,6032.096643252287,5112.8121611514025
forecast_4142,2025-06-22 14:00:00,6083.497604228118,5188.128069863917,4631.688970559918
forecast_4143,2025-06-22 15:00:00,5191.837659557728,4405.05312768105,4112.688653758351
forecast_4144,2025-06-22 16:00:00,4904.3361426503,3661.607572531259,3848.495182873905
forecast_4145,2025-06-22 17:00:00,4774.571310933107,3584.9238565594524,3595.138361381236
forecast_4146,2025-06-22 18:00:00,5547.48140666734,4920.407247036673,3874.5158237637697
forecast_4147,2025-06-22 19:00:00,6114.091704312763,5314.747985971784,4505.692701077221
forecast_4148,2025-06-22 20:00:00,6686.616386022291,6372.362411398628,5175.236595748268
forecast_4149,2025-06-22 21:00:00,7765.979171419558,7063.0285224701565,5429.608666697739
forecast_4150,2025-06-22 22:00:00,7925.668322774948,7225.625883513373,5543.213557530192
forecast_4151,2025-06-22 23:00:00,7818.708923032189,7683.024014957178,5525.727434766466
forecast_4152,2025-06-23 00:00:00,7821.066840053247,7328.930056337105,5796.814148886502
forecast_4153,2025-06-23 01:00:00,6478.589093358194,5259.233338610951,4920.2137809088335
forecast_4154,2025-06-23 02:00:00,6001.784817953192,4824.068832240233,4385.8936632287605
forecast_4155,2025-06-23 03:00:00,5743.749945713507,4325.693281717355,3893.3437390992576
forecast_4156,2025-06-23 04:00:00,5713.569017652457,4532.966088032179,3716.2979585264566
forecast_4157,2025-06-23 05:00:00,4808.6396527568195,4053.60974563329,3335.556138623986
forecast_4158,2025-06-23 06:00:00,4175.5219575911415,3895.3172450849856,2919.9566184936143
forecast_4159,2025-06-23 07:00:00,3255.288596231545,2676.235113750449,2545.7963863243353
forecast_4160,2025-06-23 08:00:00,2244.0807044202656,1939.011054088662,1849.9659087690795
forecast_4161,2025-06-23 09:00:00,1898.9661527591456,1433.2816016753925,1592.4479794601757
forecast_4162,2025-06-23 10:00:00,1990.6417973726916,1204.470731224515,1706.0920548643885
forecast_4163,2025-06-23 11:00:00,2412.3096116947113,1395.4112647942268,1873.9131986875682
forecast_4164,2025-06-23 12:00:00,2588.7940827344555,1250.249844714346,2113.3338287421143
forecast_4165,2025-06-23 13:00:00,2716.7478200468468,1221.9978569033472,2174.665658284028
forecast_4166,2025-06-23 14:00:00,2533.582129678962,1223.4134752634363,2155.185116283523
forecast_4167,2025-06-23 15:00:00,2366.9400154314426,1184.034138045824,2043.6956157969312
forecast_4168,2025-06-23 16:00:00,1918.0861650843055,1038.890662442351,1852.8883605979927
forecast_4169,2025-06-23 17:00:00,1763.0782916507037,850.9235263261921,1839.204576334938
forecast_4170,2025-06-23 18:00:00,1816.226266518976,1107.1194613239097,1854.1759546778517
forecast_4171,2025-06-23 19:00:00,2271.8176792682507,1168.1229995843414,2018.6046698964303
forecast_4172,2025-06-23 20:00:00,2449.5176095073753,1464.2310124572,2239.3215291844663
forecast_4173,2025-06-23 21:00:00,2480.7164935545784,1665.1459775231165,2260.762482708665
forecast_4174,2025-06-23 22:00:00,2551.775248093222,1958.851180396368,2458.101931017932
forecast_4175,2025-06-23 23:00:00,2581.560787271436,1918.3579186294974,2853.1719422849137
forecast_4176,2025-06-24 00:00:00,2552.3505528257306,2140.953965165173,2566.929706119931
forecast_4177,2025-06-24 01:00:00,3247.024808515499,2474.1269667947045,2592.935176997165
forecast_4178,2025-06-24 02:00:00,2910.0373253151074,2550.7007502210263,2183.2384048213157
forecast_4179,2025-06-24 03:00:00,2934.8915273031566,2234.485842168747,2508.5986403504025
forecast_4180,2025-06-24 04:00:00,3037.3109248561977,2472.9975608369054,2616.8663152571307
forecast_4181,2025-06-24 05:00:00,3188.5454945807073,2349.9225668213335,2291.465043576018
forecast_4182,2025-06-24 06:00:00,3135.082556240678,2548.270302192798,2433.4247053119825
forecast_4183,2025-06-24 07:00:00,2725.455295254624,2599.6800791489977,2084.167331672249
forecast_4184,2025-06-24 08:00:00,2982.538042239237,3002.7238046803086,2308.1745267314036
forecast_4185,2025-06-24 09:00:00,3509.4601312444574,3352.1689176837476,2373.2558068566786
forecast_4186,2025-06-24 10:00:00,3799.552550386863,4255.32416581467,2725.1361861983432
forecast_4187,2025-06-24 11:00:00,3753.4515082723474,3555.035630372446,2982.569355486789
forecast_4188,2025-06-24 12:00:00,4192.629000496219,4325.6782754461365,3082.9493868575973
forecast_4189,2025-06-24 13:00:00,4314.65378518941,4076.9575289025042,3018.0107291065965
forecast_4190,2025-06-24 14:00:00,3675.1685270068456,3582.0197935644655,2909.2062541924797
forecast_4191,2025-06-24 15:00:00,3884.312414849239,3654.3330380523166,2879.1858620923613
forecast_4192,2025-06-24 16:00:00,3839.772217317366,4255.168198825893,2703.2074884253993
forecast_4193,2025-06-24 17:00:00,3982.380803170131,4755.432591219009,2977.0181252658167
forecast_4194,2025-06-24 18:00:00,3859.452179938078,4129.431045401861,2674.872075510727
forecast_4195,2025-06-24 19:00:00,4310.432542231337,5077.5208472911645,2830.985726119806
forecast_4196,2025-06-24 20:00:00,5054.661745987416,6134.445034873542,3190.067167205073
forecast_4197,2025-06-24 21:00:00,5134.400299033754,5834.212763599393,3075.6825398887136
forecast_4198,2025-06-24 22:00:00,5655.949076219749,6767.014297225811,3466.149415628356
forecast_4199,2025-06-24 23:00:00,5714.15289567149,6843.870530910272,3529.7546214903855
forecast_4200,2025-06-25 00:00:00,5955.370710812143,8113.811372915762,3410.423542708941
forecast_4201,2025-06-25 01:00:00,5161.7749441662745,6080.417258984359,2911.5366452374856
forecast_4202,2025-06-25 02:00:00,5622.6442767847475,6632.430029087715,3417.4944165424968
forecast_4203,2025-06-25 03:00:00,5409.51641363911,5627.190809834519,2984.164640392196
forecast_4204,2025-06-25 04:00:00,5917.685108458119,5826.0041481523895,3501.034831591147
forecast_4205,2025-06-25 05:00:00,5338.038325012758,5166.217595137007,3109.4709163717725
forecast_4206,2025-06-25 06:00:00,4911.183076592633,5079.841655042994,3006.127140710236
forecast_4207,2025-06-25 07:00:00,5075.671639799314,5513.545522724382,2981.126638282651
forecast_4208,2025-06-25 08:00:00,4156.805607502237,4087.4088672146295,2692.359485545297
forecast_4209,2025-06-25 09:00:00,4288.579380842379,4077.819629384489,2871.1948459058112
forecast_4210,2025-06-25 10:00:00,3698.570355572029,3838.7219479020628,2665.456945821887
forecast_4211,2025-06-25 11:00:00,3611.8364841883113,3624.2310692210112,2539.2538302929493
forecast_4212,2025-06-25 12:00:00,3215.9022214758706,2621.1286750651257,2554.428660998482
forecast_4213,2025-06-25 13:00:00,3386.875541409018,3252.9239708732835,2489.2164483979177
forecast_4214,2025-06-25 14:00:00,2831.4067474956514,2571.94957658389,2225.766817696855
forecast_4215,2025-06-25 15:00:00,2901.2664858923563,2210.9088450129593,2273.8579544071995
forecast_4216,2025-06-25 16:00:00,2747.837222221844,2535.6407757254483,2223.913727837629
forecast_4217,2025-06-25 17:00:00,3635.4811074295985,3255.4270428396712,2662.129996563503
forecast_4218,2025-06-25 18:00:00,3417.628100829689,2989.729781844224,2809.914694213457
forecast_4219,2025-06-25 19:00:00,3805.6910782834098,3446.509923754522,3162.891439519005
forecast_4220,2025-06-25 20:00:00,4574.442400452475,5149.087374887429,3508.7651152137723
forecast_4221,2025-06-25 21:00:00,5009.518911920925,5489.701500308447,3807.068401380763
forecast_4222,2025-06-25 22:00:00,6636.040708341217,7930.31890276058,5328.968397685516
forecast_4223,2025-06-25 23:00:00,7114.808344551782,9105.269064834436,6206.941163029852
forecast_4224,2025-06-26 00:00:00,8073.944299743749,10173.574957961015,6082.786641151479
forecast_4225,2025-06-26 01:00:00,9420.56537152733,10982.002371618039,7497.451231371127
forecast_4226,2025-06-26 02:00:00,12175.541693021105,13708.802234984363,10522.955533803179
forecast_4227,2025-06-26 03:00:00,14369.446156441416,15819.802182846473,12666.581429223266
forecast_4228,2025-06-26 04:00:00,14454.178242412949,14632.041259758196,12909.706636702256
forecast_4229,2025-06-26 05:00:00,14292.112118021825,14735.593312997371,13058.242227976018
forecast_4230,2025-06-26 06:00:00,13012.219755420876,13764.506217141325,11414.029963408875
forecast_4231,2025-06-26 07:00:00,11909.001475703493,13025.545691683965,10332.635932551817
forecast_4232,2025-06-26 08:00:00,10719.609116490385,12171.991344183974,8489.204337215795
forecast_4233,2025-06-26 09:00:00,10291.727101921173,11837.925002172606,7764.337713932822
forecast_4234,2025-06-26 10:00:00,7926.110863681521,8565.212440908554,6208.251652753494
forecast_4235,2025-06-26 11:00:00,7254.0994901941385,7591.8546684360645,5515.933301746131
forecast_4236,2025-06-26 12:00:00,7067.258853225554,7252.309061020895,5253.282912570229
forecast_4237,2025-06-26 13:00:00,6357.847684763525,6581.811506554415,5235.474507176911
forecast_4238,2025-06-26 14:00:00,6320.856099405228,6606.2283711283635,5289.7974561002275
forecast_4239,2025-06-26 15:00:00,6624.757020249077,6530.996879603578,5390.090214135793
forecast_4240,2025-06-26 16:00:00,6760.448335628151,6999.704267781678,5422.728215637491
forecast_4241,2025-06-26 17:00:00,7014.114838347482,6988.589785250067,5591.86218245967
forecast_4242,2025-06-26 18:00:00,7119.52006502601,6557.41027498298,5674.196234942854
forecast_4243,2025-06-26 19:00:00,7208.985784417389,6213.65775867556,5481.533325113113
forecast_4244,2025-06-26 20:00:00,7124.407207128539,5982.073350897961,5757.373517576764
forecast_4245,2025-06-26 21:00:00,7264.287427199271,6822.448603448345,5458.775346977588
forecast_4246,2025-06-26 22:00:00,7115.69216511688,7014.399535575525,5466.492577266982
forecast_4247,2025-06-26 23:00:00,7263.261564781669,6134.67071238663,5357.392150159791
forecast_4248,2025-06-27 00:00:00,6570.438819893648,6114.174392104916,4810.7700072077
forecast_4249,2025-06-27 01:00:00,6437.919999787853,6254.729962929657,4525.476404088864
forecast_4250,2025-06-27 02:00:00,6004.816665490122,6206.67401762619,4205.89124960297
forecast_4251,2025-06-27 03:00:00,6375.135819313533,5608.940019327898,4482.035811819411
forecast_4252,2025-06-27 04:00:00,6694.098881685534,5681.524522088672,4462.306843057934
forecast_4253,2025-06-27 05:00:00,6445.5274849752,5853.1188401258305,4451.370726521014
forecast_4254,2025-06-27 06:00:00,5286.6784000729385,4594.137509515794,3602.559429298118
forecast_4255,2025-06-27 07:00:00,5024.841415727579,3970.8182747369324,3607.2255688695604
forecast_4256,2025-06-27 08:00:00,4026.4968205462533,3397.5121256141047,3093.6591010876527
forecast_4257,2025-06-27 09:00:00,3465.6535016939315,3095.0895323229915,2857.423233461253
forecast_4258,2025-06-27 10:00:00,3124.4779259873685,2490.023957464421,2367.009225458435
forecast_4259,2025-06-27 11:00:00,2204.579109996542,1450.2174361201664,1691.583794100071
forecast_4260,2025-06-27 12:00:00,1789.4966906078362,1273.5594503463635,1457.3712712789293
forecast_4261,2025-06-27 13:00:00,2119.6153520335492,1151.350428177901,1943.6528979671127
forecast_4262,2025-06-27 14:00:00,2699.4144473994056,1702.2087424617353,2050.387759184315
forecast_4263,2025-06-27 15:00:00,2731.2150573314257,1958.822415626755,2194.300756627513
forecast_4264,2025-06-27 16:00:00,2637.7183195332245,2080.033183627739,2408.0670854304344
forecast_4265,2025-06-27 17:00:00,2529.595760670968,1993.0706210919175,2174.0044935860446
forecast_4266,2025-06-27 18:00:00,2743.791945945526,2606.2564549104973,2047.0250226981814
forecast_4267,2025-06-27 19:00:00,3260.4941087053066,2758.798182937541,2701.9666231918554
forecast_4268,2025-06-27 20:00:00,3449.256816057705,2910.4993476529553,3125.806806177464
forecast_4269,2025-06-27 21:00:00,5152.609469555959,6039.549064815047,4344.62949754472
forecast_4270,2025-06-27 22:00:00,6024.979493693182,7345.145198941169,4932.99266780728
forecast_4271,2025-06-27 23:00:00,7021.661819490491,8324.610785339464,5579.651821276982
forecast_4272,2025-06-28 00:00:00,7394.125911225961,8034.842928906454,5840.963258725729
forecast_4273,2025-06-28 01:00:00,9390.12271132943,9196.252471311276,6212.336926424113
forecast_4274,2025-06-28 02:00:00,10848.84476912691,11495.098513505964,7582.226443557434
forecast_4275,2025-06-28 03:00:00,10606.31380227271,11888.8325492302,8053.554128586515
forecast_4276,2025-06-28 04:00:00,10481.073640846564,11489.315543996829,8207.731529767556
forecast_4277,2025-06-28 05:00:00,10082.364711071375,10890.423927771591,7790.518629634052
forecast_4278,2025-06-28 06:00:00,8289.975666537834,10451.700619071511,6365.429282749236
forecast_4279,2025-06-28 07:00:00,8633.584996195248,10006.759653317775,6388.8820539753715
forecast_4280,2025-06-28 08:00:00,5781.003324162719,7524.588342527263,3957.749920788331
forecast_4281,2025-06-28 09:00:00,5580.525375399278,6281.785862084887,3769.369842468184
forecast_4282,2025-06-28 10:00:00,4559.47338011803,4864.9618154622995,3211.0080307337153
forecast_4283,2025-06-28 11:00:00,3855.6955841945332,4228.0987186696475,2892.5216390679943
forecast_4284,2025-06-28 12:00:00,3032.1713915729065,2874.780978961644,2417.783556775636
forecast_4285,2025-06-28 13:00:00,2707.832004358799,2679.1974323591517,2282.3917644459543
forecast_4286,2025-06-28 14:00:00,3599.3392117074063,2901.2582007857004,3013.709698621626
forecast_4287,2025-06-28 15:00:00,3812.6880307717847,3098.124232683349,3106.6813842502306
forecast_4288,2025-06-28 16:00:00,4414.806716577479,3159.8740026005134,3222.5087526217526
forecast_4289,2025-06-28 17:00:00,4438.299878014768,3734.5363254465246,3353.6233442337357
forecast_4290,2025-06-28 18:00:00,4987.337733422167,3742.464181078326,3913.6353546117666
forecast_4291,2025-06-28 19:00:00,5809.340509558124,5954.233274829983,4380.413324703539
forecast_4292,2025-06-28 20:00:00,7014.961091933474,8193.681210339055,6035.042558101829
forecast_4293,2025-06-28 21:00:00,7041.565543564429,8900.56745034843,5810.130980702535
forecast_4294,2025-06-28 22:00:00,7324.802287006033,9763.051820542141,5681.282603394222
forecast_4295,2025-06-28 23:00:00,8403.723761317626,10355.758283347946,6772.323222644371
forecast_4296,2025-06-29 00:00:00,8394.049703663979,10392.238081197043,6739.100454645329
forecast_4297,2025-06-29 01:00:00,9164.090767225607,10601.41953409712,6937.986523098176
forecast_4298,2025-06-29 02:00:00,10483.09625637556,12058.402934373567,7418.557402270668
forecast_4299,2025-06-29 03:00:00,11260.354937529564,12913.281790661982,8614.610478280827
forecast_4300,2025-06-29 04:00:00,11454.090792668787,13086.967455516184,9840.255213612763
forecast_4301,2025-06-29 05:00:00,12043.117805450236,13942.646507236836,11095.899768256257
forecast_4302,2025-06-29 06:00:00,12244.666857765511,13780.67879653082,10703.969751831843
forecast_4303,2025-06-29 07:00:00,10838.634963495122,12343.191720955172,9692.571436442653
forecast_4304,2025-06-29 08:00:00,9933.732418763355,11555.1875147727,8475.800666395835
forecast_4305,2025-06-29 09:00:00,8428.461811332949,9604.921673773824,6161.62925046048
forecast_4306,2025-06-29 10:00:00,6510.186917732111,7006.753627133521,4886.937626290691
forecast_4307,2025-06-29 11:00:00,5650.987960349353,4889.755660382059,4263.485051900312
forecast_4308,2025-06-29 12:00:00,5209.848499943679,4203.920448521087,3868.1089404373583
forecast_4309,2025-06-29 13:00:00,4969.904707424703,2961.846140245064,3809.287627435737
forecast_4310,2025-06-29 14:00:00,4666.492501339937,3058.3253019508848,3691.07072160081
forecast_4311,2025-06-29 15:00:00,4659.646045808185,2790.727888476676,3589.4382882692453
forecast_4312,2025-06-29 16:00:00,4961.399399356249,3155.2838598590806,3599.067711105082
forecast_4313,2025-06-29 17:00:00,5351.435821690971,2776.942309438741,3816.2704816886007
forecast_4314,2025-06-29 18:00:00,5667.058456817538,3835.7823402366175,3942.548447513359
forecast_4315,2025-06-29 19:00:00,6545.207957553846,5526.460469013268,4745.919434591988
forecast_4316,2025-06-29 20:00:00,7507.597452964517,6830.980120396923,5290.597314482457
forecast_4317,2025-06-29 21:00:00,8476.411912574535,10057.23405677727,6457.474517316664
forecast_4318,2025-06-29 22:00:00,9221.374611106712,10528.8223161236,7097.342283467662
forecast_4319,2025-06-29 23:00:00,9727.623735032008,10834.457249156763,7966.591839653266
forecast_4320,2025-06-30 00:00:00,9519.080829483504,10832.862792890346,7927.504642335835
forecast_4321,2025-06-30 01:00:00,9004.296143003898,10423.189105707224,7153.889970934753
forecast_4322,2025-06-30 02:00:00,8572.653962583623,9960.602994052755,6367.534684124046
forecast_4323,2025-06-30 03:00:00,9363.422017106837,9937.094510714356,6543.4476022979725
forecast_4324,2025-06-30 04:00:00,9542.236214443172,10567.562321933397,6715.85118369752
forecast_4325,2025-06-30 05:00:00,9783.076297408203,11056.175434722107,6709.852790528197
forecast_4326,2025-06-30 06:00:00,9743.436119819942,10680.847635765538,6498.758250296156
forecast_4327,2025-06-30 07:00:00,9252.476233674332,10724.049414646805,5853.6339610395
forecast_4328,2025-06-30 08:00:00,8686.11810704917,9488.805288448239,5561.289377932576
forecast_4329,2025-06-30 09:00:00,7101.128540303987,7566.639257993673,4681.839544243184
forecast_4330,2025-06-30 10:00:00,5804.42962713996,5182.942427889486,3888.7273484581624
forecast_4331,2025-06-30 11:00:00,4901.069306044941,3505.8436453327004,3552.322970987591
forecast_4332,2025-06-30 12:00:00,4975.5873221964575,4273.002668644296,3856.768163410325
forecast_4333,2025-06-30 13:00:00,5590.691405941405,4443.277578518018,4150.245697402219
forecast_4334,2025-06-30 14:00:00,6494.539955814151,6521.54332335872,5089.692933711155
forecast_4335,2025-06-30 15:00:00,7389.011165445954,6755.5962379715675,5891.9710165537
forecast_4336,2025-06-30 16:00:00,8206.839405915816,6970.737769632205,6745.43713230693
forecast_4337,2025-06-30 17:00:00,9143.16896636023,8439.95388667463,7561.468007213533
forecast_4338,2025-06-30 18:00:00,9631.82196257314,8820.75671667157,7963.162665497575
forecast_4339,2025-06-30 19:00:00,11800.22568333333,11341.491161034444,10951.348505395656
forecast_4340,2025-06-30 20:00:00,12663.478694222213,13228.6646086022,11923.096512608201
forecast_4341,2025-06-30 21:00:00,13119.349434386953,13884.186723750567,12553.320874390727
forecast_4342,2025-06-30 22:00:00,13448.657530322223,13124.241814688572,12560.385006298597
forecast_4343,2025-06-30 23:00:00,14336.148468574349,13499.98948683699,13225.04315440708
forecast_4344,2025-07-01 00:00:00,12204.68991252267,13209.563484355172,10913.77827243671
forecast_4345,2025-07-01 01:00:00,11259.855245179147,12854.597037584932,10057.897397590097
forecast_4346,2025-07-01 02:00:00,10411.098935379765,11794.336152238975,8018.616290309445
forecast_4347,2025-07-01 03:00:00,10794.91779488286,12190.149239417464,8089.513153740994
forecast_4348,2025-07-01 04:00:00,10085.41668965449,11723.183931011896,8022.147811608052
forecast_4349,2025-07-01 05:00:00,10033.431701926438,12226.626311022177,8619.840524324962
forecast_4350,2025-07-01 06:00:00,11186.146084185199,12518.458654704067,8597.109987280293
forecast_4351,2025-07-01 07:00:00,10487.794727652083,12210.537916531677,7717.475009991053
forecast_4352,2025-07-01 08:00:00,9569.937912490874,11779.226447037898,7693.373819378271
forecast_4353,2025-07-01 09:00:00,8212.27018584658,8748.832011979277,6545.7202082171125
forecast_4354,2025-07-01 10:00:00,7430.589102394331,8139.511566922201,6144.834105686374
forecast_4355,2025-07-01 11:00:00,6935.019977474871,7182.40148734648,6056.364513994173
forecast_4356,2025-07-01 12:00:00,7008.560855885389,6713.321292249786,6153.173899107106
forecast_4357,2025-07-01 13:00:00,7145.687610387139,6584.726536629589,6228.871651880048
forecast_4358,2025-07-01 14:00:00,7008.140910297274,5627.829778933245,5960.143496796091
forecast_4359,2025-07-01 15:00:00,6254.404166748802,5102.022127362527,5450.904521246372
forecast_4360,2025-07-01 16:00:00,6361.4028613060045,5318.919599989462,5305.216043653653
forecast_4361,2025-07-01 17:00:00,7026.160649588687,5624.398643102726,5282.435770159326
forecast_4362,2025-07-01 18:00:00,7563.820555276905,6992.702427826254,5382.203841500565
forecast_4363,2025-07-01 19:00:00,7335.948054064207,7232.216960737352,5560.832398165119
forecast_4364,2025-07-01 20:00:00,8214.391585531512,9244.22678455273,6759.899733439112
forecast_4365,2025-07-01 21:00:00,9829.204253683041,11422.190088326115,8281.513351234233
forecast_4366,2025-07-01 22:00:00,9932.772306533516,11375.186774333886,8713.92140892273
forecast_4367,2025-07-01 23:00:00,11477.026174207338,12617.925038009518,10048.662824975083
forecast_4368,2025-07-02 00:00:00,13286.790930885923,14404.143132142057,11681.49894111386
forecast_4369,2025-07-02 01:00:00,14091.750746864587,14433.970157557866,12231.906524838556
forecast_4370,2025-07-02 02:00:00,15102.877494151942,15239.467275958046,13808.04939864118
forecast_4371,2025-07-02 03:00:00,16177.574210374622,15491.16769105448,15475.400507026536
forecast_4372,2025-07-02 04:00:00,16536.31674690361,16147.273969003316,16142.940100023014
forecast_4373,2025-07-02 05:00:00,16454.26762485843,16228.150608735481,16267.253418464965
forecast_4374,2025-07-02 06:00:00,16116.119108537328,16287.86456368994,15798.444880134
forecast_4375,2025-07-02 07:00:00,16488.903217379426,15706.740098726665,16255.021235131593
forecast_4376,2025-07-02 08:00:00,14293.786140025524,14958.789502759586,14326.201314605976
forecast_4377,2025-07-02 09:00:00,12008.024570483623,12339.50075698939,10841.608667238992
forecast_4378,2025-07-02 10:00:00,10258.570164767058,11253.644493559157,8985.83568371283
forecast_4379,2025-07-02 11:00:00,8694.772863475047,7809.767183221962,7017.139472147425
forecast_4380,2025-07-02 12:00:00,7555.539368982845,7450.3771134113385,6449.167606087274
forecast_4381,2025-07-02 13:00:00,6593.677607690961,6028.4941531555405,5987.606309867821
forecast_4382,2025-07-02 14:00:00,6549.461412596445,5647.080055500746,5305.773136480695
forecast_4383,2025-07-02 15:00:00,6164.09585263929,5310.636111388691,5082.366514635351
forecast_4384,2025-07-02 16:00:00,6133.829934760889,5195.409446112426,4769.6040813404425
forecast_4385,2025-07-02 17:00:00,5862.83178046582,4284.703303061264,4738.3651357703575
forecast_4386,2025-07-02 18:00:00,5233.3977687898205,3862.7084613532406,3800.117843826819
forecast_4387,2025-07-02 19:00:00,5285.039238041909,4529.406083602396,4086.924793947753
forecast_4388,2025-07-02 20:00:00,6584.586244875136,8002.218628083726,5263.57257851017
forecast_4389,2025-07-02 21:00:00,7656.058694818079,9753.111608005598,6272.184562285626
forecast_4390,2025-07-02 22:00:00,8148.1367815945,10634.689723576383,6465.650733274585
forecast_4391,2025-07-02 23:00:00,9519.275092962785,11847.140355139169,7543.737611990767
forecast_4392,2025-07-03 00:00:00,10794.961853216973,12546.338560422919,8745.990512680908
forecast_4393,2025-07-03 01:00:00,11627.325535901877,12768.219115419102,9233.811823956177
forecast_4394,2025-07-03 02:00:00,12488.54773272353,13803.406569578654,10005.025636947212
forecast_4395,2025-07-03 03:00:00,13542.618177784429,14487.115645560467,10991.301768470263
forecast_4396,2025-07-03 04:00:00,13528.237606098628,14415.185214395808,11143.59266570755
forecast_4397,2025-07-03 05:00:00,14044.786689586079,14967.300612061488,11985.740111061055
forecast_4398,2025-07-03 06:00:00,14616.14974905994,14951.18340948559,12759.196235521744
forecast_4399,2025-07-03 07:00:00,15758.326532908122,15649.820567518727,14290.457131533927
forecast_4400,2025-07-03 08:00:00,14950.509847460802,15143.466727337358,14150.875866280923
forecast_4401,2025-07-03 09:00:00,14140.700462429346,14756.932531451277,14170.52605069986
forecast_4402,2025-07-03 10:00:00,12858.464487849942,12926.443418526136,13063.958454711255
forecast_4403,2025-07-03 11:00:00,11135.969756993187,10412.608090012716,11285.225769390523
forecast_4404,2025-07-03 12:00:00,10020.74019895991,10310.33050853824,10555.305300393065
forecast_4405,2025-07-03 13:00:00,10197.309707361728,9630.059398022377,10640.312013854835
forecast_4406,2025-07-03 14:00:00,9908.902190983215,9104.026210745542,10533.344262266359
forecast_4407,2025-07-03 15:00:00,9464.12342641217,9088.88940343507,9993.172725749038
forecast_4408,2025-07-03 16:00:00,9623.490245523832,8738.09182870481,9756.085390330867
forecast_4409,2025-07-03 17:00:00,9407.928196303574,8677.578326667528,9246.479231398062
forecast_4410,2025-07-03 18:00:00,9766.089081321203,8994.553108645945,9705.509505602196
forecast_4411,2025-07-03 19:00:00,11348.52738853501,11076.092056891637,11239.604219838855
forecast_4412,2025-07-03 20:00:00,11996.667732741202,12463.647247970592,12129.839097674065
forecast_4413,2025-07-03 21:00:00,13328.802150126336,13975.206994961542,13087.785950359734
forecast_4414,2025-07-03 22:00:00,13991.697013077319,14286.976743009785,12809.470262498628
forecast_4415,2025-07-03 23:00:00,14195.238992861978,14789.28733854712,13657.59509746037
forecast_4416,2025-07-04 00:00:00,14878.039369880553,15838.766763988519,14761.315562046999
forecast_4417,2025-07-04 01:00:00,16176.484346635774,16513.00770401436,16117.714612406984
forecast_4418,2025-07-04 02:00:00,16321.218404828243,16687.193197830304,16967.05094368208
forecast_4419,2025-07-04 03:00:00,17088.745497518055,17089.063522988326,18255.60357156844
forecast_4420,2025-07-04 04:00:00,17980.775737679003,17530.935208913805,19276.33806632766
forecast_4421,2025-07-04 05:00:00,18755.516918237303,17381.17710434334,19930.80517493044
forecast_4422,2025-07-04 06:00:00,19244.844540457747,17478.224758197204,20144.28166181768
forecast_4423,2025-07-04 07:00:00,19140.719425980264,17779.841292824676,20296.848277782094
forecast_4424,2025-07-04 08:00:00,18600.444704049798,17679.126069606096,19935.57542716136
forecast_4425,2025-07-04 09:00:00,18353.744889443326,17211.744732440013,19507.408517974767
forecast_4426,2025-07-04 10:00:00,17158.86603097736,16347.599749532792,19051.71916182959
forecast_4427,2025-07-04 11:00:00,16530.816108075633,16261.043307443675,18800.463839080385
forecast_4428,2025-07-04 12:00:00,15723.184926540609,15785.776885233716,18347.49415856325
forecast_4429,2025-07-04 13:00:00,14772.429934636382,15191.221267924442,17859.417986079574
forecast_4430,2025-07-04 14:00:00,14387.694041044095,14896.709198429868,17730.42002082546
forecast_4431,2025-07-04 15:00:00,14941.52805197519,16200.374588936867,17978.451486801623
forecast_4432,2025-07-04 16:00:00,14285.281586252488,16135.566281655569,17599.371349952824
forecast_4433,2025-07-04 17:00:00,15646.708526885439,17171.202737486543,18856.067959611017
forecast_4434,2025-07-04 18:00:00,15721.100311332752,16509.50389856557,18627.31748378219
forecast_4435,2025-07-04 19:00:00,16143.938344471711,16469.18374265147,18810.30524026361
forecast_4436,2025-07-04 20:00:00,17117.8603110666,17003.44944764523,19666.462053463063
forecast_4437,2025-07-04 21:00:00,17631.32117999157,17362.2778964311,19889.558417496995
forecast_4438,2025-07-04 22:00:00,17674.765162870663,17417.483885594673,19897.210661841993
forecast_4439,2025-07-04 23:00:00,19109.0695150599,17597.744661937446,20141.474720985127
forecast_4440,2025-07-05 00:00:00,18902.764365828043,17609.662203616263,19894.396566597927
forecast_4441,2025-07-05 01:00:00,16811.16665145221,17385.762429444694,19077.550292935117
forecast_4442,2025-07-05 02:00:00,16704.451284007282,17222.176516983025,18752.328837614947
forecast_4443,2025-07-05 03:00:00,16200.844929338886,16946.120913358827,17958.26405810872
forecast_4444,2025-07-05 04:00:00,15893.743013990512,17063.33304364224,17409.145794752283
forecast_4445,2025-07-05 05:00:00,16455.452014857045,16648.544589872567,17195.638219363307
forecast_4446,2025-07-05 06:00:00,15876.475275319139,16427.260927720294,16117.08075438672
forecast_4447,2025-07-05 07:00:00,15782.458658482345,15871.921130063083,15585.350174802745
forecast_4448,2025-07-05 08:00:00,15106.584871278435,15977.80897680729,14562.502652090077
forecast_4449,2025-07-05 09:00:00,13595.175109719998,15178.906219706121,13487.89146628644
forecast_4450,2025-07-05 10:00:00,13031.083336263335,14538.894840310582,13115.244203729537
forecast_4451,2025-07-05 11:00:00,11476.232131731169,13209.585133192573,12335.382963726506
forecast_4452,2025-07-05 12:00:00,11306.314886878885,12737.61529556261,12218.893995871134
forecast_4453,2025-07-05 13:00:00,11578.826958163056,12664.787596568749,12626.856843047099
forecast_4454,2025-07-05 14:00:00,12283.993579097907,11918.033039172085,13494.897254002102
forecast_4455,2025-07-05 15:00:00,12268.18624637283,11474.435148037152,14099.806830031437
forecast_4456,2025-07-05 16:00:00,12297.880851773225,11351.205360868624,14380.431580350089
forecast_4457,2025-07-05 17:00:00,12034.801614473366,10707.418013754163,13677.299929229255
forecast_4458,2025-07-05 18:00:00,12914.142940404017,12049.090225843931,13855.859118928503
forecast_4459,2025-07-05 19:00:00,14567.725662334717,14616.703215478594,15304.351286079
forecast_4460,2025-07-05 20:00:00,15869.434044403055,15440.249951090263,16568.21766571072
forecast_4461,2025-07-05 21:00:00,17219.54200981336,16451.794634486614,17868.820874180496
forecast_4462,2025-07-05 22:00:00,17271.68723241023,17102.25036396845,18268.029576625126
forecast_4463,2025-07-05 23:00:00,17317.951434314393,16586.719253828072,18415.750074835814
forecast_4464,2025-07-06 00:00:00,17333.840544962874,16893.484914844055,18334.966986101244
forecast_4465,2025-07-06 01:00:00,18633.129419820318,16824.01729732548,18560.03233263413
forecast_4466,2025-07-06 02:00:00,19273.25418063504,17248.800519197903,18893.35053049604
forecast_4467,2025-07-06 03:00:00,19443.206154211093,17468.104762801082,19073.232245983636
forecast_4468,2025-07-06 04:00:00,19576.140944114937,17497.428514477368,19394.160757863632
forecast_4469,2025-07-06 05:00:00,19313.532609802973,17732.051798908644,19431.838123426245
forecast_4470,2025-07-06 06:00:00,18656.728923501818,17730.264107524985,19126.004416922482
forecast_4471,2025-07-06 07:00:00,17898.815643077487,17408.480130826905,18275.14831063581
forecast_4472,2025-07-06 08:00:00,16820.527186350344,16966.555087910336,16872.881137508408
forecast_4473,2025-07-06 09:00:00,14895.599230065865,15788.540440889374,14560.243895666561
forecast_4474,2025-07-06 10:00:00,13546.969982445742,14773.598592571454,12420.272154296983
forecast_4475,2025-07-06 11:00:00,11670.800212775503,11431.413398627865,9967.623191898641
forecast_4476,2025-07-06 12:00:00,9502.525825700926,9404.57454616301,7885.322886566549
forecast_4477,2025-07-06 13:00:00,7764.500669885896,7278.302899528519,6383.322906920591
forecast_4478,2025-07-06 14:00:00,6493.678244638693,6184.140806089347,5661.502013534343
forecast_4479,2025-07-06 15:00:00,6042.639788660403,4842.227986735525,5309.833111128383
forecast_4480,2025-07-06 16:00:00,5665.773853206414,4441.964397099282,4606.730466075223
forecast_4481,2025-07-06 17:00:00,5573.433738651378,4455.535078632904,4313.144084429665
forecast_4482,2025-07-06 18:00:00,6084.755078000604,5069.227537204146,4721.951671043384
forecast_4483,2025-07-06 19:00:00,6968.989445031438,6233.544498589165,5543.793644811636
forecast_4484,2025-07-06 20:00:00,8722.333783839511,9003.49200229432,6495.736519613746
forecast_4485,2025-07-06 21:00:00,10305.026760412307,10734.012977394948,7798.245080411799
forecast_4486,2025-07-06 22:00:00,11141.375593532874,11296.311619270788,8833.229814939603
forecast_4487,2025-07-06 23:00:00,12875.707495286642,12003.33605687792,10697.332809808544
forecast_4488,2025-07-07 00:00:00,13288.622961191002,11947.80840561537,11324.864083531342
forecast_4489,2025-07-07 01:00:00,12927.540981645147,11235.160786246204,10185.784820242834
forecast_4490,2025-07-07 02:00:00,11660.182721159064,9894.125072568571,8932.825441191064
forecast_4491,2025-07-07 03:00:00,10263.438157368222,8985.083808052817,7778.094448287338
forecast_4492,2025-07-07 04:00:00,8180.371241229083,8189.00326510295,6329.314600214018
forecast_4493,2025-07-07 05:00:00,6336.545239663401,5871.557486709188,4637.946616120568
forecast_4494,2025-07-07 06:00:00,4852.37452570681,3523.2621958240056,3642.3270844767158
forecast_4495,2025-07-07 07:00:00,3521.2376127178804,2652.6558210706717,2973.8156919594608
forecast_4496,2025-07-07 08:00:00,2602.948077040346,2191.7162088214654,2396.1279749904393
forecast_4497,2025-07-07 09:00:00,2025.8792507902365,1749.4436552563525,1767.206501649688
forecast_4498,2025-07-07 10:00:00,1603.3338241880624,1195.0144456110206,1699.2562483920499
forecast_4499,2025-07-07 11:00:00,1969.490955792735,1353.417067565429,1797.263277312813
forecast_4500,2025-07-07 12:00:00,2358.7513499769907,1382.1259000952273,2088.6540560236253
forecast_4501,2025-07-07 13:00:00,2430.9992794333684,1431.8592952521199,2305.320713631928
forecast_4502,2025-07-07 14:00:00,2323.0649726943866,1476.8171436185069,2258.9144212081396
forecast_4503,2025-07-07 15:00:00,2517.514319740556,1601.8685514039669,2307.9813058699647
forecast_4504,2025-07-07 16:00:00,2436.6913974308845,1758.5641257616671,2397.497754550175
forecast_4505,2025-07-07 17:00:00,2351.538790819844,1304.9082084626336,2315.8536262630205
forecast_4506,2025-07-07 18:00:00,2060.5707337793024,1030.4293614505611,2310.779089576186
forecast_4507,2025-07-07 19:00:00,2155.9570042089595,1033.3766982547208,2258.364148992483
forecast_4508,2025-07-07 20:00:00,2484.115182784235,1369.0142375438559,2246.3435555569977
forecast_4509,2025-07-07 21:00:00,2688.1474786743,1689.45519447871,2111.094300877082
forecast_4510,2025-07-07 22:00:00,3206.8152404080265,2436.3839901281253,2210.8927355283545
forecast_4511,2025-07-07 23:00:00,2980.423170380349,1938.3207308165072,2106.995523718939
forecast_4512,2025-07-08 00:00:00,3032.7385466752803,1823.93433434373,2151.482220442066
forecast_4513,2025-07-08 01:00:00,2392.5226137719046,1425.2393761131661,2067.7800639476027
forecast_4514,2025-07-08 02:00:00,2514.325967930001,2051.2320675164888,2235.750909775413
forecast_4515,2025-07-08 03:00:00,2407.6490042511186,1606.0557226779536,2203.0887059776605
forecast_4516,2025-07-08 04:00:00,2120.2252510976086,1517.746871166129,2000.4436815838349
forecast_4517,2025-07-08 05:00:00,2049.1952067856205,1642.9172552679272,1982.0038210994753
forecast_4518,2025-07-08 06:00:00,1974.58887005537,1447.856777322276,1741.9256457699184
forecast_4519,2025-07-08 07:00:00,2078.7185207110497,1711.2165171962463,1856.7051766446227
forecast_4520,2025-07-08 08:00:00,1748.698216756537,1334.858132534952,1699.4154236002787
forecast_4521,2025-07-08 09:00:00,1683.3294535242774,1407.6083377908656,1786.2135497254121
forecast_4522,2025-07-08 10:00:00,1823.5237460398141,1330.8862202758373,2018.712921843856
forecast_4523,2025-07-08 11:00:00,2363.791499259548,1625.656466539346,2168.931065757882
forecast_4524,2025-07-08 12:00:00,2311.117223100545,1655.4849859119045,2269.4660831231195
forecast_4525,2025-07-08 13:00:00,2486.214852142817,1753.9131235028283,2463.968397794345
forecast_4526,2025-07-08 14:00:00,2611.7726786824887,1749.7145190591318,2393.9601906620783
forecast_4527,2025-07-08 15:00:00,2362.262116859671,1656.1084002761231,2291.550003524145
forecast_4528,2025-07-08 16:00:00,2206.973080461088,1343.3362394596438,2315.9848737955913
forecast_4529,2025-07-08 17:00:00,2094.945738137558,1020.3003996269745,2299.338054918351
forecast_4530,2025-07-08 18:00:00,2165.9722426323215,1151.1046567125375,2352.2126985005552
forecast_4531,2025-07-08 19:00:00,2406.79860127097,1580.995278239202,2358.7213627519773
forecast_4532,2025-07-08 20:00:00,2473.7120165757005,1527.8282908718807,2045.2376632970108
forecast_4533,2025-07-08 21:00:00,2686.6420729519477,2184.436757936678,2112.782072524223
forecast_4534,2025-07-08 22:00:00,3081.0115188680165,2100.706507562464,2190.1104239048805
forecast_4535,2025-07-08 23:00:00,3231.3661293137634,2407.6965385440353,2260.715349844251
forecast_4536,2025-07-09 00:00:00,2932.7901966742675,2284.280183057328,2310.917194022827
forecast_4537,2025-07-09 01:00:00,2976.9779722392477,2305.534019907863,2212.019843411972
forecast_4538,2025-07-09 02:00:00,2900.085804088013,2409.3620289822493,2132.676484156122
forecast_4539,2025-07-09 03:00:00,2841.5917688249056,2374.0415372403404,2135.304631155567
forecast_4540,2025-07-09 04:00:00,2990.8495056110387,2629.162774443334,2191.7150638103158
forecast_4541,2025-07-09 05:00:00,2972.999114745361,2695.3654555903913,2249.804556762243
forecast_4542,2025-07-09 06:00:00,2741.8945026494457,2521.5904446030772,2155.9577339647494
forecast_4543,2025-07-09 07:00:00,2783.657936821757,2871.394491778632,2162.3571702967624
forecast_4544,2025-07-09 08:00:00,2741.430666640813,2608.1222642667776,2148.4642257380406
forecast_4545,2025-07-09 09:00:00,2611.423108307669,2267.167629224111,2320.63675739619
forecast_4546,2025-07-09 10:00:00,2503.267380044442,1939.7820997720494,2323.9185559266116
forecast_4547,2025-07-09 11:00:00,2734.5250114958344,2043.8505704128086,2309.3078910222616
forecast_4548,2025-07-09 12:00:00,2954.643076897065,1975.44063472712,2510.4484594383257
forecast_4549,2025-07-09 13:00:00,3001.7138389679803,1998.8729007239754,2605.081377487206
forecast_4550,2025-07-09 14:00:00,3043.529356928608,1867.3335144828582,2660.369877614928
forecast_4551,2025-07-09 15:00:00,2916.8523921471806,1701.5580231410822,2529.043422257177
forecast_4552,2025-07-09 16:00:00,2640.5252241011467,1241.434899206618,2321.476581551907
forecast_4553,2025-07-09 17:00:00,2619.685164667578,1398.3576235402825,2358.13203267761
forecast_4554,2025-07-09 18:00:00,2826.6686514374906,1807.6371401449712,2423.508158212083
forecast_4555,2025-07-09 19:00:00,2575.3951641574413,2223.0199103854393,2264.5335543174556
forecast_4556,2025-07-09 20:00:00,3077.5291984644527,2527.6614052081495,2189.6659593060685
forecast_4557,2025-07-09 21:00:00,3652.1604135412626,3643.7981639527434,2467.649528669889
forecast_4558,2025-07-09 22:00:00,3496.14084405473,3692.754920961903,2430.67022673706
forecast_4559,2025-07-09 23:00:00,3670.3274342113164,3993.9395455319095,2497.3218583301164
forecast_4560,2025-07-10 00:00:00,3651.579375703657,3908.598755283696,2543.4598920749245
forecast_4561,2025-07-10 01:00:00,3751.0474194481667,3734.531532071212,2631.694746622942
forecast_4562,2025-07-10 02:00:00,3822.872950166877,3821.1125951006156,2667.2016035458473
forecast_4563,2025-07-10 03:00:00,3962.867289292909,4045.5051381325634,2723.6797249755364
forecast_4564,2025-07-10 04:00:00,3797.687995769416,3824.1354839328615,2864.6828630203186
forecast_4565,2025-07-10 05:00:00,4574.4959718025775,5213.008897822463,3193.067665743247
forecast_4566,2025-07-10 06:00:00,4646.109332197244,5881.974806878674,3262.610567793564
forecast_4567,2025-07-10 07:00:00,5241.375752615556,6481.780004725469,3770.4482740549993
forecast_4568,2025-07-10 08:00:00,5624.034035511766,6982.680647381205,4137.623783001434
forecast_4569,2025-07-10 09:00:00,5781.720236042105,6991.28915895627,4496.284325597573
forecast_4570,2025-07-10 10:00:00,5754.035410845322,6286.172844508165,4552.877412794731
forecast_4571,2025-07-10 11:00:00,5947.726474123827,6084.679933455841,4773.739027011253
forecast_4572,2025-07-10 12:00:00,5747.285338237967,5790.500784296588,5178.845268717715
forecast_4573,2025-07-10 13:00:00,5588.26460843293,5288.038648982348,5305.714238459648
forecast_4574,2025-07-10 14:00:00,5176.100676088878,5260.298062410997,4857.55317172201
forecast_4575,2025-07-10 15:00:00,5064.294252429093,5029.575215058572,4551.180188431016
forecast_4576,2025-07-10 16:00:00,5480.164190625001,4944.109322938519,4481.500266940074
forecast_4577,2025-07-10 17:00:00,5659.542595462317,5149.213521579604,4321.056282963086
forecast_4578,2025-07-10 18:00:00,5343.992760976582,5800.32279398993,4357.323001267927
forecast_4579,2025-07-10 19:00:00,5259.884225658997,7005.603026414308,4551.235085859998
forecast_4580,2025-07-10 20:00:00,5531.245565966596,7086.97269827086,4616.08191991535
forecast_4581,2025-07-10 21:00:00,6063.887341572733,8218.984093980107,4800.922997134368
forecast_4582,2025-07-10 22:00:00,5962.84422299238,8394.549229454595,4928.836988235507
forecast_4583,2025-07-10 23:00:00,5990.0433187375365,8397.299179722871,4831.247974457447
forecast_4584,2025-07-11 00:00:00,5833.3527719880985,8189.077314613264,4764.434720171666
forecast_4585,2025-07-11 01:00:00,6940.077504823483,8085.009956770036,4970.398302685876
forecast_4586,2025-07-11 02:00:00,6676.062260873362,8062.759720826802,4756.978843484175
forecast_4587,2025-07-11 03:00:00,6548.772815688797,7921.759471075276,4720.659194437411
forecast_4588,2025-07-11 04:00:00,6411.446696780989,7875.408160496242,4713.718059246752
forecast_4589,2025-07-11 05:00:00,6793.015487176255,8645.817535473068,5102.404645702969
forecast_4590,2025-07-11 06:00:00,7020.395590286065,8613.270609547993,5330.18692554627
forecast_4591,2025-07-11 07:00:00,7144.020002408226,9264.967933194486,5487.10913472312
forecast_4592,2025-07-11 08:00:00,7223.958952193545,8998.808686603112,5675.241769618666
forecast_4593,2025-07-11 09:00:00,6697.067118191999,8933.47932400175,5566.434170800743
forecast_4594,2025-07-11 10:00:00,6761.657841731208,7943.823592151187,5335.7857666431955
forecast_4595,2025-07-11 11:00:00,6512.303286602424,7911.825272990924,5574.219349278927
forecast_4596,2025-07-11 12:00:00,6941.864303874983,8546.98475974919,6374.620826760624
forecast_4597,2025-07-11 13:00:00,6831.036224353386,7807.585000166417,6376.46412635909
forecast_4598,2025-07-11 14:00:00,5972.006931786342,7233.39340686767,5954.843398932082
forecast_4599,2025-07-11 15:00:00,5708.742690439354,5572.071999837848,5310.800580771823
forecast_4600,2025-07-11 16:00:00,5341.952740612572,4897.0595457584295,4714.63222279745
forecast_4601,2025-07-11 17:00:00,5562.5324671262815,5133.931412082271,4359.447458019261
forecast_4602,2025-07-11 18:00:00,5072.308252926965,5658.482543063278,4330.571510986382
forecast_4603,2025-07-11 19:00:00,5165.2303234766805,6435.46402095212,4385.453572387441
forecast_4604,2025-07-11 20:00:00,5440.08205460207,6786.89326044904,4424.649125026551
forecast_4605,2025-07-11 21:00:00,5719.553030843599,7568.296590884931,4401.8040821958675
forecast_4606,2025-07-11 22:00:00,5477.808054423398,7062.3618168356725,3993.863316706186
forecast_4607,2025-07-11 23:00:00,5347.097837305222,7180.601967664439,3956.695892783184
forecast_4608,2025-07-12 00:00:00,5474.99935031361,7041.423953655256,3903.2831017105163
forecast_4609,2025-07-12 01:00:00,6207.266706365142,7171.683700728995,3954.5836304629906
forecast_4610,2025-07-12 02:00:00,5376.475730499451,5976.623197159166,3452.951883350303
forecast_4611,2025-07-12 03:00:00,4999.065194284098,4880.583350396424,3361.207794519597
forecast_4612,2025-07-12 04:00:00,4330.52846606081,4222.307484815501,3053.8820384611226
forecast_4613,2025-07-12 05:00:00,4214.557063989386,4053.7293927131504,2961.572769221765
forecast_4614,2025-07-12 06:00:00,4314.435566812027,4371.949406849493,2746.8346001536124
forecast_4615,2025-07-12 07:00:00,3700.965366522275,3506.361984017153,2355.2812343390715
forecast_4616,2025-07-12 08:00:00,3297.592155667071,3112.5537708061092,2319.437194507425
forecast_4617,2025-07-12 09:00:00,3252.5047405200603,3283.9633185821845,2339.263875533736
forecast_4618,2025-07-12 10:00:00,2660.8235609926014,2519.042011802864,2244.107015970664
forecast_4619,2025-07-12 11:00:00,2366.538728228521,2219.012408921108,2146.8674315039925
forecast_4620,2025-07-12 12:00:00,2424.2379628412214,1753.9122886790985,2137.0482816378576
forecast_4621,2025-07-12 13:00:00,2395.195280979466,1512.4034281207169,2164.6266979203856
forecast_4622,2025-07-12 14:00:00,2378.3411288776565,1479.812264876467,2195.7986165606408
forecast_4623,2025-07-12 15:00:00,2256.823945120627,1244.4756433716084,2146.3915771800844
forecast_4624,2025-07-12 16:00:00,1914.5279147359938,1292.7559852523134,2176.8441681187564
forecast_4625,2025-07-12 17:00:00,1885.5194303416588,1232.9204978901867,2139.560296543173
forecast_4626,2025-07-12 18:00:00,1999.3023696606606,1156.4435374500865,2284.794042888484
forecast_4627,2025-07-12 19:00:00,2630.6824165361745,1454.1653314727932,2244.9757480452713
forecast_4628,2025-07-12 20:00:00,2425.22858770367,1411.3659680483247,2426.8807095981624
forecast_4629,2025-07-12 21:00:00,2647.61904322032,2215.9612844665094,2851.1842429737067
forecast_4630,2025-07-12 22:00:00,3097.4581810376176,2809.231087806733,3089.886306245021
forecast_4631,2025-07-12 23:00:00,3630.6119155402757,3070.178233598741,3304.7348647830245
forecast_4632,2025-07-13 00:00:00,4103.468854327631,3670.762609100007,3446.0533423824854
forecast_4633,2025-07-13 01:00:00,3609.6393280935326,3351.3982535670757,3255.375453236489
forecast_4634,2025-07-13 02:00:00,3929.906664734255,3401.9778128085363,3253.7889557606686
forecast_4635,2025-07-13 03:00:00,3988.51069879918,3343.866176526807,3162.00987693033
forecast_4636,2025-07-13 04:00:00,3742.983114891222,3193.967475892898,3040.296214763606
forecast_4637,2025-07-13 05:00:00,3711.644062419453,2816.4906208550265,2792.074230384717
forecast_4638,2025-07-13 06:00:00,3272.4786925456315,2618.047427321867,2486.533816899181
forecast_4639,2025-07-13 07:00:00,2941.0256843157285,2425.1032284358944,2368.4382028872296
forecast_4640,2025-07-13 08:00:00,2752.9244759521052,2536.8592222104826,2523.4695175981415
forecast_4641,2025-07-13 09:00:00,2550.7674257184526,2075.147355706093,2245.725829683055
forecast_4642,2025-07-13 10:00:00,2557.1877413948478,2138.7652903376566,2129.558304186384
forecast_4643,2025-07-13 11:00:00,2633.186073960078,1960.4025026001418,2193.6397710232654
forecast_4644,2025-07-13 12:00:00,2582.404754085776,1354.8276034653281,2334.1519652877982
forecast_4645,2025-07-13 13:00:00,2374.122246127713,1367.0794998268095,2105.5140990604264
forecast_4646,2025-07-13 14:00:00,2278.1620337270438,797.6445813423604,1996.8549276078706
forecast_4647,2025-07-13 15:00:00,2067.5369819608086,754.6742532842095,1808.1925394717637
forecast_4648,2025-07-13 16:00:00,2579.9747072671707,1799.5446581011154,1920.9431084006567
forecast_4649,2025-07-13 17:00:00,3551.9549854665424,3093.355096778784,2673.2881207212813
forecast_4650,2025-07-13 18:00:00,3955.477204570496,3610.542524249364,3005.1359110187973
forecast_4651,2025-07-13 19:00:00,4375.351332494915,4704.396333280496,3782.829686019526
forecast_4652,2025-07-13 20:00:00,4750.729223205896,5290.958411326283,3898.9871302675974
forecast_4653,2025-07-13 21:00:00,5318.729088948339,5699.012501818363,4677.957664778758
forecast_4654,2025-07-13 22:00:00,5363.421450345171,5226.269931133347,3903.2742243531748
forecast_4655,2025-07-13 23:00:00,5902.529228737284,5224.4795656883925,4544.518193367806
forecast_4656,2025-07-14 00:00:00,5495.820726592903,4605.619039999394,4072.7788484489497
forecast_4657,2025-07-14 01:00:00,5815.978194289827,5976.319405309782,4556.646545532346
forecast_4658,2025-07-14 02:00:00,5833.325770753274,5866.9121940872565,5022.607877873832
forecast_4659,2025-07-14 03:00:00,7734.620614873238,7961.1814928341,6216.491767149753
forecast_4660,2025-07-14 04:00:00,6979.200752646053,6975.392589268976,5994.385397661811
forecast_4661,2025-07-14 05:00:00,7051.274479681606,7775.6583261082615,5139.094835207269
forecast_4662,2025-07-14 06:00:00,7685.765969698086,9424.530214767721,5409.112087220052
forecast_4663,2025-07-14 07:00:00,7765.496461337878,9007.931799520076,6523.052710305781
forecast_4664,2025-07-14 08:00:00,6760.3365803462675,7793.19109043354,5674.400176038722
forecast_4665,2025-07-14 09:00:00,6842.157604887099,7611.010791484891,6245.441103664762
forecast_4666,2025-07-14 10:00:00,6351.393589515162,6706.860669082295,5381.291197447129
forecast_4667,2025-07-14 11:00:00,6189.924480874615,7147.456889924784,5639.841052178786
forecast_4668,2025-07-14 12:00:00,5410.785525118123,6153.080677196191,4942.34329930311
forecast_4669,2025-07-14 13:00:00,6294.432853264161,6979.704257022767,5485.7301958580265
forecast_4670,2025-07-14 14:00:00,6797.472597186624,7558.633715627056,5912.4848816704625
forecast_4671,2025-07-14 15:00:00,6796.397795479916,7406.1379917585355,6121.077544286414
forecast_4672,2025-07-14 16:00:00,7315.667706105036,8793.202712688631,7201.740275402426
forecast_4673,2025-07-14 17:00:00,7637.392401228111,9036.373530755745,7258.726191566675
forecast_4674,2025-07-14 18:00:00,7731.802620299852,7791.137001827733,7008.884788159647
forecast_4675,2025-07-14 19:00:00,7112.002875902515,7709.355864679932,6220.118929337623
forecast_4676,2025-07-14 20:00:00,7296.179574357387,7250.423428815495,5930.46017020533
forecast_4677,2025-07-14 21:00:00,7317.578381422177,7154.423278028937,5726.328339024891
forecast_4678,2025-07-14 22:00:00,8532.796528968258,9235.153281713447,6517.250085142703
forecast_4679,2025-07-14 23:00:00,8949.646669306232,10225.838068259949,7847.3824739186675
forecast_4680,2025-07-15 00:00:00,8798.510050353461,11313.03023953311,7861.577618384599
forecast_4681,2025-07-15 01:00:00,13736.199820534792,13582.622250751992,12464.498410392585
forecast_4682,2025-07-15 02:00:00,14192.727899018562,14268.635872905905,13612.245675642951
forecast_4683,2025-07-15 03:00:00,14320.922343574406,13354.83002797531,13968.336599183685
forecast_4684,2025-07-15 04:00:00,12926.575678823687,12512.759022189653,12538.644573474865
forecast_4685,2025-07-15 05:00:00,12455.831336638668,11901.641546526887,11201.645973860308
forecast_4686,2025-07-15 06:00:00,10881.395528819583,10929.23474854501,8633.576360842844
forecast_4687,2025-07-15 07:00:00,10729.09877729955,10400.067738209333,8268.179963250375
forecast_4688,2025-07-15 08:00:00,9099.72270189413,8443.39116602949,7043.3828737895365
forecast_4689,2025-07-15 09:00:00,8024.86715171793,7446.021365019316,6640.178210468471
forecast_4690,2025-07-15 10:00:00,6608.037177585185,6165.440336046042,5210.544355909995
forecast_4691,2025-07-15 11:00:00,6549.359289285357,5667.246384324146,5052.392053211158
forecast_4692,2025-07-15 12:00:00,5768.273407282799,5458.270716494959,4527.703230618036
forecast_4693,2025-07-15 13:00:00,5213.078257250201,4980.138526904753,4418.665483662111
forecast_4694,2025-07-15 14:00:00,4760.428583463118,4395.833153816012,3696.796319159562
forecast_4695,2025-07-15 15:00:00,5234.157890059354,4879.12148158043,4045.1486474275403
forecast_4696,2025-07-15 16:00:00,5961.205158983831,5392.569622477147,4538.40899902321
forecast_4697,2025-07-15 17:00:00,5676.901247496073,4864.672630618745,4516.576577187312
forecast_4698,2025-07-15 18:00:00,5610.1443471540315,3723.105431586107,4317.653910277633
forecast_4699,2025-07-15 19:00:00,5412.727659608919,4523.890027062463,3929.505651395393
forecast_4700,2025-07-15 20:00:00,5280.753123518351,4949.727851458163,4087.7110870899633
forecast_4701,2025-07-15 21:00:00,6179.335341536766,6367.5593874967435,4738.087901933428
forecast_4702,2025-07-15 22:00:00,7124.551306028467,7448.811664611604,5151.328608958529
forecast_4703,2025-07-15 23:00:00,8496.263969539514,9744.813602756854,6303.715594659244
forecast_4704,2025-07-16 00:00:00,10138.60285809333,13213.060372330392,8249.221053490237
forecast_4705,2025-07-16 01:00:00,12207.973125823042,14557.137542773095,10168.840503362317
forecast_4706,2025-07-16 02:00:00,13316.852259854337,15961.950949275733,13280.312985501543
forecast_4707,2025-07-16 03:00:00,14415.126636714933,16356.119852581194,15325.845868632974
forecast_4708,2025-07-16 04:00:00,15629.532831349474,16081.770396873735,16553.901572795658
forecast_4709,2025-07-16 05:00:00,15764.660430491058,15283.603122767383,16628.983121447534
forecast_4710,2025-07-16 06:00:00,14426.46189490987,13754.0085979039,15043.413707096315
forecast_4711,2025-07-16 07:00:00,12316.134277983572,13106.5306620183,12123.062751570278
forecast_4712,2025-07-16 08:00:00,10578.575544213025,12142.285251586489,10194.611076755156
forecast_4713,2025-07-16 09:00:00,7907.761674253905,7857.390099113687,7362.312454417557
forecast_4714,2025-07-16 10:00:00,7492.214668019245,7597.824732976882,6989.321320781616
forecast_4715,2025-07-16 11:00:00,6942.822133679196,7317.3191768238285,6115.12889785143
forecast_4716,2025-07-16 12:00:00,6232.395717691833,6835.855597153334,5603.004331145612
forecast_4717,2025-07-16 13:00:00,6135.657316824903,6822.115837232075,5220.922310838983
forecast_4718,2025-07-16 14:00:00,5813.111681377672,6014.716645541793,4128.003838377394
forecast_4719,2025-07-16 15:00:00,5396.325496147827,5735.195818378361,3907.9717427484006
forecast_4720,2025-07-16 16:00:00,5513.546200908102,6467.732079455012,4019.8253597774155
forecast_4721,2025-07-16 17:00:00,5780.206871602328,6112.601108773026,4227.966529229641
forecast_4722,2025-07-16 18:00:00,6009.81374376969,7504.5559195485475,4763.148526529043
forecast_4723,2025-07-16 19:00:00,7607.913713449263,9159.133229754365,5287.506970101922
forecast_4724,2025-07-16 20:00:00,7096.829442964881,8900.115019902287,5279.082933243324
forecast_4725,2025-07-16 21:00:00,8301.2602053968,10766.869593737732,6250.54959119149
forecast_4726,2025-07-16 22:00:00,11308.85335106387,13505.307598002726,10123.781602317433
forecast_4727,2025-07-16 23:00:00,12355.726338067516,14358.49583598374,13390.24425877211
forecast_4728,2025-07-17 00:00:00,12748.731579727022,14500.511940127773,15512.663882747405
forecast_4729,2025-07-17 01:00:00,14409.509753316519,16222.567641499045,17924.26981690459
forecast_4730,2025-07-17 02:00:00,15171.59459674792,17092.776610808098,18317.035982794827
forecast_4731,2025-07-17 03:00:00,14758.72840861815,16094.879881172365,17882.7733749811
forecast_4732,2025-07-17 04:00:00,14576.308708967848,15884.870765542348,17681.86181092768
forecast_4733,2025-07-17 05:00:00,14749.891655435713,16280.000781239312,17428.604146206864
forecast_4734,2025-07-17 06:00:00,14402.969184184245,16128.403722806157,16221.728941222664
forecast_4735,2025-07-17 07:00:00,14276.594130248835,15013.501020245412,16893.732471943018
forecast_4736,2025-07-17 08:00:00,15393.122937870756,15483.641565121394,17931.523192225493
forecast_4737,2025-07-17 09:00:00,14537.159855320053,13780.998163024058,16984.292093206084
forecast_4738,2025-07-17 10:00:00,13312.531352990049,15314.441907793816,15147.994822082492
forecast_4739,2025-07-17 11:00:00,12996.540819660433,14696.959800783776,14879.582917315603
forecast_4740,2025-07-17 12:00:00,11330.743415889872,12842.12589408815,12530.587192492387
forecast_4741,2025-07-17 13:00:00,10517.498617228748,12828.720944684712,12248.425721281936
forecast_4742,2025-07-17 14:00:00,10063.128279267206,12463.903709832917,11676.29189861477
forecast_4743,2025-07-17 15:00:00,9824.645110634325,11739.353546398568,10603.985609673964
forecast_4744,2025-07-17 16:00:00,9241.690770773366,10139.496823200672,9615.534467054676
forecast_4745,2025-07-17 17:00:00,9625.576449057284,11079.763269345094,8913.813940321616
forecast_4746,2025-07-17 18:00:00,9358.066874910652,10349.057383087806,7778.349068587731
forecast_4747,2025-07-17 19:00:00,8082.554538966916,9805.602056492948,6604.82460307445
forecast_4748,2025-07-17 20:00:00,9103.527940034804,10442.841039216784,7229.695941476819
forecast_4749,2025-07-17 21:00:00,9839.594150085513,12399.59937387861,8225.940676506376
forecast_4750,2025-07-17 22:00:00,11223.536705453324,14005.769679022998,9583.707235078964
forecast_4751,2025-07-17 23:00:00,11691.481748831528,13836.912152450788,11043.77176033421
forecast_4752,2025-07-18 00:00:00,11618.136863562266,14421.760244804704,11745.564998095684
forecast_4753,2025-07-18 01:00:00,11847.390021146162,14590.513587394471,14904.754976417036
forecast_4754,2025-07-18 02:00:00,11306.716109436824,12887.780328189194,13286.580922016263
forecast_4755,2025-07-18 03:00:00,12163.661001724086,13935.952967028727,14180.021135484007
forecast_4756,2025-07-18 04:00:00,12419.016523578286,13692.069233404482,13426.416821865878
forecast_4757,2025-07-18 05:00:00,11142.508720660635,13724.847272273879,11123.115868781717
forecast_4758,2025-07-18 06:00:00,10950.716681998223,13499.147762946446,11006.61508485782
forecast_4759,2025-07-18 07:00:00,11333.191843090903,14337.001970030613,10920.329077734468
forecast_4760,2025-07-18 08:00:00,10705.044833206754,13324.753303739846,9872.583151575824
forecast_4761,2025-07-18 09:00:00,9777.332137345986,12555.060541344626,10015.48848983098
forecast_4762,2025-07-18 10:00:00,7769.437448669571,9946.061342387024,7625.716161879166
forecast_4763,2025-07-18 11:00:00,6034.86064052075,7469.039539092497,5700.454352967325
forecast_4764,2025-07-18 12:00:00,5148.277459361644,4556.949836591211,4132.124138686203
forecast_4765,2025-07-18 13:00:00,4241.954197637312,3248.1882838022048,3788.2138883201587
forecast_4766,2025-07-18 14:00:00,4969.280696550261,4922.136912711173,3998.0201034899223
forecast_4767,2025-07-18 15:00:00,6517.684916383365,7128.563795099191,4713.347156433048
forecast_4768,2025-07-18 16:00:00,4797.059306261141,4740.889469215327,4129.490323311324
forecast_4769,2025-07-18 17:00:00,5482.736924772822,5639.090959190267,5432.1367207750345
forecast_4770,2025-07-18 18:00:00,7162.484931405151,8901.425311719182,6208.589530158865
forecast_4771,2025-07-18 19:00:00,7409.279805883876,7156.562439819031,5766.522872012884
forecast_4772,2025-07-18 20:00:00,8377.698874609341,11031.608488791782,7784.460836246356
forecast_4773,2025-07-18 21:00:00,8283.659627856172,9822.36279499393,7261.806852419819
forecast_4774,2025-07-18 22:00:00,8713.031943045868,9892.967709901983,9442.34482919579
forecast_4775,2025-07-18 23:00:00,8891.594918792398,11293.256261923252,8238.981514196097
forecast_4776,2025-07-19 00:00:00,11009.014473825802,12178.82372483529,10015.210883968233
forecast_4777,2025-07-19 01:00:00,9612.07532817202,11780.109021816625,9101.251101158083
forecast_4778,2025-07-19 02:00:00,8515.92060284947,8845.886178115059,7613.682387500975
forecast_4779,2025-07-19 03:00:00,8481.877594873331,8067.010883331112,6763.11282898382
forecast_4780,2025-07-19 04:00:00,8257.583913069964,8469.332998942502,6434.482003269674
forecast_4781,2025-07-19 05:00:00,7887.242531981099,8637.730478943431,5909.5674834741585
forecast_4782,2025-07-19 06:00:00,8019.820179318063,8609.977720684,5694.588784910836
forecast_4783,2025-07-19 07:00:00,7149.926272337335,9464.34135149572,5572.485339392254
forecast_4784,2025-07-19 08:00:00,6605.145223973781,7851.061114481038,5087.514983703155
forecast_4785,2025-07-19 09:00:00,6959.533517748197,7939.210900580271,5215.844999843981
forecast_4786,2025-07-19 10:00:00,7431.591308103676,8915.791598011834,6118.658158019096
forecast_4787,2025-07-19 11:00:00,7778.073880825192,10739.280593331394,6824.5314690794
forecast_4788,2025-07-19 12:00:00,8823.051068714574,12148.318386422452,8016.305117374152
forecast_4789,2025-07-19 13:00:00,10088.566839566261,11804.727137704178,9385.115530528601
forecast_4790,2025-07-19 14:00:00,10126.52754425204,12602.156241885878,10298.268291854296
forecast_4791,2025-07-19 15:00:00,11140.118681091226,13011.404640558074,11993.959605883463
forecast_4792,2025-07-19 16:00:00,10988.064708252226,13150.898011395651,12078.589266208317
forecast_4793,2025-07-19 17:00:00,10338.083084343212,11477.538605069527,11185.001106481086
forecast_4794,2025-07-19 18:00:00,9906.22901759271,10567.990827624153,9681.316540662632
forecast_4795,2025-07-19 19:00:00,10876.059565709882,11735.111231171144,10110.800833918054
forecast_4796,2025-07-19 20:00:00,11469.736525259024,12981.09446763289,10824.680148857089
forecast_4797,2025-07-19 21:00:00,10787.235520087335,12717.953296890555,10652.07252876931
forecast_4798,2025-07-19 22:00:00,11807.293208038021,13923.408285362364,12276.276991420938
forecast_4799,2025-07-19 23:00:00,10789.68052053712,13545.571355075594,10840.763817803056
forecast_4800,2025-07-20 00:00:00,12610.13821635685,14537.653535586494,12619.583744433281
forecast_4801,2025-07-20 01:00:00,12355.234279233047,14805.953727396925,13005.43632998742
forecast_4802,2025-07-20 02:00:00,11843.822675229587,14823.718131457943,13491.834337260127
forecast_4803,2025-07-20 03:00:00,12080.374984348184,14796.280268750743,12580.472970038154
forecast_4804,2025-07-20 04:00:00,11586.457442418035,13678.663645948269,12133.225391346929
forecast_4805,2025-07-20 05:00:00,10728.17689205763,12968.925440292227,10699.142757199419
forecast_4806,2025-07-20 06:00:00,11065.251860360015,12568.41428770381,10586.41256882546
forecast_4807,2025-07-20 07:00:00,10259.867673927052,12478.914522924697,9777.224241386839
forecast_4808,2025-07-20 08:00:00,10423.344532912712,13009.509813998708,8969.079918585861
forecast_4809,2025-07-20 09:00:00,9692.914594689122,11918.295982522448,7928.051784034322
forecast_4810,2025-07-20 10:00:00,8320.851125881423,10051.293558912366,7003.8424783910405
forecast_4811,2025-07-20 11:00:00,8172.01525067923,8440.622417394676,6850.762565200384
forecast_4812,2025-07-20 12:00:00,7547.145005460524,7565.834308878188,6532.908226391061
forecast_4813,2025-07-20 13:00:00,7493.221380389725,6642.225923450088,5830.5519566413095
forecast_4814,2025-07-20 14:00:00,7125.930853174424,5748.594095777109,5338.732805649102
forecast_4815,2025-07-20 15:00:00,6585.771417090653,5598.739707688777,5259.7013591336545
forecast_4816,2025-07-20 16:00:00,6600.471800998064,5269.656915668793,5090.628034997458
forecast_4817,2025-07-20 17:00:00,6748.364219295131,6171.638218779706,5061.472451917038
forecast_4818,2025-07-20 18:00:00,6971.433732008323,5814.243763406927,5103.754298126492
forecast_4819,2025-07-20 19:00:00,7673.1971294021,8036.716203403216,5909.203533950811
forecast_4820,2025-07-20 20:00:00,8812.731499692269,9253.239767574305,6867.366247107324
forecast_4821,2025-07-20 21:00:00,10318.25097997201,12575.244598787107,8766.670510982285
forecast_4822,2025-07-20 22:00:00,11145.191832593831,13696.388718557831,10183.365309504383
forecast_4823,2025-07-20 23:00:00,12201.156699222736,13806.888246519673,11498.421431300389
forecast_4824,2025-07-21 00:00:00,12714.544433337855,14335.474379016609,12243.00431943604
forecast_4825,2025-07-21 01:00:00,12191.770258419805,13864.864133051022,10872.16078626247
forecast_4826,2025-07-21 02:00:00,11532.012983313472,13883.285112724327,10910.058153644868
forecast_4827,2025-07-21 03:00:00,12437.58465947481,14154.301284473127,10688.586515988158
forecast_4828,2025-07-21 04:00:00,12313.883024808063,13809.56427892376,10471.290102130968
forecast_4829,2025-07-21 05:00:00,11696.34977529689,13697.866068013413,9552.808169519618
forecast_4830,2025-07-21 06:00:00,12100.663233925716,13767.778276815521,9154.241032112306
forecast_4831,2025-07-21 07:00:00,11274.318858390785,13179.198810939093,8551.937274702836
forecast_4832,2025-07-21 08:00:00,9365.457589801374,11624.533135572296,7881.793395674713
forecast_4833,2025-07-21 09:00:00,8222.824831665306,10403.469945425231,7738.9800717383405
forecast_4834,2025-07-21 10:00:00,7868.8433469139145,8938.382711041704,6952.00777997584
forecast_4835,2025-07-21 11:00:00,7676.25434596386,7799.767854649224,6617.0939473969775
forecast_4836,2025-07-21 12:00:00,6742.890245016033,6884.60336125281,5969.959216726805
forecast_4837,2025-07-21 13:00:00,6820.934091672557,6294.778742467943,5570.431916829111
forecast_4838,2025-07-21 14:00:00,6941.44494380753,6502.234372305886,5808.822647347095
forecast_4839,2025-07-21 15:00:00,6737.649917821799,5309.401991782067,5151.383691693466
forecast_4840,2025-07-21 16:00:00,6213.90465559041,5493.030528778989,4856.80224937506
forecast_4841,2025-07-21 17:00:00,7033.32751161625,6843.149596645562,5241.844318954598
forecast_4842,2025-07-21 18:00:00,8382.870340432984,8037.318068471667,6585.742491110721
forecast_4843,2025-07-21 19:00:00,8690.78270848186,9164.572015054577,6865.120106108713
forecast_4844,2025-07-21 20:00:00,11740.06173025819,12889.809177759445,9086.050995899825
forecast_4845,2025-07-21 21:00:00,12026.392206646338,13259.522037074643,10088.262767716273
forecast_4846,2025-07-21 22:00:00,12627.518964417024,14002.272736312312,10866.469014682038
forecast_4847,2025-07-21 23:00:00,12997.104673675098,13810.859063944015,10754.605581056128
forecast_4848,2025-07-22 00:00:00,13024.769022327273,13839.84997744585,10586.802861000007
forecast_4849,2025-07-22 01:00:00,13724.84617631158,15327.399399908147,11877.146294176027
forecast_4850,2025-07-22 02:00:00,13681.468045184089,15069.069396188926,12236.27000394156
forecast_4851,2025-07-22 03:00:00,13549.27400222378,14806.222901355583,12195.325714061106
forecast_4852,2025-07-22 04:00:00,13815.546583144558,15018.012836813927,12187.698248905053
forecast_4853,2025-07-22 05:00:00,14167.600955554073,14766.70030476895,12442.723543508553
forecast_4854,2025-07-22 06:00:00,13653.089625921748,14837.219336144675,11733.917611710753
forecast_4855,2025-07-22 07:00:00,11797.902015845979,13996.951556386173,10230.800107658773
forecast_4856,2025-07-22 08:00:00,10512.889119539775,12164.961264558407,8254.77801095559
forecast_4857,2025-07-22 09:00:00,8593.668191545097,9603.54954606928,6124.575282011776
forecast_4858,2025-07-22 10:00:00,6478.421157749982,6673.276410967527,4653.7101286306215
forecast_4859,2025-07-22 11:00:00,5135.997210536036,5043.7095065274325,3570.6345678774874
forecast_4860,2025-07-22 12:00:00,4538.259214134887,3705.6783459621506,3262.8341708299713
forecast_4861,2025-07-22 13:00:00,3530.382400055395,2598.3567075982764,2793.6296907940678
forecast_4862,2025-07-22 14:00:00,3347.3698337246224,2174.8475455169764,2797.1450851333275
forecast_4863,2025-07-22 15:00:00,3476.92271593599,2684.6730314768183,3021.1203657810274
forecast_4864,2025-07-22 16:00:00,4159.313910681782,3526.0255338139286,3075.1118147646575
forecast_4865,2025-07-22 17:00:00,4388.155319843308,3539.3131215391686,3037.284375247087
forecast_4866,2025-07-22 18:00:00,4547.583050648795,3581.609767615044,3033.1937968596926
forecast_4867,2025-07-22 19:00:00,4517.498405774852,4048.136562466132,3578.6921931174656
forecast_4868,2025-07-22 20:00:00,5224.1012550532705,6057.847069243702,4339.706503958319
forecast_4869,2025-07-22 21:00:00,5507.429791543651,6272.0945776609,4137.606525892373
forecast_4870,2025-07-22 22:00:00,6863.185596081717,7313.832298234197,4697.9585519615575
forecast_4871,2025-07-22 23:00:00,8095.178704022351,7974.812440745699,5352.749386025858
forecast_4872,2025-07-23 00:00:00,9073.246410589458,9230.546703492058,6032.439081757393
forecast_4873,2025-07-23 01:00:00,9984.417411479204,9708.745133712495,6321.482159858041
forecast_4874,2025-07-23 02:00:00,10384.823169813997,10777.317097697529,6938.658241227061
forecast_4875,2025-07-23 03:00:00,10634.487428937016,10915.882706425688,7342.133845412629
forecast_4876,2025-07-23 04:00:00,10405.708999042383,10037.944596893489,7220.645708559336
forecast_4877,2025-07-23 05:00:00,9226.054971379905,9072.149955022855,6103.787950481952
forecast_4878,2025-07-23 06:00:00,8271.026748816588,8194.84894435433,5152.564637483789
forecast_4879,2025-07-23 07:00:00,7249.669128188405,5946.636169988564,4621.799648196464
forecast_4880,2025-07-23 08:00:00,6047.630761778657,5038.157034159702,4045.1009279338036
forecast_4881,2025-07-23 09:00:00,4200.4749095557545,3695.104436215845,2941.0890604181095
forecast_4882,2025-07-23 10:00:00,2632.1956618494996,2391.8358571194285,2149.9162586481707
forecast_4883,2025-07-23 11:00:00,2251.1064137058493,1273.1889515510193,1980.749637885092
forecast_4884,2025-07-23 12:00:00,2365.4234380628363,1107.2833050493136,2036.6988660324243
forecast_4885,2025-07-23 13:00:00,2197.1144229366537,969.1903908559339,2097.2856428362097
forecast_4886,2025-07-23 14:00:00,2328.710341672363,1102.932310319301,2103.3744003866123
forecast_4887,2025-07-23 15:00:00,3045.3778166743214,1435.8938258253272,2433.826618377162
forecast_4888,2025-07-23 16:00:00,3658.474663414267,2006.459395044853,2385.4639203745214
forecast_4889,2025-07-23 17:00:00,2913.2154902215707,1616.113750327917,2698.5973863459394
forecast_4890,2025-07-23 18:00:00,3041.9263088857533,1949.1088247038679,2397.9744371993834
forecast_4891,2025-07-23 19:00:00,3553.9700153570957,2867.958091653487,2781.921752596743
forecast_4892,2025-07-23 20:00:00,4046.610299097587,4536.977231755973,3762.256666410711
forecast_4893,2025-07-23 21:00:00,4068.95748373294,4482.239600077672,3816.4702352753284
forecast_4894,2025-07-23 22:00:00,4985.043952697245,4958.912963153669,4312.581854896431
forecast_4895,2025-07-23 23:00:00,6728.487318510821,5763.99302640623,4687.592583549173
forecast_4896,2025-07-24 00:00:00,7745.291233407802,7009.865606759813,5398.834726635154
forecast_4897,2025-07-24 01:00:00,8731.105874537967,7602.475931620507,5830.596653843585
forecast_4898,2025-07-24 02:00:00,9289.411454006688,8391.25982772294,5988.876736198012
forecast_4899,2025-07-24 03:00:00,9856.395554985718,8996.24878203838,6390.267990633335
forecast_4900,2025-07-24 04:00:00,10148.200627532831,8899.729036357749,6498.182586183426
forecast_4901,2025-07-24 05:00:00,9274.188120823743,8552.668879055283,5743.0582185027915
forecast_4902,2025-07-24 06:00:00,7657.4192246921475,7516.881311665479,4729.170215272576
forecast_4903,2025-07-24 07:00:00,5642.451308485741,4900.06872869839,3758.4243344586002
forecast_4904,2025-07-24 08:00:00,3984.4646022679603,3356.5169692049435,3062.177912257968
forecast_4905,2025-07-24 09:00:00,2879.2492230367943,2297.4351138332736,2303.828684297655
forecast_4906,2025-07-24 10:00:00,2230.423778015346,1713.9558093142236,2101.6525607553626
forecast_4907,2025-07-24 11:00:00,1957.7271010639768,1339.0493220660276,1993.3792367771007
forecast_4908,2025-07-24 12:00:00,1766.9650731198478,975.4955009264954,2053.5989953638536
forecast_4909,2025-07-24 13:00:00,1503.7359694566599,898.694279828052,1700.1314568000698
forecast_4910,2025-07-24 14:00:00,1728.9731446595247,538.5469360351562,1963.2025852353313
forecast_4911,2025-07-24 15:00:00,2023.7075091291736,911.7694091796875,2523.322988806308
forecast_4912,2025-07-24 16:00:00,2145.393545843687,1354.2190329827877,2684.6245939388714
forecast_4913,2025-07-24 17:00:00,2087.5987098512114,1519.4235695714528,2376.3037437617463
forecast_4914,2025-07-24 18:00:00,2263.9526092845263,1362.815812948074,2145.1283261551703
forecast_4915,2025-07-24 19:00:00,2957.0031547689496,2010.5783092751408,2806.8319199990838
forecast_4916,2025-07-24 20:00:00,2845.538292568292,2253.0285513115864,2790.2105342712175
forecast_4917,2025-07-24 21:00:00,3119.2706493290943,2768.2039310999917,3119.07128528345
forecast_4918,2025-07-24 22:00:00,3696.871730114017,3371.209834174403,3496.6809062061366
forecast_4919,2025-07-24 23:00:00,4291.486890619622,4078.091664378615,3751.136821268755
forecast_4920,2025-07-25 00:00:00,4484.401997231091,4559.177852649982,4050.460864349631
forecast_4921,2025-07-25 01:00:00,4726.141475931135,4211.399766217777,3918.181854152276
forecast_4922,2025-07-25 02:00:00,5642.700044901022,4804.263708487579,4265.260570829963
forecast_4923,2025-07-25 03:00:00,5894.131919628859,4662.258662017261,4207.197655681562
forecast_4924,2025-07-25 04:00:00,6288.389392037114,4817.636376959015,4341.236953051301
forecast_4925,2025-07-25 05:00:00,6076.2386088820895,4866.447760260529,4318.926752302607
forecast_4926,2025-07-25 06:00:00,5335.1707677924605,4157.256438757024,3716.6433751057607
forecast_4927,2025-07-25 07:00:00,4514.130956971364,3482.95169299782,3343.5451229890245
forecast_4928,2025-07-25 08:00:00,3601.7576846487827,2866.83675293225,2925.882590619088
forecast_4929,2025-07-25 09:00:00,3082.7971070219064,2199.262485393847,2664.571883495634
forecast_4930,2025-07-25 10:00:00,2423.788427602276,1583.0022239938708,2148.0303229580604
forecast_4931,2025-07-25 11:00:00,1975.9463986607498,1274.4795750752355,1899.669198637794
forecast_4932,2025-07-25 12:00:00,1815.5930617660274,1230.5611812728837,1907.9134276259692
forecast_4933,2025-07-25 13:00:00,1782.5547440140895,688.0744146937205,1801.2850403764614
forecast_4934,2025-07-25 14:00:00,1871.936096647969,878.5967575728198,1960.6755897065186
forecast_4935,2025-07-25 15:00:00,2023.2693216130529,1067.201350601678,2136.546346142373
forecast_4936,2025-07-25 16:00:00,2230.191375076513,1082.4850103411381,2299.532832468853
forecast_4937,2025-07-25 17:00:00,2340.94988767408,1141.8941251494823,2320.6844601442913
forecast_4938,2025-07-25 18:00:00,2603.779044196597,1381.6523183179675,2328.4967787228998
forecast_4939,2025-07-25 19:00:00,3013.814420677676,2563.4449030494447,2643.350435876883
forecast_4940,2025-07-25 20:00:00,3442.060783531362,3065.183980907646,3032.5520343757394
forecast_4941,2025-07-25 21:00:00,4197.61198250467,3778.6183079997904,3540.3471100873403
forecast_4942,2025-07-25 22:00:00,5390.014121669126,5593.07668700371,4235.8535230895795
forecast_4943,2025-07-25 23:00:00,6656.89416693907,6088.525508737827,4961.1660852365085
forecast_4944,2025-07-26 00:00:00,6749.955930022695,6524.463582396118,5160.816052406293
forecast_4945,2025-07-26 01:00:00,8044.099072594189,7222.989133217775,5580.164702258448
forecast_4946,2025-07-26 02:00:00,7856.562435521117,6897.338927941732,5172.013775059875
forecast_4947,2025-07-26 03:00:00,7616.32457586113,6740.9530671388475,5344.091757489232
forecast_4948,2025-07-26 04:00:00,7537.633781190493,6311.461067216668,5380.659939495492
forecast_4949,2025-07-26 05:00:00,5906.755294868942,4808.9236313434285,4316.676485546373
forecast_4950,2025-07-26 06:00:00,5018.68599655382,3760.051555031331,3835.3992481816704
forecast_4951,2025-07-26 07:00:00,3976.898024229377,3605.9714263157553,3198.0534126935218
forecast_4952,2025-07-26 08:00:00,3750.9642892260044,3057.2293168123524,3166.744077934041
forecast_4953,2025-07-26 09:00:00,2887.992504629598,2502.83248453494,2521.3292788683348
forecast_4954,2025-07-26 10:00:00,2389.3855492690773,1624.4544009793938,2276.2500975795997
forecast_4955,2025-07-26 11:00:00,2559.032843222116,1558.1233184192251,2182.3551355721856
forecast_4956,2025-07-26 12:00:00,2305.2497643313895,1569.5560044149036,2108.812475209159
forecast_4957,2025-07-26 13:00:00,1949.3408023262793,1410.0294512296125,1948.79264638044
forecast_4958,2025-07-26 14:00:00,1914.22864914302,1315.858457608194,2111.577490958443
forecast_4959,2025-07-26 15:00:00,1782.1311759255095,1096.0752073374904,2058.129990287725
forecast_4960,2025-07-26 16:00:00,1875.1018528907384,1001.5651185781787,2001.6837128728966
forecast_4961,2025-07-26 17:00:00,2035.0407564588534,860.4304023308398,2074.6736284741282
forecast_4962,2025-07-26 18:00:00,2222.0742307130035,1255.5260027152465,2328.046315766818
forecast_4963,2025-07-26 19:00:00,2513.623041950412,1297.794315993127,2352.2081417243035
forecast_4964,2025-07-26 20:00:00,2997.101921699067,2679.9032055888038,2914.0361808633897
forecast_4965,2025-07-26 21:00:00,3534.8119951322324,3879.3188644993525,3492.920564686864
forecast_4966,2025-07-26 22:00:00,4655.57455832618,5461.892214803936,4307.008842078212
forecast_4967,2025-07-26 23:00:00,6317.851578050289,6840.295681177178,5281.938130820207
forecast_4968,2025-07-27 00:00:00,6976.339769563454,7447.886299950066,5559.214127833244
forecast_4969,2025-07-27 01:00:00,9539.790717189095,10307.311663696739,6755.629504727163
forecast_4970,2025-07-27 02:00:00,10112.952591974714,9652.195502382585,6807.5034802702985
forecast_4971,2025-07-27 03:00:00,10223.014164704811,9323.120329081174,7290.492296347405
forecast_4972,2025-07-27 04:00:00,9409.066323853942,8502.134090331438,6314.626846227131
forecast_4973,2025-07-27 05:00:00,8222.87277459683,7119.027087220915,5373.998658387482
forecast_4974,2025-07-27 06:00:00,6932.273243883677,6572.584571799815,4314.0951097872685
forecast_4975,2025-07-27 07:00:00,5380.757662057946,4953.179557524908,3682.6460931387546
forecast_4976,2025-07-27 08:00:00,4217.868166262479,3815.8336393420436,3381.293834174985
forecast_4977,2025-07-27 09:00:00,3754.4939768693,3287.3499222000437,2982.2895712874633
forecast_4978,2025-07-27 10:00:00,2839.3760059141105,2451.20469161446,2610.607905802129
forecast_4979,2025-07-27 11:00:00,2614.6642795108696,1729.7810209451509,2377.5054891511727
forecast_4980,2025-07-27 12:00:00,2758.0533158454564,1260.9205064035596,2410.766266483714
forecast_4981,2025-07-27 13:00:00,2621.117246694458,1186.6349023254375,2355.642085417233
forecast_4982,2025-07-27 14:00:00,2626.8055043391346,1448.5280379522578,2584.851651891871
forecast_4983,2025-07-27 15:00:00,3102.360127428143,1508.375315323955,2580.7405413026954
forecast_4984,2025-07-27 16:00:00,3226.0501122459664,1811.7084938885077,2645.2535008619525
forecast_4985,2025-07-27 17:00:00,3714.7587271204948,2103.0925652754668,2770.319523390591
forecast_4986,2025-07-27 18:00:00,4064.209896777945,3142.637830458336,3232.55775414973
forecast_4987,2025-07-27 19:00:00,5274.059244314928,4342.3732175638725,3894.4842474404145
forecast_4988,2025-07-27 20:00:00,6831.704986796136,5501.288124235891,4625.621545778372
forecast_4989,2025-07-27 21:00:00,7334.85628707084,6555.569933658504,5155.052058484165
forecast_4990,2025-07-27 22:00:00,8436.771136876388,7619.038498687527,6020.66051579795
forecast_4991,2025-07-27 23:00:00,9144.569265139486,8391.699310958255,6292.177222435093
forecast_4992,2025-07-28 00:00:00,10258.062995976088,9907.901742458735,7652.576044865893
forecast_4993,2025-07-28 01:00:00,11432.307436092684,11279.652458749872,8271.020863201617
forecast_4994,2025-07-28 02:00:00,11409.544976735342,10697.956996450566,8231.905633016822
forecast_4995,2025-07-28 03:00:00,11951.107917145888,10653.898780036212,8544.290850338824
forecast_4996,2025-07-28 04:00:00,10984.180410845647,10058.655016786448,7525.337333431025
forecast_4997,2025-07-28 05:00:00,10454.495338279758,9383.171655687656,6829.766415141301
forecast_4998,2025-07-28 06:00:00,9407.367984197808,7757.568519955458,5409.879239847587
forecast_4999,2025-07-28 07:00:00,6957.85950681475,6227.229038207402,4232.688143222144
forecast_5000,2025-07-28 08:00:00,5613.2719636715365,4847.860262734961,3873.051450065591
forecast_5001,2025-07-28 09:00:00,3999.8101840694444,3559.6506936347655,2914.268508574204
forecast_5002,2025-07-28 10:00:00,2752.0883278526535,2273.813694334392,2266.5871796505535
forecast_5003,2025-07-28 11:00:00,2240.0023913944924,1455.1118271229525,1827.2005264787788
forecast_5004,2025-07-28 12:00:00,2105.0157714692104,1066.5737659586223,1912.8428689090606
forecast_5005,2025-07-28 13:00:00,2150.4534092266667,862.0720150314887,1903.52500489674
forecast_5006,2025-07-28 14:00:00,2754.384699203979,1380.1948199456406,2243.416962116402
forecast_5007,2025-07-28 15:00:00,1997.542645070724,1214.5441129396495,1870.7135276189256
forecast_5008,2025-07-28 16:00:00,2217.8447518711996,809.7259521484375,2784.2577414993157
forecast_5009,2025-07-28 17:00:00,2717.2546136037627,1064.349609375,2456.917460655169
forecast_5010,2025-07-28 18:00:00,2463.3886482898724,1588.674075120884,2293.660325561404
forecast_5011,2025-07-28 19:00:00,2497.9506838394004,2435.286427633405,2533.5082708693244
forecast_5012,2025-07-28 20:00:00,2978.5393954441934,2857.5843176792023,3077.621954996182
forecast_5013,2025-07-28 21:00:00,3520.2916279543406,3595.2635689625718,3754.322847930649
forecast_5014,2025-07-28 22:00:00,3664.2824957818557,3148.829423553624,3317.4338525021767
forecast_5015,2025-07-28 23:00:00,4101.110325251416,3283.288864508996,3873.8146677069367
forecast_5016,2025-07-29 00:00:00,4656.042901883243,3763.3646766142897,4323.999145089709
forecast_5017,2025-07-29 01:00:00,5292.958491848741,4255.414123712499,4020.457665566354
forecast_5018,2025-07-29 02:00:00,5399.214925273498,4270.689677347556,3999.784462674943
forecast_5019,2025-07-29 03:00:00,5574.381490802592,4107.878076483768,4062.0153190078863
forecast_5020,2025-07-29 04:00:00,4902.040600592828,3657.315288503537,3809.360051147885
forecast_5021,2025-07-29 05:00:00,3973.4301314850727,3376.555593068237,3388.0501934992362
forecast_5022,2025-07-29 06:00:00,3663.241632959412,3017.5946573066913,2923.711996921696
forecast_5023,2025-07-29 07:00:00,3444.3385265992442,2712.7604780918273,2614.4092843516523
forecast_5024,2025-07-29 08:00:00,2676.6786195104983,1811.1710674126139,2359.0765193594025
forecast_5025,2025-07-29 09:00:00,2227.9383134747013,1515.5063385618482,2029.5001775686135
forecast_5026,2025-07-29 10:00:00,1984.8795259675055,1472.1715430565782,2012.0672280366548
forecast_5027,2025-07-29 11:00:00,1895.5482976335056,1032.5502909793431,2088.933874236771
forecast_5028,2025-07-29 12:00:00,1875.5474909959344,1253.5017948247028,1998.70845238222
forecast_5029,2025-07-29 13:00:00,1775.0177159124423,1342.788760785123,1718.7926525271828
forecast_5030,2025-07-29 14:00:00,2208.830806074963,1204.3077891856221,2227.792767211088
forecast_5031,2025-07-29 15:00:00,2079.219036008443,1366.9008717425463,2211.005471064443
forecast_5032,2025-07-29 16:00:00,2536.1303083376374,1361.3632946922157,2339.4866652354413
forecast_5033,2025-07-29 17:00:00,2284.614612461757,1485.6224718997678,2173.1207432811766
forecast_5034,2025-07-29 18:00:00,2353.0287265859965,1416.2992776097578,2149.0157895052093
forecast_5035,2025-07-29 19:00:00,2747.5174646751047,1361.1219333941435,2274.3551661513598
forecast_5036,2025-07-29 20:00:00,3325.7518274365566,2390.9535819390935,3221.4807582458843
forecast_5037,2025-07-29 21:00:00,3283.8266530214073,2542.002853252279,3174.9410359142103
forecast_5038,2025-07-29 22:00:00,3524.9311006543294,3301.298561161945,3449.837513435674
forecast_5039,2025-07-29 23:00:00,3388.0662388549713,3079.2667003911206,3396.9433236783584
forecast_5040,2025-07-30 00:00:00,3753.1692274347124,3075.467047510116,3434.5951335728705
forecast_5041,2025-07-30 01:00:00,3749.4407943087713,3012.1233700576513,3188.0684716043606
forecast_5042,2025-07-30 02:00:00,3906.270212694622,3362.643506787329,3131.115000040875
forecast_5043,2025-07-30 03:00:00,3739.4387068676688,3525.5056409746153,3080.4147179551082
forecast_5044,2025-07-30 04:00:00,3309.864208928655,3181.460434806529,3097.5748273548747
forecast_5045,2025-07-30 05:00:00,3219.2788076055613,3104.9938899153353,3007.877030782119
forecast_5046,2025-07-30 06:00:00,3076.5532573331357,3093.8724855616492,2525.1272196587643
forecast_5047,2025-07-30 07:00:00,3029.2501038500955,3107.8335135000016,2456.3350809741414
forecast_5048,2025-07-30 08:00:00,2113.423101568416,1737.4234728600882,1855.8831832245473
forecast_5049,2025-07-30 09:00:00,1858.2812712354091,1332.3888892662685,1665.2894352510677
forecast_5050,2025-07-30 10:00:00,1736.778214287237,1297.8174778807165,1799.4860914531982
forecast_5051,2025-07-30 11:00:00,2451.30229943181,1460.913363100401,1822.3756513102019
forecast_5052,2025-07-30 12:00:00,2830.5786793808497,1653.7002380781782,2140.9186828524957
forecast_5053,2025-07-30 13:00:00,2873.9310213650333,1535.314712652711,2211.300673975086
forecast_5054,2025-07-30 14:00:00,3052.9627660209935,1724.5551335295613,2433.605600047985
forecast_5055,2025-07-30 15:00:00,3015.791628654745,1642.5107974268706,2275.546917013688
forecast_5056,2025-07-30 16:00:00,2363.5718268577316,1502.9856077266018,2180.3617012491536
forecast_5057,2025-07-30 17:00:00,2514.074850438452,1234.8891637327692,1942.1378055639857
forecast_5058,2025-07-30 18:00:00,2163.3753256155355,926.8260109931298,1968.992407643237
forecast_5059,2025-07-30 19:00:00,2422.956669151365,1150.5593565355846,2081.552057133927
forecast_5060,2025-07-30 20:00:00,3092.6764793407597,1780.9684112919722,2525.052819928089
forecast_5061,2025-07-30 21:00:00,3553.1295111121017,2606.9386695931307,3151.26939230233
forecast_5062,2025-07-30 22:00:00,3745.004916956302,2531.0353135960418,3171.0731688284086
forecast_5063,2025-07-30 23:00:00,4235.552891114521,1714.2740870555804,3500.8376313923277
forecast_5064,2025-07-31 00:00:00,4385.629369595663,3405.9826495109583,3605.5422300920814
forecast_5065,2025-07-31 01:00:00,4515.295525834226,3885.129880521338,3720.265600905384
forecast_5066,2025-07-31 02:00:00,5508.02859213344,4795.623231860973,3807.7027201217734
forecast_5067,2025-07-31 03:00:00,5345.893056042806,5017.367552590209,3852.874192378831
forecast_5068,2025-07-31 04:00:00,5623.550682457628,5995.228376974912,3998.282619809787
forecast_5069,2025-07-31 05:00:00,5032.072974870118,6078.750861286588,3806.9477946639454
forecast_5070,2025-07-31 06:00:00,5334.87268170709,5600.087772507585,3993.125853595885
forecast_5071,2025-07-31 07:00:00,4608.928225233712,4326.600666571519,3423.9175711434
forecast_5072,2025-07-31 08:00:00,4073.8121572656264,3482.875397894597,3038.3687277471167
forecast_5073,2025-07-31 09:00:00,3615.5713333777694,3124.1241023455923,3039.2985347353983
forecast_5074,2025-07-31 10:00:00,3127.1898860623032,2309.556179100999,3068.5387287111575
forecast_5075,2025-07-31 11:00:00,3263.0495629927123,1915.4378457691382,2686.079491635381
forecast_5076,2025-07-31 12:00:00,3007.168156161315,1666.4680989632266,2644.8645532631117
forecast_5077,2025-07-31 13:00:00,2950.5936036191415,1504.1801563365275,2619.447087745093
forecast_5078,2025-07-31 14:00:00,2788.4968539373003,1320.2555846549271,2524.884147334407
forecast_5079,2025-07-31 15:00:00,2486.295564376715,1369.4678771893678,2335.5039026263717
forecast_5080,2025-07-31 16:00:00,2478.547127068179,1178.9116779656608,2304.0172192808136
forecast_5081,2025-07-31 17:00:00,2636.2968498887103,1171.0330576770255,2183.230089492412
forecast_5082,2025-07-31 18:00:00,2022.7708612030883,1080.9260608236264,1955.085755871292
forecast_5083,2025-07-31 19:00:00,2194.7847655156174,995.8415149936698,2156.2439592056485
forecast_5084,2025-07-31 20:00:00,2884.5117526483155,1565.0286624103537,2908.7350012732377
forecast_5085,2025-07-31 21:00:00,2681.2940246364883,1732.2261677174833,2684.5586797427904
forecast_5086,2025-07-31 22:00:00,3077.9336656994633,2027.8844869026425,2800.535657036886
forecast_5087,2025-07-31 23:00:00,3326.403014835953,1256.830810546875,2889.692507630043
forecast_5088,2025-08-01 00:00:00,3239.841921860188,2586.6562057971323,2987.8013731737283
forecast_5089,2025-08-01 01:00:00,3881.5840972150263,3167.43302241283,3125.231961958846
forecast_5090,2025-08-01 02:00:00,3958.0952206179236,3124.5231122328296,3176.987111320825
forecast_5091,2025-08-01 03:00:00,3923.577613372743,3270.2680367828616,3183.7567079208425
forecast_5092,2025-08-01 04:00:00,3840.223070424472,2845.3860983687546,3079.537473847709
forecast_5093,2025-08-01 05:00:00,3366.9324834302543,2912.8206758334754,2788.59990592832
forecast_5094,2025-08-01 06:00:00,2683.3317095055872,2511.9302257978034,2268.968239335627
forecast_5095,2025-08-01 07:00:00,1862.1928961927017,1707.5951162976753,1695.7077628443042
forecast_5096,2025-08-01 08:00:00,1515.4098481619976,1134.7612699653566,1461.9338958226062
forecast_5097,2025-08-01 09:00:00,1493.35062212389,917.9253695154518,1444.0637967188457
forecast_5098,2025-08-01 10:00:00,1493.9306621650364,968.0833694835308,1547.379518172798
forecast_5099,2025-08-01 11:00:00,1943.7592891075828,1503.9213022483762,1827.127912263879
forecast_5100,2025-08-01 12:00:00,2129.0681124978505,1190.8353618960919,1819.068865531902
forecast_5101,2025-08-01 13:00:00,1971.6739203223376,915.3970798530501,1968.014598401042
forecast_5102,2025-08-01 14:00:00,2092.0795917274972,990.520583979357,1919.644554660013
forecast_5103,2025-08-01 15:00:00,2066.170580325461,869.4979919124511,1855.6219817430128
forecast_5104,2025-08-01 16:00:00,1920.2750381318092,1072.361312164737,1964.3243502463438
forecast_5105,2025-08-01 17:00:00,1909.3514855318836,1004.1457700913171,2024.4641283690175
forecast_5106,2025-08-01 18:00:00,2174.8070820651824,1406.6252265401558,2163.4070408749153
forecast_5107,2025-08-01 19:00:00,2827.8469478142197,1866.5821112348065,2076.3540809092096
forecast_5108,2025-08-01 20:00:00,2535.407375956867,1874.3997502340812,1947.4675523528213
forecast_5109,2025-08-01 21:00:00,2763.650686681115,2251.234661349852,2335.6910887262175
forecast_5110,2025-08-01 22:00:00,3494.023809552554,3128.2828903017617,3316.0951917264197
forecast_5111,2025-08-01 23:00:00,3377.6328592561695,2879.558100202853,3137.5239698067667
forecast_5112,2025-08-02 00:00:00,3656.9487902669057,3871.3855733011605,4007.739742405815
forecast_5113,2025-08-02 01:00:00,5378.061767732417,5404.497154744386,4436.906379843254
forecast_5114,2025-08-02 02:00:00,6343.94845473888,6119.756262408188,4551.713983983034
forecast_5115,2025-08-02 03:00:00,7452.449078304326,7064.435753107537,4634.129600548251
forecast_5116,2025-08-02 04:00:00,7983.171947824387,7381.337443713424,5133.726567563782
forecast_5117,2025-08-02 05:00:00,8413.995841407232,7888.933648649604,5281.737541785636
forecast_5118,2025-08-02 06:00:00,8433.28915895168,9362.171968042367,5256.859234648038
forecast_5119,2025-08-02 07:00:00,7850.158150670852,8479.43912426931,4728.410623162287
forecast_5120,2025-08-02 08:00:00,6681.448836975963,6746.700475956448,4518.178809536348
forecast_5121,2025-08-02 09:00:00,5506.217571143339,5419.401293033603,3851.6091889824675
forecast_5122,2025-08-02 10:00:00,3809.5279868800944,3708.0726634561347,2901.963703681435
forecast_5123,2025-08-02 11:00:00,3296.430928424331,2426.1147158852564,2509.0964472343403
forecast_5124,2025-08-02 12:00:00,2851.7677742058668,1694.5949469092564,2248.2267670473148
forecast_5125,2025-08-02 13:00:00,2658.9866785834597,1481.3065474139094,2234.6281438203137
forecast_5126,2025-08-02 14:00:00,2396.782987693532,1108.0178898645975,1951.4629761935653
forecast_5127,2025-08-02 15:00:00,3541.4445660676815,2122.5507503084873,2399.5966029614747
forecast_5128,2025-08-02 16:00:00,2597.992572260069,1464.3260361065727,2217.361593874395
forecast_5129,2025-08-02 17:00:00,3018.82854209143,1694.3474700787983,2001.2112334439817
forecast_5130,2025-08-02 18:00:00,2968.4854536818334,1811.0427565181326,2005.192158662128
forecast_5131,2025-08-02 19:00:00,3432.3696703092464,2845.857055124372,2651.143534992525
forecast_5132,2025-08-02 20:00:00,3323.722756654707,3025.199631917968,3211.4689713207276
forecast_5133,2025-08-02 21:00:00,4165.815127612244,3501.3608136116945,3663.129883471795
forecast_5134,2025-08-02 22:00:00,4181.877703666561,3488.8488246476463,3518.0571930107535
forecast_5135,2025-08-02 23:00:00,4660.160987415167,4248.4163703750455,4336.064167122453
forecast_5136,2025-08-03 00:00:00,4484.283081963914,4017.672504120065,3773.7520831889233
forecast_5137,2025-08-03 01:00:00,6156.760640930917,5265.03313026929,3936.1125826590774
forecast_5138,2025-08-03 02:00:00,6332.2937202470985,5350.3405917093005,4194.903530100524
forecast_5139,2025-08-03 03:00:00,6092.233253689239,5050.170189129034,3981.4397541334497
forecast_5140,2025-08-03 04:00:00,5439.014318372036,3969.4765061287326,3881.5143732457273
forecast_5141,2025-08-03 05:00:00,4749.483102666495,3890.726168613676,3796.916598403207
forecast_5142,2025-08-03 06:00:00,3915.990222690318,3261.8924159073,3183.5461481718266
forecast_5143,2025-08-03 07:00:00,3452.551521343943,2901.710599175607,2657.7715815327356
forecast_5144,2025-08-03 08:00:00,3720.427535843298,2695.3043103056925,2862.736321921121
forecast_5145,2025-08-03 09:00:00,3144.733837061489,2148.635493465004,2482.8464417001896
forecast_5146,2025-08-03 10:00:00,2700.7037207236153,1871.4119831526436,2491.619971293637
forecast_5147,2025-08-03 11:00:00,2386.596304141905,893.3598022460938,2181.587125298073
forecast_5148,2025-08-03 12:00:00,2145.0026097169484,961.4404780049832,1815.3988077833112
forecast_5149,2025-08-03 13:00:00,2290.6439881525625,939.5820688779528,1914.8061266399905
forecast_5150,2025-08-03 14:00:00,2340.3919089030637,1411.3788431433902,1941.6013831516789
forecast_5151,2025-08-03 15:00:00,3330.683569381343,1244.6219033799175,2648.5396769242448
forecast_5152,2025-08-03 16:00:00,3481.4395577544974,1554.7200264261894,2492.585143793118
forecast_5153,2025-08-03 17:00:00,3837.803891228137,2870.833085346333,2902.4666125360773
forecast_5154,2025-08-03 18:00:00,4407.054200020062,4884.974547930562,3312.7438257157046
forecast_5155,2025-08-03 19:00:00,5670.582166047744,6635.96096000086,4347.908129603488
forecast_5156,2025-08-03 20:00:00,5612.155102065082,6576.5399736617055,4541.5119875640175
forecast_5157,2025-08-03 21:00:00,7914.072931047864,8130.529277498358,5870.895834866566
forecast_5158,2025-08-03 22:00:00,8042.8927460082905,7525.498187455351,5721.516750338064
forecast_5159,2025-08-03 23:00:00,6808.95113513317,6498.951004258154,5277.90984244401
forecast_5160,2025-08-04 00:00:00,7048.482908845131,7525.499557221328,5640.77704879989
forecast_5161,2025-08-04 01:00:00,5936.240620161756,6430.53083233058,4341.208345195001
forecast_5162,2025-08-04 02:00:00,5661.744066326033,6365.377173959807,4292.943099856289
forecast_5163,2025-08-04 03:00:00,5530.167928840043,6886.941729888779,4417.1246207481345
forecast_5164,2025-08-04 04:00:00,7012.36949269164,8520.10705962756,4095.8281914956597
forecast_5165,2025-08-04 05:00:00,7177.734811875036,9389.143222436101,5156.538685842167
forecast_5166,2025-08-04 06:00:00,6221.520634497826,7070.7414978402185,4941.915412705524
forecast_5167,2025-08-04 07:00:00,6395.408059617715,8065.690262574669,4623.365196801773
forecast_5168,2025-08-04 08:00:00,6404.913094539259,8904.256337818937,5053.316852699742
forecast_5169,2025-08-04 09:00:00,6700.98912404703,7768.315097582653,4547.685653553877
forecast_5170,2025-08-04 10:00:00,6625.456667315299,8846.882803507047,5168.349323035363
forecast_5171,2025-08-04 11:00:00,5709.422191577412,6472.48515876887,5365.330375962808
forecast_5172,2025-08-04 12:00:00,5422.831367060577,7092.30673598968,5290.323315526662
forecast_5173,2025-08-04 13:00:00,4878.292907655454,5757.78848195777,4750.247583207948
forecast_5174,2025-08-04 14:00:00,4087.4961015890226,4860.876242226503,4078.0506017146936
forecast_5175,2025-08-04 15:00:00,3417.7889096595,3630.7931925030753,3772.9652863922197
forecast_5176,2025-08-04 16:00:00,4207.427547591276,4737.722547810301,4918.099301587097
forecast_5177,2025-08-04 17:00:00,4243.075083298074,4023.3901349767502,4674.097811937396
forecast_5178,2025-08-04 18:00:00,3979.5525654910653,3530.5505452886855,4722.181571370878
forecast_5179,2025-08-04 19:00:00,4511.862648094102,5065.921568170786,5821.717041131595
forecast_5180,2025-08-04 20:00:00,5499.154631344666,6109.4092435176135,6162.041169108355
forecast_5181,2025-08-04 21:00:00,7343.898015667845,7447.626296514228,9457.670629102928
forecast_5182,2025-08-04 22:00:00,6081.199855992199,7039.049142185856,8609.85568865583
forecast_5183,2025-08-04 23:00:00,6186.172929626464,6291.019418284713,9973.600202949976
forecast_5184,2025-08-05 00:00:00,5828.064256784357,6983.3223972491705,9058.129344518675
forecast_5185,2025-08-05 01:00:00,5380.619211902756,5052.961862973811,6292.130163861355
forecast_5186,2025-08-05 02:00:00,5712.070717600406,5101.54620770344,4673.469778793118
forecast_5187,2025-08-05 03:00:00,5477.920393913527,4687.422959529854,4232.149962976383
forecast_5188,2025-08-05 04:00:00,4757.996025217962,4528.292791671578,3603.225868898507
forecast_5189,2025-08-05 05:00:00,4370.929747329427,3866.518504642354,3288.418548244654
forecast_5190,2025-08-05 06:00:00,3890.033831629269,3400.1494800397086,3070.6103378550456
forecast_5191,2025-08-05 07:00:00,4374.595768855599,3749.3687230218466,3172.543515564912
forecast_5192,2025-08-05 08:00:00,4153.894295657314,3793.288205648064,2993.704262832422
forecast_5193,2025-08-05 09:00:00,3921.102981409126,3336.8431170997683,2834.8079585665437
forecast_5194,2025-08-05 10:00:00,3915.0799954210643,3573.569765454049,3092.6083601142245
forecast_5195,2025-08-05 11:00:00,4009.312766671931,3703.2318076492247,3526.0945656999406
forecast_5196,2025-08-05 12:00:00,4395.529897918416,3384.989770620521,3940.3618755180137
forecast_5197,2025-08-05 13:00:00,5622.213093865564,5392.261101155457,4704.286109836038
forecast_5198,2025-08-05 14:00:00,7073.571331614619,7581.018927062976,6137.023995142657
forecast_5199,2025-08-05 15:00:00,7050.299362839391,7609.89910138143,7074.19828473499
forecast_5200,2025-08-05 16:00:00,6877.91211637249,7663.524872695865,7382.358681918173
forecast_5201,2025-08-05 17:00:00,7018.337697818956,7003.594146856702,7183.62587627141
forecast_5202,2025-08-05 18:00:00,6096.199000681147,7059.5239138588195,5721.6803376845255
forecast_5203,2025-08-05 19:00:00,6667.894238171881,6452.276762960891,5621.365758618587
forecast_5204,2025-08-05 20:00:00,7338.717893330995,7974.522883651246,5702.64754559941
forecast_5205,2025-08-05 21:00:00,7326.149730360499,8191.349326466732,5518.076367081148
forecast_5206,2025-08-05 22:00:00,8678.81777095689,10827.395026894756,6565.211692770687
forecast_5207,2025-08-05 23:00:00,10111.619110211719,12632.107081098748,7938.53728553764
forecast_5208,2025-08-06 00:00:00,9859.538077521822,12664.3245783821,9171.477433324968
forecast_5209,2025-08-06 01:00:00,10621.21807090392,13761.197056026755,12425.325844466373
forecast_5210,2025-08-06 02:00:00,11866.229715651707,14682.47477376445,14433.862198665309
forecast_5211,2025-08-06 03:00:00,11938.699271062618,14748.41816826172,15120.391667164151
forecast_5212,2025-08-06 04:00:00,11307.531988547154,13050.337060755613,14405.93372810187
forecast_5213,2025-08-06 05:00:00,12098.856957350898,15183.205550652081,15933.96572321641
forecast_5214,2025-08-06 06:00:00,12377.930598950381,15659.058571532956,16494.439390438252
forecast_5215,2025-08-06 07:00:00,12117.908534054557,15456.266310158993,17288.539172910423
forecast_5216,2025-08-06 08:00:00,11928.230442574137,14444.260135616909,17060.421080506552
forecast_5217,2025-08-06 09:00:00,13461.145892884166,15110.373876512276,18119.40684041862
forecast_5218,2025-08-06 10:00:00,14289.911093616638,15538.453006760257,17912.545340808694
forecast_5219,2025-08-06 11:00:00,13548.395146681087,14637.439746040855,17396.264755592914
forecast_5220,2025-08-06 12:00:00,14185.476606260157,15223.663980924803,17366.348407102287
forecast_5221,2025-08-06 13:00:00,13728.888483991468,15968.548859065637,17776.40405831928
forecast_5222,2025-08-06 14:00:00,14020.29752904006,16494.343482460426,17946.282932755275
forecast_5223,2025-08-06 15:00:00,13668.58693567305,15807.218382227999,17779.924497909284
forecast_5224,2025-08-06 16:00:00,14351.519119458604,16069.153607587365,18494.54133066669
forecast_5225,2025-08-06 17:00:00,14091.976658544641,16133.673585708813,18618.69636947127
forecast_5226,2025-08-06 18:00:00,14791.92899313771,16357.782013176875,18533.89669975625
forecast_5227,2025-08-06 19:00:00,15043.196369562787,16669.028316478136,18869.9743226471
forecast_5228,2025-08-06 20:00:00,14751.820521119134,15888.566621913205,18292.251675067924
forecast_5229,2025-08-06 21:00:00,14677.532952808426,16194.122160823832,18533.732288771564
forecast_5230,2025-08-06 22:00:00,14962.53119386611,16356.499377924416,18481.728767816818
forecast_5231,2025-08-06 23:00:00,15271.759102812659,16613.432810509323,18532.98993953331
forecast_5232,2025-08-07 00:00:00,15094.78087195154,16857.436332719477,18379.030570056275
forecast_5233,2025-08-07 01:00:00,14605.953248383943,16615.501070874245,17001.661691389792
forecast_5234,2025-08-07 02:00:00,15128.706952556953,16993.48998114094,17727.283538042626
forecast_5235,2025-08-07 03:00:00,15111.200901284818,16982.911747988397,17645.255017099076
forecast_5236,2025-08-07 04:00:00,15529.98565474126,16835.204416836004,17674.913360970113
forecast_5237,2025-08-07 05:00:00,15910.001286891838,16886.60953295425,17798.31008492739
forecast_5238,2025-08-07 06:00:00,15285.319003496032,16046.060749221962,17238.151459506946
forecast_5239,2025-08-07 07:00:00,15032.688582884155,14598.93922096928,16264.030548326376
forecast_5240,2025-08-07 08:00:00,12061.285471614965,12671.367448127154,12312.877466846185
forecast_5241,2025-08-07 09:00:00,9405.078284696014,9140.633899243636,8102.032963253433
forecast_5242,2025-08-07 10:00:00,7164.448403880127,5713.33092607334,5422.050392105512
forecast_5243,2025-08-07 11:00:00,5477.09999052441,4321.499960329556,3698.8481108053784
forecast_5244,2025-08-07 12:00:00,4948.556566110523,3292.84118320389,3476.5728901006128
forecast_5245,2025-08-07 13:00:00,4191.542620877853,2735.8283583075754,3166.729450881264
forecast_5246,2025-08-07 14:00:00,4741.219179030151,3187.5124507120336,3089.641960041805
forecast_5247,2025-08-07 15:00:00,3760.0709900332,2726.2081923801443,2720.2264030242677
forecast_5248,2025-08-07 16:00:00,3643.137701872064,2506.0799622359227,2607.339833985806
forecast_5249,2025-08-07 17:00:00,3989.9420493089406,2653.7341890319112,2822.7786129938295
forecast_5250,2025-08-07 18:00:00,3070.680609939902,2212.9508403750874,2543.5449082184164
forecast_5251,2025-08-07 19:00:00,2902.5010747000874,1849.487250257481,2565.6449907598308
forecast_5252,2025-08-07 20:00:00,3712.664233644805,2837.146164327889,2828.1063148016774
forecast_5253,2025-08-07 21:00:00,4578.238023938214,4156.6067497233125,3741.7159147166585
forecast_5254,2025-08-07 22:00:00,5653.434144812332,5571.654966918963,4287.884154625597
forecast_5255,2025-08-07 23:00:00,6455.131828678426,6533.081405120317,4738.611085609934
forecast_5256,2025-08-08 00:00:00,6996.86466802769,7254.579408938133,4886.250924750802
forecast_5257,2025-08-08 01:00:00,7262.727714901333,7205.17409319148,4683.83715434001
forecast_5258,2025-08-08 02:00:00,7255.193857628372,7695.153682402187,4625.79043485083
forecast_5259,2025-08-08 03:00:00,7320.962478200371,7541.488339856201,4700.992051764095
forecast_5260,2025-08-08 04:00:00,6503.150270918568,4470.159348972271,4244.642789033994
forecast_5261,2025-08-08 05:00:00,5728.100956498261,4962.136533226803,3829.908055974765
forecast_5262,2025-08-08 06:00:00,4734.763582507671,3905.6129388919444,3239.007515098577
forecast_5263,2025-08-08 07:00:00,4152.249812568805,3435.3867514666335,2855.3811611622496
forecast_5264,2025-08-08 08:00:00,3015.300789218153,2615.444339287682,2257.750208478024
forecast_5265,2025-08-08 09:00:00,2281.216073718565,1651.3158157420494,1907.5652412026502
forecast_5266,2025-08-08 10:00:00,1941.6926743878653,1342.921111840619,1837.291295634781
forecast_5267,2025-08-08 11:00:00,1776.4839689069481,1485.8081178762573,1883.3564280561811
forecast_5268,2025-08-08 12:00:00,2253.49826691371,1417.0562410521966,1963.958137196535
forecast_5269,2025-08-08 13:00:00,2329.744729152126,1469.4052849098969,2189.016208558126
forecast_5270,2025-08-08 14:00:00,2445.2293852166486,1685.1329784845225,2294.544733705651
forecast_5271,2025-08-08 15:00:00,2498.304048286071,1776.5738303365024,2385.07153707646
forecast_5272,2025-08-08 16:00:00,2357.690826835861,1731.1315831093773,2153.9406397286634
forecast_5273,2025-08-08 17:00:00,2293.7449550120546,1719.2489281537846,2332.022251321713
forecast_5274,2025-08-08 18:00:00,1894.3863524855676,1358.8956262781448,2049.2901508461046
forecast_5275,2025-08-08 19:00:00,2701.9335125914463,2018.9691918464823,2308.434877192786
forecast_5276,2025-08-08 20:00:00,3082.3319868365297,2565.1466775956,2624.8495309213167
forecast_5277,2025-08-08 21:00:00,3258.289508580643,2780.546611876487,3118.6597295979855
forecast_5278,2025-08-08 22:00:00,3489.3384125916887,3805.479755027707,3245.024602128419
forecast_5279,2025-08-08 23:00:00,4249.440338270618,4867.388205676108,3819.061988160874
forecast_5280,2025-08-09 00:00:00,4860.837255732197,5146.890957578871,4146.381218401888
forecast_5281,2025-08-09 01:00:00,4080.1197198816676,3101.733571716468,3644.5830045746184
forecast_5282,2025-08-09 02:00:00,4511.992977290145,4516.365412135936,3731.6947790874738
forecast_5283,2025-08-09 03:00:00,4569.75534789169,4368.532739781214,3715.3901339151225
forecast_5284,2025-08-09 04:00:00,5280.140204141732,4669.421037175376,3736.123426461309
forecast_5285,2025-08-09 05:00:00,6165.155688368744,5686.716525025813,4154.250750330903
forecast_5286,2025-08-09 06:00:00,6351.697030451123,5908.102055368179,4348.025953360667
forecast_5287,2025-08-09 07:00:00,5259.233554360402,4895.997918686721,3869.5640846383612
forecast_5288,2025-08-09 08:00:00,5274.253678797401,4647.612275976427,3322.0466761754733
forecast_5289,2025-08-09 09:00:00,4939.15599696607,4331.943486577529,3163.1153417483415
forecast_5290,2025-08-09 10:00:00,5011.055170973945,4549.138410628413,3512.135883229306
forecast_5291,2025-08-09 11:00:00,4169.998517071703,3779.124351221049,2896.426911842536
forecast_5292,2025-08-09 12:00:00,3601.415354348609,3118.832272759286,2735.9392501866214
forecast_5293,2025-08-09 13:00:00,3051.63796672975,2691.739276296016,2591.677220656625
forecast_5294,2025-08-09 14:00:00,2505.543955382379,2417.7943371777037,2374.3766824619115
forecast_5295,2025-08-09 15:00:00,2784.611129309052,2511.780913559399,2445.908710682046
forecast_5296,2025-08-09 16:00:00,3158.992586385022,2291.2522847868095,2590.3480106417614
forecast_5297,2025-08-09 17:00:00,2749.260393862538,2319.597186618631,2615.9880794795745
forecast_5298,2025-08-09 18:00:00,3161.6473038880376,3337.567819535836,2795.206307750496
forecast_5299,2025-08-09 19:00:00,3513.541921819165,3132.117961636024,3284.138810039056
forecast_5300,2025-08-09 20:00:00,3313.0914409773027,2645.0697211097477,2977.7040618396736
forecast_5301,2025-08-09 21:00:00,3648.7236991100544,2507.4897579062044,3330.9315635232606
forecast_5302,2025-08-09 22:00:00,3499.9271072548618,2145.470739437881,3066.397757009435
forecast_5303,2025-08-09 23:00:00,3752.345066582329,3593.09027934602,3139.2336433442706
forecast_5304,2025-08-10 00:00:00,3899.7183331983824,4196.834078894255,3610.597407284934
forecast_5305,2025-08-10 01:00:00,3646.77453209124,2989.5360970487454,2589.504174437815
forecast_5306,2025-08-10 02:00:00,3439.94265085834,3050.8860864987337,2851.533964318226
forecast_5307,2025-08-10 03:00:00,2923.6877575559856,2583.484959044974,2331.433329689352
forecast_5308,2025-08-10 04:00:00,2803.7553422369415,2374.9453407483243,2207.855293149004
forecast_5309,2025-08-10 05:00:00,3077.0595841566806,2892.4886734630145,2191.1411720610604
forecast_5310,2025-08-10 06:00:00,3192.0603948293547,2934.8907723777784,2229.1506348338667
forecast_5311,2025-08-10 07:00:00,3255.0917743285904,3174.4109143402948,2386.3586472531792
forecast_5312,2025-08-10 08:00:00,2690.6243621599237,2378.4143618885937,1959.2082336535912
forecast_5313,2025-08-10 09:00:00,2404.426034165757,2282.105156136678,2041.3278845947825
forecast_5314,2025-08-10 10:00:00,2129.4905097524866,2097.048795185012,2033.2376120776075
forecast_5315,2025-08-10 11:00:00,2195.6296850160747,2084.8858694519945,2073.324968074435
forecast_5316,2025-08-10 12:00:00,2694.5271542157348,2131.2960224154763,2241.3054346733247
forecast_5317,2025-08-10 13:00:00,2741.3292090773575,1915.066769739411,2376.6039411449656
forecast_5318,2025-08-10 14:00:00,2799.0945327692343,1881.2860294430209,2556.9836326444165
forecast_5319,2025-08-10 15:00:00,2848.6212622992916,1900.0951632072329,2525.744867583704
forecast_5320,2025-08-10 16:00:00,2742.360209374137,1640.356669458983,2456.5034709734964
forecast_5321,2025-08-10 17:00:00,2285.016006389226,1633.604096286083,2384.549997283672
forecast_5322,2025-08-10 18:00:00,2086.5066330664417,1158.6197316989342,2117.72963211515
forecast_5323,2025-08-10 19:00:00,1975.8804313574333,1432.7529362876571,1995.7116977869089
forecast_5324,2025-08-10 20:00:00,1997.0679169607054,1574.6640860872049,1867.805553841983
forecast_5325,2025-08-10 21:00:00,2576.9135084352706,2150.4098087827233,2032.797863798199
forecast_5326,2025-08-10 22:00:00,2684.93051642672,2376.4432735602413,2276.832089518366
forecast_5327,2025-08-10 23:00:00,2908.713177850402,2621.3761758956134,2588.769603182727
forecast_5328,2025-08-11 00:00:00,3573.238175078177,3057.135577664412,2999.815808713569
forecast_5329,2025-08-11 01:00:00,2401.114283541216,2073.6441129065047,1928.6325368659673
forecast_5330,2025-08-11 02:00:00,2574.4629601335214,2130.5089028326124,1994.7785886450145
forecast_5331,2025-08-11 03:00:00,2655.9739031229487,2286.2973020750005,2011.3163466499798
forecast_5332,2025-08-11 04:00:00,2554.301420530784,2268.6999396055585,1989.5332935064707
forecast_5333,2025-08-11 05:00:00,2717.269963551072,2451.5390453199216,2038.8553105299643
forecast_5334,2025-08-11 06:00:00,2417.1824024479274,2109.1643916613175,1900.8108440694186
forecast_5335,2025-08-11 07:00:00,2236.8955278652697,2024.1163533959593,1779.3274614932902
forecast_5336,2025-08-11 08:00:00,1885.9120659057203,1367.1315691883128,1682.6696563412465
forecast_5337,2025-08-11 09:00:00,1956.1437977443782,1420.4300015982126,1679.930955167135
forecast_5338,2025-08-11 10:00:00,1801.0550649901277,1151.415804563258,1689.8785564132816
forecast_5339,2025-08-11 11:00:00,1639.7744612595898,1094.2843880965547,1656.3400472896526
forecast_5340,2025-08-11 12:00:00,1528.718510124921,1061.0608607687345,1623.879080487671
forecast_5341,2025-08-11 13:00:00,1898.9091967253044,1236.6408214414296,1913.493739179461
forecast_5342,2025-08-11 14:00:00,1833.4361848177948,1311.1479078092316,1786.5337906834452
forecast_5343,2025-08-11 15:00:00,1912.0353367062821,1432.3198872060725,1768.985908827567
forecast_5344,2025-08-11 16:00:00,2091.0155705732413,1229.76875578508,2011.6660204828086
forecast_5345,2025-08-11 17:00:00,1875.986339262503,1330.3179785809546,1799.7780622383966
forecast_5346,2025-08-11 18:00:00,2456.3661695516134,1873.1455100752796,2483.5297315284465
forecast_5347,2025-08-11 19:00:00,2642.994272910339,2031.379977484373,2330.406904851101
forecast_5348,2025-08-11 20:00:00,2570.157374347891,1816.2009452291122,2151.5985814003893
forecast_5349,2025-08-11 21:00:00,2266.76913897967,813.7909341484943,2113.61397668518
forecast_5350,2025-08-11 22:00:00,2887.634628696845,2933.1377620559733,2775.9003140384475
forecast_5351,2025-08-11 23:00:00,2595.5436537653486,2375.891127186619,2274.9000036176203
forecast_5352,2025-08-12 00:00:00,2911.553706599865,2666.5385367669887,2646.573627237834
forecast_5353,2025-08-12 01:00:00,3329.8365187646737,2625.21612003532,2801.367257147278
forecast_5354,2025-08-12 02:00:00,4129.372546239651,3211.048313259148,3024.2955377627477
forecast_5355,2025-08-12 03:00:00,4226.466453563911,4120.098895761117,3001.2174931028267
forecast_5356,2025-08-12 04:00:00,4174.190221965482,3851.9296859801793,2946.231014213755
forecast_5357,2025-08-12 05:00:00,3780.596161398987,3239.9082429467912,2730.7108267555477
forecast_5358,2025-08-12 06:00:00,3444.494352271491,2911.550158348087,2529.0541390694984
forecast_5359,2025-08-12 07:00:00,2993.3480785074516,2811.037040716148,2361.717529788649
forecast_5360,2025-08-12 08:00:00,2113.895517959432,1916.898383090915,1725.2801983307095
forecast_5361,2025-08-12 09:00:00,1881.41084258433,1592.225868270838,1869.5132676835822
forecast_5362,2025-08-12 10:00:00,2253.9352237272956,1478.803847839782,2096.0791134645788
forecast_5363,2025-08-12 11:00:00,2233.6164350086046,1592.446241112344,2236.256230014433
forecast_5364,2025-08-12 12:00:00,2339.6752412523742,1701.8393754801132,2352.833654086506
forecast_5365,2025-08-12 13:00:00,2545.8423775362944,1430.3259320076545,2491.4185868719624
forecast_5366,2025-08-12 14:00:00,2593.045104456445,1608.825229441501,2473.998709012455
forecast_5367,2025-08-12 15:00:00,2664.128077486642,1348.5786898617139,2513.880439075783
forecast_5368,2025-08-12 16:00:00,2669.6371245361893,1643.7442574755537,2699.306740809792
forecast_5369,2025-08-12 17:00:00,3030.629796925733,2291.4380181163333,2627.9483667958198
forecast_5370,2025-08-12 18:00:00,2982.8454478421563,1727.5157288341143,2579.5448836599776
forecast_5371,2025-08-12 19:00:00,3345.5266342517725,2148.0090524355,2584.7176355253882
forecast_5372,2025-08-12 20:00:00,3150.335587983165,2407.555354881264,2701.667729377039
forecast_5373,2025-08-12 21:00:00,3063.2961033845922,2668.679855871025,2733.3711388211796
forecast_5374,2025-08-12 22:00:00,3572.999380823975,2873.048443818945,2850.787125011879
forecast_5375,2025-08-12 23:00:00,4197.702652329627,4191.26477128833,3350.6832875091227
forecast_5376,2025-08-13 00:00:00,4475.139964033795,5626.919425025941,3926.373633755565
forecast_5377,2025-08-13 01:00:00,3581.832611623343,4037.276123512705,3282.567614105666
forecast_5378,2025-08-13 02:00:00,4085.3131147707345,4343.415501490423,3433.014615379798
forecast_5379,2025-08-13 03:00:00,4858.267014709731,4607.137498536789,3313.954348999848
forecast_5380,2025-08-13 04:00:00,5112.613355633444,4840.795607799204,3423.2832136982224
forecast_5381,2025-08-13 05:00:00,4743.829671169574,4685.881259534653,3590.982599958394
forecast_5382,2025-08-13 06:00:00,4393.247254915885,5361.500517826442,3683.4146174602906
forecast_5383,2025-08-13 07:00:00,5055.201721199806,5767.925458353271,3939.8682287333177
forecast_5384,2025-08-13 08:00:00,5408.973945953561,7135.351207396936,4076.856345069241
forecast_5385,2025-08-13 09:00:00,5698.087956438573,7188.186143758455,4357.095990706161
forecast_5386,2025-08-13 10:00:00,6559.754340765582,8952.176869632563,4817.245849435729
forecast_5387,2025-08-13 11:00:00,6347.8737257375815,9217.559040634686,4695.637848356745
forecast_5388,2025-08-13 12:00:00,6199.020692730802,8856.292525502682,4689.776471723009
forecast_5389,2025-08-13 13:00:00,6908.356083802488,9273.394316988142,5460.042068823318
forecast_5390,2025-08-13 14:00:00,7205.2733059167995,9848.148256588429,7201.299402543922
forecast_5391,2025-08-13 15:00:00,7212.385442522253,10184.590507476712,8499.380196565293
forecast_5392,2025-08-13 16:00:00,8099.753897718354,10336.132900176483,9805.492703033422
forecast_5393,2025-08-13 17:00:00,9393.202839138849,11108.09663446638,10249.6781658732
forecast_5394,2025-08-13 18:00:00,10640.149946442338,12841.402747121178,12219.090436543984
forecast_5395,2025-08-13 19:00:00,12630.920632167039,15442.507933809118,14597.063543274564
forecast_5396,2025-08-13 20:00:00,14950.16480220758,16946.061464290193,18006.29112068868
forecast_5397,2025-08-13 21:00:00,16436.005788018607,17637.02877744602,19497.335475915057
forecast_5398,2025-08-13 22:00:00,17172.47116549041,18123.94338597,19863.737853131202
forecast_5399,2025-08-13 23:00:00,17528.85576100509,18358.641930037702,19878.213662486498
forecast_5400,2025-08-14 00:00:00,17336.671982205946,18279.529515876013,19831.112402267732
forecast_5401,2025-08-14 01:00:00,18105.698472194083,18135.358480583403,20078.27359722535
forecast_5402,2025-08-14 02:00:00,16909.2285755007,18271.95794467502,19740.544081249867
forecast_5403,2025-08-14 03:00:00,15906.929641222217,17630.514947774238,18689.562493130165
forecast_5404,2025-08-14 04:00:00,14712.15296494672,16636.050845010082,18357.28315372561
forecast_5405,2025-08-14 05:00:00,14317.509916697669,16024.227879300908,17915.902999082242
forecast_5406,2025-08-14 06:00:00,13828.274056465472,16097.197851484525,17394.890369057222
forecast_5407,2025-08-14 07:00:00,13523.167204478807,16237.078089535531,17046.122343065912
forecast_5408,2025-08-14 08:00:00,13190.673082263344,16657.062604692925,16717.67116615086
forecast_5409,2025-08-14 09:00:00,12986.583472920578,15653.193165009498,15841.44664246613
forecast_5410,2025-08-14 10:00:00,12175.13252837189,14708.99329837154,14338.967713727405
forecast_5411,2025-08-14 11:00:00,11299.209866205365,11584.750925997867,13063.87890391536
forecast_5412,2025-08-14 12:00:00,10130.687135309974,10616.955344863332,11605.582060887773
forecast_5413,2025-08-14 13:00:00,9533.682448339838,11115.76659388886,9744.951064085715
forecast_5414,2025-08-14 14:00:00,9616.565622871765,11355.690532783778,11898.838360269212
forecast_5415,2025-08-14 15:00:00,10322.111083913329,12329.39838560484,10273.241835133735
forecast_5416,2025-08-14 16:00:00,10471.404225209462,11796.931705531917,11274.643320111312
forecast_5417,2025-08-14 17:00:00,10170.774565047688,11608.369098611849,10982.088682074207
forecast_5418,2025-08-14 18:00:00,10495.184431734093,11808.639591906278,10711.76596245338
forecast_5419,2025-08-14 19:00:00,10906.39614279302,11945.208137479909,10425.648399786513
forecast_5420,2025-08-14 20:00:00,11064.756568153141,12687.074642421303,10880.457661732662
forecast_5421,2025-08-14 21:00:00,12104.39133502261,14181.116220918944,11822.605189564061
forecast_5422,2025-08-14 22:00:00,13723.538917030219,15368.479194513464,13757.146937337533
forecast_5423,2025-08-14 23:00:00,15499.913092826446,16526.275584447256,14649.749494251266
forecast_5424,2025-08-15 00:00:00,13746.33242118371,15356.341879389965,12887.515260941018
forecast_5425,2025-08-15 01:00:00,15138.26939879687,13687.835472901028,12987.701316499493
forecast_5426,2025-08-15 02:00:00,15357.983172096127,14090.422144620907,13368.028595653492
forecast_5427,2025-08-15 03:00:00,15583.88435857648,13942.12362483537,13866.442467801597
forecast_5428,2025-08-15 04:00:00,16346.666622701996,14066.741633685571,14027.97799150091
forecast_5429,2025-08-15 05:00:00,14547.108757883001,12851.714284157124,11551.170082556655
forecast_5430,2025-08-15 06:00:00,11993.262384668298,10751.596734587893,8578.5272103866
forecast_5431,2025-08-15 07:00:00,9028.307800422319,8049.159852690219,5923.675434931775
forecast_5432,2025-08-15 08:00:00,6535.166501676668,5970.043729324561,4206.517665449298
forecast_5433,2025-08-15 09:00:00,4286.708715526154,4146.883609433926,2850.6040602278226
forecast_5434,2025-08-15 10:00:00,3314.559683926949,2972.3268319758154,2592.597511378423
forecast_5435,2025-08-15 11:00:00,2489.2265420158683,2030.9941111844817,2342.277072145341
forecast_5436,2025-08-15 12:00:00,2607.6387642856434,1878.2530291668586,2353.828079189279
forecast_5437,2025-08-15 13:00:00,2799.264975326746,1929.3890518316157,2635.530428253885
forecast_5438,2025-08-15 14:00:00,2696.638043051473,1893.2927811872723,2480.863444612552
forecast_5439,2025-08-15 15:00:00,2827.5609589881424,1738.0395756542525,2498.426243848607
forecast_5440,2025-08-15 16:00:00,2599.784723542558,1682.9409699660368,2261.2085686107084
forecast_5441,2025-08-15 17:00:00,2736.1705809213936,1793.407744977706,2341.0375648758773
forecast_5442,2025-08-15 18:00:00,2537.2386058725706,1798.633503733538,2397.9902204593927
forecast_5443,2025-08-15 19:00:00,3378.8896305696085,2507.0870045321944,2785.804758390127
forecast_5444,2025-08-15 20:00:00,4117.357067291897,3100.478220216621,3477.549473582336
forecast_5445,2025-08-15 21:00:00,4360.778426648972,4283.520664429478,3983.9968322838095
forecast_5446,2025-08-15 22:00:00,6276.1429693873415,6025.749773037822,4583.9679363655405
forecast_5447,2025-08-15 23:00:00,6763.867654491093,7183.985196176134,4952.657279053055
forecast_5448,2025-08-16 00:00:00,7861.5743886041455,8686.81685780183,5873.859907039876
forecast_5449,2025-08-16 01:00:00,9837.232700150904,10501.343020834343,6220.591662054391
forecast_5450,2025-08-16 02:00:00,10007.35408451677,11414.010459944751,7146.076774395693
forecast_5451,2025-08-16 03:00:00,10449.575034896556,12729.3345933413,7815.676700454745
forecast_5452,2025-08-16 04:00:00,10730.038116891377,12464.680308755109,7990.754200554255
forecast_5453,2025-08-16 05:00:00,9769.921833205257,11851.109559660264,7262.2820611249335
forecast_5454,2025-08-16 06:00:00,10243.180583845013,10981.794416608293,6934.102258448358
forecast_5455,2025-08-16 07:00:00,9685.98405595073,10003.744409307308,6086.54210815307
forecast_5456,2025-08-16 08:00:00,9269.599168890089,9666.033292291972,5577.506715739373
forecast_5457,2025-08-16 09:00:00,8762.036770164788,9250.786143474788,5372.96694657922
forecast_5458,2025-08-16 10:00:00,7326.891824116594,8040.538485644993,5364.766231383071
forecast_5459,2025-08-16 11:00:00,6644.1558561302045,7582.840522207522,5663.371646047963
forecast_5460,2025-08-16 12:00:00,6407.138218687776,7401.125700908732,5899.234538707827
forecast_5461,2025-08-16 13:00:00,6543.141746868605,7160.725267640966,6241.813530157113
forecast_5462,2025-08-16 14:00:00,7345.326493582079,8047.368254643311,7232.849648643834
forecast_5463,2025-08-16 15:00:00,8275.374134189238,8988.07471526396,8084.557907141147
forecast_5464,2025-08-16 16:00:00,8496.260464263645,8736.436943152105,8259.017173352766
forecast_5465,2025-08-16 17:00:00,8916.314924287832,9360.67162456319,8694.417861695616
forecast_5466,2025-08-16 18:00:00,10179.229914283169,10212.155262717875,9892.913336604308
forecast_5467,2025-08-16 19:00:00,12081.657350300953,11285.729134492112,11621.826798144713
forecast_5468,2025-08-16 20:00:00,13321.743677056753,14337.722427677834,13318.021612967477
forecast_5469,2025-08-16 21:00:00,15002.85031610397,15796.694542648804,15686.791207730284
forecast_5470,2025-08-16 22:00:00,15809.05791428393,16107.72634908001,16846.32738360813
forecast_5471,2025-08-16 23:00:00,16552.38248399792,16393.562329987646,17735.576943075524
forecast_5472,2025-08-17 00:00:00,17129.15703766083,17180.426689618802,18252.012996286438
forecast_5473,2025-08-17 01:00:00,17988.71584220993,17720.596834709548,18617.871316611523
forecast_5474,2025-08-17 02:00:00,18290.477859323597,17411.733925848843,18621.987121346345
forecast_5475,2025-08-17 03:00:00,18249.519923290034,17736.223958136827,18445.38565485646
forecast_5476,2025-08-17 04:00:00,18291.209072866353,17890.290760460502,18494.0004219703
forecast_5477,2025-08-17 05:00:00,19227.489331605822,18281.957872776657,18981.50786589733
forecast_5478,2025-08-17 06:00:00,18882.369442506908,17745.168708780002,18148.763833628396
forecast_5479,2025-08-17 07:00:00,17215.635369625677,16514.10950416234,15594.208384639047
forecast_5480,2025-08-17 08:00:00,16333.790030944256,15672.319519828521,13782.763346376121
forecast_5481,2025-08-17 09:00:00,12259.502634559227,13195.58541151457,9323.748409167622
forecast_5482,2025-08-17 10:00:00,8559.830556485054,10072.682199489962,6703.157756239053
forecast_5483,2025-08-17 11:00:00,6738.668250925277,7363.61562141904,5016.066011549877
forecast_5484,2025-08-17 12:00:00,5599.90779450577,5508.10934137669,4194.707212526602
forecast_5485,2025-08-17 13:00:00,4809.854954199314,4539.674706686088,4244.681791185036
forecast_5486,2025-08-17 14:00:00,4805.113873802788,4202.867529256186,3970.490195549511
forecast_5487,2025-08-17 15:00:00,4807.450321751768,3666.4681582466915,3936.199893117732
forecast_5488,2025-08-17 16:00:00,5223.952034230726,3920.547342551245,3981.332218294646
forecast_5489,2025-08-17 17:00:00,5152.769849795671,4024.056815358733,3832.8660168536567
forecast_5490,2025-08-17 18:00:00,4970.183199163471,3957.546451429133,3647.87077988673
forecast_5491,2025-08-17 19:00:00,5752.08372513549,5248.09491024208,4422.162337829479
forecast_5492,2025-08-17 20:00:00,6634.609336033804,6439.335713023371,4899.310622562142
forecast_5493,2025-08-17 21:00:00,7164.875346621173,7257.615610628309,4818.801832291988
forecast_5494,2025-08-17 22:00:00,7079.836523770782,6929.2164685990665,5099.987156576072
forecast_5495,2025-08-17 23:00:00,7024.266550554406,6782.701007473532,5557.009486606626
forecast_5496,2025-08-18 00:00:00,7589.670800159573,7093.950587506992,6031.919600432273
forecast_5497,2025-08-18 01:00:00,8960.730983119225,8821.872340540927,6224.482644617277
forecast_5498,2025-08-18 02:00:00,8372.783371801046,8084.363110840768,5610.299542648667
forecast_5499,2025-08-18 03:00:00,8768.625699907836,9419.063037204643,6188.557476461662
forecast_5500,2025-08-18 04:00:00,9262.378981887108,9716.618535235668,6120.381906882045
forecast_5501,2025-08-18 05:00:00,9695.778932831401,10164.328016824313,6192.999816486534
forecast_5502,2025-08-18 06:00:00,8999.371789910267,9842.914698587218,5819.40753606733
forecast_5503,2025-08-18 07:00:00,8906.774114112166,10117.74232483791,6096.169198046815
forecast_5504,2025-08-18 08:00:00,9940.046477522585,10718.1453866008,6834.998083431656
forecast_5505,2025-08-18 09:00:00,8526.60564453919,9411.659147702787,6234.073702826987
forecast_5506,2025-08-18 10:00:00,7288.659099496721,7272.031777134241,6014.9258237657305
forecast_5507,2025-08-18 11:00:00,6219.431528625793,6328.236908972867,4959.563963640616
forecast_5508,2025-08-18 12:00:00,6084.929948448051,6079.277646618834,4689.907150475602
forecast_5509,2025-08-18 13:00:00,5351.183279508107,5809.007375226001,4244.213068337501
forecast_5510,2025-08-18 14:00:00,5182.326973835168,5262.802370601451,4385.965827766805
forecast_5511,2025-08-18 15:00:00,6101.056495206973,5963.109588274027,5168.681364467535
forecast_5512,2025-08-18 16:00:00,7137.212748066495,7453.852409400593,6466.79863120321
forecast_5513,2025-08-18 17:00:00,7651.356800635158,8962.094772297067,7166.815459428604
forecast_5514,2025-08-18 18:00:00,8218.16144796204,9578.55334377343,8482.174610400054
forecast_5515,2025-08-18 19:00:00,10628.919791641398,11567.96880991751,10541.436155609354
forecast_5516,2025-08-18 20:00:00,12938.886200009812,13006.149305492805,12847.867573202768
forecast_5517,2025-08-18 21:00:00,14041.778535903533,14168.744608624924,13989.279083835183
forecast_5518,2025-08-18 22:00:00,15658.343464807294,16084.774461715064,16130.23497654037
forecast_5519,2025-08-18 23:00:00,15505.652983841239,15941.388070849467,16453.489984516014
forecast_5520,2025-08-19 00:00:00,16671.863485992526,16675.537356792192,17783.76137477903
forecast_5521,2025-08-19 01:00:00,16407.09980487371,17219.14638236531,18155.468424831794
forecast_5522,2025-08-19 02:00:00,17199.39620766931,17633.604420914016,18500.564057678755
forecast_5523,2025-08-19 03:00:00,17071.327605694925,16897.841922638603,18779.02645378201
forecast_5524,2025-08-19 04:00:00,16657.627084064294,17057.386869939197,18853.25296554179
forecast_5525,2025-08-19 05:00:00,16124.231550771667,17034.258480781227,18609.687598312797
forecast_5526,2025-08-19 06:00:00,16766.389819153657,17473.41141474092,18747.864760212626
forecast_5527,2025-08-19 07:00:00,16181.698173583081,16785.54902237779,18071.325076722016
forecast_5528,2025-08-19 08:00:00,15821.34232777344,17325.14675159198,17583.734114155654
forecast_5529,2025-08-19 09:00:00,15044.559445535157,17332.780862822725,16799.916159858705
forecast_5530,2025-08-19 10:00:00,13536.624017843715,15508.381419206715,14844.178874484913
forecast_5531,2025-08-19 11:00:00,12577.472454283752,13309.665505944393,13699.56193160641
forecast_5532,2025-08-19 12:00:00,11262.299078152744,12372.882259987438,12493.626679762023
forecast_5533,2025-08-19 13:00:00,10665.6618794646,12111.284916204564,10733.615320723009
forecast_5534,2025-08-19 14:00:00,10066.67047382984,11203.406385677952,10034.933386242223
forecast_5535,2025-08-19 15:00:00,9413.687208122003,10372.36658709496,9930.483448092857
forecast_5536,2025-08-19 16:00:00,9301.196293770718,9940.614678520076,9560.216921214504
forecast_5537,2025-08-19 17:00:00,10370.125179299393,9981.292329204287,9576.61607890075
forecast_5538,2025-08-19 18:00:00,10729.455558729402,10959.573469147928,10181.957679198018
forecast_5539,2025-08-19 19:00:00,12098.937041917688,13206.310733206064,11945.846277337992
forecast_5540,2025-08-19 20:00:00,14400.679985540133,15737.811097538754,14514.157327462664
forecast_5541,2025-08-19 21:00:00,15012.043492551116,16157.460175472837,16097.015970898425
forecast_5542,2025-08-19 22:00:00,16099.235073367734,16173.7954580049,17506.84287995222
forecast_5543,2025-08-19 23:00:00,16120.774595701156,16623.417780421783,18164.71946007658
forecast_5544,2025-08-20 00:00:00,16784.704523696597,17903.469833576273,19393.65418522922
forecast_5545,2025-08-20 01:00:00,17556.533021810294,17890.396204399534,19260.1079188226
forecast_5546,2025-08-20 02:00:00,17378.666906258262,18082.201878232863,19214.091188345268
forecast_5547,2025-08-20 03:00:00,17469.39823961214,17837.37711985167,19489.075469971205
forecast_5548,2025-08-20 04:00:00,17365.65298248951,17720.913047453694,19617.467107097506
forecast_5549,2025-08-20 05:00:00,17565.07029835476,17587.26233568951,19375.166064921803
forecast_5550,2025-08-20 06:00:00,17364.979033022344,17310.604457922764,18976.657934326708
forecast_5551,2025-08-20 07:00:00,15998.612569009329,16262.827208057764,17560.88652524705
forecast_5552,2025-08-20 08:00:00,14539.458475334406,15762.113329831898,15843.170562940335
forecast_5553,2025-08-20 09:00:00,12694.058706582158,13661.603909788677,12607.62168230262
forecast_5554,2025-08-20 10:00:00,9789.01542022111,9966.669714816728,9676.765542664589
forecast_5555,2025-08-20 11:00:00,8502.320328120531,9337.304428593314,8151.075904049656
forecast_5556,2025-08-20 12:00:00,6914.818382995669,7509.742409937576,6188.958888284117
forecast_5557,2025-08-20 13:00:00,6160.696718133431,6588.749499918843,5312.090220788995
forecast_5558,2025-08-20 14:00:00,5906.270693694686,6147.61406157696,5480.468461276932
forecast_5559,2025-08-20 15:00:00,5352.435936393962,5149.527277972381,5362.169249811236
forecast_5560,2025-08-20 16:00:00,5238.303076083277,5256.937115609708,5086.492837850732
forecast_5561,2025-08-20 17:00:00,5622.340011099133,4803.597147886689,4740.732852498169
forecast_5562,2025-08-20 18:00:00,5314.067384997721,4493.123758285918,3980.2807509531463
forecast_5563,2025-08-20 19:00:00,5725.369801604227,5270.492173050405,4235.211280744743
forecast_5564,2025-08-20 20:00:00,6014.13785341705,6598.35118719692,4483.329314070247
forecast_5565,2025-08-20 21:00:00,6680.01926980957,8478.670812728877,5046.023439372881
forecast_5566,2025-08-20 22:00:00,7690.397065918681,9528.74272527614,6027.82688759508
forecast_5567,2025-08-20 23:00:00,8979.685437578399,11411.362717441834,7185.777168815719
forecast_5568,2025-08-21 00:00:00,10758.656333887131,13169.399367206513,8334.168596226145
forecast_5569,2025-08-21 01:00:00,10943.338099893168,13521.906285933446,8326.859258223603
forecast_5570,2025-08-21 02:00:00,13166.12514202159,15526.472139351814,9638.627354321994
forecast_5571,2025-08-21 03:00:00,13935.160068032234,14452.039691027901,10571.516208770734
forecast_5572,2025-08-21 04:00:00,14750.106485929877,14938.942541299073,11817.714790031014
forecast_5573,2025-08-21 05:00:00,13825.3601557941,13570.355941811657,10560.527137130697
forecast_5574,2025-08-21 06:00:00,10642.46418184453,10757.681021896573,7615.044021411233
forecast_5575,2025-08-21 07:00:00,9646.20805070681,8659.765421911416,6671.979208475927
forecast_5576,2025-08-21 08:00:00,6762.543654400137,6155.648877162924,4445.74167243464
forecast_5577,2025-08-21 09:00:00,4713.266958059707,4222.292461777588,3317.638162367174
forecast_5578,2025-08-21 10:00:00,3633.9008809052775,3351.512154468487,2689.2839847776445
forecast_5579,2025-08-21 11:00:00,2753.493780461067,2584.7242835678417,2367.5719161722695
forecast_5580,2025-08-21 12:00:00,2294.702241009879,1483.2716952010626,2078.0827201209017
forecast_5581,2025-08-21 13:00:00,2180.681470137562,838.8278112398673,1979.889339396324
forecast_5582,2025-08-21 14:00:00,2078.0765762462056,1003.1106739100928,2002.6258386365578
forecast_5583,2025-08-21 15:00:00,2018.1723849046089,1026.896943338918,1932.1710020847543
forecast_5584,2025-08-21 16:00:00,2095.250089657835,1061.5882265554185,1904.5289082514419
forecast_5585,2025-08-21 17:00:00,2113.5021452491965,1137.4512262801768,2062.3060458215655
forecast_5586,2025-08-21 18:00:00,2331.7703906951074,1377.2195608656225,2194.728149520913
forecast_5587,2025-08-21 19:00:00,2904.4318657764406,2014.7533428776956,2609.970448677421
forecast_5588,2025-08-21 20:00:00,3617.713645028559,3228.169835927458,3744.1396331653405
forecast_5589,2025-08-21 21:00:00,3732.491916826324,3849.045582219813,3718.053543166247
forecast_5590,2025-08-21 22:00:00,4134.799116498589,4173.396186594848,3843.8370792232545
forecast_5591,2025-08-21 23:00:00,4430.981088340345,4111.052936041617,3680.310134277472
forecast_5592,2025-08-22 00:00:00,5100.128047205279,4516.821836926338,4313.014746782119
forecast_5593,2025-08-22 01:00:00,5453.8988431563175,4425.731537609425,3991.198427874575
forecast_5594,2025-08-22 02:00:00,5953.649124497263,5326.756413911703,4155.752149819059
forecast_5595,2025-08-22 03:00:00,7793.028785807357,7015.301617497495,4989.082068477467
forecast_5596,2025-08-22 04:00:00,8234.56929223577,8294.623285090694,5303.156479801151
forecast_5597,2025-08-22 05:00:00,8554.87051805801,8886.324040729052,5616.563745958806
forecast_5598,2025-08-22 06:00:00,9013.753283351114,8864.649731853297,5577.561007035025
forecast_5599,2025-08-22 07:00:00,8872.072396255167,9022.05558553811,5239.953443126012
forecast_5600,2025-08-22 08:00:00,7882.114768571268,7980.092462920858,4719.123710461052
forecast_5601,2025-08-22 09:00:00,6406.365374931817,6715.639540599356,4029.654252629879
forecast_5602,2025-08-22 10:00:00,5126.975337594375,5442.2095220377305,3511.319086041649
forecast_5603,2025-08-22 11:00:00,3896.4146080283967,3831.4623880196864,3096.274459579127
forecast_5604,2025-08-22 12:00:00,3323.9037638194354,2719.2727512001575,3013.50886822086
forecast_5605,2025-08-22 13:00:00,3442.7115412961875,2745.8814950881056,3089.8418408872885
forecast_5606,2025-08-22 14:00:00,3660.5208767845725,2996.0673459499803,3354.9392114785087
forecast_5607,2025-08-22 15:00:00,3645.1493181962787,2582.1901203207935,3202.2078111901533
forecast_5608,2025-08-22 16:00:00,4343.083162579137,2735.366330323336,3400.1460226052163
forecast_5609,2025-08-22 17:00:00,5248.041051854884,2984.634926058293,3775.804615830847
forecast_5610,2025-08-22 18:00:00,5675.227360346948,4184.228928993498,4185.234449221508
forecast_5611,2025-08-22 19:00:00,8232.06255373933,8125.9733981505315,6135.907385666009
forecast_5612,2025-08-22 20:00:00,10017.329816889767,9992.845406691435,6678.548200471469
forecast_5613,2025-08-22 21:00:00,11136.18888092885,12001.805430597591,7871.4849043514505
forecast_5614,2025-08-22 22:00:00,12593.267344482429,12938.255717775159,9070.364257344741
forecast_5615,2025-08-22 23:00:00,13989.811602760983,14734.152953766907,10947.422926719237
forecast_5616,2025-08-23 00:00:00,15142.733867981002,15407.278111899534,12529.12923194998
forecast_5617,2025-08-23 01:00:00,15118.815052569478,14999.847193832838,11731.955395309455
forecast_5618,2025-08-23 02:00:00,14972.208581984185,14465.463914550068,11614.196690217721
forecast_5619,2025-08-23 03:00:00,15087.499756850735,14102.596282100863,11498.461313111948
forecast_5620,2025-08-23 04:00:00,14546.004372941858,12287.963612256997,10659.346939228682
forecast_5621,2025-08-23 05:00:00,12807.562259305821,11581.022510238778,8718.443458320293
forecast_5622,2025-08-23 06:00:00,10838.529409623898,9646.402778828848,6652.734157531273
forecast_5623,2025-08-23 07:00:00,8571.346288087687,7146.067105890007,5176.498314540067
forecast_5624,2025-08-23 08:00:00,5996.087620393464,5194.937506316812,3878.677749443509
forecast_5625,2025-08-23 09:00:00,4415.400505811457,3119.218369094281,3228.748843313557
forecast_5626,2025-08-23 10:00:00,2960.5396062302325,2640.199640178683,2390.9287530632387
forecast_5627,2025-08-23 11:00:00,2142.990995276854,1535.7820231644068,1766.6044308447285
forecast_5628,2025-08-23 12:00:00,1737.9780081275098,914.449034933099,1680.4483283719674
forecast_5629,2025-08-23 13:00:00,1906.4216722502522,794.3264649361406,1786.3934336330872
forecast_5630,2025-08-23 14:00:00,2041.9748997776535,1141.2153594486404,1725.865936974125
forecast_5631,2025-08-23 15:00:00,2182.6233596468105,971.1398776085794,1610.9392687152608
forecast_5632,2025-08-23 16:00:00,1954.9788061836618,1070.1946713501968,1549.6566061767655
forecast_5633,2025-08-23 17:00:00,1590.3074012629143,853.1917258313506,1665.7378549780924
forecast_5634,2025-08-23 18:00:00,2615.8302186133674,1612.673674444106,2105.971650967025
forecast_5635,2025-08-23 19:00:00,3371.050805138306,2866.7654028463294,3097.0256141442173
forecast_5636,2025-08-23 20:00:00,3898.846236172907,4241.136081567251,3835.2741131044086
forecast_5637,2025-08-23 21:00:00,4065.5182522069226,3921.341700145964,3787.4869873598445
forecast_5638,2025-08-23 22:00:00,4838.250579553915,3799.870799579119,3740.700829568323
forecast_5639,2025-08-23 23:00:00,5310.602020100887,4414.861466844681,3847.6756395842467
forecast_5640,2025-08-24 00:00:00,5122.649588705857,4531.068853203402,4003.3941347237005
forecast_5641,2025-08-24 01:00:00,4560.244513501972,3839.833934666359,3404.4465506240144
forecast_5642,2025-08-24 02:00:00,4259.112741861066,3533.0761665640384,3209.706409233684
forecast_5643,2025-08-24 03:00:00,4100.015451555589,3249.8207211748154,3240.9006459904067
forecast_5644,2025-08-24 04:00:00,3740.654058753158,3240.0110041982057,3082.063727940821
forecast_5645,2025-08-24 05:00:00,3705.061630766397,3229.012927879219,3031.900983520806
forecast_5646,2025-08-24 06:00:00,3502.6721276081335,3041.7303836492492,2841.0069336758916
forecast_5647,2025-08-24 07:00:00,3491.4585254315066,2996.865304513558,2694.98386243481
forecast_5648,2025-08-24 08:00:00,3085.4549736576428,2932.570347017694,2395.9531042571675
forecast_5649,2025-08-24 09:00:00,2522.223045828065,2405.1610994700086,1958.5127311108822
forecast_5650,2025-08-24 10:00:00,1896.6858768384513,1713.3333813593213,1849.3438858439276
forecast_5651,2025-08-24 11:00:00,1678.3897183747445,1418.3883989367275,1899.0885130785557
forecast_5652,2025-08-24 12:00:00,1679.7703834334877,1234.571227081077,1846.5897094480918
forecast_5653,2025-08-24 13:00:00,2245.229152765898,1448.8440534326894,1995.8391602072172
forecast_5654,2025-08-24 14:00:00,3028.3912445287137,2054.4793097357033,2462.9913663624093
forecast_5655,2025-08-24 15:00:00,3288.777398248338,2098.518347619218,2122.7533373127103
forecast_5656,2025-08-24 16:00:00,3953.9085013335366,2246.7060924762095,2772.1090843845955
forecast_5657,2025-08-24 17:00:00,3342.8270260790214,2670.7314959652012,2878.9757402823097
forecast_5658,2025-08-24 18:00:00,3761.2506923128713,2766.857406370967,3140.3055507674594
forecast_5659,2025-08-24 19:00:00,3796.769255919156,3125.5316779415325,3071.129200459912
forecast_5660,2025-08-24 20:00:00,3903.9618376251788,3228.6411097489163,3576.0646045529397
forecast_5661,2025-08-24 21:00:00,3725.8106684160525,3417.3835087086013,3135.1876170771316
forecast_5662,2025-08-24 22:00:00,4083.0736903340894,3436.081449349151,3374.193141906554
forecast_5663,2025-08-24 23:00:00,4241.702911363142,3848.6330455683546,3552.005537397044
forecast_5664,2025-08-25 00:00:00,4285.181957661057,4044.6200033702908,3808.3533250993587
forecast_5665,2025-08-25 01:00:00,5358.53256367068,4668.123033310985,3709.8969762868946
forecast_5666,2025-08-25 02:00:00,5022.453399042347,4651.440477051978,3679.2205808991257
forecast_5667,2025-08-25 03:00:00,5826.196190391047,4896.765684465434,3789.6565689434574
forecast_5668,2025-08-25 04:00:00,5936.368905201105,5153.967926150211,3852.9731769648806
forecast_5669,2025-08-25 05:00:00,6059.719711169224,5077.694904120976,3926.8571649112655
forecast_5670,2025-08-25 06:00:00,5725.166992422113,4811.528050314968,3750.2221683138637
forecast_5671,2025-08-25 07:00:00,5263.479583794591,4393.787985389599,3556.603461689359
forecast_5672,2025-08-25 08:00:00,4588.276456293751,4196.462329224494,3254.3174656110577
forecast_5673,2025-08-25 09:00:00,3849.8433908645375,3098.0054813725446,2684.6717050486895
forecast_5674,2025-08-25 10:00:00,2795.59929325862,2548.484230586062,2473.622004199267
forecast_5675,2025-08-25 11:00:00,2893.029026111557,2188.041757947644,2543.8726306684334
forecast_5676,2025-08-25 12:00:00,3972.670890297601,2589.647735220101,2903.9145732623247
forecast_5677,2025-08-25 13:00:00,3582.2400546187464,2523.523975710685,2972.076512828874
forecast_5678,2025-08-25 14:00:00,3065.4072191721443,2361.2579802094965,2438.1257922533896
forecast_5679,2025-08-25 15:00:00,3350.7138611285372,3173.4980867767963,3214.676051025013
forecast_5680,2025-08-25 16:00:00,3941.3505150702945,3640.419681503869,3109.0267494740706
forecast_5681,2025-08-25 17:00:00,4584.17016667799,4062.0198733099787,3372.9188296031725
forecast_5682,2025-08-25 18:00:00,5808.40998546477,4859.273288545679,4527.396862220339
forecast_5683,2025-08-25 19:00:00,7154.144213633255,8750.564356912895,5618.012430618408
forecast_5684,2025-08-25 20:00:00,9124.131739803905,11340.356959226687,6834.444939853847
forecast_5685,2025-08-25 21:00:00,11196.98151629624,13052.929527126596,9300.50048089553
forecast_5686,2025-08-25 22:00:00,11626.39452925809,13820.242788580113,11458.831907414613
forecast_5687,2025-08-25 23:00:00,12276.154438439888,14151.693582774515,13018.64008136385
forecast_5688,2025-08-26 00:00:00,12540.867885808739,15055.259087516262,14410.037100893069
forecast_5689,2025-08-26 01:00:00,13147.740562529643,16083.234844005608,15181.80323038028
forecast_5690,2025-08-26 02:00:00,13049.244247229293,16155.145646385317,15395.835749568301
forecast_5691,2025-08-26 03:00:00,13822.521850272242,16347.882928090781,16309.02026519511
forecast_5692,2025-08-26 04:00:00,13618.090960686824,15977.57987779872,15992.425973099107
forecast_5693,2025-08-26 05:00:00,13485.671394656274,15927.71120768061,15793.582043607814
forecast_5694,2025-08-26 06:00:00,13521.624472592885,15932.209187909131,15875.561845620381
forecast_5695,2025-08-26 07:00:00,12099.455997779929,16128.432283626977,14887.166662169298
forecast_5696,2025-08-26 08:00:00,12765.087858682842,16250.87665925882,14759.041909014477
forecast_5697,2025-08-26 09:00:00,12249.784030404655,15353.021462850555,14173.617035648489
forecast_5698,2025-08-26 10:00:00,11751.672380464095,14451.194950964122,13039.971473765396
forecast_5699,2025-08-26 11:00:00,12816.972637137216,15536.204172768223,14678.045513792851
forecast_5700,2025-08-26 12:00:00,12783.46148776804,14597.767258602258,15067.464094027795
forecast_5701,2025-08-26 13:00:00,12572.84869624021,15020.465749094625,14445.136497909567
forecast_5702,2025-08-26 14:00:00,13234.772671538678,15334.067134193938,15663.986170976488
forecast_5703,2025-08-26 15:00:00,13469.151069092586,14286.03193247499,15434.198992347501
forecast_5704,2025-08-26 16:00:00,12350.646537077715,12751.640179383547,13891.936604115017
forecast_5705,2025-08-26 17:00:00,12705.656139705185,13518.36990903744,13871.02691580397
forecast_5706,2025-08-26 18:00:00,11102.242116211955,11714.581676316604,11193.18471777102
forecast_5707,2025-08-26 19:00:00,10101.771313022611,10721.918549113017,9198.601970044117
forecast_5708,2025-08-26 20:00:00,9594.0783868006,11494.189428040643,8081.380991591055
forecast_5709,2025-08-26 21:00:00,9216.009808916046,10991.939794562511,7530.148027299791
forecast_5710,2025-08-26 22:00:00,9044.297653738213,12082.715949390502,7618.968807731541
forecast_5711,2025-08-26 23:00:00,9596.0420957609,10661.197315329242,7537.934393084457
forecast_5712,2025-08-27 00:00:00,9717.517824429813,10513.339010858948,7469.845760854819
forecast_5713,2025-08-27 01:00:00,9164.956959483585,9275.04781367332,6227.60843576218
forecast_5714,2025-08-27 02:00:00,8754.477212415946,7582.623793761069,5581.596579168994
forecast_5715,2025-08-27 03:00:00,6928.586010707873,6466.4884832651005,4675.036122380737
forecast_5716,2025-08-27 04:00:00,5344.59313264398,4982.021074154818,3942.1556075206245
forecast_5717,2025-08-27 05:00:00,4317.745063514843,3555.8768696306925,3598.2418958678813
forecast_5718,2025-08-27 06:00:00,3431.6110971095477,2720.98799969921,2832.6903223899153
forecast_5719,2025-08-27 07:00:00,3112.24069159593,2544.932273208176,2580.6335954992637
forecast_5720,2025-08-27 08:00:00,2545.9319298344144,2050.917648394379,2059.6055823417373
forecast_5721,2025-08-27 09:00:00,1996.559876934387,1552.1001453853114,1672.1287824704236
forecast_5722,2025-08-27 10:00:00,2116.4632418566575,1866.2952532369839,2012.8519261830293
forecast_5723,2025-08-27 11:00:00,2327.000596296617,1902.584523550143,2414.855234950384
forecast_5724,2025-08-27 12:00:00,2626.7412947688217,1999.4228237511472,2580.5914528419894
forecast_5725,2025-08-27 13:00:00,2639.9717024353467,2313.778240941295,2601.305614202527
forecast_5726,2025-08-27 14:00:00,2676.2111215904174,2324.4586161901475,2653.093893621568
forecast_5727,2025-08-27 15:00:00,2669.4543547796166,2428.8618185387822,2794.137447261944
forecast_5728,2025-08-27 16:00:00,2482.763263916442,2115.4593088328274,2660.808931441483
forecast_5729,2025-08-27 17:00:00,2339.8712145253876,1772.9807580764045,2536.933883704032
forecast_5730,2025-08-27 18:00:00,2197.064819119319,1689.1511302553577,2528.2664560148664
forecast_5731,2025-08-27 19:00:00,2322.411216770188,1864.4449690587985,2473.2198923757514
forecast_5732,2025-08-27 20:00:00,2607.1054275414253,1634.2610518088286,2513.915922722083
forecast_5733,2025-08-27 21:00:00,2525.18892101515,1721.6975555677334,2310.093335611821
forecast_5734,2025-08-27 22:00:00,3036.806474654368,1838.0828726786476,2507.7760969905744
forecast_5735,2025-08-27 23:00:00,3603.8125501501427,2310.1447250807214,2948.975788470018
forecast_5736,2025-08-28 00:00:00,3364.333900181233,2262.7021974720833,2795.1255233821416
forecast_5737,2025-08-28 01:00:00,3804.7910427598927,3188.3719656905814,3033.793619376692
forecast_5738,2025-08-28 02:00:00,4202.497458501399,4267.4088995924685,3556.7105827711257
forecast_5739,2025-08-28 03:00:00,4420.203965639642,4108.1504377315305,3498.4116643595676
forecast_5740,2025-08-28 04:00:00,4922.416753102336,4759.397699162864,3606.308037839095
forecast_5741,2025-08-28 05:00:00,4694.702498952792,5128.31646250953,3546.893280636632
forecast_5742,2025-08-28 06:00:00,4715.678232153516,5639.96780056826,3486.4365968813586
forecast_5743,2025-08-28 07:00:00,4781.097966940286,5148.371342462882,3271.517684157004
forecast_5744,2025-08-28 08:00:00,4000.2171517094375,4469.3736054639885,3066.6796068734593
forecast_5745,2025-08-28 09:00:00,3681.682123049261,3912.19379557321,2730.8873976789087
forecast_5746,2025-08-28 10:00:00,3364.6571346946357,2982.9332194869194,2467.6307394298465
forecast_5747,2025-08-28 11:00:00,3233.2680898656636,2465.9215091401365,2432.4762018632473
forecast_5748,2025-08-28 12:00:00,3497.8100138491486,2888.1535622441397,2690.5471157815205
forecast_5749,2025-08-28 13:00:00,3867.9961481856044,3376.215276030034,2922.499162300507
forecast_5750,2025-08-28 14:00:00,3793.402296873216,3167.202328334546,3180.9456742765274
forecast_5751,2025-08-28 15:00:00,4070.17323074968,2981.957093441315,3281.630054345915
forecast_5752,2025-08-28 16:00:00,4503.799570574327,3576.4408466825253,3389.9435739149876
forecast_5753,2025-08-28 17:00:00,4542.372089535044,4942.365179826542,3769.434750688525
forecast_5754,2025-08-28 18:00:00,4628.087400871516,5331.715348202717,3844.4598909554393
forecast_5755,2025-08-28 19:00:00,5679.217444887552,6003.173533457451,4305.9945945538975
forecast_5756,2025-08-28 20:00:00,8008.123148795891,9732.846115520151,5913.217523911753
forecast_5757,2025-08-28 21:00:00,9661.635990199358,12350.467104451633,7458.590945219198
forecast_5758,2025-08-28 22:00:00,12239.15503183041,16247.693468232801,11285.52177101254
forecast_5759,2025-08-28 23:00:00,14566.847166659743,17338.19826019429,15030.157819068278
forecast_5760,2025-08-29 00:00:00,15003.693036238521,17605.095746433704,16842.578631175908
forecast_5761,2025-08-29 01:00:00,15160.480562680305,17825.35026615907,17923.46570367161
forecast_5762,2025-08-29 02:00:00,16538.81072934577,17312.517460217692,18984.024497180464
forecast_5763,2025-08-29 03:00:00,16732.283449931212,17877.9410165593,19499.530661407272
forecast_5764,2025-08-29 04:00:00,16719.374564577585,18029.449178789848,19555.136281812145
forecast_5765,2025-08-29 05:00:00,17047.185576100124,18245.39190991722,19658.819831201265
forecast_5766,2025-08-29 06:00:00,17120.82260750651,18224.74627823071,19466.208414042158
forecast_5767,2025-08-29 07:00:00,17543.85104253487,17826.610244806343,19546.63263820741
forecast_5768,2025-08-29 08:00:00,16592.569606165693,18065.23518441603,19086.65984984149
forecast_5769,2025-08-29 09:00:00,14938.60280664853,17155.117140193273,17726.847056322655
forecast_5770,2025-08-29 10:00:00,14340.789884172073,16748.291576333755,16605.6361587397
forecast_5771,2025-08-29 11:00:00,13268.189277327265,15558.034668481494,15020.328233775472
forecast_5772,2025-08-29 12:00:00,11951.689329408951,13925.70504666622,13137.685036620913
forecast_5773,2025-08-29 13:00:00,11627.618645058992,13134.915031094275,12823.338736079491
forecast_5774,2025-08-29 14:00:00,11841.425540019458,12519.540583170558,12853.885275574066
forecast_5775,2025-08-29 15:00:00,11383.659920245973,11818.718587724106,11935.626565121034
forecast_5776,2025-08-29 16:00:00,10579.211724333509,10472.879974684049,9854.008260747192
forecast_5777,2025-08-29 17:00:00,10340.931769045488,9687.747926197502,8986.082663364514
forecast_5778,2025-08-29 18:00:00,10235.204101243768,10675.683149919867,8655.414899831023
forecast_5779,2025-08-29 19:00:00,11221.51009816723,10876.42766055054,9341.134764094875
forecast_5780,2025-08-29 20:00:00,12028.8157546412,12470.743638087813,9722.334872665364
forecast_5781,2025-08-29 21:00:00,12803.506483685427,13288.487523187461,10090.683400639602
forecast_5782,2025-08-29 22:00:00,13405.542927902417,14366.127507464424,11290.277028590583
forecast_5783,2025-08-29 23:00:00,14306.811038945649,15570.57255939122,12384.144598305891
forecast_5784,2025-08-30 00:00:00,14985.217568266482,15734.380954573719,13110.198239256959
forecast_5785,2025-08-30 01:00:00,14075.369833715939,14117.287725204289,12235.578184450387
forecast_5786,2025-08-30 02:00:00,13507.46594881021,13654.973129264692,11644.158032229849
forecast_5787,2025-08-30 03:00:00,12725.125010447424,13288.439144050544,10200.55073358323
forecast_5788,2025-08-30 04:00:00,12039.862752389457,12899.51673889707,9192.047076968558
forecast_5789,2025-08-30 05:00:00,11161.929340250881,11738.566214094815,8294.360254285306
forecast_5790,2025-08-30 06:00:00,9950.25317259333,9873.23292456063,6748.223047562401
forecast_5791,2025-08-30 07:00:00,8781.886297224053,8050.544043400848,5684.596928618617
forecast_5792,2025-08-30 08:00:00,7191.887527106603,6102.754561105529,4587.628285310599
forecast_5793,2025-08-30 09:00:00,5764.544746943526,5456.295789346101,3861.0271207726046
forecast_5794,2025-08-30 10:00:00,4200.19261303499,3849.1554164953154,3216.086209040601
forecast_5795,2025-08-30 11:00:00,3461.195131146087,2787.7475958423915,2818.5854326341664
forecast_5796,2025-08-30 12:00:00,3073.17708246278,2411.560554580804,2627.1850848908684
forecast_5797,2025-08-30 13:00:00,3271.319468182005,2636.7761552397274,2660.699729808966
forecast_5798,2025-08-30 14:00:00,3113.826252513032,2072.140440871657,2637.4447027090964
forecast_5799,2025-08-30 15:00:00,3383.5178335217734,2189.313859741822,3008.711769997908
forecast_5800,2025-08-30 16:00:00,3683.961505786665,2161.1228860264637,3117.0278090704164
forecast_5801,2025-08-30 17:00:00,3413.2071576977437,2156.5602794964457,2547.8566938403987
forecast_5802,2025-08-30 18:00:00,3513.834945249995,2991.2394387729983,2718.8024878660735
forecast_5803,2025-08-30 19:00:00,4028.2789058481094,3455.2671929437865,2980.29343146497
forecast_5804,2025-08-30 20:00:00,5268.346664319293,4333.218266091957,3636.0703136073753
forecast_5805,2025-08-30 21:00:00,5993.3196104376275,5295.33887509934,4084.500397434538
forecast_5806,2025-08-30 22:00:00,7047.935498608975,5770.400800217692,4469.0933224498485
forecast_5807,2025-08-30 23:00:00,6933.366384774862,5945.623027219533,4444.072676644461
forecast_5808,2025-08-31 00:00:00,7022.237201412194,6744.133277170634,4626.829305297631
forecast_5809,2025-08-31 01:00:00,6803.555300815393,7486.27028540147,4432.481642837361
forecast_5810,2025-08-31 02:00:00,6457.365700797057,7737.547317370084,4170.871974792068
forecast_5811,2025-08-31 03:00:00,6177.5511223993335,7387.492204372901,4086.54313174069
forecast_5812,2025-08-31 04:00:00,5684.4828029171895,6058.019099316374,3731.512057805299
forecast_5813,2025-08-31 05:00:00,5295.433925656172,5139.2214930311275,3373.4234131316043
forecast_5814,2025-08-31 06:00:00,4487.658133443638,4632.009149824795,3119.397769181934
forecast_5815,2025-08-31 07:00:00,3922.3619129963313,4288.004846254882,2923.377291461458
forecast_5816,2025-08-31 08:00:00,3847.3722424862344,3868.22173986179,2752.555775439123
forecast_5817,2025-08-31 09:00:00,3165.04697031507,2735.065024489598,2321.6565133039694
forecast_5818,2025-08-31 10:00:00,2699.7246262546146,2409.680826507208,2491.95475391306
forecast_5819,2025-08-31 11:00:00,2736.487738920405,2125.649988368827,2591.3609721470484
forecast_5820,2025-08-31 12:00:00,2672.4379297759556,1822.1286479492037,2506.3864083495464
forecast_5821,2025-08-31 13:00:00,2971.8799869441896,2338.6126708264665,2706.024797509322
forecast_5822,2025-08-31 14:00:00,3413.2085090167784,2567.5805094811612,3176.8454895887144
forecast_5823,2025-08-31 15:00:00,4023.929999753443,3700.529797905115,3373.8566442640804
forecast_5824,2025-08-31 16:00:00,5005.318663996768,4058.2126129395106,3645.22429004495
forecast_5825,2025-08-31 17:00:00,6206.440684551513,5121.953969447843,4200.95684968789
forecast_5826,2025-08-31 18:00:00,6503.587097443702,6127.364679122905,4453.368819810658
forecast_5827,2025-08-31 19:00:00,7529.079956228821,8259.539923636006,5824.582233399996
forecast_5828,2025-08-31 20:00:00,8128.174228732023,9699.36864778911,6360.060161978973
forecast_5829,2025-08-31 21:00:00,8096.255209036965,10025.875500801674,6808.431787125413
forecast_5830,2025-08-31 22:00:00,9585.907782812601,11991.943143447432,8234.700333939052
forecast_5831,2025-08-31 23:00:00,10543.765896040539,13512.142527107517,9243.129641454245
forecast_5832,2025-09-01 00:00:00,9899.200931676573,12482.058821710714,8584.565313745476
forecast_5833,2025-09-01 01:00:00,11315.195485592356,13539.879168787935,9795.80041536815
forecast_5834,2025-09-01 02:00:00,11993.88835767494,14826.87629189353,10632.058809405407
forecast_5835,2025-09-01 03:00:00,12398.555432985842,14460.8917651421,11738.700779361692
forecast_5836,2025-09-01 04:00:00,12478.105694800426,14622.504004608774,12343.383948251612
forecast_5837,2025-09-01 05:00:00,12830.051371329784,15256.063818980168,13030.406232431595
forecast_5838,2025-09-01 06:00:00,12573.978357827882,14856.590768080932,11737.123843607264
forecast_5839,2025-09-01 07:00:00,11163.50359842601,14411.870698661196,10852.227342867041
forecast_5840,2025-09-01 08:00:00,10249.180011642427,12347.619107396295,8508.019145080043
forecast_5841,2025-09-01 09:00:00,8901.45989197004,10980.600845226054,7677.0758147262295
forecast_5842,2025-09-01 10:00:00,7819.413917838409,9659.115217998213,6525.013812056186
forecast_5843,2025-09-01 11:00:00,7598.522175527814,8671.229570548525,6167.106394527409
forecast_5844,2025-09-01 12:00:00,7176.946616140497,8370.209432784704,5976.166319174157
forecast_5845,2025-09-01 13:00:00,7228.621223542575,9039.906751307703,6616.874411525305
forecast_5846,2025-09-01 14:00:00,7449.960451041335,9318.36587532249,7337.441642334887
forecast_5847,2025-09-01 15:00:00,7801.867700568078,9569.645500548228,8009.279262239418
forecast_5848,2025-09-01 16:00:00,8127.119807855646,9411.421265418534,8079.269699737696
forecast_5849,2025-09-01 17:00:00,7726.59424008511,8867.599686826044,7746.241109498831
forecast_5850,2025-09-01 18:00:00,7673.145584669865,8822.457757220709,7377.57430389678
forecast_5851,2025-09-01 19:00:00,6598.157239711666,7827.190878038483,6135.599263981845
forecast_5852,2025-09-01 20:00:00,7007.999373669245,7690.937396231152,6044.50508033361
forecast_5853,2025-09-01 21:00:00,7527.776968000313,9427.06755124739,6002.968787565224
forecast_5854,2025-09-01 22:00:00,8509.775811006011,10695.57395808087,7184.4683432499005
forecast_5855,2025-09-01 23:00:00,9297.561466502433,12101.091985479314,8391.587293516382
forecast_5856,2025-09-02 00:00:00,8044.185854296968,10353.587415974269,8358.395466541566
forecast_5857,2025-09-02 01:00:00,9805.265299717861,12474.354441804022,9758.387067321579
forecast_5858,2025-09-02 02:00:00,9839.19235413946,11637.737040389253,8958.032114910871
forecast_5859,2025-09-02 03:00:00,9647.08029704059,10795.608527815735,8570.072436320148
forecast_5860,2025-09-02 04:00:00,8896.322824300998,10373.496814078177,7152.191696854563
forecast_5861,2025-09-02 05:00:00,8233.092577855214,9447.13255706531,5857.554631478619
forecast_5862,2025-09-02 06:00:00,7657.1975679539355,8290.520529059197,5745.2786921714105
forecast_5863,2025-09-02 07:00:00,7093.538415571989,8046.012935119032,4933.763519429207
forecast_5864,2025-09-02 08:00:00,5710.644155359596,5854.075562966636,3651.663789281383
forecast_5865,2025-09-02 09:00:00,5376.097738838417,5853.659707279944,3377.490635101291
forecast_5866,2025-09-02 10:00:00,4199.764010669147,3716.947487920255,3074.0996258723662
forecast_5867,2025-09-02 11:00:00,3669.1141115230785,3367.332932803984,2741.9252568396055
forecast_5868,2025-09-02 12:00:00,3245.0506369105988,2226.0805999944732,2467.3337476897195
forecast_5869,2025-09-02 13:00:00,3125.2427406728393,2367.888374066593,2353.544816942022
forecast_5870,2025-09-02 14:00:00,2381.3264408676337,2056.455150700858,2306.077145378239
forecast_5871,2025-09-02 15:00:00,2175.3120900311187,1461.1975466107333,2009.2902310553463
forecast_5872,2025-09-02 16:00:00,1998.5412381483252,1066.2610370998389,1927.6043692394674
forecast_5873,2025-09-02 17:00:00,1836.0465089538347,1173.067952124772,1835.3267152024432
forecast_5874,2025-09-02 18:00:00,1655.262364904463,1057.1723587905983,1860.92455573119
forecast_5875,2025-09-02 19:00:00,1665.6912981585538,1093.3291672099717,1825.517435717362
forecast_5876,2025-09-02 20:00:00,2175.125870303543,1311.8567561463426,1994.741743455495
forecast_5877,2025-09-02 21:00:00,2410.2547282511155,1566.7566484893828,2121.339252593421
forecast_5878,2025-09-02 22:00:00,2701.395531114773,2067.4257937783477,2318.8984273054234
forecast_5879,2025-09-02 23:00:00,2820.554124911242,2608.7781092724,2313.552839242163
forecast_5880,2025-09-03 00:00:00,2625.8344265105325,2011.9375331217277,2401.9079881028656
forecast_5881,2025-09-03 01:00:00,2938.651163680738,2405.702396827258,2599.255652678316
forecast_5882,2025-09-03 02:00:00,3167.3916771558734,2827.3192794791044,2632.6980369032203
forecast_5883,2025-09-03 03:00:00,3027.9083493054986,2786.113919643156,2735.2603245111745
forecast_5884,2025-09-03 04:00:00,3142.439535561275,2680.021324326539,2760.5000549145866
forecast_5885,2025-09-03 05:00:00,3248.5768128169757,2959.1617260977227,2758.7045239364193
forecast_5886,2025-09-03 06:00:00,3232.9759184619697,2759.619114304014,2797.610488436948
forecast_5887,2025-09-03 07:00:00,2909.0515083842593,2222.7692696902077,2357.1513535774598
forecast_5888,2025-09-03 08:00:00,2416.1912219149854,1767.1260320132271,2029.8924404470993
forecast_5889,2025-09-03 09:00:00,1824.4050791994043,1559.5866260123826,1853.0942777142209
forecast_5890,2025-09-03 10:00:00,1815.4042614051232,1607.2698426675456,2037.8636068139654
forecast_5891,2025-09-03 11:00:00,2064.415015454779,1718.9423468785835,2213.966521871988
forecast_5892,2025-09-03 12:00:00,2358.7694166519177,1804.330206492059,2379.0288752653983
forecast_5893,2025-09-03 13:00:00,2609.9905128779114,2062.6368610019954,2619.4630293121386
forecast_5894,2025-09-03 14:00:00,2769.126343654217,1900.8416717889306,2807.0025473438636
forecast_5895,2025-09-03 15:00:00,2598.368811758619,1820.221342668564,2515.151503985665
forecast_5896,2025-09-03 16:00:00,2304.8571583559005,1419.1887552371963,2374.7352334289244
forecast_5897,2025-09-03 17:00:00,2138.616097037619,1019.6645602715575,2228.896704761419
forecast_5898,2025-09-03 18:00:00,2294.310260763102,1175.4095783655532,2311.2266117734043
forecast_5899,2025-09-03 19:00:00,2112.5281960693246,1429.2128002372165,2075.169567181213
forecast_5900,2025-09-03 20:00:00,2619.0210906111765,1719.7655828143684,2288.8151957297987
forecast_5901,2025-09-03 21:00:00,2994.9821678956314,2088.084038870871,2297.1592164282565
forecast_5902,2025-09-03 22:00:00,2780.294712514349,2039.421741178917,2273.8162359991297
forecast_5903,2025-09-03 23:00:00,2939.0627911796173,1955.2503824956934,2389.3329766680217
forecast_5904,2025-09-04 00:00:00,3075.2122135452955,2279.6281595220003,2482.5010935552427
forecast_5905,2025-09-04 01:00:00,3144.9238334172665,1758.4996661683638,2174.5655810316944
forecast_5906,2025-09-04 02:00:00,2951.5371533708058,1912.3589367918637,2154.124329602603
forecast_5907,2025-09-04 03:00:00,3005.553988406121,2074.2529595474116,2171.60536394841
forecast_5908,2025-09-04 04:00:00,3306.913508750121,2369.0473268656933,2489.7930913304544
forecast_5909,2025-09-04 05:00:00,3102.829079962387,2388.2902141548257,2442.8751607648587
forecast_5910,2025-09-04 06:00:00,2947.801169456308,2299.420242299444,2287.2512382527934
forecast_5911,2025-09-04 07:00:00,2732.3451532997497,2370.2514278342096,2192.8809862064136
forecast_5912,2025-09-04 08:00:00,2752.921005055525,2559.218848605166,2185.8491252546646
forecast_5913,2025-09-04 09:00:00,2480.087598211518,2345.7117858212305,2127.581360474351
forecast_5914,2025-09-04 10:00:00,2427.755552521745,2416.7269957141802,2211.2044513480973
forecast_5915,2025-09-04 11:00:00,2150.2345029548696,2144.3412715533714,2304.792069539562
forecast_5916,2025-09-04 12:00:00,2150.3469119407087,1886.3921677934347,2262.1083653012965
forecast_5917,2025-09-04 13:00:00,2220.1745460179754,2215.3302625692545,2317.470213968252
forecast_5918,2025-09-04 14:00:00,2237.415070747935,2013.3692556054223,2308.5457528430816
forecast_5919,2025-09-04 15:00:00,2397.764882259722,2118.1796136875764,2265.2079261451695
forecast_5920,2025-09-04 16:00:00,2380.496429782807,2070.958817783498,2289.6727202796983
forecast_5921,2025-09-04 17:00:00,2504.7509080900513,2185.100432019467,2291.8662464552085
forecast_5922,2025-09-04 18:00:00,2573.647683050248,2401.243289959046,2470.5151150487854
forecast_5923,2025-09-04 19:00:00,2701.9226249841154,2717.9829571603145,2499.8518099796597
forecast_5924,2025-09-04 20:00:00,2740.8089443417794,2808.0032098870342,2457.2793910030646
forecast_5925,2025-09-04 21:00:00,2872.345828756171,2906.3027425135733,2527.517539998167
forecast_5926,2025-09-04 22:00:00,2947.285005460116,2905.1361109578374,2564.0058840044067
forecast_5927,2025-09-04 23:00:00,2859.7789534334506,2580.601846174389,2524.568819140917
forecast_5928,2025-09-05 00:00:00,2673.273886620698,2687.818101980338,2554.152327101282
forecast_5929,2025-09-05 01:00:00,3425.763462406258,2928.266091289084,2704.6202819352607
forecast_5930,2025-09-05 02:00:00,2880.9329557494493,2758.6290501631956,2603.1723946416923
forecast_5931,2025-09-05 03:00:00,2970.6806206738015,2734.6464890950806,2571.8456114379596
forecast_5932,2025-09-05 04:00:00,3095.9347983802313,2612.3533098920643,2589.459451905903
forecast_5933,2025-09-05 05:00:00,3263.0498370333244,2676.389993951444,2624.7306748046685
forecast_5934,2025-09-05 06:00:00,3507.440497786666,3249.967301985443,2650.8163209724294
forecast_5935,2025-09-05 07:00:00,3155.9519688980054,2797.3675590682847,2471.340618916463
forecast_5936,2025-09-05 08:00:00,2816.679072612577,2807.7612307789595,2221.8299955939906
forecast_5937,2025-09-05 09:00:00,2349.023319068621,2001.3348526197437,2096.3969343461563
forecast_5938,2025-09-05 10:00:00,1936.7368825705298,1715.795378926057,2047.9396594425757
forecast_5939,2025-09-05 11:00:00,1782.7840923121507,1381.1780474783682,1900.8851774587572
forecast_5940,2025-09-05 12:00:00,1831.4696835225402,1414.8811916621635,1892.9066500677145
forecast_5941,2025-09-05 13:00:00,1756.2823868028568,1401.5483304878603,2041.9631917402885
forecast_5942,2025-09-05 14:00:00,2356.337369244589,1651.3407974848988,2330.2004064988078
forecast_5943,2025-09-05 15:00:00,2159.987208405218,1313.5389564784123,2067.4015215015725
forecast_5944,2025-09-05 16:00:00,2012.868846562355,1146.5487713601024,2030.4017947171894
forecast_5945,2025-09-05 17:00:00,2103.3912035287367,1191.8517461066822,2091.7424653671437
forecast_5946,2025-09-05 18:00:00,2281.3196641825184,1936.0290810827648,2117.2807755507265
forecast_5947,2025-09-05 19:00:00,3063.9609823848623,2555.8736284707766,2286.6461659495367
forecast_5948,2025-09-05 20:00:00,3207.3548064356182,2800.670282186579,2355.3674286474966
forecast_5949,2025-09-05 21:00:00,3465.249860300256,3244.21317036484,2597.8366247728377
forecast_5950,2025-09-05 22:00:00,4011.0607497549645,4280.426436158274,3102.0948328995987
forecast_5951,2025-09-05 23:00:00,5108.460848577261,6586.003711525767,4012.2745447849634
forecast_5952,2025-09-06 00:00:00,6165.4040774406585,7305.877378980678,4855.43325979045
forecast_5953,2025-09-06 01:00:00,7504.248477954363,9452.133607573796,5341.3940409482
forecast_5954,2025-09-06 02:00:00,9444.632715157228,12372.6041022206,6543.041194819776
forecast_5955,2025-09-06 03:00:00,10945.496525910137,14037.743272310081,7995.840417676685
forecast_5956,2025-09-06 04:00:00,13092.62521823369,17133.980802308302,10724.097504892365
forecast_5957,2025-09-06 05:00:00,14873.86152092705,16885.328058366533,12963.100348756581
forecast_5958,2025-09-06 06:00:00,15068.323584005328,16652.20107419829,13535.16996150448
forecast_5959,2025-09-06 07:00:00,16347.14657483952,16416.880514060795,15191.877725089442
forecast_5960,2025-09-06 08:00:00,15974.445305791669,15876.707960800266,15355.652063125306
forecast_5961,2025-09-06 09:00:00,13209.644699504637,15718.153701074356,14444.772842914888
forecast_5962,2025-09-06 10:00:00,11962.74011556121,14660.83683895772,13863.047676686167
forecast_5963,2025-09-06 11:00:00,11173.132269777205,13647.130843164106,13028.684106130664
forecast_5964,2025-09-06 12:00:00,11410.527289552596,14012.143714367125,12623.800826650491
forecast_5965,2025-09-06 13:00:00,12016.947669010915,14433.560090728264,12948.934733624294
forecast_5966,2025-09-06 14:00:00,12140.932199853385,14864.26904540631,13739.636097339197
forecast_5967,2025-09-06 15:00:00,12384.38570867665,14347.384845645745,13649.922820277368
forecast_5968,2025-09-06 16:00:00,12647.216784163666,14684.385146381408,14316.65414662648
forecast_5969,2025-09-06 17:00:00,12893.148972886855,15537.508241335101,15245.52304106509
forecast_5970,2025-09-06 18:00:00,12875.583983211674,15645.3528169793,15797.711191808892
forecast_5971,2025-09-06 19:00:00,13074.29792327714,16216.769571674387,16281.29701869077
forecast_5972,2025-09-06 20:00:00,13523.176321593122,16390.039292014073,16930.33346303395
forecast_5973,2025-09-06 21:00:00,13900.366878945184,16280.965462366106,17390.720621389355
forecast_5974,2025-09-06 22:00:00,14765.70829218757,17362.016990585667,18558.583281330837
forecast_5975,2025-09-06 23:00:00,14944.837021745112,17450.145032403674,18806.980250812096
forecast_5976,2025-09-07 00:00:00,14431.362506417365,17034.225021053197,18657.563285768934
forecast_5977,2025-09-07 01:00:00,14430.407623741063,17424.24223583963,18585.284135722108
forecast_5978,2025-09-07 02:00:00,14286.912451760183,16926.37113367355,18169.99155337355
forecast_5979,2025-09-07 03:00:00,13046.155447498491,16047.298986773962,17083.649049370135
forecast_5980,2025-09-07 04:00:00,12537.811264385415,15622.551848862893,15692.915014806043
forecast_5981,2025-09-07 05:00:00,12555.858219333182,14825.179600083915,14688.352078605123
forecast_5982,2025-09-07 06:00:00,11440.499623342972,13510.335196328426,12992.402988335887
forecast_5983,2025-09-07 07:00:00,11026.989212490138,12629.195275324175,12357.080089649951
forecast_5984,2025-09-07 08:00:00,10762.262183935858,12873.676925150949,12478.414236034949
forecast_5985,2025-09-07 09:00:00,9936.291180068552,11505.521079439592,9949.250510901198
forecast_5986,2025-09-07 10:00:00,8313.904566947695,9510.02417545107,7369.505651903522
forecast_5987,2025-09-07 11:00:00,6784.9017616058645,7683.886201034905,5773.667569580799
forecast_5988,2025-09-07 12:00:00,5371.981320630298,5483.551565095843,4160.853108395068
forecast_5989,2025-09-07 13:00:00,5075.0411799653375,3583.1929298640816,3717.3486370442356
forecast_5990,2025-09-07 14:00:00,4730.161482297877,4141.577144384852,3727.046757685385
forecast_5991,2025-09-07 15:00:00,5343.275378016113,5407.155461805552,3802.528566631472
forecast_5992,2025-09-07 16:00:00,5758.180319595843,5911.2373615968345,4078.1632925423064
forecast_5993,2025-09-07 17:00:00,6123.175077817158,5728.986607725871,4459.51964066654
forecast_5994,2025-09-07 18:00:00,6855.075992790173,7395.313887352528,4945.587356178296
forecast_5995,2025-09-07 19:00:00,7493.189509566287,8095.461070380181,5309.852028394205
forecast_5996,2025-09-07 20:00:00,8955.595443754923,9886.676403232139,6286.287988411734
forecast_5997,2025-09-07 21:00:00,8867.532707360959,10486.2785575474,5946.93785977567
forecast_5998,2025-09-07 22:00:00,9336.692672181096,10094.950477326862,6306.390130443546
forecast_5999,2025-09-07 23:00:00,9293.615277306691,9879.860244618572,6402.308342362741
forecast_6000,2025-09-08 00:00:00,9225.710960279193,10466.623513243238,6200.494992506898
forecast_6001,2025-09-08 01:00:00,8423.04522212386,9349.781504258382,5117.892320861535
forecast_6002,2025-09-08 02:00:00,7626.5458477095835,8808.990820053818,5037.1475197188465
forecast_6003,2025-09-08 03:00:00,7663.201108380663,7312.358667675281,4701.683505947258
forecast_6004,2025-09-08 04:00:00,6885.681985140183,5730.719717699771,4132.859152241575
forecast_6005,2025-09-08 05:00:00,5962.020875040157,4923.818505954464,3667.7158440978274
forecast_6006,2025-09-08 06:00:00,4843.3556810154605,3658.2522504119515,3281.4370954677643
forecast_6007,2025-09-08 07:00:00,4500.097227936513,3311.7479217053506,2985.7703918051184
forecast_6008,2025-09-08 08:00:00,3556.776679435284,2784.0926685476766,2689.339910654412
forecast_6009,2025-09-08 09:00:00,2611.33776799214,1966.3258436420424,2349.8130646583277
forecast_6010,2025-09-08 10:00:00,2023.302395343586,1661.9110042408502,1783.7245153243557
forecast_6011,2025-09-08 11:00:00,1916.9009845216165,1383.655302701562,1929.7617895682529
forecast_6012,2025-09-08 12:00:00,2071.356119435661,1192.2252562775625,2094.0508556856057
forecast_6013,2025-09-08 13:00:00,2636.377475725024,2147.882198434854,2644.1001904168675
forecast_6014,2025-09-08 14:00:00,2973.764147853886,2041.8092212785639,2815.7820927987323
forecast_6015,2025-09-08 15:00:00,2483.6409396596223,1780.6414304203736,2498.81809522055
forecast_6016,2025-09-08 16:00:00,3207.2265839053125,3228.924940042516,2647.426809148426
forecast_6017,2025-09-08 17:00:00,3875.4236967140378,3972.6875464381,2990.0455076336834
forecast_6018,2025-09-08 18:00:00,3664.550985026709,3091.0378928312525,2845.1521555265067
forecast_6019,2025-09-08 19:00:00,4181.516264485295,4307.902754773158,3169.7579057965827
forecast_6020,2025-09-08 20:00:00,4578.937075074433,4660.095916577152,3275.198423886803
forecast_6021,2025-09-08 21:00:00,4448.114726298276,4683.794127727602,3317.426646343436
forecast_6022,2025-09-08 22:00:00,4349.403970645317,3979.9156026582336,3146.7364219878496
forecast_6023,2025-09-08 23:00:00,4245.410138296624,3682.2434493055694,3197.272854724787
forecast_6024,2025-09-09 00:00:00,3771.912351972501,3027.470693410891,2888.6371177479687
forecast_6025,2025-09-09 01:00:00,4763.123289593452,4670.372268918609,3588.493631334727
forecast_6026,2025-09-09 02:00:00,4720.218646207275,4528.157465930279,3379.446799083681
forecast_6027,2025-09-09 03:00:00,4210.728254174404,4104.61505420609,3035.140923887444
forecast_6028,2025-09-09 04:00:00,3490.8868018635358,3132.3896787407703,2643.617633672192
forecast_6029,2025-09-09 05:00:00,3495.266375828206,2969.459830750403,2776.084442854011
forecast_6030,2025-09-09 06:00:00,3422.7899550167263,3282.77386328797,2768.936071426658
forecast_6031,2025-09-09 07:00:00,3601.656815858808,3349.885581601872,2751.811145337418
forecast_6032,2025-09-09 08:00:00,3108.9447808210057,3039.659876477229,2555.0627229183033
forecast_6033,2025-09-09 09:00:00,3485.003791217865,2603.2467063040085,2820.7550038654003
forecast_6034,2025-09-09 10:00:00,2993.4196308143482,2926.1604909651933,2647.2888257894747
forecast_6035,2025-09-09 11:00:00,2823.085556966469,2562.6416747455014,2317.6773014656615
forecast_6036,2025-09-09 12:00:00,2416.4844153482272,2388.9558048735475,1915.1892108727286
forecast_6037,2025-09-09 13:00:00,2485.5646673271444,1972.0844198727773,2255.179575356691
forecast_6038,2025-09-09 14:00:00,2986.5471262696815,2043.3387286673951,2429.5910623111413
forecast_6039,2025-09-09 15:00:00,2700.2070389787455,1883.5789474063547,2164.8902629507697
forecast_6040,2025-09-09 16:00:00,2456.544176273977,1760.3361268323943,2016.6833334113837
forecast_6041,2025-09-09 17:00:00,2671.825579160833,2430.243614816456,1993.045960606686
forecast_6042,2025-09-09 18:00:00,2533.7479203578396,2258.3389021000676,2166.0618114896665
forecast_6043,2025-09-09 19:00:00,2896.286193582661,2764.860559187916,2184.2810133340804
forecast_6044,2025-09-09 20:00:00,2880.48016862612,2634.524499889259,1918.8045996730916
forecast_6045,2025-09-09 21:00:00,3071.2787451870317,3307.2568250329923,2446.877540174752
forecast_6046,2025-09-09 22:00:00,3167.4054553893943,3227.1729628550956,2544.3447835110906
forecast_6047,2025-09-09 23:00:00,3286.0978891803816,2791.7608930580554,2626.6176382639
forecast_6048,2025-09-10 00:00:00,3318.4507442865947,2540.0378342531576,2535.7463060391024
forecast_6049,2025-09-10 01:00:00,3725.369528721356,3658.9761660180084,2559.871946525672
forecast_6050,2025-09-10 02:00:00,3727.5105672306145,3253.7486161554543,2670.543302560429
forecast_6051,2025-09-10 03:00:00,3681.303437724965,3402.923108536029,2604.157473820001
forecast_6052,2025-09-10 04:00:00,3626.1478676625925,3375.758408135257,2735.773458614263
forecast_6053,2025-09-10 05:00:00,3588.762333456696,3402.6640433448883,2434.0658470667026
forecast_6054,2025-09-10 06:00:00,3510.20491941808,3584.6314793446363,2572.3903835205215
forecast_6055,2025-09-10 07:00:00,3487.5204115671195,3481.8806994403476,2464.9598538247883
forecast_6056,2025-09-10 08:00:00,3037.5332532828998,3183.370538353063,2138.9264442822305
forecast_6057,2025-09-10 09:00:00,2596.252442309121,2729.8450440632814,2251.3180400092606
forecast_6058,2025-09-10 10:00:00,2233.0121440019966,2082.7661096062448,2158.919931178311
forecast_6059,2025-09-10 11:00:00,2851.3474457052416,2438.6856842080088,2412.8803264038925
forecast_6060,2025-09-10 12:00:00,2899.86736985514,2080.0847911461906,2431.8659752777635
forecast_6061,2025-09-10 13:00:00,2823.487781231269,2040.1255033779398,2461.7946226332942
forecast_6062,2025-09-10 14:00:00,2595.432164335778,1573.771245790538,2337.181975099044
forecast_6063,2025-09-10 15:00:00,2443.0683469503438,1343.3876812264734,2260.822092037233
forecast_6064,2025-09-10 16:00:00,2312.890217664337,1478.0599164912937,2090.563962979615
forecast_6065,2025-09-10 17:00:00,2179.4357449873214,1013.6931535574826,2018.231619127783
forecast_6066,2025-09-10 18:00:00,2161.271912768294,1922.156954908772,2010.788291754295
forecast_6067,2025-09-10 19:00:00,2711.453663785893,2138.9171613085537,2001.8130941432446
forecast_6068,2025-09-10 20:00:00,2751.6868615828384,2282.474038742258,2192.7406682874657
forecast_6069,2025-09-10 21:00:00,2772.859084915296,2495.49562213169,2209.8587633162515
forecast_6070,2025-09-10 22:00:00,2902.430622779179,2776.6485126330863,2208.3322683650563
forecast_6071,2025-09-10 23:00:00,2936.7913700329677,2792.3580114876813,2239.114314219945
forecast_6072,2025-09-11 00:00:00,3187.8005197299944,3071.6733275206598,2389.2229711452196
forecast_6073,2025-09-11 01:00:00,3585.9922371873818,2696.8975999362383,2636.0308110577307
forecast_6074,2025-09-11 02:00:00,3510.0142083320284,2974.3684502585593,2616.653617138255
forecast_6075,2025-09-11 03:00:00,3869.5362600362296,3344.0463790559893,2645.7074957072086
forecast_6076,2025-09-11 04:00:00,3848.5323336720376,3359.9871483391107,2701.7936380282367
forecast_6077,2025-09-11 05:00:00,3964.8296371602164,4092.4066473130183,2699.7308724763134
forecast_6078,2025-09-11 06:00:00,3973.3767873183715,4310.001796417695,2726.574667788518
forecast_6079,2025-09-11 07:00:00,3905.18799955025,4991.991411534297,2810.309560141015
forecast_6080,2025-09-11 08:00:00,3890.599595998484,4944.3095907379175,2887.127766787419
forecast_6081,2025-09-11 09:00:00,3597.4261135709094,4666.313479411814,3017.5783151392493
forecast_6082,2025-09-11 10:00:00,3426.9459459702384,3463.9710157802665,3056.6105390178964
forecast_6083,2025-09-11 11:00:00,3845.65680675761,3732.4674173071053,3501.5892505223283
forecast_6084,2025-09-11 12:00:00,4039.3972272101983,3946.73245766141,3928.716072143219
forecast_6085,2025-09-11 13:00:00,4082.9756147514113,3830.8648528149106,4035.9154657860577
forecast_6086,2025-09-11 14:00:00,4298.216100092966,4049.9513510935894,4049.152986355776
forecast_6087,2025-09-11 15:00:00,4216.41926482167,4028.926331500688,3858.3426456161505
forecast_6088,2025-09-11 16:00:00,3976.5955427745844,3678.888408061198,3448.408020736227
forecast_6089,2025-09-11 17:00:00,3863.331505445123,4201.067292405496,3401.389267256152
forecast_6090,2025-09-11 18:00:00,3864.2386189430545,4104.3905270088,3250.6591625963147
forecast_6091,2025-09-11 19:00:00,4291.386441751825,5366.257453182746,3209.4637609459846
forecast_6092,2025-09-11 20:00:00,5435.576242262516,6551.79410198505,3888.0333672706042
forecast_6093,2025-09-11 21:00:00,4850.707393915685,6385.743629618033,3464.4988001106376
forecast_6094,2025-09-11 22:00:00,5000.536743041248,6404.34364181294,3423.0972320781757
forecast_6095,2025-09-11 23:00:00,5476.47761518655,7167.289719599572,3757.073349684316
forecast_6096,2025-09-12 00:00:00,5364.284738174989,6173.312004380793,3744.9338015815874
forecast_6097,2025-09-12 01:00:00,5391.730761409906,6255.6425504249155,3274.18937786537
forecast_6098,2025-09-12 02:00:00,5357.569232514134,6061.426350276017,3238.396681589736
forecast_6099,2025-09-12 03:00:00,4200.33665029566,4192.796300478361,2997.7265315773743
forecast_6100,2025-09-12 04:00:00,4170.708483343759,4102.46122408094,3001.6805478435476
forecast_6101,2025-09-12 05:00:00,3830.821053191077,3981.5141317586886,2927.9828656640802
forecast_6102,2025-09-12 06:00:00,3466.6229549309382,3805.0979534833427,2766.548683602415
forecast_6103,2025-09-12 07:00:00,3395.249462632196,3798.5274738356497,2738.8620287679323
forecast_6104,2025-09-12 08:00:00,3562.513529218144,4092.367942434929,2815.6512711965224
forecast_6105,2025-09-12 09:00:00,3613.85713170874,3965.594186007972,2957.1634180439687
forecast_6106,2025-09-12 10:00:00,3669.267466745796,4079.8282398515903,3336.6547845143336
forecast_6107,2025-09-12 11:00:00,4462.682776030037,4265.515716282891,3832.9787446328473
forecast_6108,2025-09-12 12:00:00,4468.907830028868,3876.4795596090294,3574.4579800474494
forecast_6109,2025-09-12 13:00:00,4351.3294173135255,3502.4440393192835,3537.516809789069
forecast_6110,2025-09-12 14:00:00,3418.9403104344105,2903.6867850787376,3065.150488234404
forecast_6111,2025-09-12 15:00:00,3231.98525312765,3226.525236563495,2881.1803210231305
forecast_6112,2025-09-12 16:00:00,3165.271337057006,3396.8540809188125,2609.3074598925755
forecast_6113,2025-09-12 17:00:00,3508.7651885031655,3445.6086109765492,2739.9308395782364
forecast_6114,2025-09-12 18:00:00,3594.8270151525853,3432.6353835849122,3142.245513354863
forecast_6115,2025-09-12 19:00:00,3870.2659066552105,4403.008377490323,3225.999430081955
forecast_6116,2025-09-12 20:00:00,4866.101732332674,5992.053932001588,3767.363719971879
forecast_6117,2025-09-12 21:00:00,4771.71775944109,5943.3078957288035,3979.6719519128587
forecast_6118,2025-09-12 22:00:00,4880.433930725734,6278.058092400445,3929.776758583773
forecast_6119,2025-09-12 23:00:00,5925.24888319309,6935.54788565427,4607.452990634736
forecast_6120,2025-09-13 00:00:00,6077.452653616448,6871.238919603271,4424.762260034728
forecast_6121,2025-09-13 01:00:00,6196.412460546759,6848.639468628998,4727.980603339442
forecast_6122,2025-09-13 02:00:00,6783.845178383206,7047.406974189085,5149.138635757913
forecast_6123,2025-09-13 03:00:00,7230.643827486907,7870.323573989029,5967.367504372934
forecast_6124,2025-09-13 04:00:00,7410.790007968399,7638.096702193374,6231.293646089238
forecast_6125,2025-09-13 05:00:00,8674.014037640627,11816.858657437999,8186.105755683775
forecast_6126,2025-09-13 06:00:00,10960.510677107406,13466.92647002389,10308.92068377083
forecast_6127,2025-09-13 07:00:00,11596.22115899311,13629.581531403286,12010.21400583981
forecast_6128,2025-09-13 08:00:00,12136.627249197314,14971.016174327693,14264.76842909908
forecast_6129,2025-09-13 09:00:00,11620.135613770793,14689.835736395053,13271.207566831701
forecast_6130,2025-09-13 10:00:00,9524.329728606242,13537.936316495674,11507.812798947321
forecast_6131,2025-09-13 11:00:00,6981.333495198602,9487.394172285072,9659.428620098839
forecast_6132,2025-09-13 12:00:00,6133.9072175370175,6352.8844463659925,6207.312207350186
forecast_6133,2025-09-13 13:00:00,5811.446365442262,6408.330437473204,5137.514618373247
forecast_6134,2025-09-13 14:00:00,4857.766133315783,5131.932129884593,3818.7026459626877
forecast_6135,2025-09-13 15:00:00,4174.75231896714,4072.977678822803,3943.46889722401
forecast_6136,2025-09-13 16:00:00,3807.5423894909864,3664.3246182654957,3566.8307608065934
forecast_6137,2025-09-13 17:00:00,4453.185465321807,4744.657318526643,3847.3563571008804
forecast_6138,2025-09-13 18:00:00,4007.1472387346994,4151.214786813667,3770.724115183595
forecast_6139,2025-09-13 19:00:00,3772.81109598945,3359.6659243118092,3377.312714295731
forecast_6140,2025-09-13 20:00:00,3026.441604503797,2221.6052403574504,2531.594098648645
forecast_6141,2025-09-13 21:00:00,2502.3519784835826,1968.5929083395813,2374.5676639547364
forecast_6142,2025-09-13 22:00:00,2750.4700590971715,2037.4075760562796,2269.5162301340033
forecast_6143,2025-09-13 23:00:00,2751.603233351204,2205.150423103766,2169.6911527835473
forecast_6144,2025-09-14 00:00:00,2826.0205261295578,2197.0322326680393,2173.7512861010896
forecast_6145,2025-09-14 01:00:00,4124.284608821438,3559.963327086231,3011.5598778283597
forecast_6146,2025-09-14 02:00:00,3437.257107522971,2648.3848643232855,2287.8180198777454
forecast_6147,2025-09-14 03:00:00,3171.9379767762775,2509.2985058739287,2330.265812124284
forecast_6148,2025-09-14 04:00:00,3379.0668554420336,2380.619427189348,2379.035733446674
forecast_6149,2025-09-14 05:00:00,3550.046921806607,2881.3855180331734,2513.6267842919206
forecast_6150,2025-09-14 06:00:00,4241.287255426619,3515.294678420813,3237.5692986839804
forecast_6151,2025-09-14 07:00:00,4241.452226647907,3491.596120978442,3253.2106057467436
forecast_6152,2025-09-14 08:00:00,3747.1634134439346,3333.173105525033,2634.1737961584395
forecast_6153,2025-09-14 09:00:00,3795.4986111204253,3207.736572129439,2542.8669654047585
forecast_6154,2025-09-14 10:00:00,3624.9356914489135,4048.724332788493,2892.818938506357
forecast_6155,2025-09-14 11:00:00,3602.0431233614245,3430.194564881791,2937.2689342445024
forecast_6156,2025-09-14 12:00:00,3589.942104712609,2725.6521800680293,2759.597326277679
forecast_6157,2025-09-14 13:00:00,3596.2061595220616,2948.9300515647174,2908.2924064362683
forecast_6158,2025-09-14 14:00:00,3522.3295761962436,3146.4740810553953,3025.872701661446
forecast_6159,2025-09-14 15:00:00,3740.6187220417173,3402.2646808612026,3156.747099322968
forecast_6160,2025-09-14 16:00:00,4628.26683840158,3962.5111033711974,3578.2697873932416
forecast_6161,2025-09-14 17:00:00,5202.362379340284,4315.279915031406,3973.464364780929
forecast_6162,2025-09-14 18:00:00,5471.50393234715,5532.29043338875,4198.8080881382975
forecast_6163,2025-09-14 19:00:00,7598.2843813717645,7717.321952408333,5306.796828365485
forecast_6164,2025-09-14 20:00:00,10046.04260176115,10705.011506147843,6853.199612199325
forecast_6165,2025-09-14 21:00:00,12760.677486705126,13884.908654395102,9236.445962802292
forecast_6166,2025-09-14 22:00:00,14350.178292176912,15608.021742009505,11735.679375190985
forecast_6167,2025-09-14 23:00:00,15301.515326153454,15841.89473863583,13355.166308855749
forecast_6168,2025-09-15 00:00:00,16446.38166183093,16022.134264216334,14936.139229073324
forecast_6169,2025-09-15 01:00:00,16023.21923862553,15457.162491014262,13646.552095592528
forecast_6170,2025-09-15 02:00:00,15613.980123801513,15145.799982005352,12802.16975285848
forecast_6171,2025-09-15 03:00:00,14240.75045192865,13446.571077775996,10468.95584429967
forecast_6172,2025-09-15 04:00:00,12966.236544253055,11844.227020075903,8722.882046126111
forecast_6173,2025-09-15 05:00:00,10401.061777928939,10622.07921505208,6530.301939397721
forecast_6174,2025-09-15 06:00:00,8050.644470619887,7465.333746866613,4913.027703939085
forecast_6175,2025-09-15 07:00:00,6653.519130805715,5750.958138319291,4119.662383797299
forecast_6176,2025-09-15 08:00:00,4836.552014436955,4084.538051510895,3288.2073131770294
forecast_6177,2025-09-15 09:00:00,3576.1490077426315,3098.808113249327,2693.034817462564
forecast_6178,2025-09-15 10:00:00,2798.836424497787,2346.8019863482978,2420.959342562059
forecast_6179,2025-09-15 11:00:00,2718.7918846095026,2127.624252695621,2413.2035493588573
forecast_6180,2025-09-15 12:00:00,2497.9998711887583,1743.794830615121,2233.0743676848597
forecast_6181,2025-09-15 13:00:00,2100.702618352983,1463.9315487864105,1966.6021394095906
forecast_6182,2025-09-15 14:00:00,2151.0981547584993,1526.1121144372996,1928.7161307827175
forecast_6183,2025-09-15 15:00:00,2562.377575178739,1657.5559210672977,2201.844405943228
forecast_6184,2025-09-15 16:00:00,2536.8865715546726,1797.3188679714826,2327.413227843475
forecast_6185,2025-09-15 17:00:00,3447.3703574791944,2882.484065034477,2974.9802119416927
forecast_6186,2025-09-15 18:00:00,4241.7038862051,3518.358661280896,3336.6417290707686
forecast_6187,2025-09-15 19:00:00,4271.403462537824,3802.0159635386485,3372.6460550519614
forecast_6188,2025-09-15 20:00:00,4879.867958360361,4382.01606690798,3517.2763676423947
forecast_6189,2025-09-15 21:00:00,5191.782548549618,4486.05650036479,3791.614792618107
forecast_6190,2025-09-15 22:00:00,5922.565359519221,4828.4884140743325,4154.2824503418005
forecast_6191,2025-09-15 23:00:00,5264.663238318388,4828.023193151354,4020.8883367830745
forecast_6192,2025-09-16 00:00:00,5429.151601215421,5017.888641228383,4291.284853589674
forecast_6193,2025-09-16 01:00:00,6910.282736801796,5992.1262829557945,4174.558214792039
forecast_6194,2025-09-16 02:00:00,8032.170136063232,7336.295607882364,4738.747503662217
forecast_6195,2025-09-16 03:00:00,8665.511332230586,8948.536153975561,5076.045087059719
forecast_6196,2025-09-16 04:00:00,10213.372495625394,11131.922674582103,6040.411858751363
forecast_6197,2025-09-16 05:00:00,11458.058444498869,12114.703761999699,6952.940630585565
forecast_6198,2025-09-16 06:00:00,11811.140792144357,13214.060326055394,7590.504109899078
forecast_6199,2025-09-16 07:00:00,10951.814917286323,12335.99766672222,6523.337140044181
forecast_6200,2025-09-16 08:00:00,9677.07047627467,9786.637362716752,5763.281615720402
forecast_6201,2025-09-16 09:00:00,8367.337014094612,8997.17705116208,5500.084935682805
forecast_6202,2025-09-16 10:00:00,6897.040796704742,7298.203048612647,4744.865687624408
forecast_6203,2025-09-16 11:00:00,6483.181117519101,7297.015812249068,4951.850858533682
forecast_6204,2025-09-16 12:00:00,6341.406820911408,6834.95583101027,5294.88334651796
forecast_6205,2025-09-16 13:00:00,6811.7645351990395,7353.423106131128,6064.611724464242
forecast_6206,2025-09-16 14:00:00,6993.659958889422,7271.3119315205295,6312.34978640316
forecast_6207,2025-09-16 15:00:00,7012.45273127865,7581.214801582344,6237.661241493445
forecast_6208,2025-09-16 16:00:00,7314.2767539447605,7652.754941921287,6339.570568300486
forecast_6209,2025-09-16 17:00:00,6781.884110797582,6927.75250939862,5818.479780048571
forecast_6210,2025-09-16 18:00:00,7991.179956709799,8259.540749617201,6582.789570300503
forecast_6211,2025-09-16 19:00:00,9236.069292373419,9691.68219342998,8218.802729337047
forecast_6212,2025-09-16 20:00:00,9242.837766263747,10840.905689433002,8535.012060195395
forecast_6213,2025-09-16 21:00:00,9868.140460825425,11462.128331960901,9318.248354341376
forecast_6214,2025-09-16 22:00:00,10770.282375093928,13173.680126958905,10628.83072613698
forecast_6215,2025-09-16 23:00:00,12779.559170350365,15708.74504520646,12491.939843632343
forecast_6216,2025-09-17 00:00:00,14429.143689107143,16578.95399170329,15244.389471063962
forecast_6217,2025-09-17 01:00:00,15009.304666515272,17691.863398343034,16812.040006231262
forecast_6218,2025-09-17 02:00:00,16704.9917583294,18444.89484932273,19139.055039322982
forecast_6219,2025-09-17 03:00:00,16686.55865874467,18376.769244186824,19240.246189335412
forecast_6220,2025-09-17 04:00:00,16307.226804099759,18093.784553031503,19275.768803307146
forecast_6221,2025-09-17 05:00:00,17305.566074489325,17563.626057010653,19466.475289091133
forecast_6222,2025-09-17 06:00:00,15154.161916176236,16492.235553555784,18309.250974050934
forecast_6223,2025-09-17 07:00:00,12342.12059318016,13393.463460451265,15588.236924514205
forecast_6224,2025-09-17 08:00:00,7987.15394994055,9924.740142398376,8413.152656619503
forecast_6225,2025-09-17 09:00:00,5961.152206340865,7011.405040888788,5669.740028296868
forecast_6226,2025-09-17 10:00:00,5061.735248810977,4788.001031727732,4018.186851799993
forecast_6227,2025-09-17 11:00:00,4418.48110285045,4497.690153251728,3414.225659348431
forecast_6228,2025-09-17 12:00:00,3750.443861246417,2582.470493687607,3685.7826369334603
forecast_6229,2025-09-17 13:00:00,3170.4563506980217,3114.9328429778907,2927.3901292243922
forecast_6230,2025-09-17 14:00:00,4793.044672234868,5652.692495409112,3630.9808146517294
forecast_6231,2025-09-17 15:00:00,6054.783919342768,7040.862709596092,4152.865437324031
forecast_6232,2025-09-17 16:00:00,4364.614788181603,5401.322537950711,3608.200668456576
forecast_6233,2025-09-17 17:00:00,3973.0428795545904,4365.621315326163,3209.9653094934797
forecast_6234,2025-09-17 18:00:00,3378.754807837505,3648.6245757177494,3069.1242660690677
forecast_6235,2025-09-17 19:00:00,3487.266138671346,2868.6651792700936,2967.5925652797996
forecast_6236,2025-09-17 20:00:00,2788.3488580787857,2193.9272296882045,2532.9011677822964
forecast_6237,2025-09-17 21:00:00,2860.162153893901,2712.957780212514,2646.0978118008143
forecast_6238,2025-09-17 22:00:00,2781.977060839715,2226.425444014536,2472.2600045302006
forecast_6239,2025-09-17 23:00:00,2498.7798120997986,2054.1859284068973,2436.576923023041
forecast_6240,2025-09-18 00:00:00,2482.068735724812,1913.2382752953195,2467.0498002006816
forecast_6241,2025-09-18 01:00:00,2740.7605211319724,2306.2813578267915,2585.346977231651
forecast_6242,2025-09-18 02:00:00,2522.526937458131,2430.389695257293,2470.327325851874
forecast_6243,2025-09-18 03:00:00,2743.182778726906,3185.675398843222,2613.316767632642
forecast_6244,2025-09-18 04:00:00,2981.0650863180567,3170.9324342104965,2741.2431900752695
forecast_6245,2025-09-18 05:00:00,3370.7526384551984,3506.7061058043096,3130.4670783875263
forecast_6246,2025-09-18 06:00:00,3862.5323461574417,4380.6395172343855,3502.075980663772
forecast_6247,2025-09-18 07:00:00,4309.475410517235,4978.33714995124,3934.0027991750803
forecast_6248,2025-09-18 08:00:00,4784.430977233513,5601.906387344934,4455.341525292615
forecast_6249,2025-09-18 09:00:00,4212.364285264968,4682.001955286927,4015.528327101355
forecast_6250,2025-09-18 10:00:00,3752.0419418209576,4211.861116847231,3809.4787051559897
forecast_6251,2025-09-18 11:00:00,3636.9273056624834,3788.561758558479,3843.912638921639
forecast_6252,2025-09-18 12:00:00,3784.5473657206057,4091.696509376333,3252.4450656547588
forecast_6253,2025-09-18 13:00:00,3395.8978391355904,3649.8336261156514,3100.464622339125
forecast_6254,2025-09-18 14:00:00,3131.8996064248972,3524.0377627296493,2928.6056794546394
forecast_6255,2025-09-18 15:00:00,2959.56851175335,3275.7714928575606,2896.571234881723
forecast_6256,2025-09-18 16:00:00,3056.1135180335787,3331.8753747699034,2900.4356359610033
forecast_6257,2025-09-18 17:00:00,3069.153345557984,3172.5378013398486,3011.333952474097
forecast_6258,2025-09-18 18:00:00,3182.420667675048,3521.8079235709706,3084.5285407805545
forecast_6259,2025-09-18 19:00:00,3132.4116893902956,2993.6433261300454,3024.5357811513313
forecast_6260,2025-09-18 20:00:00,3364.333879503585,3472.669823531257,3056.080610197476
forecast_6261,2025-09-18 21:00:00,3309.740360089242,3563.8307703855294,2976.077671972473
forecast_6262,2025-09-18 22:00:00,3131.5005548171484,3131.600916702862,2722.2793015169154
forecast_6263,2025-09-18 23:00:00,3107.0106846391072,3026.0802207219394,2816.856522591949
forecast_6264,2025-09-19 00:00:00,3252.3164037330507,3048.1168580277836,2761.0071046744133
forecast_6265,2025-09-19 01:00:00,3155.2865733658145,2934.0221710697797,2611.998189168532
forecast_6266,2025-09-19 02:00:00,2976.982450583835,2455.802323184418,2545.7318010933786
forecast_6267,2025-09-19 03:00:00,3185.2936016198146,2634.2207734631347,2515.8659714988107
forecast_6268,2025-09-19 04:00:00,3086.5054870232416,2404.8615738041603,2431.663188054212
forecast_6269,2025-09-19 05:00:00,3367.075860352394,2720.0944867804847,2587.4995356624545
forecast_6270,2025-09-19 06:00:00,3015.161277053653,2485.629535212247,2531.880659854087
forecast_6271,2025-09-19 07:00:00,2815.9126209186998,2303.0991087473285,2292.7201616243206
forecast_6272,2025-09-19 08:00:00,2647.119997086964,2138.959893049322,2187.2297378707185
forecast_6273,2025-09-19 09:00:00,2245.820249355625,1745.4793618655572,2139.7623644004875
forecast_6274,2025-09-19 10:00:00,2269.890554135083,1433.593727579315,2029.1491122104906
forecast_6275,2025-09-19 11:00:00,2191.2176462469783,1343.6612949491089,2046.8050657483882
forecast_6276,2025-09-19 12:00:00,2053.329100506905,1174.780325029602,1959.7473858249264
forecast_6277,2025-09-19 13:00:00,2332.8219688731388,1400.1232974302025,2074.7663096971037
forecast_6278,2025-09-19 14:00:00,1931.0122794207577,1328.5348410134904,1939.508660174427
forecast_6279,2025-09-19 15:00:00,1888.9309022553134,1289.8683219983204,1891.329951599275
forecast_6280,2025-09-19 16:00:00,2028.3925812445505,1559.5152201077929,1988.0051236466165
forecast_6281,2025-09-19 17:00:00,2376.070432072053,1630.073947273085,1982.3283514417167
forecast_6282,2025-09-19 18:00:00,3162.854977664807,2065.247543621838,2463.48273889291
forecast_6283,2025-09-19 19:00:00,3865.692332999921,3530.7527667135396,3011.0378310554324
forecast_6284,2025-09-19 20:00:00,3746.131580107243,2896.759831466069,2636.4921665351417
forecast_6285,2025-09-19 21:00:00,3367.5131955223005,3038.2443988786376,2582.7433332309656
forecast_6286,2025-09-19 22:00:00,4489.5029915261875,4224.516670694537,3175.8807674762675
forecast_6287,2025-09-19 23:00:00,5103.614021191024,4996.632674793773,3343.569491847144
forecast_6288,2025-09-20 00:00:00,5711.893258033556,6268.645525544957,4142.582348825214
forecast_6289,2025-09-20 01:00:00,6369.555217801867,7341.666326988337,3919.491378442734
forecast_6290,2025-09-20 02:00:00,6898.3423384213365,8408.105141125534,4291.4871885459215
forecast_6291,2025-09-20 03:00:00,7107.398991121119,7775.59404616382,5111.441068055015
forecast_6292,2025-09-20 04:00:00,6731.194687354377,7175.266977423322,5055.251997145744
forecast_6293,2025-09-20 05:00:00,7205.708548773069,8634.208547644035,5448.740468700264
forecast_6294,2025-09-20 06:00:00,7129.979808458473,7928.588706861578,5317.912384956237
forecast_6295,2025-09-20 07:00:00,6503.932632061653,7354.114532301928,4805.057243132318
forecast_6296,2025-09-20 08:00:00,5226.296941767286,4078.1123465449937,4758.555507117042
forecast_6297,2025-09-20 09:00:00,3553.764551303422,3679.9778401392787,3780.974480155337
forecast_6298,2025-09-20 10:00:00,3662.076792442837,3058.8936272241135,3333.2470820787985
forecast_6299,2025-09-20 11:00:00,3752.1480433708984,2878.3345459803977,3679.502972755698
forecast_6300,2025-09-20 12:00:00,2961.1090919975495,2600.4997976694876,2762.4741964268196
forecast_6301,2025-09-20 13:00:00,3330.704685933753,2947.9934199912436,2888.9274249591895
forecast_6302,2025-09-20 14:00:00,3384.3516970830037,3149.8533186595473,2808.6716695881455
forecast_6303,2025-09-20 15:00:00,3233.508076329099,2714.588682994374,2740.7384848048946
forecast_6304,2025-09-20 16:00:00,3299.056447574484,2437.351909912731,3068.861147879089
forecast_6305,2025-09-20 17:00:00,2975.178394972539,2517.398793824164,2859.1359804303597
forecast_6306,2025-09-20 18:00:00,2981.458758353584,2204.181611612563,2697.9058576156513
forecast_6307,2025-09-20 19:00:00,3569.9939763511175,3462.106563178739,3027.8175495568107
forecast_6308,2025-09-20 20:00:00,3890.4627750494374,4188.549685559085,3344.4121363404265
forecast_6309,2025-09-20 21:00:00,4366.4907372802045,3715.2665957646905,3773.650581861582
forecast_6310,2025-09-20 22:00:00,4285.686599132099,4384.737000132983,3796.7063259986953
forecast_6311,2025-09-20 23:00:00,5301.619702293419,5655.255053122064,4635.840366164664
forecast_6312,2025-09-21 00:00:00,5607.456869332517,6087.19855591521,4472.828272562079
forecast_6313,2025-09-21 01:00:00,5855.515568464935,6311.193942766949,4984.343826431756
forecast_6314,2025-09-21 02:00:00,5260.608263475916,5495.502297110145,4569.258338164344
forecast_6315,2025-09-21 03:00:00,4645.143990612574,4689.777369970967,3800.3673659171773
forecast_6316,2025-09-21 04:00:00,4290.528557028301,4640.897291591944,3515.010689888454
forecast_6317,2025-09-21 05:00:00,5170.960220825198,5935.184504871595,3911.2435493992916
forecast_6318,2025-09-21 06:00:00,4851.447834922201,5600.677695822623,3923.87551868478
forecast_6319,2025-09-21 07:00:00,4326.030658382051,5636.928906282052,3622.2144187363497
forecast_6320,2025-09-21 08:00:00,4246.850019231863,4999.390965908716,3483.7231381544975
forecast_6321,2025-09-21 09:00:00,3781.1761832926472,4062.5210062917013,3449.02031498983
forecast_6322,2025-09-21 10:00:00,3609.9020389155135,3781.178465132887,3299.6235759302126
forecast_6323,2025-09-21 11:00:00,3286.4280564304636,3222.227125480332,3186.178561986639
forecast_6324,2025-09-21 12:00:00,3484.0883327077645,3881.3083005847293,3472.848047800784
forecast_6325,2025-09-21 13:00:00,3674.603447300291,3594.054952043045,3363.0790567182516
forecast_6326,2025-09-21 14:00:00,3519.929421851948,4036.8497935738164,3382.640048556789
forecast_6327,2025-09-21 15:00:00,3277.5260588324027,3501.6293273828023,3234.9240247056478
forecast_6328,2025-09-21 16:00:00,3441.8270373752052,3363.8797919879407,3128.2066931128943
forecast_6329,2025-09-21 17:00:00,3372.010130300401,3175.5840532225366,3150.304035179687
forecast_6330,2025-09-21 18:00:00,3552.937071021749,3314.01017974536,3044.4787521088338
forecast_6331,2025-09-21 19:00:00,3595.326241349791,3312.915721879142,3180.958369757366
forecast_6332,2025-09-21 20:00:00,3512.157437250269,3802.5048740763177,3006.923665978021
forecast_6333,2025-09-21 21:00:00,4480.194724801074,5296.352262167398,3564.7751950507
forecast_6334,2025-09-21 22:00:00,4408.667087328064,5726.193581114426,3143.299557271934
forecast_6335,2025-09-21 23:00:00,4559.669832358532,5954.76758920231,3198.14936356081
forecast_6336,2025-09-22 00:00:00,4560.0336250562195,6371.135346271545,3156.308821584292
forecast_6337,2025-09-22 01:00:00,5175.310689772494,6130.223709403772,3013.5930711122955
forecast_6338,2025-09-22 02:00:00,5497.294118965889,6975.345914208108,3138.4595462792563
forecast_6339,2025-09-22 03:00:00,5508.574943753501,6914.579084053453,3108.6524350406758
forecast_6340,2025-09-22 04:00:00,5035.076260345918,6463.945761546605,2916.2314166321107
forecast_6341,2025-09-22 05:00:00,5168.009533456362,7020.782652490606,3008.919717074271
forecast_6342,2025-09-22 06:00:00,4586.062887297049,6686.976604893981,2801.959066174094
forecast_6343,2025-09-22 07:00:00,4625.050154299763,6664.976561956501,2803.3243506730014
forecast_6344,2025-09-22 08:00:00,4672.388527458294,6483.627439188072,2939.5254379609923
forecast_6345,2025-09-22 09:00:00,4528.942677112904,6575.600190270086,3353.8297940473776
forecast_6346,2025-09-22 10:00:00,4657.2108350184535,6699.2927012649025,4058.4388548736033
forecast_6347,2025-09-22 11:00:00,4402.7090892634515,5222.999522280123,3929.433035166194
forecast_6348,2025-09-22 12:00:00,4556.0571524828665,5295.21792558016,4414.714651827802
forecast_6349,2025-09-22 13:00:00,4850.4016712915045,5018.430576350455,4357.671351518454
forecast_6350,2025-09-22 14:00:00,4752.073252696617,4767.754087596035,4527.956016582422
forecast_6351,2025-09-22 15:00:00,4715.048285182,4496.5826860449115,4352.175032775101
forecast_6352,2025-09-22 16:00:00,4085.1172979151424,3886.896127945423,3624.7526290853384
forecast_6353,2025-09-22 17:00:00,3763.3870565963107,3779.3128951849144,3464.7579757352955
forecast_6354,2025-09-22 18:00:00,3505.0725714760733,3031.2952811397017,3002.003692660957
forecast_6355,2025-09-22 19:00:00,3404.5332686265915,3408.970162948809,2813.5509608525767
forecast_6356,2025-09-22 20:00:00,4079.0613582832266,3850.7766307526467,3125.352390793535
forecast_6357,2025-09-22 21:00:00,4501.815883201723,4171.511289566255,3237.5916293795945
forecast_6358,2025-09-22 22:00:00,3800.8132203689293,3331.2657543330506,2620.6014528875276
forecast_6359,2025-09-22 23:00:00,4046.568676748783,3501.693986250197,2729.146758747245
forecast_6360,2025-09-23 00:00:00,3750.008203636049,3554.6082680579584,2739.498542354151
forecast_6361,2025-09-23 01:00:00,3032.437820570708,2504.701139195058,2130.59354090734
forecast_6362,2025-09-23 02:00:00,3074.107777662425,2552.2001917598964,2094.5390607157638
forecast_6363,2025-09-23 03:00:00,2883.499038490336,2631.093613046668,2112.819155671122
forecast_6364,2025-09-23 04:00:00,2892.2003493815246,2651.8332269214266,2033.9622573150832
forecast_6365,2025-09-23 05:00:00,3102.2022689817704,2687.010953950727,2124.2553301410517
forecast_6366,2025-09-23 06:00:00,2903.1881652568736,2791.3086618066905,2084.8013263562875
forecast_6367,2025-09-23 07:00:00,3028.2750057896837,2867.762904253591,2165.7556652433677
forecast_6368,2025-09-23 08:00:00,3179.342519912521,3216.196700199411,2151.50567002228
forecast_6369,2025-09-23 09:00:00,3026.6785199674287,3147.574738757833,2314.5317008788734
forecast_6370,2025-09-23 10:00:00,2717.459301503349,2786.666369577387,2277.737470068997
forecast_6371,2025-09-23 11:00:00,2501.907853816675,2368.5313728054293,2295.2366085387926
forecast_6372,2025-09-23 12:00:00,2299.196962807635,1966.4809650685795,2404.9242131931337
forecast_6373,2025-09-23 13:00:00,2645.3638589179145,2492.6145607707067,2633.7885675227867
forecast_6374,2025-09-23 14:00:00,2356.0266988825747,2582.6388143647,2658.249160161581
forecast_6375,2025-09-23 15:00:00,2309.9683375289615,2233.1705170775704,2470.0236808968557
forecast_6376,2025-09-23 16:00:00,2269.8930300776838,1890.2784351273467,2372.5535749230658
forecast_6377,2025-09-23 17:00:00,2307.1382358654782,1894.3009734106872,2385.779509376663
forecast_6378,2025-09-23 18:00:00,2713.596331644564,2164.8936065564317,2288.987578133039
forecast_6379,2025-09-23 19:00:00,2927.319111684388,2343.343149991373,2253.1231348351016
forecast_6380,2025-09-23 20:00:00,3480.3756959233738,2483.244092407809,2647.9205313923235
forecast_6381,2025-09-23 21:00:00,3979.7719279972994,3300.8063965784386,2805.4630123960314
forecast_6382,2025-09-23 22:00:00,4009.0352956805264,3409.6705512903145,2995.3044520310386
forecast_6383,2025-09-23 23:00:00,4335.829360055151,4248.739479862107,3033.8163921741025
forecast_6384,2025-09-24 00:00:00,4624.046898188527,4007.9962237356394,3316.582130887221
forecast_6385,2025-09-24 01:00:00,4574.696881157007,3388.694491673353,3202.255871314039
forecast_6386,2025-09-24 02:00:00,5198.375239898223,4428.204667298693,3217.2786050330615
forecast_6387,2025-09-24 03:00:00,5759.132030208805,6172.090323734168,3542.484356723881
forecast_6388,2025-09-24 04:00:00,6318.315970527738,7073.339499585165,4038.315593176624
forecast_6389,2025-09-24 05:00:00,7219.920760542056,8466.226383863945,4525.375890057231
forecast_6390,2025-09-24 06:00:00,7089.3534598847455,8220.467501954774,4471.379337783717
forecast_6391,2025-09-24 07:00:00,6828.512642787421,7297.413151191039,4296.453044955886
forecast_6392,2025-09-24 08:00:00,6425.983788764948,6393.8353795772055,4218.42337508649
forecast_6393,2025-09-24 09:00:00,6376.898389212871,7078.642205210743,4305.201364906539
forecast_6394,2025-09-24 10:00:00,6643.5601872061625,7448.84845220138,4887.904047814024
forecast_6395,2025-09-24 11:00:00,6979.488421025225,10267.878722480244,5825.0944391555095
forecast_6396,2025-09-24 12:00:00,7576.699591398506,10192.320416166334,6992.583179513474
forecast_6397,2025-09-24 13:00:00,8347.193542723155,11241.40268979607,8521.201198703948
forecast_6398,2025-09-24 14:00:00,9043.755653989701,11140.277075053797,9212.60563998312
forecast_6399,2025-09-24 15:00:00,8997.854938434974,10283.628926679165,8717.079838651738
forecast_6400,2025-09-24 16:00:00,9045.641024825574,10020.433338859108,8115.31544314128
forecast_6401,2025-09-24 17:00:00,9232.857369107152,10571.762192284385,7544.923161243294
forecast_6402,2025-09-24 18:00:00,9340.965292216328,10852.285803696934,7464.359014898978
forecast_6403,2025-09-24 19:00:00,10074.92079613319,12446.82105222637,9168.96876239649
forecast_6404,2025-09-24 20:00:00,12073.811247638529,14886.946481411853,13386.080221699076
forecast_6405,2025-09-24 21:00:00,12746.67499493271,16430.70175527303,15383.714988076645
forecast_6406,2025-09-24 22:00:00,13989.883311298556,16949.046026256376,16346.34501430739
forecast_6407,2025-09-24 23:00:00,14411.601205264353,16628.133517818285,16078.256120156133
forecast_6408,2025-09-25 00:00:00,14384.968656829757,16642.786798283953,15950.512157955509
forecast_6409,2025-09-25 01:00:00,14586.197615336881,16860.259271299452,15602.821232940789
forecast_6410,2025-09-25 02:00:00,15404.038687052318,17322.551802780665,16947.827766267434
forecast_6411,2025-09-25 03:00:00,16091.117909609631,17652.78015082243,17473.387420366187
forecast_6412,2025-09-25 04:00:00,15885.516394346749,17392.481336366283,17294.3205238117
forecast_6413,2025-09-25 05:00:00,15457.19621977764,16566.414767835166,16732.04827690698
forecast_6414,2025-09-25 06:00:00,15682.847832469408,16623.568291132266,16599.129927072703
forecast_6415,2025-09-25 07:00:00,15235.257654042001,16333.529587174879,16617.760785390125
forecast_6416,2025-09-25 08:00:00,14740.357692255287,16101.547080998456,16013.62379339041
forecast_6417,2025-09-25 09:00:00,15003.355623373041,16241.467123240713,16419.995633584593
forecast_6418,2025-09-25 10:00:00,15999.433427204458,16322.660538220818,17058.3885317148
forecast_6419,2025-09-25 11:00:00,15197.624143480014,15692.02870595983,16395.51293696856
forecast_6420,2025-09-25 12:00:00,14752.071140941644,16119.936753343358,16394.665316617
forecast_6421,2025-09-25 13:00:00,15201.848753741058,15834.39257335609,16368.274307342717
forecast_6422,2025-09-25 14:00:00,14726.390134813086,15651.889313279386,16481.684985611668
forecast_6423,2025-09-25 15:00:00,13368.72578305912,14264.415976178,14153.329992513485
forecast_6424,2025-09-25 16:00:00,14710.506186116523,13958.559598853291,15331.110831884187
forecast_6425,2025-09-25 17:00:00,14391.281857873953,15200.251616941638,14803.074965839969
forecast_6426,2025-09-25 18:00:00,14357.198216294808,15609.73010312429,14611.757017278902
forecast_6427,2025-09-25 19:00:00,15840.605983555346,15531.21618020524,15139.159569673771
forecast_6428,2025-09-25 20:00:00,15889.581711392388,15008.193687781995,14261.839781309114
forecast_6429,2025-09-25 21:00:00,15832.127944564767,15140.675726931233,13889.32583900895
forecast_6430,2025-09-25 22:00:00,15911.253447604271,15812.626418838281,12540.252518641148
forecast_6431,2025-09-25 23:00:00,15841.651986864188,15780.986614884749,11878.650702028872
forecast_6432,2025-09-26 00:00:00,15616.957357734016,15161.854222323289,11463.569370730389
forecast_6433,2025-09-26 01:00:00,13211.656433353692,11632.712441975378,7849.539759379542
forecast_6434,2025-09-26 02:00:00,11739.923421743855,10104.871150766236,6709.028718329128
forecast_6435,2025-09-26 03:00:00,9683.75682206817,8159.208229235925,5472.024400118977
forecast_6436,2025-09-26 04:00:00,7543.243231588118,6026.104476268559,4546.029331546641
forecast_6437,2025-09-26 05:00:00,5560.948842294423,4527.682303931595,3706.5448276174675
forecast_6438,2025-09-26 06:00:00,3650.392014982383,3065.273944491327,3142.9543509222126
forecast_6439,2025-09-26 07:00:00,3466.3740509131158,2522.380963470171,2654.466312486768
forecast_6440,2025-09-26 08:00:00,2611.215495152775,2109.436798735718,2096.232933780857
forecast_6441,2025-09-26 09:00:00,1935.5855936652215,1530.3280471095363,1529.412900276871
forecast_6442,2025-09-26 10:00:00,1624.8523171776437,1263.4738374954661,1556.6838915670883
forecast_6443,2025-09-26 11:00:00,1419.4124415999963,738.1687881756793,1509.4942528925528
forecast_6444,2025-09-26 12:00:00,1525.0547525242796,1014.6460287095588,1551.9105688937318
forecast_6445,2025-09-26 13:00:00,1501.1262377774028,920.4782317845805,1577.4901047751687
forecast_6446,2025-09-26 14:00:00,1519.1455828024882,1121.6292209813228,1643.3471391181295
forecast_6447,2025-09-26 15:00:00,1661.0992092107672,1249.711836439578,1668.1433148736396
forecast_6448,2025-09-26 16:00:00,1573.8098518013885,1081.799949420126,1710.8170607482514
forecast_6449,2025-09-26 17:00:00,1854.568108841849,1311.86120489169,1835.2010156054992
forecast_6450,2025-09-26 18:00:00,1819.723386586299,1413.9241005515146,1931.8953852388609
forecast_6451,2025-09-26 19:00:00,2078.2548644828694,1679.7169736209744,1801.525962428344
forecast_6452,2025-09-26 20:00:00,2227.359805166197,1638.4390605461758,1847.782570926456
forecast_6453,2025-09-26 21:00:00,2291.6916958722095,1796.3549607951113,1999.723129602946
forecast_6454,2025-09-26 22:00:00,2424.0820065724474,1539.1079435332717,1919.7294802245397
forecast_6455,2025-09-26 23:00:00,2518.8624227958403,1862.4097193530436,1932.3947038582587
forecast_6456,2025-09-27 00:00:00,2400.7469659240737,1807.9770299896038,1935.131271339185
forecast_6457,2025-09-27 01:00:00,2264.3413302395215,1878.6225862189685,1846.003427107291
forecast_6458,2025-09-27 02:00:00,2663.4969829369793,1861.3348712373768,2062.860198769541
forecast_6459,2025-09-27 03:00:00,2417.6842706722045,1640.9767966303325,1844.1824489269256
forecast_6460,2025-09-27 04:00:00,2249.666279423416,1930.329535168126,1791.733229438273
forecast_6461,2025-09-27 05:00:00,2605.0187122430953,2137.233336677162,1916.0510627407184
forecast_6462,2025-09-27 06:00:00,2485.1916579259114,2360.2383954867137,1999.830390981939
forecast_6463,2025-09-27 07:00:00,3384.3303806904646,2967.0321901697394,2349.600284025994
forecast_6464,2025-09-27 08:00:00,3738.9507268280686,2807.714470164854,2727.217304878655
forecast_6465,2025-09-27 09:00:00,2805.7870883558826,2069.3695798461194,2266.6356485943406
forecast_6466,2025-09-27 10:00:00,2405.5515366165614,1608.9654433702635,2239.156204505035
forecast_6467,2025-09-27 11:00:00,2382.852951300511,1212.9438576815992,2158.7873180603997
forecast_6468,2025-09-27 12:00:00,2110.4743201504443,1170.7995424066107,2143.239791052646
forecast_6469,2025-09-27 13:00:00,2156.2341040322726,1549.7823933761788,2470.78630913616
forecast_6470,2025-09-27 14:00:00,2335.27052682813,2017.228338486851,2441.58325666627
forecast_6471,2025-09-27 15:00:00,2349.347102327733,1899.9746171240272,2541.067742582008
forecast_6472,2025-09-27 16:00:00,2466.7850399700997,1725.59886960092,2442.677237785747
forecast_6473,2025-09-27 17:00:00,2983.6522624065165,2270.7146593564726,2557.803550654932
forecast_6474,2025-09-27 18:00:00,3032.647889028799,2082.9835284794317,2452.838794485634
forecast_6475,2025-09-27 19:00:00,3588.212585325975,2493.790764399253,2804.706443728669
forecast_6476,2025-09-27 20:00:00,4237.592583612938,3620.533065719964,3389.1099582931647
forecast_6477,2025-09-27 21:00:00,3831.53276581931,3358.7590119637634,3366.9798952048727
forecast_6478,2025-09-27 22:00:00,4055.5298073681524,3574.8013370691365,3408.3172059508884
forecast_6479,2025-09-27 23:00:00,4532.162624588359,4375.055477049626,3604.5168370105
forecast_6480,2025-09-28 00:00:00,5018.474722058176,5305.713616379508,4056.068251419732
forecast_6481,2025-09-28 01:00:00,5352.0639726593445,5767.493740344502,4160.988368646592
forecast_6482,2025-09-28 02:00:00,6277.66327072391,6548.525092915784,4240.992778977901
forecast_6483,2025-09-28 03:00:00,7504.339310206591,6939.497075677089,4496.476152355328
forecast_6484,2025-09-28 04:00:00,7665.591899223085,7508.5411098311215,4561.346310827451
forecast_6485,2025-09-28 05:00:00,7839.343141824711,7913.1298257211365,4674.983923929244
forecast_6486,2025-09-28 06:00:00,6728.345797249541,6265.345586726017,4084.345044701944
forecast_6487,2025-09-28 07:00:00,5898.323909401478,4933.5982343506075,3876.039163495438
forecast_6488,2025-09-28 08:00:00,5849.1775220628915,6583.280443535592,4424.395744359148
forecast_6489,2025-09-28 09:00:00,4914.575297734996,5059.748577542257,3771.7233300289004
forecast_6490,2025-09-28 10:00:00,5152.899837427472,5871.8454022113065,4060.1047414565896
forecast_6491,2025-09-28 11:00:00,4824.446671613604,5341.158020017032,3756.3865626085826
forecast_6492,2025-09-28 12:00:00,4820.727973386121,5168.680772704626,3800.6742101355926
forecast_6493,2025-09-28 13:00:00,4192.903832770797,3705.280349601284,3363.099876695677
forecast_6494,2025-09-28 14:00:00,4914.585950816074,5048.514605107652,3298.44265191065
forecast_6495,2025-09-28 15:00:00,4616.993733391459,5795.836812312618,3591.303357650457
forecast_6496,2025-09-28 16:00:00,4425.160945304515,5550.826221932008,3168.714100220593
forecast_6497,2025-09-28 17:00:00,5058.374804474655,6229.599283761467,3523.638029554366
forecast_6498,2025-09-28 18:00:00,4123.367556435006,5143.882157704358,3299.8270817578955
forecast_6499,2025-09-28 19:00:00,5488.124354451635,6012.387981372036,4473.188535926042
forecast_6500,2025-09-28 20:00:00,5482.080027317419,5895.633813277771,4358.99078083227
forecast_6501,2025-09-28 21:00:00,6300.654621749475,6978.623208284903,4658.882332902334
forecast_6502,2025-09-28 22:00:00,5521.171502170286,5532.339838815058,4087.3466852005727
forecast_6503,2025-09-28 23:00:00,4805.468400493657,4734.127046948248,3606.106391303758
forecast_6504,2025-09-29 00:00:00,4744.961134487281,3540.1775932309615,3542.4412810414046
forecast_6505,2025-09-29 01:00:00,4717.451150823151,3929.5728862462092,3548.2684002059473
forecast_6506,2025-09-29 02:00:00,4379.022130783536,3826.072534510068,3392.282868007276
forecast_6507,2025-09-29 03:00:00,4124.872888271625,3358.613641337821,3093.790973151827
forecast_6508,2025-09-29 04:00:00,4280.138018157293,4006.709262596722,3183.5541874127616
forecast_6509,2025-09-29 05:00:00,3762.753979837602,2945.5019754321756,2797.883153965703
forecast_6510,2025-09-29 06:00:00,3256.001022232799,2701.954729023489,2601.7828715751525
forecast_6511,2025-09-29 07:00:00,2984.4255023636892,2674.1833642370366,2656.305574806714
forecast_6512,2025-09-29 08:00:00,2690.367145171417,2652.6345639022784,2454.942441205363
forecast_6513,2025-09-29 09:00:00,2263.2321177638128,2110.537975991671,2054.374338951517
forecast_6514,2025-09-29 10:00:00,1738.7382826492442,1594.1257710631926,1836.6529421671682
forecast_6515,2025-09-29 11:00:00,2025.2278393279616,1865.9401723776282,1949.389670036445
forecast_6516,2025-09-29 12:00:00,1989.7012458712493,2047.480399328039,2064.355724538047
forecast_6517,2025-09-29 13:00:00,2225.790377746159,1796.2622716703165,2219.3489733598904
forecast_6518,2025-09-29 14:00:00,2038.5821714351803,1747.4432510820118,2104.8174647367555
forecast_6519,2025-09-29 15:00:00,2094.589526708125,2031.50815814053,2091.995379563147
forecast_6520,2025-09-29 16:00:00,1903.8317926037325,1761.5375103689375,1931.0246791669827
forecast_6521,2025-09-29 17:00:00,2259.304935232647,1782.3386465229282,2169.379002176511
forecast_6522,2025-09-29 18:00:00,2258.4690687988023,1699.9580054235746,2235.61354420224
forecast_6523,2025-09-29 19:00:00,2332.3824578835374,1786.9896415955616,2267.121321942391
forecast_6524,2025-09-29 20:00:00,2741.197614821728,1975.5365811666868,2544.5745064811863
forecast_6525,2025-09-29 21:00:00,3175.75933446407,2175.1462265191694,2762.791994179915
forecast_6526,2025-09-29 22:00:00,3358.21009126145,2765.710042614774,2728.542627425439
forecast_6527,2025-09-29 23:00:00,3894.156585364736,3732.1434404556094,2879.941859719017
forecast_6528,2025-09-30 00:00:00,4290.120023769216,4543.578218006576,3465.9255206386115
forecast_6529,2025-09-30 01:00:00,4504.953348920504,4412.986596326883,3541.2148945744357
forecast_6530,2025-09-30 02:00:00,5348.273103466822,4613.168899662047,3608.3820551199774
forecast_6531,2025-09-30 03:00:00,4979.733989102839,4101.37520629057,3125.081279496007
forecast_6532,2025-09-30 04:00:00,5622.072210925419,4434.404025901345,3534.5933057952675
forecast_6533,2025-09-30 05:00:00,4860.908603971804,3856.74477388913,3264.7933984441834
forecast_6534,2025-09-30 06:00:00,4567.0524707370105,3969.766859889497,3347.0863643426883
forecast_6535,2025-09-30 07:00:00,4435.701095147338,3584.928187307055,3195.5793469471755
forecast_6536,2025-09-30 08:00:00,3936.019939034447,3524.5055490034747,3055.723411712377
forecast_6537,2025-09-30 09:00:00,3587.792157925176,3317.085448746104,2814.9005553986394
forecast_6538,2025-09-30 10:00:00,2985.2978059215475,2656.250666664204,2523.8665713241544
forecast_6539,2025-09-30 11:00:00,2677.1809570185997,2243.4049502302346,2320.216679136979
forecast_6540,2025-09-30 12:00:00,2833.668158441451,2475.93144698763,2226.352169862984
forecast_6541,2025-09-30 13:00:00,2827.3399563598314,2255.285689492813,2144.9612449716365
forecast_6542,2025-09-30 14:00:00,3222.312324441239,2669.418637467432,2305.6581515969483
forecast_6543,2025-09-30 15:00:00,3754.4363274445004,3293.774475201607,2703.319276406137
forecast_6544,2025-09-30 16:00:00,3633.2940201779184,2666.453239265079,2497.285803434738
forecast_6545,2025-09-30 17:00:00,3559.933069887492,2925.4633750022977,2474.365092780322
forecast_6546,2025-09-30 18:00:00,3686.4556654358903,3250.8529066423575,2847.005048021003
forecast_6547,2025-09-30 19:00:00,4562.115837417548,4090.3287117358536,3697.8315277542224
forecast_6548,2025-09-30 20:00:00,5385.674492845147,4727.553070869249,3827.5095056579585
forecast_6549,2025-09-30 21:00:00,6390.012103940379,6364.95330744518,4159.49964582818
forecast_6550,2025-09-30 22:00:00,6457.012856358599,6793.615267466278,4419.762823777785
forecast_6551,2025-09-30 23:00:00,7146.596542840676,7683.638627529625,5111.487084720118
forecast_6552,2025-10-01 00:00:00,8066.050840478694,8568.510685862911,5685.667399730315
forecast_6553,2025-10-01 01:00:00,8866.74845767924,9038.749444594709,5068.61824238991
forecast_6554,2025-10-01 02:00:00,9974.0299236317,9790.59222759341,5387.223382298922
forecast_6555,2025-10-01 03:00:00,10037.176345169377,10457.886431780935,5552.372578848102
forecast_6556,2025-10-01 04:00:00,10105.988584490935,10579.773516074185,5558.420109091804
forecast_6557,2025-10-01 05:00:00,10161.6994919038,10247.35336785128,5585.060611391527
forecast_6558,2025-10-01 06:00:00,9100.6232001481,9185.825947767302,5179.492320006048
forecast_6559,2025-10-01 07:00:00,8229.914323243751,8351.022773403238,4533.803410007682
forecast_6560,2025-10-01 08:00:00,5690.606534012901,5024.856003661869,3500.4239524457234
forecast_6561,2025-10-01 09:00:00,4340.622479173715,3648.326987620602,3109.926484210062
forecast_6562,2025-10-01 10:00:00,3432.614480291453,2966.8482738160646,2609.301469883697
forecast_6563,2025-10-01 11:00:00,2859.0188256256233,2301.9878919221273,2182.049381359539
forecast_6564,2025-10-01 12:00:00,2562.758611414535,2044.568153919997,2069.839140180136
forecast_6565,2025-10-01 13:00:00,2673.4835026922315,1828.4108092825775,2194.126019299608
forecast_6566,2025-10-01 14:00:00,3675.146975637491,3039.051785051583,2599.63050964342
forecast_6567,2025-10-01 15:00:00,3282.0036099081444,3076.9160376445075,2301.8952392242386
forecast_6568,2025-10-01 16:00:00,3627.2391995850667,3346.2243599317853,2463.360417926122
forecast_6569,2025-10-01 17:00:00,3918.889619407051,3946.607571348566,2690.649082959721
forecast_6570,2025-10-01 18:00:00,4902.814584095859,5247.7844770545635,3617.415037720258
forecast_6571,2025-10-01 19:00:00,5178.852631982429,5271.596664312449,3881.8525148632857
forecast_6572,2025-10-01 20:00:00,7003.59222393021,6492.4901253380895,4160.045351739163
forecast_6573,2025-10-01 21:00:00,8108.777379147445,8316.081732730461,5398.502325314224
forecast_6574,2025-10-01 22:00:00,7859.746126323921,7364.385309692763,4926.099838196949
forecast_6575,2025-10-01 23:00:00,7335.035898707201,6567.407544980154,4722.322389732707
forecast_6576,2025-10-02 00:00:00,7110.747113831336,6766.966555536818,4693.063927275445
forecast_6577,2025-10-02 01:00:00,7997.344538995576,8368.642172556061,4835.619287642922
forecast_6578,2025-10-02 02:00:00,7553.2747717893035,8317.563215468146,4350.261754467944
forecast_6579,2025-10-02 03:00:00,6488.038167290479,7492.888633559537,4020.4536969382825
forecast_6580,2025-10-02 04:00:00,6135.669266254852,6077.114696887854,3704.5576635253997
forecast_6581,2025-10-02 05:00:00,5221.084930922303,4487.211899684061,3429.5891259039904
forecast_6582,2025-10-02 06:00:00,4490.674566560561,3660.161571243265,3137.929903724179
forecast_6583,2025-10-02 07:00:00,3574.4561137615283,2992.2761008517646,2760.322070165039
forecast_6584,2025-10-02 08:00:00,2963.74197996722,2621.7397409770842,2507.4591208234087
forecast_6585,2025-10-02 09:00:00,2159.904022142085,2102.493241616089,2172.001642931491
forecast_6586,2025-10-02 10:00:00,1522.2349771571744,1276.068725721149,1454.3431923417083
forecast_6587,2025-10-02 11:00:00,1444.902556090685,1193.1120521715156,1511.373021321021
forecast_6588,2025-10-02 12:00:00,1517.5121927565679,1244.96517608384,1654.7041782598428
forecast_6589,2025-10-02 13:00:00,1695.712422608934,1398.941445590313,1872.613086090084
forecast_6590,2025-10-02 14:00:00,1559.1993054804716,1383.7992206094004,1749.901373500413
forecast_6591,2025-10-02 15:00:00,1538.4566831823493,1217.3648310419767,1815.9689230288056
forecast_6592,2025-10-02 16:00:00,1614.8479705243094,1160.9728345724561,1877.805826363426
forecast_6593,2025-10-02 17:00:00,1581.1156592071316,1341.4040495563581,1881.4781913080478
forecast_6594,2025-10-02 18:00:00,1747.621012554379,1307.351720960498,1779.0362270109579
forecast_6595,2025-10-02 19:00:00,2307.0440898581855,1548.4450989700863,1849.7336889682017
forecast_6596,2025-10-02 20:00:00,2428.4076229647876,1963.7446223010788,2143.126919933537
forecast_6597,2025-10-02 21:00:00,2250.0745614507114,1648.3674681577654,2056.523782630017
forecast_6598,2025-10-02 22:00:00,2591.7031758751677,2285.467357279841,2240.7165768347068
forecast_6599,2025-10-02 23:00:00,2633.4383232106225,2043.955681256919,2386.5474438907527
forecast_6600,2025-10-03 00:00:00,2728.0920379411855,2325.17512948298,2279.455665802251
forecast_6601,2025-10-03 01:00:00,3259.948342615148,3292.016343417117,2354.8981446784355
forecast_6602,2025-10-03 02:00:00,3615.490025704734,3385.396340948861,2382.515982200283
forecast_6603,2025-10-03 03:00:00,3811.2004580433922,3557.179440892327,2545.127835803855
forecast_6604,2025-10-03 04:00:00,3920.513152318711,3515.3825595280287,2739.5739528860436
forecast_6605,2025-10-03 05:00:00,3396.437735151414,3061.7102069196226,2555.64621835091
forecast_6606,2025-10-03 06:00:00,3370.97248485167,2985.534299785345,2532.6252173332223
forecast_6607,2025-10-03 07:00:00,3651.8617739084975,3815.336607474689,2532.7632453578767
forecast_6608,2025-10-03 08:00:00,4032.162239992233,5100.441069213755,2818.6973322576355
forecast_6609,2025-10-03 09:00:00,4026.146217837396,5690.158296343855,3128.6816962107587
forecast_6610,2025-10-03 10:00:00,4298.471575710601,6224.890603217834,3686.286630935637
forecast_6611,2025-10-03 11:00:00,4505.517643400757,5412.509914194652,3880.8141789316605
forecast_6612,2025-10-03 12:00:00,5249.34786174002,6074.43261019492,4766.813726249185
forecast_6613,2025-10-03 13:00:00,5799.1989795887375,6404.535335663742,4722.648278574766
forecast_6614,2025-10-03 14:00:00,4672.057520654557,5135.320267804023,3934.497779861627
forecast_6615,2025-10-03 15:00:00,4399.118475292348,4533.898586237842,3315.1804680792306
forecast_6616,2025-10-03 16:00:00,4544.587276498314,5618.574373774269,3339.663812514667
forecast_6617,2025-10-03 17:00:00,4679.13261885795,6127.303646832808,3691.483829095745
forecast_6618,2025-10-03 18:00:00,4804.516394067654,6453.4766690631095,3533.9806526678785
forecast_6619,2025-10-03 19:00:00,5614.5456945947135,7116.287039099263,4380.8052028873235
forecast_6620,2025-10-03 20:00:00,5508.922494980419,6999.085560040237,3751.4580100998623
forecast_6621,2025-10-03 21:00:00,5714.610112341328,7205.440401500433,4369.922095473505
forecast_6622,2025-10-03 22:00:00,5207.856084371158,5985.356891647728,3626.763276498921
forecast_6623,2025-10-03 23:00:00,5147.534332473782,5043.067578774426,3480.8545170964426
forecast_6624,2025-10-04 00:00:00,3979.1300012154134,3883.7323041026643,3103.629418094664
forecast_6625,2025-10-04 01:00:00,3787.7427955466974,3624.6426513852603,2949.707703274049
forecast_6626,2025-10-04 02:00:00,4131.977465259279,3812.7058463758067,2940.069811398773
forecast_6627,2025-10-04 03:00:00,4505.439471858306,4293.780012458373,3062.3501610800486
forecast_6628,2025-10-04 04:00:00,3440.08971757321,3285.239406500127,2500.901948742328
forecast_6629,2025-10-04 05:00:00,3442.5040778465477,3210.7056383086665,2516.281052394822
forecast_6630,2025-10-04 06:00:00,3203.498923439874,3164.6421453006888,2461.0361104883677
forecast_6631,2025-10-04 07:00:00,3453.431355964616,3164.7998411598937,2763.773791285465
forecast_6632,2025-10-04 08:00:00,2884.5159137344026,2476.9238620964306,2278.1912301571965
forecast_6633,2025-10-04 09:00:00,2769.968931567662,2483.267526417107,2221.0418879294816
forecast_6634,2025-10-04 10:00:00,2591.332453954437,2523.1992170206076,2231.759782853428
forecast_6635,2025-10-04 11:00:00,2136.7586581812575,1924.1920692414067,2098.2552260924126
forecast_6636,2025-10-04 12:00:00,2011.2424943558058,1872.227959277126,2093.9013426104266
forecast_6637,2025-10-04 13:00:00,1911.3907108980484,1784.8012671983263,2254.3824705636093
forecast_6638,2025-10-04 14:00:00,1861.444438084639,1945.633459795161,2146.7134860586675
forecast_6639,2025-10-04 15:00:00,1938.683450113456,2094.3178188369943,2275.2937453255026
forecast_6640,2025-10-04 16:00:00,2076.7910614218863,2072.1318068309984,2286.121387200971
forecast_6641,2025-10-04 17:00:00,2119.015699650241,2231.395686329848,2271.387478089663
forecast_6642,2025-10-04 18:00:00,2312.9707973863333,2536.177463458719,2334.8204691538217
forecast_6643,2025-10-04 19:00:00,2307.982486379892,2233.468692894093,2296.049547352207
forecast_6644,2025-10-04 20:00:00,2373.511703303539,2272.898806118498,2259.7509693868174
forecast_6645,2025-10-04 21:00:00,2361.6189624322556,2256.0517684980305,2342.055542392983
forecast_6646,2025-10-04 22:00:00,2742.3095902326404,2156.681549568907,2283.1427027138425
forecast_6647,2025-10-04 23:00:00,2273.3400081919553,1922.1355191290343,2128.1178158707094
forecast_6648,2025-10-05 00:00:00,2701.053207356582,2177.2416680524498,2608.7988630436503
forecast_6649,2025-10-05 01:00:00,2734.3239211857244,2255.895430587193,2311.4661847944353
forecast_6650,2025-10-05 02:00:00,2579.9129238940172,2182.3568927301685,2083.707418002859
forecast_6651,2025-10-05 03:00:00,2967.355711853048,2303.337832592465,2193.368225879469
forecast_6652,2025-10-05 04:00:00,2362.41620241359,1959.7365701356352,1807.6902685635962
forecast_6653,2025-10-05 05:00:00,2117.153864327947,1744.0346092570846,1771.0589530412017
forecast_6654,2025-10-05 06:00:00,2075.2488505851397,1727.75168085971,1726.2521500172613
forecast_6655,2025-10-05 07:00:00,2029.3428323313374,1894.384864752537,1646.3871155774198
forecast_6656,2025-10-05 08:00:00,2399.641816457067,2199.599540836003,1939.6936529581872
forecast_6657,2025-10-05 09:00:00,2176.8043096605584,1663.6876787859587,1849.5864010772889
forecast_6658,2025-10-05 10:00:00,1731.7364793744864,1480.774270966929,1629.199290946971
forecast_6659,2025-10-05 11:00:00,1949.9509347383118,2063.9442402907907,1779.398600164703
forecast_6660,2025-10-05 12:00:00,1751.166963244938,1500.5680154367715,1752.308927563755
forecast_6661,2025-10-05 13:00:00,1559.276496090301,1477.0951421199034,1539.8541786019555
forecast_6662,2025-10-05 14:00:00,1610.821209988359,1421.2374200176655,1609.3454247003988
forecast_6663,2025-10-05 15:00:00,1553.8176948027826,1257.7314391929087,1766.8037460175944
forecast_6664,2025-10-05 16:00:00,2143.8213798493334,2171.555595789574,1938.7907399256844
forecast_6665,2025-10-05 17:00:00,1971.1733027003306,1687.1268982254799,1939.3930345641093
forecast_6666,2025-10-05 18:00:00,2060.0220782702186,1818.7363592011623,2129.5770732533174
forecast_6667,2025-10-05 19:00:00,2448.157479068597,2147.0113776115113,2241.512733258755
forecast_6668,2025-10-05 20:00:00,3180.6778271426247,2717.1395188140805,2493.5206173188462
forecast_6669,2025-10-05 21:00:00,3344.0671192445943,2819.6229834294627,2573.2828183542297
forecast_6670,2025-10-05 22:00:00,2712.0812923647572,2395.0030815510054,2374.320278583498
forecast_6671,2025-10-05 23:00:00,3120.0927120170845,2556.550766516528,2397.8600859023272
forecast_6672,2025-10-06 00:00:00,3004.0953680410776,2539.1549840984408,2267.485963856338
forecast_6673,2025-10-06 01:00:00,3277.9847416545867,3132.572181126753,2438.1081661902044
forecast_6674,2025-10-06 02:00:00,2874.3772369474655,3200.0363192261684,2470.439477255365
forecast_6675,2025-10-06 03:00:00,3160.137125291264,3427.8798034332704,2602.079856712183
forecast_6676,2025-10-06 04:00:00,3413.586952896082,3677.478871011605,2863.8532298545615
forecast_6677,2025-10-06 05:00:00,4913.913506464083,6343.254162530542,3963.106732177563
forecast_6678,2025-10-06 06:00:00,7036.878010235743,9225.965237945937,5557.318928287876
forecast_6679,2025-10-06 07:00:00,7461.976033747322,8410.322161441043,6873.08831749165
forecast_6680,2025-10-06 08:00:00,8002.613069074724,9407.603001480045,7634.422486437899
forecast_6681,2025-10-06 09:00:00,7422.626588405983,10424.314341474388,7695.190471983857
forecast_6682,2025-10-06 10:00:00,6847.847551413419,9443.227471404372,6999.368006408678
forecast_6683,2025-10-06 11:00:00,6150.183514608721,7970.943490325892,5881.619710008244
forecast_6684,2025-10-06 12:00:00,5099.708229140993,6178.114385392624,4856.416258200334
forecast_6685,2025-10-06 13:00:00,4052.154367409081,4763.003515077011,4044.4747111530114
forecast_6686,2025-10-06 14:00:00,3650.9878983662948,3767.716730502752,3545.8398893047015
forecast_6687,2025-10-06 15:00:00,3664.4687224258746,4059.6356633513583,3761.5989914814527
forecast_6688,2025-10-06 16:00:00,4930.83761482441,5963.900871614289,4632.800647695589
forecast_6689,2025-10-06 17:00:00,6070.8940207835385,7061.127641187086,5616.781147783636
forecast_6690,2025-10-06 18:00:00,6177.98177734331,7799.941081671629,6808.074032028633
forecast_6691,2025-10-06 19:00:00,7193.433612657449,10136.458559719294,8065.274377946622
forecast_6692,2025-10-06 20:00:00,8025.201546386817,10228.726493928061,8904.371365012075
forecast_6693,2025-10-06 21:00:00,8828.022426666554,11264.550042815903,9944.631774458025
forecast_6694,2025-10-06 22:00:00,10067.123508056156,12475.492583520663,10964.506670656683
forecast_6695,2025-10-06 23:00:00,10223.814289499402,13151.801958547832,11348.530497581603
forecast_6696,2025-10-07 00:00:00,11212.201703421897,14232.801524714143,12257.387898656703
forecast_6697,2025-10-07 01:00:00,9808.066516264334,12338.440074281785,10246.293397440757
forecast_6698,2025-10-07 02:00:00,8911.383215804035,11495.744196038864,8194.118792317826
forecast_6699,2025-10-07 03:00:00,8611.949961685206,10518.22792326504,7289.888037237293
forecast_6700,2025-10-07 04:00:00,8278.026384557572,10646.67729861679,6895.688898578777
forecast_6701,2025-10-07 05:00:00,7999.964609472801,10577.219561094365,6613.870162084178
forecast_6702,2025-10-07 06:00:00,7731.267758175361,10183.164384127507,6567.829541046896
forecast_6703,2025-10-07 07:00:00,7854.496769619974,9839.458947006256,5935.192766459972
forecast_6704,2025-10-07 08:00:00,7264.9626062569205,9176.30374557414,5091.878665768651
forecast_6705,2025-10-07 09:00:00,6461.82165134071,8901.996190173824,4721.306396844561
forecast_6706,2025-10-07 10:00:00,5422.621825132896,7115.363807681928,3868.913564094195
forecast_6707,2025-10-07 11:00:00,5390.724663724417,6224.69324257142,4152.324956827949
forecast_6708,2025-10-07 12:00:00,4958.068110401369,5250.211410291189,3682.5765734916836
forecast_6709,2025-10-07 13:00:00,3611.3472405666453,3556.6706067124787,2940.438579665819
forecast_6710,2025-10-07 14:00:00,3613.1485595399035,3001.5081180130974,2899.017712788171
forecast_6711,2025-10-07 15:00:00,3376.3636419274862,2836.377204299065,2814.744965046411
forecast_6712,2025-10-07 16:00:00,3260.420383321655,2477.3562655561636,2588.572358018234
forecast_6713,2025-10-07 17:00:00,2740.592692042588,2184.787854790454,2509.3771803303
forecast_6714,2025-10-07 18:00:00,2635.7869046628794,1997.135281725652,2426.3231178248634
forecast_6715,2025-10-07 19:00:00,3290.1781966728845,2495.767027973674,2904.5105950252555
forecast_6716,2025-10-07 20:00:00,3029.624556873425,2276.4302937192406,2758.122763299839
forecast_6717,2025-10-07 21:00:00,2616.4093594115548,1973.6550465326636,2421.5661316285527
forecast_6718,2025-10-07 22:00:00,2724.553630797165,2259.5139802871076,2402.5135078919448
forecast_6719,2025-10-07 23:00:00,2784.234664446177,2615.1237365623783,2497.554979239332
forecast_6720,2025-10-08 00:00:00,3363.052417175556,2715.5609212201484,3127.912533052752
forecast_6721,2025-10-08 01:00:00,2599.1726148243583,1981.977608863439,2096.152162786645
forecast_6722,2025-10-08 02:00:00,2627.15298352751,2084.8147305095763,2250.628378778985
forecast_6723,2025-10-08 03:00:00,2566.9105417792225,2245.0201653884346,2225.4068763930163
forecast_6724,2025-10-08 04:00:00,2566.62562347833,2075.1818874823125,2199.618158274415
forecast_6725,2025-10-08 05:00:00,2868.726436685469,2347.926885089206,2358.894992905245
forecast_6726,2025-10-08 06:00:00,2733.517973794959,2453.143073563865,2296.8054123950524
forecast_6727,2025-10-08 07:00:00,2802.5165639425386,2466.3023867348857,2389.4783441140676
forecast_6728,2025-10-08 08:00:00,2340.031237544285,2324.964924386283,2179.03829070492
forecast_6729,2025-10-08 09:00:00,2199.5438601400883,1978.4616156747948,2233.967253568966
forecast_6730,2025-10-08 10:00:00,2059.084510980159,1827.6097647134181,2102.005069786303
forecast_6731,2025-10-08 11:00:00,1769.903698409948,1644.8478566418833,2033.48445934758
forecast_6732,2025-10-08 12:00:00,1765.8256206137298,1544.1398353790905,2018.5715105365698
forecast_6733,2025-10-08 13:00:00,1796.8247845394408,1397.2558182920557,2027.5266668692934
forecast_6734,2025-10-08 14:00:00,2032.030418403918,1727.5290401630423,2220.02419488022
forecast_6735,2025-10-08 15:00:00,2011.389577653516,1872.9415241216313,2258.799745957127
forecast_6736,2025-10-08 16:00:00,2344.9546246185387,2109.253200733953,2354.782378469314
forecast_6737,2025-10-08 17:00:00,2390.8956370845185,2686.4599030377667,2523.8390337303927
forecast_6738,2025-10-08 18:00:00,2679.057688670139,2934.3106820879875,2630.735683886368
forecast_6739,2025-10-08 19:00:00,2963.4445825943376,3702.173987249236,2907.0235822814943
forecast_6740,2025-10-08 20:00:00,3665.1001884530488,4455.138483505885,3258.134755722375
forecast_6741,2025-10-08 21:00:00,3837.50394102836,4919.284101550273,3417.3238993639775
forecast_6742,2025-10-08 22:00:00,4186.39800573433,4991.358097918898,4076.3186058009815
forecast_6743,2025-10-08 23:00:00,4408.263768804067,5745.077180219847,4277.499284457231
forecast_6744,2025-10-09 00:00:00,5812.417050384661,6996.349037118048,5211.786035016889
forecast_6745,2025-10-09 01:00:00,5618.190427802877,7028.306167042292,4883.739721873769
forecast_6746,2025-10-09 02:00:00,6011.091387140727,7690.368739910556,5148.446111802762
forecast_6747,2025-10-09 03:00:00,6180.027251670005,7609.844138571302,5112.486627226739
forecast_6748,2025-10-09 04:00:00,5730.759673535998,6957.914658755993,4684.281246568363
forecast_6749,2025-10-09 05:00:00,5782.678131521611,7082.727196764274,4839.869730303901
forecast_6750,2025-10-09 06:00:00,5867.652124142636,7156.473498828627,5084.788345370808
forecast_6751,2025-10-09 07:00:00,5618.471606706766,7498.9411659227735,4779.09050939013
forecast_6752,2025-10-09 08:00:00,4897.014831140532,6443.622975952736,4569.183391632947
forecast_6753,2025-10-09 09:00:00,4461.663840205516,5900.579430092477,4085.3021699918377
forecast_6754,2025-10-09 10:00:00,3732.191200856284,4992.379937290604,3706.5251189411742
forecast_6755,2025-10-09 11:00:00,3436.1186015740404,4128.976378693003,3247.845985881883
forecast_6756,2025-10-09 12:00:00,3133.926978232801,3731.6598742217016,2943.374818476563
forecast_6757,2025-10-09 13:00:00,2817.5785680735244,2910.213006664571,2754.8957546265324
forecast_6758,2025-10-09 14:00:00,2842.280797786785,2792.0217152531013,2683.325484867774
forecast_6759,2025-10-09 15:00:00,2738.7414254754935,2442.6565681739885,2579.3173227012016
forecast_6760,2025-10-09 16:00:00,2998.104015096903,2602.093061150124,2487.169793427241
forecast_6761,2025-10-09 17:00:00,2878.0609821738653,2680.1059513519403,2419.8746874862686
forecast_6762,2025-10-09 18:00:00,2479.4292305253066,2366.001658180435,2251.504919369706
forecast_6763,2025-10-09 19:00:00,2716.2853993575864,2401.9609949452215,2293.575300195769
forecast_6764,2025-10-09 20:00:00,2918.6635479961415,2569.5175856441974,2462.131901816233
forecast_6765,2025-10-09 21:00:00,3113.244312976054,2227.0887117661887,2583.503052607952
forecast_6766,2025-10-09 22:00:00,3194.984966022999,2319.8189776669064,2580.214173578487
forecast_6767,2025-10-09 23:00:00,3156.791950837649,1978.5884704949199,2518.8561513098425
forecast_6768,2025-10-10 00:00:00,3221.3288383865183,1931.7841278280143,2623.0413406642433
forecast_6769,2025-10-10 01:00:00,3725.95654937214,2509.249842623408,2749.4964206179293
forecast_6770,2025-10-10 02:00:00,3772.5859293239487,2799.1791826290155,2650.554161633607
forecast_6771,2025-10-10 03:00:00,4010.7302589225183,2927.548295447282,2648.685646899036
forecast_6772,2025-10-10 04:00:00,3988.931878739125,2680.3633679097707,2705.0576979126645
forecast_6773,2025-10-10 05:00:00,4067.6671798475545,2933.4348831531047,2657.210065082319
forecast_6774,2025-10-10 06:00:00,4339.395248624294,3404.680421722706,3032.558323176906
forecast_6775,2025-10-10 07:00:00,3788.8591248446355,2846.2773750827223,2744.1753752419363
forecast_6776,2025-10-10 08:00:00,4053.9126681953567,2828.7594623692926,2771.252829153607
forecast_6777,2025-10-10 09:00:00,3776.657897864862,2658.700884476007,2608.5730048306827
forecast_6778,2025-10-10 10:00:00,3441.640095586011,2274.4138100651107,2448.647916053545
forecast_6779,2025-10-10 11:00:00,3143.277466356132,2167.3752174014344,2395.49699771473
forecast_6780,2025-10-10 12:00:00,3139.939465488978,2303.029199067958,2444.873553670977
forecast_6781,2025-10-10 13:00:00,3293.4131032044183,2619.069794832372,2665.679295528449
forecast_6782,2025-10-10 14:00:00,3762.4440356334476,2949.861108716713,3350.577734841733
forecast_6783,2025-10-10 15:00:00,3471.7872777178645,2547.249982120611,2726.9501954196503
forecast_6784,2025-10-10 16:00:00,3517.4362553843025,2325.5337842950476,2579.7604976114667
forecast_6785,2025-10-10 17:00:00,3409.556698583246,2271.009363623968,2650.868032632986
forecast_6786,2025-10-10 18:00:00,3393.6830220959187,2314.594297501831,2705.9464221821363
forecast_6787,2025-10-10 19:00:00,3823.6542216836533,2759.718848733436,2977.1314463103877
forecast_6788,2025-10-10 20:00:00,4203.168214718535,3016.443802638256,3293.994718973044
forecast_6789,2025-10-10 21:00:00,4517.669439572841,3296.4728014919565,3566.7116635106045
forecast_6790,2025-10-10 22:00:00,5846.47093345312,4688.618863453041,4175.452352685608
forecast_6791,2025-10-10 23:00:00,6266.725522079632,5835.277816341355,4464.950382253652
forecast_6792,2025-10-11 00:00:00,6751.693373549053,5877.932892273035,4903.2322192481515
forecast_6793,2025-10-11 01:00:00,6778.100887750256,6312.751801919814,4916.0512928067155
forecast_6794,2025-10-11 02:00:00,7592.674112135946,7288.51427497085,5274.410480585769
forecast_6795,2025-10-11 03:00:00,8007.586008788738,8966.471566189539,5451.664751396579
forecast_6796,2025-10-11 04:00:00,7962.106827316586,9247.77425524672,5410.328283513255
forecast_6797,2025-10-11 05:00:00,8570.977567442662,10524.511892515624,5540.993390603497
forecast_6798,2025-10-11 06:00:00,8508.17253613281,10371.474009261514,5596.264222023606
forecast_6799,2025-10-11 07:00:00,8550.619352213305,10975.461582026663,5498.102841620124
forecast_6800,2025-10-11 08:00:00,8085.663096894596,10225.4631736683,5483.73387629086
forecast_6801,2025-10-11 09:00:00,7893.503077639045,9809.057922590353,5399.729480278028
forecast_6802,2025-10-11 10:00:00,7738.716342349348,10081.696619638891,5494.348459196466
forecast_6803,2025-10-11 11:00:00,7682.648041580733,9860.247920612499,5313.259885156697
forecast_6804,2025-10-11 12:00:00,7995.324021025909,10660.002554788975,6361.9013477708495
forecast_6805,2025-10-11 13:00:00,8419.791142092203,11226.145641524656,6992.128451759891
forecast_6806,2025-10-11 14:00:00,8777.444876494936,10972.921606475275,7356.597070000365
forecast_6807,2025-10-11 15:00:00,9492.324060702469,10841.991519503492,8666.131469698723
forecast_6808,2025-10-11 16:00:00,10134.231368388671,11642.65015693803,9380.6956351513
forecast_6809,2025-10-11 17:00:00,10699.734653520152,11448.975958990057,9331.149527761634
forecast_6810,2025-10-11 18:00:00,11772.962972144498,12017.821322660137,10032.259392824983
forecast_6811,2025-10-11 19:00:00,12898.57421130575,13161.22301464636,11913.694422019482
forecast_6812,2025-10-11 20:00:00,13175.335779354267,13594.383023401213,13362.277742250988
forecast_6813,2025-10-11 21:00:00,13604.66558543265,14153.0736606495,14242.963480482129
forecast_6814,2025-10-11 22:00:00,13345.473614821665,14832.033790679676,13534.231821940883
forecast_6815,2025-10-11 23:00:00,14112.417000801277,15505.309863989898,15298.180618209079
forecast_6816,2025-10-12 00:00:00,13162.469001765126,13438.019684474697,13741.453447968031
forecast_6817,2025-10-12 01:00:00,14901.019477379672,13563.806193876399,14686.835924841047
forecast_6818,2025-10-12 02:00:00,13536.09275002315,13605.467096014518,13355.157421233946
forecast_6819,2025-10-12 03:00:00,9918.139920052221,11174.050292460965,9416.978785833684
forecast_6820,2025-10-12 04:00:00,7388.057369266227,7831.902112545541,7225.644181527957
forecast_6821,2025-10-12 05:00:00,5795.241980260409,6275.838070597576,5509.822384760353
forecast_6822,2025-10-12 06:00:00,4199.09314699686,3660.749283184575,4153.108818525371
forecast_6823,2025-10-12 07:00:00,4605.770021509055,4064.3015876807553,3796.78496870711
forecast_6824,2025-10-12 08:00:00,5245.634000537144,5340.329705266404,4169.968906377916
forecast_6825,2025-10-12 09:00:00,5679.091862242899,5575.069395730932,4829.239949203873
forecast_6826,2025-10-12 10:00:00,6391.08524427663,7645.74419714001,5424.055328856333
forecast_6827,2025-10-12 11:00:00,5749.79285574542,6949.500100972213,5060.777902034122
forecast_6828,2025-10-12 12:00:00,5617.084005612793,7171.281244384584,5213.224596075705
forecast_6829,2025-10-12 13:00:00,5465.801983813195,6885.98141511974,5120.302234742093
forecast_6830,2025-10-12 14:00:00,5735.206151125823,6366.387879000257,5092.600999191912
forecast_6831,2025-10-12 15:00:00,5063.965166135621,6349.46012056765,4917.838643883224
forecast_6832,2025-10-12 16:00:00,5474.436501168975,6554.605540465677,4915.535407457927
forecast_6833,2025-10-12 17:00:00,6313.007309985943,7531.484417692507,5479.1552613809035
forecast_6834,2025-10-12 18:00:00,6035.622759152711,7542.491250288296,5970.800441824325
forecast_6835,2025-10-12 19:00:00,6118.846362947437,7323.006701903952,6010.851188837354
forecast_6836,2025-10-12 20:00:00,5296.239319817,6090.884855262156,5315.646985305731
forecast_6837,2025-10-12 21:00:00,4874.1313023922185,5325.435684358904,4968.592516079698
forecast_6838,2025-10-12 22:00:00,4357.871798778241,4738.393798234449,3995.8557709029983
forecast_6839,2025-10-12 23:00:00,4373.277678761243,4001.7475411145283,3957.116060788842
forecast_6840,2025-10-13 00:00:00,3489.546383117661,3289.357786792545,3354.0076057897304
forecast_6841,2025-10-13 01:00:00,3850.2621294597066,3134.2488508451,2884.59998754555
forecast_6842,2025-10-13 02:00:00,3262.2401306798774,2457.97062391313,2723.3113410973133
forecast_6843,2025-10-13 03:00:00,2723.7109930351435,2061.6728790301654,2412.9460592093074
forecast_6844,2025-10-13 04:00:00,2782.728126107535,2759.615954992189,2551.339475485765
forecast_6845,2025-10-13 05:00:00,3702.0466329953897,3533.67606874017,3343.1659141411615
forecast_6846,2025-10-13 06:00:00,4475.702699986507,4384.075149266643,3771.9975275558495
forecast_6847,2025-10-13 07:00:00,5044.933727552192,4824.533734354176,4221.108866571755
forecast_6848,2025-10-13 08:00:00,4360.930025069224,4866.6292629341015,4039.4817077397606
forecast_6849,2025-10-13 09:00:00,4570.096523313094,4689.479629129704,4196.665582876387
forecast_6850,2025-10-13 10:00:00,4211.703735033573,4890.439354158936,4117.7212977862955
forecast_6851,2025-10-13 11:00:00,4863.5319606915145,4806.078434905714,4194.245890162448
forecast_6852,2025-10-13 12:00:00,4023.6274561381074,4744.570808768418,4002.6059361877897
forecast_6853,2025-10-13 13:00:00,4074.976626542216,4374.180159637919,4227.101886904407
forecast_6854,2025-10-13 14:00:00,3530.1879966662173,4096.964056644375,3892.3579784276294
forecast_6855,2025-10-13 15:00:00,4127.674357714725,4544.875624491084,4479.119279987663
forecast_6856,2025-10-13 16:00:00,3911.0642114317766,4511.382442749305,4126.032118294898
forecast_6857,2025-10-13 17:00:00,4132.246696076243,4512.788950216936,4103.4937602170785
forecast_6858,2025-10-13 18:00:00,4552.204262177398,4881.559845847466,4432.510321576462
forecast_6859,2025-10-13 19:00:00,4763.2831765728115,5232.874809369066,4357.585459871196
forecast_6860,2025-10-13 20:00:00,4521.631795414406,5066.239132393892,4618.6947397095455
forecast_6861,2025-10-13 21:00:00,4763.265643308165,4800.011720083173,4826.932814982027
forecast_6862,2025-10-13 22:00:00,4956.734463822124,5769.092370592006,5082.573483558467
forecast_6863,2025-10-13 23:00:00,5229.015064829613,5787.59727956211,4593.16242903668
forecast_6864,2025-10-14 00:00:00,6000.312404033062,6520.652897563145,5428.071657106922
forecast_6865,2025-10-14 01:00:00,7542.342198994062,9059.81687489025,6228.400862580027
forecast_6866,2025-10-14 02:00:00,7287.007148518318,8918.570097186457,5843.6906319765785
forecast_6867,2025-10-14 03:00:00,5978.572766590492,7356.2121504591505,4867.943073732373
forecast_6868,2025-10-14 04:00:00,5989.047115644311,6876.1487531974935,4222.693284875682
forecast_6869,2025-10-14 05:00:00,6485.168102585191,7479.273171336385,4667.720322395561
forecast_6870,2025-10-14 06:00:00,6343.223810109599,7600.868806767665,4296.004897689603
forecast_6871,2025-10-14 07:00:00,5346.04319118133,7088.810067693966,4252.735049806
forecast_6872,2025-10-14 08:00:00,4793.71502992476,6350.586156980797,4119.670660854914
forecast_6873,2025-10-14 09:00:00,4565.428273280468,5991.259478493241,4389.5867930536015
forecast_6874,2025-10-14 10:00:00,4727.76411717349,6228.291548005961,4204.394013235391
forecast_6875,2025-10-14 11:00:00,4325.950982668495,5876.361983733355,3990.2475105837716
forecast_6876,2025-10-14 12:00:00,4533.824435043426,5914.399322053903,4024.3279581670613
forecast_6877,2025-10-14 13:00:00,4397.974690780909,5954.994981975877,4042.5427288767764
forecast_6878,2025-10-14 14:00:00,4140.1046312579265,6320.347746905498,3989.3040338947458
forecast_6879,2025-10-14 15:00:00,3814.9483137169927,4496.813035335657,4202.452047985216
forecast_6880,2025-10-14 16:00:00,3665.220135219357,4419.319618474039,3737.598592498445
forecast_6881,2025-10-14 17:00:00,3861.6298976931466,4064.0837577594248,3857.2108116114423
forecast_6882,2025-10-14 18:00:00,3733.6444004764526,4378.554979330909,3863.1652951312185
forecast_6883,2025-10-14 19:00:00,3613.739545518386,4494.863864211704,3802.216570815198
forecast_6884,2025-10-14 20:00:00,3854.295490895989,4492.859102565109,3863.2531238390006
forecast_6885,2025-10-14 21:00:00,3892.9963670129528,4726.094127788842,3903.621715131351
forecast_6886,2025-10-14 22:00:00,3607.3390787554335,3659.291741587801,3330.022934426778
forecast_6887,2025-10-14 23:00:00,3649.7845265432206,3644.814419796012,3191.1104554239378
forecast_6888,2025-10-15 00:00:00,3494.370352484617,3481.0173044788476,3050.4180726986297
forecast_6889,2025-10-15 01:00:00,3667.207564552653,3996.8569622232812,2912.1406737647976
forecast_6890,2025-10-15 02:00:00,3638.1692468461733,3890.1652750702174,2678.0862155187606
forecast_6891,2025-10-15 03:00:00,3539.1953199638283,3606.9872977611562,2818.7338211038013
forecast_6892,2025-10-15 04:00:00,3560.9851466951077,3522.5316506875934,2612.7088595681616
forecast_6893,2025-10-15 05:00:00,3345.7280135934443,3288.084046871054,2545.691038697587
forecast_6894,2025-10-15 06:00:00,3092.3394258018343,3498.494720861677,2612.950183282504
forecast_6895,2025-10-15 07:00:00,2986.719655840663,3252.6907258245215,2574.3143607928914
forecast_6896,2025-10-15 08:00:00,2916.0891219586642,3239.544521064311,2572.4357072234975
forecast_6897,2025-10-15 09:00:00,3114.5609906411623,3256.2674106457976,2581.5080326903408
forecast_6898,2025-10-15 10:00:00,3053.7338675808282,3406.770945934008,2691.757494323217
forecast_6899,2025-10-15 11:00:00,2844.527350617653,2903.990067335885,2743.731849765542
forecast_6900,2025-10-15 12:00:00,3000.5339003204645,2926.3900320462017,2672.422529993144
forecast_6901,2025-10-15 13:00:00,2715.286596502875,2297.708358101753,2596.7798170867454
forecast_6902,2025-10-15 14:00:00,2609.1046893816447,2413.748654767138,2575.7032984918847
forecast_6903,2025-10-15 15:00:00,2823.0221903049323,2372.534822303628,2469.98247742805
forecast_6904,2025-10-15 16:00:00,2313.338646253301,1651.009296429028,2257.63440853208
forecast_6905,2025-10-15 17:00:00,3034.408590667157,1997.2583639782117,2351.329387010693
forecast_6906,2025-10-15 18:00:00,2468.9143072270454,2203.606883376089,2236.0061364415174
forecast_6907,2025-10-15 19:00:00,3456.4183360030556,3196.407274479961,2616.824539240513
forecast_6908,2025-10-15 20:00:00,3960.916906902714,3777.254051099934,3116.9184568192195
forecast_6909,2025-10-15 21:00:00,4266.244165816392,4292.654073501946,3146.097065924946
forecast_6910,2025-10-15 22:00:00,4508.928534744651,4992.10180327992,3341.3107406933377
forecast_6911,2025-10-15 23:00:00,4764.344755528915,5477.048184560921,3450.139447736273
forecast_6912,2025-10-16 00:00:00,5892.085422963477,5714.55712494203,4088.197902191019
forecast_6913,2025-10-16 01:00:00,5016.509587163822,3493.181385594762,3650.4387720623617
forecast_6914,2025-10-16 02:00:00,5172.641681260158,4042.8486102015704,3837.606018581928
forecast_6915,2025-10-16 03:00:00,4872.984051030058,3974.5136536977384,3963.1370756611914
forecast_6916,2025-10-16 04:00:00,4743.529237577723,3918.595138915001,4400.974631577878
forecast_6917,2025-10-16 05:00:00,4677.926040518061,5275.306877515831,3651.7078496120125
forecast_6918,2025-10-16 06:00:00,4885.419116149993,5047.772786583853,4567.244553646751
forecast_6919,2025-10-16 07:00:00,5438.827885023506,5363.029944775757,4633.391576310687
forecast_6920,2025-10-16 08:00:00,5429.0047887380115,5412.457058565538,4626.713156250167
forecast_6921,2025-10-16 09:00:00,5199.541036107656,5817.602615771526,4696.759311395689
forecast_6922,2025-10-16 10:00:00,4593.148473157377,5430.312436468567,4295.948953561323
forecast_6923,2025-10-16 11:00:00,5175.050601064988,5528.961450242534,4795.300304055476
forecast_6924,2025-10-16 12:00:00,5041.09078805341,5686.461323303412,4847.357673297537
forecast_6925,2025-10-16 13:00:00,4888.511961231781,5882.197322552815,4706.641215797023
forecast_6926,2025-10-16 14:00:00,4482.421908063333,5370.70219910846,4313.32241199804
forecast_6927,2025-10-16 15:00:00,4107.875996158167,4370.791600057852,3919.3931341654506
forecast_6928,2025-10-16 16:00:00,4064.4210745435416,4439.614483969911,4223.567214589957
forecast_6929,2025-10-16 17:00:00,4109.126533702106,4586.02936779933,4239.9884614409575
forecast_6930,2025-10-16 18:00:00,4088.58707763436,4730.91128368868,4197.17774777119
forecast_6931,2025-10-16 19:00:00,3922.242380575626,4498.840043627649,3902.5645316027358
forecast_6932,2025-10-16 20:00:00,3992.023240960645,4395.617976933861,3773.0620511208263
forecast_6933,2025-10-16 21:00:00,3987.3880736693563,4277.8877534968815,3838.524634418322
forecast_6934,2025-10-16 22:00:00,3881.00154325749,4418.835499548919,3688.9754577137005
forecast_6935,2025-10-16 23:00:00,3667.4662444360583,4332.504498004659,3314.249292077874
forecast_6936,2025-10-17 00:00:00,3459.5291511508563,3880.385172914976,2972.2594045984547
forecast_6937,2025-10-17 01:00:00,3680.379274398284,3879.1822188770443,2998.140012857153
forecast_6938,2025-10-17 02:00:00,3687.405588333583,3519.1777418181073,2841.3768998898104
forecast_6939,2025-10-17 03:00:00,3965.149449138351,3835.5193907878493,3032.018586683029
forecast_6940,2025-10-17 04:00:00,3363.5726722262784,3272.023223242868,2626.6198957017314
forecast_6941,2025-10-17 05:00:00,3591.735704461059,3207.997405273248,2583.1289991270605
forecast_6942,2025-10-17 06:00:00,3600.6577405150247,3173.977752661084,2715.156128210153
forecast_6943,2025-10-17 07:00:00,3873.7212614276204,3265.016473363512,2899.192992141281
forecast_6944,2025-10-17 08:00:00,3353.6708136163766,2767.485805205357,2522.7371171475743
forecast_6945,2025-10-17 09:00:00,3548.5145760257324,2965.9485063361863,2666.5470226949906
forecast_6946,2025-10-17 10:00:00,3464.6895787563135,2828.029954116405,2555.599071039523
forecast_6947,2025-10-17 11:00:00,3123.68167119341,2196.938674795779,2414.5079705759335
forecast_6948,2025-10-17 12:00:00,2793.422737414271,1971.7626452775717,2501.5616641938695
forecast_6949,2025-10-17 13:00:00,3109.248307188938,2056.408588611077,2623.8601138174945
forecast_6950,2025-10-17 14:00:00,3202.2508857807234,2253.3171433292528,2711.0340653186017
forecast_6951,2025-10-17 15:00:00,3061.5783275264084,1955.1356046230278,2703.6321091668674
forecast_6952,2025-10-17 16:00:00,3374.9077039271497,1862.8096406991924,2808.4946213078024
forecast_6953,2025-10-17 17:00:00,3679.778042098027,2263.0061037206306,2960.3779658783164
forecast_6954,2025-10-17 18:00:00,4134.154823472981,2763.7854140371765,3151.6635519505644
forecast_6955,2025-10-17 19:00:00,4899.654087552817,3765.3953890603516,3619.021772544563
forecast_6956,2025-10-17 20:00:00,5438.806449978793,3992.657060374348,4141.474497388385
forecast_6957,2025-10-17 21:00:00,6876.969465618524,5924.953784615544,4790.793229240893
forecast_6958,2025-10-17 22:00:00,6151.655253849389,6221.2474583303465,4441.912221282588
forecast_6959,2025-10-17 23:00:00,6492.713235764936,6191.583890712068,4440.631388083465
forecast_6960,2025-10-18 00:00:00,5662.734360219478,6207.172819030042,4288.140203547092
forecast_6961,2025-10-18 01:00:00,5874.509458383271,5977.911413578019,4822.039066971501
forecast_6962,2025-10-18 02:00:00,6611.369247249948,7373.060363785531,5080.734762484263
forecast_6963,2025-10-18 03:00:00,6401.952641186999,7558.49921734074,4916.1984776554855
forecast_6964,2025-10-18 04:00:00,6363.507819269953,6918.606177090049,4807.202440182045
forecast_6965,2025-10-18 05:00:00,5368.757048617219,5128.948427550459,4125.409680499569
forecast_6966,2025-10-18 06:00:00,5275.834983435576,4393.12084690973,4056.339608884203
forecast_6967,2025-10-18 07:00:00,4573.7298806962035,5267.289601380498,3737.9360320013207
forecast_6968,2025-10-18 08:00:00,4435.754567464624,4302.492066779729,3617.090582050089
forecast_6969,2025-10-18 09:00:00,3255.965656674198,3113.9987206448777,2952.146651226608
forecast_6970,2025-10-18 10:00:00,3315.8227094828962,3191.9749053979135,3051.8236205688772
forecast_6971,2025-10-18 11:00:00,3300.2351881437544,3539.097636085637,3196.5608712636963
forecast_6972,2025-10-18 12:00:00,3251.219711076235,3511.4675886549176,3047.727788317146
forecast_6973,2025-10-18 13:00:00,3831.6098979840385,3524.4597995676586,3577.7328721317463
forecast_6974,2025-10-18 14:00:00,4504.190617993594,4513.7466289924005,3940.9109616306737
forecast_6975,2025-10-18 15:00:00,4755.046395985821,4788.134433079997,4440.063581724252
forecast_6976,2025-10-18 16:00:00,4262.194690158072,4429.577247337157,4073.240903245036
forecast_6977,2025-10-18 17:00:00,3635.1841310217364,3350.990144621802,3613.9802001790385
forecast_6978,2025-10-18 18:00:00,3294.4403114965253,3198.824411828135,3326.792445456858
forecast_6979,2025-10-18 19:00:00,3145.317624131529,3119.1889676797146,3400.547219108613
forecast_6980,2025-10-18 20:00:00,3119.368981732884,3072.253541583181,3160.1538724773936
forecast_6981,2025-10-18 21:00:00,2684.4344644298753,2428.084778216158,2877.880429678728
forecast_6982,2025-10-18 22:00:00,2598.9647464662853,2370.160462959554,2699.394956955699
forecast_6983,2025-10-18 23:00:00,2589.990182042431,2139.958998201048,2533.965134103373
forecast_6984,2025-10-19 00:00:00,2430.9324716217598,2067.3918643421107,2373.1389319096734
forecast_6985,2025-10-19 01:00:00,2617.3598023657737,1825.1849974427855,2325.201124984615
forecast_6986,2025-10-19 02:00:00,2638.564301087612,1953.7636640066407,2233.5936236515035
forecast_6987,2025-10-19 03:00:00,2309.412423549928,1808.9798498470723,2082.410182303838
forecast_6988,2025-10-19 04:00:00,2421.380217537015,1991.9940380436758,2138.2805411822405
forecast_6989,2025-10-19 05:00:00,2304.441506897956,1830.767117027237,2051.2809664398915
forecast_6990,2025-10-19 06:00:00,2567.027150320631,1907.337755253651,2176.7498839672908
forecast_6991,2025-10-19 07:00:00,2668.390736460119,2091.8768569943827,2244.8524399595135
forecast_6992,2025-10-19 08:00:00,3184.7714461594956,2301.8226809079297,2451.606573150439
forecast_6993,2025-10-19 09:00:00,3404.077431291543,2596.3878978834555,2646.2504351165603
forecast_6994,2025-10-19 10:00:00,3491.565463945912,2671.9139021372607,2687.880654628783
forecast_6995,2025-10-19 11:00:00,3411.774579125408,2732.6660520598543,2743.23449910426
forecast_6996,2025-10-19 12:00:00,3640.0053833482616,2862.409320540842,2884.520896821825
forecast_6997,2025-10-19 13:00:00,4153.069507666825,3699.209898510407,3427.160881918216
forecast_6998,2025-10-19 14:00:00,4759.387592121686,3587.29215658503,3909.291444410379
forecast_6999,2025-10-19 15:00:00,5009.834759261035,4696.870201776526,3527.991637214096
forecast_7000,2025-10-19 16:00:00,5522.412009657817,5362.83849977848,3755.9394520686824
forecast_7001,2025-10-19 17:00:00,6033.381105778785,6443.845258690033,3901.2128085843688
forecast_7002,2025-10-19 18:00:00,5786.285235023149,5596.083462660831,3704.839147787267
forecast_7003,2025-10-19 19:00:00,6042.868674312131,6376.84421613777,4413.227607693576
forecast_7004,2025-10-19 20:00:00,6064.779013814159,5883.113248238817,4086.9028749803383
forecast_7005,2025-10-19 21:00:00,5144.425419396583,5278.295595257212,3776.847180061174
forecast_7006,2025-10-19 22:00:00,4512.411444373376,4324.639486768507,3363.1915227678574
forecast_7007,2025-10-19 23:00:00,4438.71256182803,4382.250992210809,3496.3200422841683
forecast_7008,2025-10-20 00:00:00,4608.827224040919,3933.6156180956605,3506.148482751856
forecast_7009,2025-10-20 01:00:00,4335.359334473013,3229.75500562664,3514.5495082359857
forecast_7010,2025-10-20 02:00:00,3862.964180774481,3271.6796012547775,3239.125527555054
forecast_7011,2025-10-20 03:00:00,3774.081633926299,3252.2559414131247,3363.416331947628
forecast_7012,2025-10-20 04:00:00,3864.180461101363,4099.051887239959,3073.765140293928
forecast_7013,2025-10-20 05:00:00,3571.6391528712475,3291.021203430224,2863.7932335702176
forecast_7014,2025-10-20 06:00:00,3959.024774884575,4161.99603841266,3237.2808427952355
forecast_7015,2025-10-20 07:00:00,4134.291074005063,4468.268166525911,3298.807357906162
forecast_7016,2025-10-20 08:00:00,3898.308906803323,3839.2053850301813,3397.219708077543
forecast_7017,2025-10-20 09:00:00,4051.9377519109976,4214.211956076829,3739.6772499562117
forecast_7018,2025-10-20 10:00:00,3635.4611719378645,3946.6015483425945,3502.418884876214
forecast_7019,2025-10-20 11:00:00,3291.6037485731817,3917.1261373678562,3505.840845643641
forecast_7020,2025-10-20 12:00:00,3140.0678173965807,3548.326138023198,3416.683002533041
forecast_7021,2025-10-20 13:00:00,2894.2297509125456,2686.002020285723,2994.9810205083672
forecast_7022,2025-10-20 14:00:00,2442.6974833413615,2251.4550177012857,2701.923628835406
forecast_7023,2025-10-20 15:00:00,2214.9201761009344,1800.6957198818338,2483.77390360124
forecast_7024,2025-10-20 16:00:00,2510.4825176225595,1646.568958546352,2534.411373027407
forecast_7025,2025-10-20 17:00:00,2258.4917679399605,1591.676045577619,2295.2655637198486
forecast_7026,2025-10-20 18:00:00,2115.6133790635017,1396.1608617463244,2210.1739882407514
forecast_7027,2025-10-20 19:00:00,2007.1961210639238,1390.4488777643414,2095.7925090567505
forecast_7028,2025-10-20 20:00:00,2360.868737796578,1561.6919510687765,2108.014845792366
forecast_7029,2025-10-20 21:00:00,2326.9714021146165,1572.1587508375294,2131.903569886354
forecast_7030,2025-10-20 22:00:00,2711.2619050825433,1812.5204046834963,2354.2351920845795
forecast_7031,2025-10-20 23:00:00,2314.1745214647117,1614.552790704387,2209.097364408285
forecast_7032,2025-10-21 00:00:00,2613.1241725179425,1898.7165901873398,2298.123654411677
forecast_7033,2025-10-21 01:00:00,3527.5672747300887,2484.5877114013033,2487.7905360934865
forecast_7034,2025-10-21 02:00:00,3921.102208092125,3622.4364146750827,2936.7655223243373
forecast_7035,2025-10-21 03:00:00,4016.1094388259817,3633.4432138247166,3173.5451465403903
forecast_7036,2025-10-21 04:00:00,4440.007403908106,3967.4288391168193,3067.2452620414597
forecast_7037,2025-10-21 05:00:00,4027.2112292015945,3087.5265950615703,2896.238346896952
forecast_7038,2025-10-21 06:00:00,3196.342213402867,2649.310830424557,2542.4636956831223
forecast_7039,2025-10-21 07:00:00,2914.018650915786,2316.2040753338515,2518.7734642555565
forecast_7040,2025-10-21 08:00:00,3041.26283517925,2283.10627516507,2587.2065978196497
forecast_7041,2025-10-21 09:00:00,2825.938384939588,1822.5699142102976,2371.0243273484593
forecast_7042,2025-10-21 10:00:00,2187.888749265183,1248.7262057693392,2080.629017017355
forecast_7043,2025-10-21 11:00:00,2128.2387676109515,1174.533201266275,2027.2622286026885
forecast_7044,2025-10-21 12:00:00,2218.0092340536567,890.7866174199257,2180.7485873290125
forecast_7045,2025-10-21 13:00:00,2544.9341153633954,1476.76145600915,2163.221810979211
forecast_7046,2025-10-21 14:00:00,2611.354806956353,2051.7318255794926,2421.075514216793
forecast_7047,2025-10-21 15:00:00,2991.685484260387,1996.4375523413514,2838.9185384334432
forecast_7048,2025-10-21 16:00:00,2108.965022519896,1211.0976999983711,2228.253424252012
forecast_7049,2025-10-21 17:00:00,1781.4517155295646,1279.5444751036143,2154.8281096498117
forecast_7050,2025-10-21 18:00:00,2165.2923706939264,1620.6558842651802,2304.8045937476136
forecast_7051,2025-10-21 19:00:00,2284.9066937074354,1967.0409752100406,2411.611081797461
forecast_7052,2025-10-21 20:00:00,2536.8933655425035,1901.7147985796287,2424.1585074027707
forecast_7053,2025-10-21 21:00:00,3134.8428874304964,2345.8593682357587,2831.023940755107
forecast_7054,2025-10-21 22:00:00,2921.4413689092385,2434.105268937181,2720.9958317010023
forecast_7055,2025-10-21 23:00:00,2636.2208389358634,2066.8202471412155,2530.4755706279284
forecast_7056,2025-10-22 00:00:00,2580.694048838762,2076.2278981074223,2609.49473794632
forecast_7057,2025-10-22 01:00:00,2620.1967676122804,2206.953786799353,2302.6861640884354
forecast_7058,2025-10-22 02:00:00,2695.3281414406383,2314.7612019170037,2358.8829463866864
forecast_7059,2025-10-22 03:00:00,2519.6235094360377,2114.869918079324,2337.924141384984
forecast_7060,2025-10-22 04:00:00,2561.5991510818126,1989.9860387583813,2386.8407782723616
forecast_7061,2025-10-22 05:00:00,2673.5530416939746,2287.534015815456,2439.729251215362
forecast_7062,2025-10-22 06:00:00,2737.247031316144,2446.8164730419344,2485.6171202390155
forecast_7063,2025-10-22 07:00:00,3026.65067766418,2875.2318800993844,2717.3097898577325
forecast_7064,2025-10-22 08:00:00,3104.079325766638,3134.9633025532476,2927.091482909167
forecast_7065,2025-10-22 09:00:00,3162.925367679147,2708.841060119163,3118.603496456391
forecast_7066,2025-10-22 10:00:00,3099.6784078110254,3245.8830138721914,3042.05962570269
forecast_7067,2025-10-22 11:00:00,3301.710556397543,3381.3746251393704,3175.908472291594
forecast_7068,2025-10-22 12:00:00,2866.918408497969,2951.7635543677857,2912.517935062394
forecast_7069,2025-10-22 13:00:00,2639.1814925113185,2710.6133457405995,2746.3932518801757
forecast_7070,2025-10-22 14:00:00,2487.4180518687963,2445.465084518802,2663.4649975609072
forecast_7071,2025-10-22 15:00:00,2483.57518352017,2228.496960403164,2665.160034457666
forecast_7072,2025-10-22 16:00:00,2728.047828807211,2071.1842015191396,2498.09284364381
forecast_7073,2025-10-22 17:00:00,2841.848761009195,2377.3167078738647,2557.94460245625
forecast_7074,2025-10-22 18:00:00,2690.932993754899,2050.1316244462123,2464.5231401427695
forecast_7075,2025-10-22 19:00:00,2688.8286047343117,1883.6246759984663,2383.8663065874953
forecast_7076,2025-10-22 20:00:00,3796.7595156743264,2394.1187653231345,2997.292968476748
forecast_7077,2025-10-22 21:00:00,3373.468769720567,2345.5932134766085,2627.322724572558
forecast_7078,2025-10-22 22:00:00,3510.6999614928077,2532.2189128637574,2595.2035238885046
forecast_7079,2025-10-22 23:00:00,3889.4443979326525,2755.4780724573475,2618.06285544719
forecast_7080,2025-10-23 00:00:00,3865.9223386171307,2624.6069036544986,2951.353591083269
forecast_7081,2025-10-23 01:00:00,3346.810272430875,2118.0232961509264,2687.8679526420874
forecast_7082,2025-10-23 02:00:00,3206.937157333994,2081.8090549328017,2631.330125567909
forecast_7083,2025-10-23 03:00:00,2678.8210964229884,1653.1547579752564,2208.756421300449
forecast_7084,2025-10-23 04:00:00,3041.242552110555,2061.173225172007,2479.076910105954
forecast_7085,2025-10-23 05:00:00,2739.9585320977494,1957.5906074192235,2364.113070083809
forecast_7086,2025-10-23 06:00:00,2511.5154943768753,1781.546981460293,2061.781355734526
forecast_7087,2025-10-23 07:00:00,2493.133453011583,1943.2147452300078,2146.4148934512405
forecast_7088,2025-10-23 08:00:00,2384.941904205794,1911.4819593523016,2063.0228016539863
forecast_7089,2025-10-23 09:00:00,1998.2911459972547,1162.1639297424783,1894.9307404961269
forecast_7090,2025-10-23 10:00:00,1791.7531935632296,1093.1959281784455,1885.1154674677095
forecast_7091,2025-10-23 11:00:00,1843.5187743662973,1162.178798020423,1968.5984650847563
forecast_7092,2025-10-23 12:00:00,1847.3612684111624,1104.343984625844,1904.5829511752358
forecast_7093,2025-10-23 13:00:00,1690.7971340718113,875.4483304928995,2038.1185743515316
forecast_7094,2025-10-23 14:00:00,1888.169194794183,1322.803983824002,2230.888045049483
forecast_7095,2025-10-23 15:00:00,2317.542652476761,1841.7464722313564,2261.3655808990575
forecast_7096,2025-10-23 16:00:00,2342.2241986165936,1453.1397140993945,2282.454859906839
forecast_7097,2025-10-23 17:00:00,2030.8977866072044,1531.3378015859612,2188.524927137607
forecast_7098,2025-10-23 18:00:00,1891.6041624826312,1577.3552770992947,2126.1075551750437
forecast_7099,2025-10-23 19:00:00,1889.1593939230327,1605.0688873862691,2125.78649353143
forecast_7100,2025-10-23 20:00:00,2437.6635815289915,2037.8601427577623,2224.4607708158637
forecast_7101,2025-10-23 21:00:00,2202.7284886529833,1821.4061082671226,2141.837882328559
forecast_7102,2025-10-23 22:00:00,2690.1721816803392,2409.0073713312213,2437.900419074715
forecast_7103,2025-10-23 23:00:00,2704.3363454527516,2574.7471931448454,2422.131349072882
forecast_7104,2025-10-24 00:00:00,2744.8869678807478,2322.572410194516,2518.4637221477547
forecast_7105,2025-10-24 01:00:00,3215.794711406015,3416.4306717305253,3060.3221627021076
forecast_7106,2025-10-24 02:00:00,3784.0053227758035,4057.6209639523795,3436.8836362101283
forecast_7107,2025-10-24 03:00:00,3526.523657971462,3629.7058634428563,3272.6643422193683
forecast_7108,2025-10-24 04:00:00,3897.2889871083376,4066.977752454861,3310.585885919407
forecast_7109,2025-10-24 05:00:00,3578.7216795752406,3742.4705095716604,3172.2146005714712
forecast_7110,2025-10-24 06:00:00,4079.0589343054307,4263.416347272494,3945.828455002888
forecast_7111,2025-10-24 07:00:00,3774.538060110965,4295.908995122378,3721.935127689185
forecast_7112,2025-10-24 08:00:00,4084.9792711053956,4271.312910527184,3740.3282403782646
forecast_7113,2025-10-24 09:00:00,4035.968970695769,4553.160287944998,3964.0521175638405
forecast_7114,2025-10-24 10:00:00,4227.847659224941,4377.332421849949,4315.032443932629
forecast_7115,2025-10-24 11:00:00,4305.421272102838,4401.1888989433355,4272.37096289474
forecast_7116,2025-10-24 12:00:00,4567.86308769224,4490.795814893447,4220.239582681811
forecast_7117,2025-10-24 13:00:00,4070.819770487018,4152.018025830146,3763.367819641425
forecast_7118,2025-10-24 14:00:00,3375.792267837669,2563.589236075891,2967.087758576122
forecast_7119,2025-10-24 15:00:00,3815.4202513795617,3258.1002824746543,3123.1180520807834
forecast_7120,2025-10-24 16:00:00,3928.1698206882047,3088.6288764753526,3198.4563937987004
forecast_7121,2025-10-24 17:00:00,4061.5022433306976,3468.012643694088,3099.715115619728
forecast_7122,2025-10-24 18:00:00,4257.748715457703,3437.359531163857,3049.9647739627844
forecast_7123,2025-10-24 19:00:00,4208.227983232962,3604.043394296391,2934.464185054879
forecast_7124,2025-10-24 20:00:00,4529.2093136038475,3483.771553899242,3126.292833003687
forecast_7125,2025-10-24 21:00:00,4930.710458892839,3875.713523474002,3447.5188138606986
forecast_7126,2025-10-24 22:00:00,5603.766050828507,4813.186128130768,3666.0655185718792
forecast_7127,2025-10-24 23:00:00,5703.58361539854,4409.7028172007695,3632.211285698535
forecast_7128,2025-10-25 00:00:00,5319.517011992974,4572.687331863293,3696.965836575917
forecast_7129,2025-10-25 01:00:00,5698.353096923567,4075.7044368721354,3536.9982037688696
forecast_7130,2025-10-25 02:00:00,5263.429805757753,4428.580791718467,3637.2453336972626
forecast_7131,2025-10-25 03:00:00,4979.078136658462,4521.093922067094,3689.185379701605
forecast_7132,2025-10-25 04:00:00,4806.469837252261,4345.238818676274,3495.3329708131764
forecast_7133,2025-10-25 05:00:00,4654.882152330623,4057.873247760453,3226.3516617523874
forecast_7134,2025-10-25 06:00:00,4591.132075036925,3758.747345186237,3198.7741248062557
forecast_7135,2025-10-25 07:00:00,4483.9466888144625,4387.739772164063,3205.0092009478594
forecast_7136,2025-10-25 08:00:00,4394.3786177307275,4105.900168594151,3063.8712702939365
forecast_7137,2025-10-25 09:00:00,3942.1180024851083,4169.484278702761,2877.0598054270563
forecast_7138,2025-10-25 10:00:00,3358.5751216118433,3091.6834391006105,2523.14802464317
forecast_7139,2025-10-25 11:00:00,2995.402706970235,2232.2085583441194,2307.5186460706004
forecast_7140,2025-10-25 12:00:00,2896.65883674443,1898.14183840884,2362.4415077870017
forecast_7141,2025-10-25 13:00:00,3230.1292398930455,1743.4229029919443,2618.1947637458497
forecast_7142,2025-10-25 14:00:00,2624.9175313639307,1577.0021964424946,2082.2791970947223
forecast_7143,2025-10-25 15:00:00,2528.777841805952,1611.3802003443366,2097.9801481389986
forecast_7144,2025-10-25 16:00:00,2709.3211878024113,1738.4050833889085,2191.570991323188
forecast_7145,2025-10-25 17:00:00,2584.742051836636,1989.979399796253,2270.0301210601824
forecast_7146,2025-10-25 18:00:00,2861.1436996792745,2125.4468161919476,2296.005841944728
forecast_7147,2025-10-25 19:00:00,3238.4922724161424,2339.2328527464415,2554.641645487506
forecast_7148,2025-10-25 20:00:00,4293.449273182385,3190.8103184962665,3126.3390012521713
forecast_7149,2025-10-25 21:00:00,4019.456232237456,2998.076406713928,3076.3359191322565
forecast_7150,2025-10-25 22:00:00,4378.790888188152,3740.430048988059,3438.051363919716
forecast_7151,2025-10-25 23:00:00,4729.012612741333,4031.6834166746776,3541.7397072621716
forecast_7152,2025-10-26 00:00:00,4517.218482554942,4197.295229735446,3502.4429233113233
forecast_7153,2025-10-26 01:00:00,3570.1176616446896,3225.7523146032977,2804.13880419397
forecast_7154,2025-10-26 02:00:00,3773.964096998073,3629.663909951913,2982.4944971016016
forecast_7155,2025-10-26 03:00:00,3726.706035313963,3755.27702572348,3078.8648822380196
forecast_7156,2025-10-26 04:00:00,4446.776489343029,4286.587950511224,3292.549599484239
forecast_7157,2025-10-26 05:00:00,4762.991741331383,4786.6216603615685,3245.6719599052744
forecast_7158,2025-10-26 06:00:00,4497.479144705183,4511.737389106436,3082.362686459282
forecast_7159,2025-10-26 07:00:00,4813.895844892888,4811.473607176248,3336.442909312459
forecast_7160,2025-10-26 08:00:00,5928.256054875674,5955.405445497998,3737.923502353723
forecast_7161,2025-10-26 09:00:00,5111.4389019592045,5228.35533580739,3656.089338384925
forecast_7162,2025-10-26 10:00:00,4618.599999430118,4442.566004680628,3329.512214272065
forecast_7163,2025-10-26 11:00:00,3779.5269207972924,3411.7822766619165,3323.5067271204916
forecast_7164,2025-10-26 12:00:00,3993.3678604604556,4040.2895992795547,3529.9294076553533
forecast_7165,2025-10-26 13:00:00,4387.009786097172,3938.0674537246337,3561.2419372730765
forecast_7166,2025-10-26 14:00:00,4591.019021120639,3452.095524787518,3447.333233592395
forecast_7167,2025-10-26 15:00:00,4730.374972500024,4133.77194684763,3213.073460571428
forecast_7168,2025-10-26 16:00:00,5252.943650552486,4426.96546318551,3103.2865874873887
forecast_7169,2025-10-26 17:00:00,5679.42607273409,5042.143454696186,3920.7825622155574
forecast_7170,2025-10-26 18:00:00,6795.002024542949,5759.072109115463,4594.297545572746
forecast_7171,2025-10-26 19:00:00,8012.697753578909,8029.364408687568,5670.661106416261
forecast_7172,2025-10-26 20:00:00,9761.908203742212,10285.93551008799,7077.686426681907
forecast_7173,2025-10-26 21:00:00,11346.352465665595,12554.218873271177,8437.857564882128
forecast_7174,2025-10-26 22:00:00,12048.56061312418,12714.74349954943,9801.828193298654
forecast_7175,2025-10-26 23:00:00,13714.456141431883,14544.833593493955,12285.92906386749
forecast_7176,2025-10-27 00:00:00,14893.015648994498,15515.959410835298,14374.648886425723
forecast_7177,2025-10-27 01:00:00,16170.929461730258,16343.73290283517,15363.763347212946
forecast_7178,2025-10-27 02:00:00,17045.0846444087,17596.526895769748,15733.863604795242
forecast_7179,2025-10-27 03:00:00,17367.801586748094,18097.80248625735,15559.943204024721
forecast_7180,2025-10-27 04:00:00,16879.814486555028,18042.73944802835,14219.480145514806
forecast_7181,2025-10-27 05:00:00,16353.896010774995,16953.883104942503,14420.185672586358
forecast_7182,2025-10-27 06:00:00,15177.023645683752,15240.371656159217,13184.342261755239
forecast_7183,2025-10-27 07:00:00,14645.919996981276,15099.71293048364,12755.396277580421
forecast_7184,2025-10-27 08:00:00,15035.595465814426,15712.078906056066,13326.853763844267
forecast_7185,2025-10-27 09:00:00,13265.359033951861,14147.849339572616,11480.514981435259
forecast_7186,2025-10-27 10:00:00,11917.242407763286,12772.732653345167,10136.811962209167
forecast_7187,2025-10-27 11:00:00,11555.128399247242,12527.212329107828,9679.284106623998
forecast_7188,2025-10-27 12:00:00,12003.555957036588,12278.853859973426,9607.394171668851
forecast_7189,2025-10-27 13:00:00,12792.97864470006,12991.44946351125,9894.252029915886
forecast_7190,2025-10-27 14:00:00,13359.653539746228,13534.98005465943,10006.205225256052
forecast_7191,2025-10-27 15:00:00,13727.696207348734,13181.574959094174,9995.208047743305
forecast_7192,2025-10-27 16:00:00,13831.105009777402,13630.86323182382,10348.884501439643
forecast_7193,2025-10-27 17:00:00,14484.669998290894,14345.393157301405,11352.625588665216
forecast_7194,2025-10-27 18:00:00,14477.398675211407,14106.023717571894,12078.315754227646
forecast_7195,2025-10-27 19:00:00,14208.664893341971,13678.481344695987,12285.034224413925
forecast_7196,2025-10-27 20:00:00,14237.681978269993,13270.96197160024,12173.154505278675
forecast_7197,2025-10-27 21:00:00,14151.561688731766,12710.410019905357,12007.502430154487
forecast_7198,2025-10-27 22:00:00,14091.247183132124,13654.664517091405,11980.775922625466
forecast_7199,2025-10-27 23:00:00,13799.89969579707,13450.980089768389,10886.378483745837
forecast_7200,2025-10-28 00:00:00,12754.422640077788,13481.108856338697,9714.195707650335
forecast_7201,2025-10-28 01:00:00,14171.434832654159,13784.92461294323,11288.434413434708
forecast_7202,2025-10-28 02:00:00,14953.851135573745,13330.2512926606,10448.653575972774
forecast_7203,2025-10-28 03:00:00,15268.911088644683,14466.165182595001,9732.233483905165
forecast_7204,2025-10-28 04:00:00,14379.505459532,14689.291876052064,9047.267782218987
forecast_7205,2025-10-28 05:00:00,13835.888049284289,14868.553649153404,8435.75162843215
forecast_7206,2025-10-28 06:00:00,12466.030099039246,13201.907859618153,7720.723508283481
forecast_7207,2025-10-28 07:00:00,11484.206244250621,11746.300530371951,7257.665327074342
forecast_7208,2025-10-28 08:00:00,10400.888161406463,11675.93460736343,6881.053861184306
forecast_7209,2025-10-28 09:00:00,8676.487555322201,9409.680164999352,6371.714171535709
forecast_7210,2025-10-28 10:00:00,6185.524539635988,6800.513910142953,5248.212869475016
forecast_7211,2025-10-28 11:00:00,5111.7415643002605,5426.56504836102,4136.163845070093
forecast_7212,2025-10-28 12:00:00,5257.680317883158,4422.429062504573,4427.629170468171
forecast_7213,2025-10-28 13:00:00,5347.690992370446,4585.574271987501,4247.664515766883
forecast_7214,2025-10-28 14:00:00,5550.247982348724,4698.899245583285,4032.2980967213243
forecast_7215,2025-10-28 15:00:00,5224.439455731574,4605.178869774141,3577.3639303861064
forecast_7216,2025-10-28 16:00:00,5377.46205825891,4672.246410659424,3412.8989144656407
forecast_7217,2025-10-28 17:00:00,5924.806201788691,5089.26346592556,4069.517999063166
forecast_7218,2025-10-28 18:00:00,7467.30967597941,6789.219883633319,4751.167150973482
forecast_7219,2025-10-28 19:00:00,9001.992053902033,8579.087843397981,5769.772927258342
forecast_7220,2025-10-28 20:00:00,10655.46486902083,11612.83044949469,6703.906832409561
forecast_7221,2025-10-28 21:00:00,12795.50599621873,12775.286009658794,8209.360125465995
forecast_7222,2025-10-28 22:00:00,12000.976714742106,11460.863920044878,6965.053270829613
forecast_7223,2025-10-28 23:00:00,11333.11322422553,10691.640937310138,6721.273701029076
forecast_7224,2025-10-29 00:00:00,10920.854706721502,10559.702985691463,6805.809551801403
forecast_7225,2025-10-29 01:00:00,9132.121098701604,8360.230904895127,5439.702170948984
forecast_7226,2025-10-29 02:00:00,8621.244030941838,7295.592398140562,4490.440609107194
forecast_7227,2025-10-29 03:00:00,8152.770296053186,6834.932627665103,4342.480414657962
forecast_7228,2025-10-29 04:00:00,7265.221174083916,6967.466569280412,3862.9127679966077
forecast_7229,2025-10-29 05:00:00,6827.896614921655,6054.448892957779,3736.5178308276572
forecast_7230,2025-10-29 06:00:00,6034.279494372746,5462.44962141788,3547.0190333319074
forecast_7231,2025-10-29 07:00:00,5035.756648135799,4419.007999854573,3255.6270903410805
forecast_7232,2025-10-29 08:00:00,4449.108044962031,3614.3663925616424,2880.5681324017346
forecast_7233,2025-10-29 09:00:00,3459.458886516515,2875.562233459639,2517.2517254473555
forecast_7234,2025-10-29 10:00:00,2130.37956928159,1803.2781156124643,2008.7108959989723
forecast_7235,2025-10-29 11:00:00,1661.8910072021847,1079.1735433227577,1633.8919604900593
forecast_7236,2025-10-29 12:00:00,1692.1924929360102,862.8775811746323,1731.1543812393215
forecast_7237,2025-10-29 13:00:00,1617.984996134272,966.1419751165214,1565.4543820056467
forecast_7238,2025-10-29 14:00:00,1626.9331378273387,984.1813082627833,1643.8873649735444
forecast_7239,2025-10-29 15:00:00,1524.3021042971072,783.8391081239195,1572.592927172641
forecast_7240,2025-10-29 16:00:00,1627.5606451314723,901.0861456893256,1627.4793853739825
forecast_7241,2025-10-29 17:00:00,2541.530613797842,1142.2130865176312,2322.04772997799
forecast_7242,2025-10-29 18:00:00,2651.815547609665,1496.4599209378914,2534.013994651734
forecast_7243,2025-10-29 19:00:00,3706.4081839815994,3288.5692710047456,3495.621081568896
forecast_7244,2025-10-29 20:00:00,4236.448555372862,3812.301072846128,3476.2275644268157
forecast_7245,2025-10-29 21:00:00,5280.544647064322,5042.2277621218545,3954.576968686775
forecast_7246,2025-10-29 22:00:00,6633.381524026487,6241.287826293786,4132.40874629801
forecast_7247,2025-10-29 23:00:00,7243.608532684236,6483.126730907845,4491.692762802457
forecast_7248,2025-10-30 00:00:00,8545.121614809374,7387.598095265134,5297.53587861314
forecast_7249,2025-10-30 01:00:00,9373.189140419418,8334.713565197393,5402.803681371347
forecast_7250,2025-10-30 02:00:00,12250.443993752542,11031.698461876953,6544.339563742262
forecast_7251,2025-10-30 03:00:00,15293.600928260006,14345.847477222813,8491.317404870964
forecast_7252,2025-10-30 04:00:00,16753.865328543634,14458.229788437377,9668.253709758272
forecast_7253,2025-10-30 05:00:00,17391.513425957484,14792.481420790647,10722.683698115263
forecast_7254,2025-10-30 06:00:00,17487.58337624681,14752.533961521822,10775.861375792327
forecast_7255,2025-10-30 07:00:00,15773.470584301302,12890.563143311096,9059.980949870001
forecast_7256,2025-10-30 08:00:00,12878.556365393899,11218.496200150745,6975.998328336317
forecast_7257,2025-10-30 09:00:00,11031.26900371661,9754.906851989239,5866.609178665739
forecast_7258,2025-10-30 10:00:00,8946.57427112526,7376.003708247967,4938.331118115959
forecast_7259,2025-10-30 11:00:00,5919.571662640121,5129.897368615585,3805.478126500353
forecast_7260,2025-10-30 12:00:00,4292.505925378313,3514.4343302809384,2838.8241969269725
forecast_7261,2025-10-30 13:00:00,3501.579686422322,1560.246131784448,2634.526223072814
forecast_7262,2025-10-30 14:00:00,3391.6112562984454,2743.905917554835,2610.6870652510047
forecast_7263,2025-10-30 15:00:00,3257.09032184264,2354.303921097959,2406.2382932157366
forecast_7264,2025-10-30 16:00:00,3307.148623302148,2276.1010046653137,2472.6205169602913
forecast_7265,2025-10-30 17:00:00,3505.2537229551435,2638.056543767888,2804.4896866876225
forecast_7266,2025-10-30 18:00:00,3674.8957662500293,3331.9768355503893,2998.010354018204
forecast_7267,2025-10-30 19:00:00,3858.8125480197205,3435.8630216854153,3302.599460177443
forecast_7268,2025-10-30 20:00:00,4303.294475316996,3553.4488449683104,3247.5910458139238
forecast_7269,2025-10-30 21:00:00,4028.727443749063,3590.1677053530448,3262.44383456607
forecast_7270,2025-10-30 22:00:00,4255.165817679528,3436.642636316586,3367.268228658283
forecast_7271,2025-10-30 23:00:00,4138.798386606507,3256.13099146619,3123.351037235412
forecast_7272,2025-10-31 00:00:00,3932.9056363385434,3393.8303617387232,3128.6821976723727
forecast_7273,2025-10-31 01:00:00,3650.7557928742667,3253.5819151524006,2820.453733338312
forecast_7274,2025-10-31 02:00:00,3060.433690353876,2861.409914288882,2532.948372392945
forecast_7275,2025-10-31 03:00:00,2801.5715762464984,2637.586179529455,2380.212069411838
forecast_7276,2025-10-31 04:00:00,2765.243473585102,2553.5449242002123,2285.1807662458505
forecast_7277,2025-10-31 05:00:00,2748.58482120727,2426.406028273697,2301.8248084259767
forecast_7278,2025-10-31 06:00:00,2918.4424044302978,2697.4169812108403,2246.917931298807
forecast_7279,2025-10-31 07:00:00,2353.963033482544,2352.4431406208505,2148.8550149757825
forecast_7280,2025-10-31 08:00:00,2594.959123317187,2391.2621937159365,2270.722320466376
forecast_7281,2025-10-31 09:00:00,2290.6747858883705,1933.8808688551314,1878.9938475586264
forecast_7282,2025-10-31 10:00:00,1961.067698225319,1515.9179488299474,1933.9415566737932
forecast_7283,2025-10-31 11:00:00,1770.6524717318905,1158.264953668528,1716.8396323694672
forecast_7284,2025-10-31 12:00:00,2060.9882371960616,1105.3123996857967,1765.166996719225
forecast_7285,2025-10-31 13:00:00,1732.4563934660964,823.7714115463539,1635.9769679042495
forecast_7286,2025-10-31 14:00:00,1719.7668965799912,1007.1531250853473,1682.4203872373455
forecast_7287,2025-10-31 15:00:00,1712.8059096747463,986.8867325633381,1567.666828141433
forecast_7288,2025-10-31 16:00:00,2044.4641446210148,1181.2240137077945,1669.8525832636428
forecast_7289,2025-10-31 17:00:00,2646.272071230337,1571.3950601733645,1985.6944632078248
forecast_7290,2025-10-31 18:00:00,3475.215118527938,2235.7260145290384,2825.89708544775
forecast_7291,2025-10-31 19:00:00,4586.573928752682,4715.82874445818,4282.468523387063
forecast_7292,2025-10-31 20:00:00,5808.752586145278,7116.839585465535,4996.216129268175
forecast_7293,2025-10-31 21:00:00,7958.793088642929,8893.771445217357,5597.662670273217
forecast_7294,2025-10-31 22:00:00,9498.317254523921,9176.875294170863,5653.739550291673
forecast_7295,2025-10-31 23:00:00,10207.278565425499,9879.051897467201,6609.553958554556
forecast_7296,2025-11-01 00:00:00,10457.056007718778,10901.368522622297,7193.022689052545
forecast_7297,2025-11-01 01:00:00,9888.527544213974,10867.988348874114,7640.264684535243
forecast_7298,2025-11-01 02:00:00,10896.504438535289,12613.990941184371,7969.0433695652555
forecast_7299,2025-11-01 03:00:00,10184.191460762066,11872.65590358966,8344.51613478699
forecast_7300,2025-11-01 04:00:00,11415.86417955736,13183.413362286172,8966.846533155564
forecast_7301,2025-11-01 05:00:00,13155.697969675097,14739.872699591626,11630.89335536724
forecast_7302,2025-11-01 06:00:00,13874.949231080092,15035.769042615613,12718.032066356149
forecast_7303,2025-11-01 07:00:00,13887.69978547232,14950.41012037696,13197.189866014278
forecast_7304,2025-11-01 08:00:00,14773.126070169394,15403.842177690656,14282.626354703674
forecast_7305,2025-11-01 09:00:00,14853.625898577719,15645.652873050274,14174.316130951514
forecast_7306,2025-11-01 10:00:00,13792.854354338178,15356.529378432358,11905.296606524222
forecast_7307,2025-11-01 11:00:00,14111.137012443101,14183.279709305916,11291.370634554965
forecast_7308,2025-11-01 12:00:00,13939.765566194172,13990.96455460128,10548.76322659792
forecast_7309,2025-11-01 13:00:00,13710.664593017835,13660.63351487426,10104.723023903047
forecast_7310,2025-11-01 14:00:00,13814.858898716491,13203.357328635402,9867.263391184895
forecast_7311,2025-11-01 15:00:00,13951.852426620306,13213.92244681216,9961.202950561485
forecast_7312,2025-11-01 16:00:00,13832.443982769673,13113.87122260776,10422.586283037363
forecast_7313,2025-11-01 17:00:00,13696.325009146407,13057.53135207382,10934.940180340096
forecast_7314,2025-11-01 18:00:00,13634.435485890359,13392.458720390825,11045.32976566175
forecast_7315,2025-11-01 19:00:00,13901.500583518151,13796.90696322973,12013.661485917239
forecast_7316,2025-11-01 20:00:00,14270.358418298414,14092.35858679346,12597.947686352301
forecast_7317,2025-11-01 21:00:00,15056.74263003167,15425.432140987845,14283.068469591573
forecast_7318,2025-11-01 22:00:00,15201.993061658537,15461.791950233925,14430.138992862181
forecast_7319,2025-11-01 23:00:00,15988.909923649451,16174.441201936603,15174.553639868232
forecast_7320,2025-11-02 00:00:00,16224.967159276599,16740.9910391558,15341.5418085691
forecast_7321,2025-11-02 01:00:00,15995.912617311493,16707.49623918722,15160.26913327285
forecast_7322,2025-11-02 02:00:00,16425.598492749006,17487.833201031615,15000.91097794418
forecast_7323,2025-11-02 03:00:00,15830.396837094162,16198.59085284488,14140.576979394384
forecast_7324,2025-11-02 04:00:00,15350.170868817142,15447.985870693754,13330.819445790916
forecast_7325,2025-11-02 05:00:00,15101.546335034696,15343.728358246064,13263.807883705289
forecast_7326,2025-11-02 06:00:00,15769.768943478128,16638.324757688108,14131.840252507756
forecast_7327,2025-11-02 07:00:00,16343.295863031995,17085.593115889104,15246.949964183746
forecast_7328,2025-11-02 08:00:00,17063.06698998519,17455.95440123704,15735.249830293995
forecast_7329,2025-11-02 09:00:00,17076.288512505536,17939.82264368177,14817.06613626442
forecast_7330,2025-11-02 10:00:00,17275.769184726058,18227.624417643572,14034.926739288656
forecast_7331,2025-11-02 11:00:00,17135.95767827054,17696.558552787552,13310.82849132896
forecast_7332,2025-11-02 12:00:00,16440.74784107886,16593.11461343161,12605.778622186914
forecast_7333,2025-11-02 13:00:00,15516.017329142327,16441.33941404385,12171.238561473729
forecast_7334,2025-11-02 14:00:00,14959.314582476132,15626.03335924414,11179.38533240158
forecast_7335,2025-11-02 15:00:00,14491.694873772434,15077.931799708873,10242.822828055787
forecast_7336,2025-11-02 16:00:00,14196.67453323,14363.547215254295,10206.150994882792
forecast_7337,2025-11-02 17:00:00,14038.792286563776,14033.30521441042,10976.22305012869
forecast_7338,2025-11-02 18:00:00,13799.379305912116,13300.67043486602,11263.934393083988
forecast_7339,2025-11-02 19:00:00,13678.977405241876,12864.022292532583,11704.659706320796
forecast_7340,2025-11-02 20:00:00,13335.294809628384,12200.750233639015,10723.962099683164
forecast_7341,2025-11-02 21:00:00,10838.123373866561,10244.363284869294,7677.035317343339
forecast_7342,2025-11-02 22:00:00,11050.476902915401,10619.367765761392,8128.786021201657
forecast_7343,2025-11-02 23:00:00,11106.624303916067,11034.764677416266,8269.320947568072
forecast_7344,2025-11-03 00:00:00,8682.795311165517,9157.286960583282,6275.9907303845785
forecast_7345,2025-11-03 01:00:00,8648.424890878468,9708.48815301805,6314.370770093501
forecast_7346,2025-11-03 02:00:00,7110.975020833341,8700.640049159647,5680.093997981479
forecast_7347,2025-11-03 03:00:00,6752.816321928372,7967.5787162306715,5688.057988925206
forecast_7348,2025-11-03 04:00:00,6569.613030492865,7554.647310804221,5510.930932229081
forecast_7349,2025-11-03 05:00:00,5661.379314590886,6509.665462950077,4824.31337044491
forecast_7350,2025-11-03 06:00:00,4674.820510346071,5554.342440862743,4286.3761672657065
forecast_7351,2025-11-03 07:00:00,4349.396658551816,5675.3999934216745,3898.0551900274027
forecast_7352,2025-11-03 08:00:00,4066.2820547080983,4918.711149285403,3734.9333284843165
forecast_7353,2025-11-03 09:00:00,3784.4715871843664,4018.845535791432,3136.121207233594
forecast_7354,2025-11-03 10:00:00,2840.1317948120814,2712.075934690375,2535.6424238184954
forecast_7355,2025-11-03 11:00:00,2128.6051188405177,1422.3599395202673,2151.020108844243
forecast_7356,2025-11-03 12:00:00,1807.9680921842714,1138.8937716322891,1988.6177045422448
forecast_7357,2025-11-03 13:00:00,1635.9955506117549,1038.469501315226,1980.1464706463369
forecast_7358,2025-11-03 14:00:00,1575.961081531371,1054.7416140923442,1925.0517121244498
forecast_7359,2025-11-03 15:00:00,1685.9278088142132,1039.9441524850427,1881.1191784034413
forecast_7360,2025-11-03 16:00:00,2088.734724169346,1373.9091720444733,1963.4147480490847
forecast_7361,2025-11-03 17:00:00,2552.733976125711,1714.2681700517896,2131.351574851181
forecast_7362,2025-11-03 18:00:00,3164.4280998024533,2558.918852102802,2707.3013073855805
forecast_7363,2025-11-03 19:00:00,4159.8684728340095,3520.1846099881814,3020.4995761286027
forecast_7364,2025-11-03 20:00:00,5237.800954002891,4444.010047569414,3754.1066506020125
forecast_7365,2025-11-03 21:00:00,5659.3567553611565,5804.917263693643,4082.2162598069654
forecast_7366,2025-11-03 22:00:00,6477.5471667088295,7262.852091517494,4587.4136916085445
forecast_7367,2025-11-03 23:00:00,8027.633076700921,9637.233792001187,4993.454478197114
forecast_7368,2025-11-04 00:00:00,9823.206458549434,11027.897754129046,5956.4549087355335
forecast_7369,2025-11-04 01:00:00,9813.683993746163,11150.478937714342,5736.770391421143
forecast_7370,2025-11-04 02:00:00,10169.698080916802,11051.979823809615,6007.072564861542
forecast_7371,2025-11-04 03:00:00,10382.119481593722,11416.387051460606,6082.406598188228
forecast_7372,2025-11-04 04:00:00,10189.739378451937,11431.87823203624,6043.595941120782
forecast_7373,2025-11-04 05:00:00,10841.79445750624,12244.170543635668,6184.469733886275
forecast_7374,2025-11-04 06:00:00,11476.335477716166,13048.240164288029,6690.213172027368
forecast_7375,2025-11-04 07:00:00,12642.979051918828,14649.275010414794,7679.257249465396
forecast_7376,2025-11-04 08:00:00,13368.917845094267,15048.052267223171,8737.332842392232
forecast_7377,2025-11-04 09:00:00,13525.38881261771,15906.414662214836,10338.728127589195
forecast_7378,2025-11-04 10:00:00,12375.64253944192,14592.276378286204,10204.228633629744
forecast_7379,2025-11-04 11:00:00,12139.13367986351,13444.9842751745,9320.818328067257
forecast_7380,2025-11-04 12:00:00,11330.129131034133,12164.83705042796,8865.946642618896
forecast_7381,2025-11-04 13:00:00,10821.413502240417,11273.358095312362,8169.16997220825
forecast_7382,2025-11-04 14:00:00,10277.180226737908,10094.559061993928,7818.770731925971
forecast_7383,2025-11-04 15:00:00,10106.620019899794,9497.102895751488,7573.897741146034
forecast_7384,2025-11-04 16:00:00,10201.174797605296,9011.478202686078,6715.036840716437
forecast_7385,2025-11-04 17:00:00,8798.716527393779,8898.18486886597,5734.989845442421
forecast_7386,2025-11-04 18:00:00,8510.46745425446,8688.068770486996,5439.469337629253
forecast_7387,2025-11-04 19:00:00,8822.60888777098,9495.620913404066,5603.939113776241
forecast_7388,2025-11-04 20:00:00,9985.24435883013,10719.897782123146,6429.073686204906
forecast_7389,2025-11-04 21:00:00,9454.933895009468,9250.00888520832,5938.396586565654
forecast_7390,2025-11-04 22:00:00,8232.930844481814,8177.192315972293,5285.304562242976
forecast_7391,2025-11-04 23:00:00,7206.768230156026,7103.719545806572,4902.436923448067
forecast_7392,2025-11-05 00:00:00,6661.404476436239,5861.0064773396225,4633.860374006117
forecast_7393,2025-11-05 01:00:00,6409.547760377636,6694.526614913056,3693.9741211813916
forecast_7394,2025-11-05 02:00:00,5967.38419261024,4641.989040681507,3570.1569559390077
forecast_7395,2025-11-05 03:00:00,5032.788204382545,3711.7925021948054,3322.541651918663
forecast_7396,2025-11-05 04:00:00,3729.686757131525,2893.462056157413,2973.366503630004
forecast_7397,2025-11-05 05:00:00,3304.112781451479,2579.858561606745,2669.633086467698
forecast_7398,2025-11-05 06:00:00,2875.039059309128,2379.0845248811534,2539.4418688394007
forecast_7399,2025-11-05 07:00:00,2421.4444094712267,2127.761714444899,1981.3901074148384
forecast_7400,2025-11-05 08:00:00,2706.8071493100797,2122.3662015193804,2027.6321314760974
forecast_7401,2025-11-05 09:00:00,2292.4669829213694,1671.8947174944115,1926.4042899211095
forecast_7402,2025-11-05 10:00:00,1994.4985021313923,1257.2331859861813,1920.2201219942694
forecast_7403,2025-11-05 11:00:00,1887.0252373548294,1003.689785127586,1768.3220283088222
forecast_7404,2025-11-05 12:00:00,1763.6453870642765,922.1568745767069,1773.211330295007
forecast_7405,2025-11-05 13:00:00,1846.9692167605504,1003.8131806543427,1876.4114379493637
forecast_7406,2025-11-05 14:00:00,1843.4036054361457,1099.3789086307568,1777.61065589092
forecast_7407,2025-11-05 15:00:00,1831.0681648598854,1198.6614046266068,1816.842743893675
forecast_7408,2025-11-05 16:00:00,1959.1641471150663,1312.0775295585936,1824.4604866666364
forecast_7409,2025-11-05 17:00:00,1981.868562561917,1118.17684948938,1912.203356281102
forecast_7410,2025-11-05 18:00:00,1816.906059498363,1137.0396054813996,1854.0400472351932
forecast_7411,2025-11-05 19:00:00,2592.4552636811936,2017.8535644510314,2197.6597602863244
forecast_7412,2025-11-05 20:00:00,2682.836483420656,2208.6991034659695,2377.112461710769
forecast_7413,2025-11-05 21:00:00,2843.5564624720046,2200.6341955331436,2508.266241162436
forecast_7414,2025-11-05 22:00:00,3077.7104533151846,2337.6763142702207,2687.2986948863904
forecast_7415,2025-11-05 23:00:00,3312.6210571869988,2962.1416762858507,3051.590284502712
forecast_7416,2025-11-06 00:00:00,3980.551981889961,3643.073518151887,3383.0544373649323
forecast_7417,2025-11-06 01:00:00,4418.11872641359,4028.1581150079282,3312.264699808661
forecast_7418,2025-11-06 02:00:00,5368.470680830638,4649.983254568253,3807.320810546016
forecast_7419,2025-11-06 03:00:00,5938.944200073049,5518.426860817506,4092.0827827696676
forecast_7420,2025-11-06 04:00:00,6763.967775296995,6096.673788405182,4205.922331792205
forecast_7421,2025-11-06 05:00:00,7357.4422999911785,6930.1934063615,4244.695853277424
forecast_7422,2025-11-06 06:00:00,7088.06326180826,7139.476628382636,3965.961198605909
forecast_7423,2025-11-06 07:00:00,6628.518582140503,5963.371952369046,3900.1192109100457
forecast_7424,2025-11-06 08:00:00,5797.928852438555,4663.373653336108,3601.4708580570355
forecast_7425,2025-11-06 09:00:00,4078.1730203866136,3160.108217729994,2782.229694693579
forecast_7426,2025-11-06 10:00:00,2763.2470689843567,2253.725516144852,2226.735656667618
forecast_7427,2025-11-06 11:00:00,2336.9211389494876,1351.541143966287,1848.1218114225376
forecast_7428,2025-11-06 12:00:00,1938.313634056597,1227.8364218718714,1825.011032779768
forecast_7429,2025-11-06 13:00:00,1620.749025433929,1007.5981928185106,1630.7171710984499
forecast_7430,2025-11-06 14:00:00,1925.1193289937494,1241.4637383340244,1767.0522429453533
forecast_7431,2025-11-06 15:00:00,1804.1364929796423,1086.5879441632965,1820.8935430929903
forecast_7432,2025-11-06 16:00:00,1947.1340608721412,1227.3757110692707,1817.833420507145
forecast_7433,2025-11-06 17:00:00,2009.091201036732,1436.7745297693102,1802.1956456295432
forecast_7434,2025-11-06 18:00:00,2248.1520078823296,1921.9819245242932,1906.940307771511
forecast_7435,2025-11-06 19:00:00,2077.000255817748,1675.5854964810896,1835.2653839477423
forecast_7436,2025-11-06 20:00:00,2251.576914056208,1560.0529411044859,1969.327925185149
forecast_7437,2025-11-06 21:00:00,2194.6174101088654,1729.6858470296306,1938.1268747121417
forecast_7438,2025-11-06 22:00:00,2497.2260287230615,1991.1131582901492,2151.6699140421315
forecast_7439,2025-11-06 23:00:00,2567.5601611148304,1886.1969076341684,2277.0512921648415
forecast_7440,2025-11-07 00:00:00,2422.835694665905,1828.1960555068367,2411.263562335579
forecast_7441,2025-11-07 01:00:00,3436.3006961709175,2561.459979349217,2919.9483063770213
forecast_7442,2025-11-07 02:00:00,4500.907865934989,3451.545928769695,3377.9496478845226
forecast_7443,2025-11-07 03:00:00,4805.572898135232,3728.0501347101817,3596.165883877774
forecast_7444,2025-11-07 04:00:00,5092.256654882421,4061.041850129529,3670.0497717824355
forecast_7445,2025-11-07 05:00:00,5942.395715290763,4356.906173012267,3538.6028953218843
forecast_7446,2025-11-07 06:00:00,5680.093262516895,4203.283448285991,3393.733535181553
forecast_7447,2025-11-07 07:00:00,4807.320247956872,3562.8767057289115,2975.2648401523597
forecast_7448,2025-11-07 08:00:00,3938.5873840608774,2639.7310214083873,2763.343165888694
forecast_7449,2025-11-07 09:00:00,3211.845381152105,2196.3803257012814,2216.3302893918913
forecast_7450,2025-11-07 10:00:00,1869.568515012968,1374.330054884107,2058.6345961691372
forecast_7451,2025-11-07 11:00:00,2067.5906311776253,1106.265344286738,1953.277462353001
forecast_7452,2025-11-07 12:00:00,1915.5380535127608,1178.721737023263,1911.0605450936735
forecast_7453,2025-11-07 13:00:00,1897.3986425779826,1469.5942533743382,1926.0770398306058
forecast_7454,2025-11-07 14:00:00,1850.4967822724268,1493.5104514848504,1986.075291688826
forecast_7455,2025-11-07 15:00:00,2011.3532752363408,1463.433376538228,2214.667681591871
forecast_7456,2025-11-07 16:00:00,2310.2274024112785,1699.4113479814582,2457.3810004871816
forecast_7457,2025-11-07 17:00:00,2585.8426661386175,2295.955584566873,2665.544091093894
forecast_7458,2025-11-07 18:00:00,2667.3257782458018,2700.2673548788384,2688.1983706828796
forecast_7459,2025-11-07 19:00:00,3420.772664945609,3444.620424494183,3069.393464028394
forecast_7460,2025-11-07 20:00:00,3133.225513949979,3479.6028450051126,2805.6784063013592
forecast_7461,2025-11-07 21:00:00,3320.4637390891567,3597.2008674352605,2850.6498741082255
forecast_7462,2025-11-07 22:00:00,3060.3917005348208,2851.0360387268856,2763.957510167181
forecast_7463,2025-11-07 23:00:00,3482.4969981701497,3080.1659477608614,2812.054791307967
forecast_7464,2025-11-08 00:00:00,3360.592441519802,2834.1937922389498,2768.1131869653786
forecast_7465,2025-11-08 01:00:00,3609.4288174647754,2786.24664260537,2750.4882333598666
forecast_7466,2025-11-08 02:00:00,3716.885568680894,2963.775758168859,2657.0890976503683
forecast_7467,2025-11-08 03:00:00,3776.7830263054207,3729.524115236002,2898.032293119078
forecast_7468,2025-11-08 04:00:00,3399.949774697102,3204.9972110543004,2726.6148755079976
forecast_7469,2025-11-08 05:00:00,3592.0537759946587,3729.8002735551336,2985.5007506466904
forecast_7470,2025-11-08 06:00:00,4166.520708604688,3602.7620981418168,3352.8030231566854
forecast_7471,2025-11-08 07:00:00,3993.1640638556064,3452.644011213445,3259.1767919982512
forecast_7472,2025-11-08 08:00:00,4155.2761000842065,3383.4783915848197,3359.20721076629
forecast_7473,2025-11-08 09:00:00,3908.330307252099,2833.4948198046295,3364.6678020606428
forecast_7474,2025-11-08 10:00:00,3700.596996214806,2782.9166958758187,3174.8803922382
forecast_7475,2025-11-08 11:00:00,3426.2932673745954,2709.561162810245,3087.396545215801
forecast_7476,2025-11-08 12:00:00,3195.874488345878,2253.8078685184378,2949.826662731376
forecast_7477,2025-11-08 13:00:00,3893.618353744593,2703.7243907735456,3111.703758689302
forecast_7478,2025-11-08 14:00:00,4248.362539791636,2897.3177380778725,3262.8427412079523
forecast_7479,2025-11-08 15:00:00,4115.290182162098,2950.267101006159,3124.6833123933957
forecast_7480,2025-11-08 16:00:00,4549.553983821179,3338.382821902994,3335.632589428182
forecast_7481,2025-11-08 17:00:00,5010.290285286766,3905.2230379724865,3607.1900817429264
forecast_7482,2025-11-08 18:00:00,5384.937859699768,5511.815716666972,4014.543816947684
forecast_7483,2025-11-08 19:00:00,6790.301492447446,7824.343570883557,5012.11046803694
forecast_7484,2025-11-08 20:00:00,6759.41566389716,7761.530648560569,4525.142589976942
forecast_7485,2025-11-08 21:00:00,7662.976001733632,8914.036242699913,5137.517981874352
forecast_7486,2025-11-08 22:00:00,7702.706854952985,9472.0900178346,5355.4474575332215
forecast_7487,2025-11-08 23:00:00,9359.585925985517,11029.010261081165,6333.77159611199
forecast_7488,2025-11-09 00:00:00,11518.417087775415,12232.528582236224,7295.641541439686
forecast_7489,2025-11-09 01:00:00,10878.74844969446,11995.12810082536,6610.298434467968
forecast_7490,2025-11-09 02:00:00,12372.049422012427,12922.014383087504,7589.356489265631
forecast_7491,2025-11-09 03:00:00,13993.761960873693,14199.31040541857,9410.68068719891
forecast_7492,2025-11-09 04:00:00,14630.324613728084,15772.264160452742,10417.861302838584
forecast_7493,2025-11-09 05:00:00,14889.497627063276,16160.441536759816,11240.473259667344
forecast_7494,2025-11-09 06:00:00,15722.02912948998,15942.445635626573,12302.721354801048
forecast_7495,2025-11-09 07:00:00,15977.497785958567,16367.19919605981,13306.051208691359
forecast_7496,2025-11-09 08:00:00,15950.336760267877,15861.293755860754,13859.94894950389
forecast_7497,2025-11-09 09:00:00,14194.804765253333,13907.448757514298,12807.028133388465
forecast_7498,2025-11-09 10:00:00,13188.502508417929,14100.833444947364,11864.327520076688
forecast_7499,2025-11-09 11:00:00,12217.547050421417,12934.6882967143,11051.177574344516
forecast_7500,2025-11-09 12:00:00,11892.494899507888,12546.134190646906,10268.821370972026
forecast_7501,2025-11-09 13:00:00,12011.719163206115,12716.72855181133,10758.397234643206
forecast_7502,2025-11-09 14:00:00,12334.203117630523,12703.455047790647,10146.065723472198
forecast_7503,2025-11-09 15:00:00,13004.639770413676,12796.610639368437,10084.275476779512
forecast_7504,2025-11-09 16:00:00,13462.966638431804,13051.882007596825,9957.392140355658
forecast_7505,2025-11-09 17:00:00,13821.213860226486,14089.165366488805,10804.399647287399
forecast_7506,2025-11-09 18:00:00,14118.61511537416,14534.603832028519,12206.176559128842
forecast_7507,2025-11-09 19:00:00,14874.448227958921,15752.323147963514,13135.8412659586
forecast_7508,2025-11-09 20:00:00,15830.234388579593,17395.528399653194,14147.605894002041
forecast_7509,2025-11-09 21:00:00,16155.584980816802,17618.472777637515,14140.828562058448
forecast_7510,2025-11-09 22:00:00,16309.19535211067,16984.46668992271,13726.549208173916
forecast_7511,2025-11-09 23:00:00,15530.47414282669,16368.137888620806,13265.931064974813
forecast_7512,2025-11-10 00:00:00,14846.43840282899,15518.070841669216,12983.210449184353
forecast_7513,2025-11-10 01:00:00,14525.757310806861,13909.501508427747,12127.097973722834
forecast_7514,2025-11-10 02:00:00,14030.233854989376,13317.246484186702,12036.750820370915
forecast_7515,2025-11-10 03:00:00,13905.170609451157,12991.522671134344,12129.395296586554
forecast_7516,2025-11-10 04:00:00,13947.536854939106,13547.748354495117,12220.970662182935
forecast_7517,2025-11-10 05:00:00,14341.549490923875,14443.233509440226,12782.201326296306
forecast_7518,2025-11-10 06:00:00,14857.976690793588,14414.212552074649,13330.703570285541
forecast_7519,2025-11-10 07:00:00,16332.742408987586,15251.955643920966,14293.979260408969
forecast_7520,2025-11-10 08:00:00,15500.084693016252,14790.59043030195,13741.420706933308
forecast_7521,2025-11-10 09:00:00,13681.339935723128,13670.159936226402,11447.682730183386
forecast_7522,2025-11-10 10:00:00,13093.59786098759,13068.871361409023,10074.821751680842
forecast_7523,2025-11-10 11:00:00,11902.36941382788,12305.334047304323,8689.310546092567
forecast_7524,2025-11-10 12:00:00,10480.978385792965,9735.528580417336,7393.264235102112
forecast_7525,2025-11-10 13:00:00,10024.631279037385,8229.496041350052,6382.345610968375
forecast_7526,2025-11-10 14:00:00,8953.746989920828,7762.337237447013,5683.201579090064
forecast_7527,2025-11-10 15:00:00,8151.354487410315,6693.151211095218,4986.127558086337
forecast_7528,2025-11-10 16:00:00,7643.310894039207,6288.0919207428005,5089.110200953458
forecast_7529,2025-11-10 17:00:00,9043.376534318702,8123.557251465881,6201.398162816051
forecast_7530,2025-11-10 18:00:00,11315.708769619061,11186.5985682928,7851.522472464056
forecast_7531,2025-11-10 19:00:00,14844.071647145796,15235.747888201211,10596.55639739312
forecast_7532,2025-11-10 20:00:00,17315.44275807427,16001.16522465332,12835.53501715253
forecast_7533,2025-11-10 21:00:00,18120.13439600273,17868.367315482246,14773.547579877351
forecast_7534,2025-11-10 22:00:00,18778.914782166037,18468.63821082749,16413.19029232257
forecast_7535,2025-11-10 23:00:00,19126.334271351872,18265.208384979043,16826.904804061567
forecast_7536,2025-11-11 00:00:00,19353.415920287644,18089.28085721511,17420.69104103409
forecast_7537,2025-11-11 01:00:00,20392.430869330932,19013.553701979952,18205.734306996557
forecast_7538,2025-11-11 02:00:00,19773.30126704291,18518.15536178201,17212.095454413975
forecast_7539,2025-11-11 03:00:00,19367.07014294654,17482.567657600164,15457.626547495707
forecast_7540,2025-11-11 04:00:00,17591.938023854156,16055.8217180309,11584.404380876182
forecast_7541,2025-11-11 05:00:00,14722.883404203116,13876.834318085661,8101.978858503966
forecast_7542,2025-11-11 06:00:00,9752.273577727678,10056.433339212126,5261.898545341983
forecast_7543,2025-11-11 07:00:00,9016.848776330055,7358.03861316154,5082.964203215389
forecast_7544,2025-11-11 08:00:00,7336.05855914566,5708.550469822865,4223.5329275373915
forecast_7545,2025-11-11 09:00:00,5994.912581655982,4414.025677499365,3896.5592108805295
forecast_7546,2025-11-11 10:00:00,4753.921787374635,3830.006327303698,3444.8205252881653
forecast_7547,2025-11-11 11:00:00,4301.158458156951,3142.723582292013,3044.6732250818436
forecast_7548,2025-11-11 12:00:00,3367.89828101364,2217.7135794743467,2550.4737071961536
forecast_7549,2025-11-11 13:00:00,2965.4792561895547,1716.374708674744,2246.225272797627
forecast_7550,2025-11-11 14:00:00,2655.3371124206797,1792.0479386927739,2114.3286988393384
forecast_7551,2025-11-11 15:00:00,2871.1383061572947,1889.5770334198864,2245.9380850097027
forecast_7552,2025-11-11 16:00:00,2747.986495765143,1561.701931455421,2159.1171196923515
forecast_7553,2025-11-11 17:00:00,2377.6274503094482,1490.4795819579292,1924.0243226780567
forecast_7554,2025-11-11 18:00:00,2445.7762863592407,1549.7375986357813,2145.9908918336714
forecast_7555,2025-11-11 19:00:00,2759.098824655193,2370.553895390574,2814.1956015970563
forecast_7556,2025-11-11 20:00:00,2702.554122829668,1936.8150761661284,2489.3158896909717
forecast_7557,2025-11-11 21:00:00,2696.060952951902,2066.5943391432947,2500.678935773024
forecast_7558,2025-11-11 22:00:00,2746.6016441764714,1940.5549891419541,2469.881479738986
forecast_7559,2025-11-11 23:00:00,3513.551718200257,2124.065127171113,2610.443156636686
forecast_7560,2025-11-12 00:00:00,3816.5787915588016,1165.412353515625,2888.139467139807
forecast_7561,2025-11-12 01:00:00,3410.9052280360784,2103.4658444191627,3001.1467882355337
forecast_7562,2025-11-12 02:00:00,3957.8934546346613,2426.3296803700027,3187.199408477375
forecast_7563,2025-11-12 03:00:00,4367.572634763239,2628.5804254760183,3311.7645511954993
forecast_7564,2025-11-12 04:00:00,4405.667169460303,3015.1748800366718,3325.4253709377062
forecast_7565,2025-11-12 05:00:00,4542.9960745504195,3410.9029715224524,3370.8631896598963
forecast_7566,2025-11-12 06:00:00,5175.432244450061,4146.821197570731,3492.5261769081144
forecast_7567,2025-11-12 07:00:00,5875.192307793472,5515.276510870738,3786.5608496119976
forecast_7568,2025-11-12 08:00:00,6218.680834403665,6521.735459185472,4172.709816646344
forecast_7569,2025-11-12 09:00:00,6128.746687739365,6111.822172492542,4044.139352737029
forecast_7570,2025-11-12 10:00:00,6003.7588683289905,5682.397058395787,4028.5709339416458
forecast_7571,2025-11-12 11:00:00,5437.621242539628,5239.3444224223385,3755.0447620858777
forecast_7572,2025-11-12 12:00:00,5302.906577462771,4578.36876673227,3569.1018417911027
forecast_7573,2025-11-12 13:00:00,5572.37569303554,5271.844214788884,3761.6338110132783
forecast_7574,2025-11-12 14:00:00,5816.820524415729,5333.520631687736,3962.7599787377812
forecast_7575,2025-11-12 15:00:00,5916.900226768339,5775.013342241266,4142.7019706755655
forecast_7576,2025-11-12 16:00:00,6668.290949822651,6395.9121265555395,4421.469319576746
forecast_7577,2025-11-12 17:00:00,8351.120399392363,8352.529761752481,5146.311397421591
forecast_7578,2025-11-12 18:00:00,10072.09329031353,10124.46080208091,6311.966564403946
forecast_7579,2025-11-12 19:00:00,13512.291381823303,13803.960465237617,8831.687078313053
forecast_7580,2025-11-12 20:00:00,15792.806731398832,15820.224038247494,11379.727843388435
forecast_7581,2025-11-12 21:00:00,17261.526082072556,16989.67668680501,13745.57682295519
forecast_7582,2025-11-12 22:00:00,18040.28656586224,17779.89824733397,15366.64643922756
forecast_7583,2025-11-12 23:00:00,19058.425749626273,18257.873990684733,16782.26859636212
forecast_7584,2025-11-13 00:00:00,19948.392477172998,19142.385188771957,18228.35709286353
forecast_7585,2025-11-13 01:00:00,20358.77214689219,18665.832530590407,18352.428090263256
forecast_7586,2025-11-13 02:00:00,20101.91358300241,18640.088385835166,18593.842099380206
forecast_7587,2025-11-13 03:00:00,20135.707361167933,19622.29434817243,18402.053803260136
forecast_7588,2025-11-13 04:00:00,19776.46743858514,19089.810639231626,17791.815629779645
forecast_7589,2025-11-13 05:00:00,19347.817914274674,18622.933370142302,17221.953694299908
forecast_7590,2025-11-13 06:00:00,19217.06936317351,18922.54057791191,16626.599242872882
forecast_7591,2025-11-13 07:00:00,18669.884887661323,18254.74700099309,15703.06272312011
forecast_7592,2025-11-13 08:00:00,17294.097353666257,16467.894921669285,13795.36914211778
forecast_7593,2025-11-13 09:00:00,15112.578214443882,15131.911318583449,11439.03430120054
forecast_7594,2025-11-13 10:00:00,12153.304815479489,12277.038916767222,10271.955190031196
forecast_7595,2025-11-13 11:00:00,10646.31254257391,9547.084413588285,8092.311004579391
forecast_7596,2025-11-13 12:00:00,8335.301584508336,7966.163658075123,6223.113403035012
forecast_7597,2025-11-13 13:00:00,6406.005402617804,5104.082919127994,4461.566255744542
forecast_7598,2025-11-13 14:00:00,5278.292320546471,3745.6809901005295,3842.924255628229
forecast_7599,2025-11-13 15:00:00,4523.731487685214,3425.1708559696835,3180.1644747936894
forecast_7600,2025-11-13 16:00:00,4641.333390296757,4074.6088537412197,3547.3211601054513
forecast_7601,2025-11-13 17:00:00,5752.934186392182,6398.953198043808,4028.462597139515
forecast_7602,2025-11-13 18:00:00,6179.02455107794,6231.587329278048,4077.035081211192
forecast_7603,2025-11-13 19:00:00,6048.268105250761,6255.791239976647,4499.2505348671775
forecast_7604,2025-11-13 20:00:00,5866.195024589144,5671.006592770749,4364.661508822701
forecast_7605,2025-11-13 21:00:00,6864.52484085344,6228.201744382186,4468.157281816896
forecast_7606,2025-11-13 22:00:00,7233.40952140233,6974.345710483465,4446.697791331059
forecast_7607,2025-11-13 23:00:00,7425.248537590184,7263.319558058078,4646.945695123034
forecast_7608,2025-11-14 00:00:00,7076.709854229982,6978.700672988068,4516.2465881346325
forecast_7609,2025-11-14 01:00:00,5390.4968851787435,4375.627925817642,3876.6497279883733
forecast_7610,2025-11-14 02:00:00,5930.846666042977,4494.192568444241,3892.145225306327
forecast_7611,2025-11-14 03:00:00,5979.900859743837,4456.774814332153,3903.825039246535
forecast_7612,2025-11-14 04:00:00,5848.292185408893,2678.0226371290555,3893.5966093480097
forecast_7613,2025-11-14 05:00:00,5799.370276638645,2982.5178971134733,3981.6565688365195
forecast_7614,2025-11-14 06:00:00,5906.060769078335,3239.887254338544,3918.160341699386
forecast_7615,2025-11-14 07:00:00,6162.726710713954,3913.9101769710533,3974.8764573669505
forecast_7616,2025-11-14 08:00:00,6476.070118593068,4208.330172996206,4117.722250382824
forecast_7617,2025-11-14 09:00:00,6253.512832417669,5135.853247221197,4146.294551365775
forecast_7618,2025-11-14 10:00:00,5842.44373875551,5193.117348216851,4233.268562583041
forecast_7619,2025-11-14 11:00:00,5541.269095688009,4432.257940448007,4031.085060957619
forecast_7620,2025-11-14 12:00:00,4656.6098831342815,3817.088470880745,3820.7772803417324
forecast_7621,2025-11-14 13:00:00,4373.683065458341,4381.503336335607,3955.388428983579
forecast_7622,2025-11-14 14:00:00,4815.421349717724,3981.328956727775,3882.491745956146
forecast_7623,2025-11-14 15:00:00,5174.429773423011,4292.280540288155,3779.519545375506
forecast_7624,2025-11-14 16:00:00,5946.002626710695,5675.745226154544,4059.2996077988946
forecast_7625,2025-11-14 17:00:00,7661.531883588631,7263.244452188299,4700.987767521162
forecast_7626,2025-11-14 18:00:00,9742.313819961415,9833.419286635904,7079.145385714659
forecast_7627,2025-11-14 19:00:00,9957.176902992338,9317.606332615207,6512.047187136962
forecast_7628,2025-11-14 20:00:00,12072.950571964957,12194.097166626088,7870.377820400175
forecast_7629,2025-11-14 21:00:00,12136.946410351105,12119.242080548309,7522.639511246764
forecast_7630,2025-11-14 22:00:00,12241.925202966737,11527.836011446834,7530.257492233919
forecast_7631,2025-11-14 23:00:00,11882.341148408334,10929.557508275038,7444.661165328425
forecast_7632,2025-11-15 00:00:00,10481.9555009062,9064.942892916366,6434.211587182432
forecast_7633,2025-11-15 01:00:00,8255.72590343265,6384.576336212002,4834.725835003268
forecast_7634,2025-11-15 02:00:00,7607.450429159282,5515.303250975251,4450.979465018587
forecast_7635,2025-11-15 03:00:00,7457.28098948582,5447.146730514985,4179.709390122675
forecast_7636,2025-11-15 04:00:00,7065.505865455119,5143.228428799885,4242.365192247268
forecast_7637,2025-11-15 05:00:00,6544.160494990918,4872.622455788642,4081.008903166374
forecast_7638,2025-11-15 06:00:00,5928.247339180868,4479.359949718917,3714.1118933773428
forecast_7639,2025-11-15 07:00:00,5418.848498491358,4433.802366129448,3397.4358973704057
forecast_7640,2025-11-15 08:00:00,5196.149274238285,3996.2761604579296,3291.3565600511743
forecast_7641,2025-11-15 09:00:00,4474.005633084328,3958.0622430632575,2939.522123571001
forecast_7642,2025-11-15 10:00:00,3844.4762988731413,2880.6020499329743,2862.1869981923264
forecast_7643,2025-11-15 11:00:00,3400.792424857755,2478.591962160019,2746.317318838436
forecast_7644,2025-11-15 12:00:00,3073.56678923398,2020.818524571306,2646.708664502923
forecast_7645,2025-11-15 13:00:00,2827.2774103257725,2155.1486697202154,2447.7649532561004
forecast_7646,2025-11-15 14:00:00,2951.4129730823197,1896.2707476335024,2432.4147397978186
forecast_7647,2025-11-15 15:00:00,2975.323962411717,1912.407347191612,2366.4573729756507
forecast_7648,2025-11-15 16:00:00,3401.024768061896,2437.5569934847667,2435.5165551194873
forecast_7649,2025-11-15 17:00:00,4595.774484120382,3628.3589330952377,3370.0384590080102
forecast_7650,2025-11-15 18:00:00,6457.004205906382,6230.808308168518,4255.470644751941
forecast_7651,2025-11-15 19:00:00,8355.96326449521,9527.82485596466,5077.927189110566
forecast_7652,2025-11-15 20:00:00,9575.698142597044,10459.5214329497,6010.215971431746
forecast_7653,2025-11-15 21:00:00,9642.071551223187,10830.399741306424,5962.466271614157
forecast_7654,2025-11-15 22:00:00,9805.421813985507,10777.919031190879,6221.241851905709
forecast_7655,2025-11-15 23:00:00,9839.783815842558,10755.749599062943,6317.066943723906
forecast_7656,2025-11-16 00:00:00,9909.539253264564,10119.178573613895,6370.265179333215
forecast_7657,2025-11-16 01:00:00,11025.744018741538,9028.245011802186,6172.9755880016855
forecast_7658,2025-11-16 02:00:00,10833.49267887463,10266.96407396641,6078.918417145298
forecast_7659,2025-11-16 03:00:00,10853.73035345135,8932.695902759091,6194.779686992516
forecast_7660,2025-11-16 04:00:00,10864.832177462666,10489.054087312568,6285.758232636254
forecast_7661,2025-11-16 05:00:00,11120.952417093227,11080.556314927013,6832.381180986672
forecast_7662,2025-11-16 06:00:00,10934.380777141352,11529.10269635049,6987.864256598325
forecast_7663,2025-11-16 07:00:00,10932.776152873907,11536.829043114441,7395.991164222551
forecast_7664,2025-11-16 08:00:00,11794.908012476633,13318.151526513413,8187.392356387122
forecast_7665,2025-11-16 09:00:00,10930.945040151697,13996.58744848971,7962.131005648964
forecast_7666,2025-11-16 10:00:00,11433.882790870926,14587.306498622116,8882.56896812437
forecast_7667,2025-11-16 11:00:00,11781.26905111899,15133.150001992732,10946.427937344106
forecast_7668,2025-11-16 12:00:00,11607.139018179023,13233.487286585785,11119.60459442058
forecast_7669,2025-11-16 13:00:00,12012.836102910089,14020.834140959969,11082.829854026746
forecast_7670,2025-11-16 14:00:00,11438.624754228471,13396.493640822182,10612.913423875423
forecast_7671,2025-11-16 15:00:00,11874.76187066355,13601.246005999545,11417.639109247533
forecast_7672,2025-11-16 16:00:00,13765.389730831805,13978.489640167632,12715.448927104746
forecast_7673,2025-11-16 17:00:00,15845.96135749767,17048.19443641953,14437.090027904436
forecast_7674,2025-11-16 18:00:00,17641.33622612924,18669.867426853452,17008.891977767336
forecast_7675,2025-11-16 19:00:00,18206.96948885108,19195.736607394985,18450.79549026518
forecast_7676,2025-11-16 20:00:00,18695.40346916295,19670.829530399125,19198.399594267517
forecast_7677,2025-11-16 21:00:00,19040.447300834272,19867.42504675687,19611.689687896338
forecast_7678,2025-11-16 22:00:00,18897.393850609064,19658.480892897038,19498.26666080067
forecast_7679,2025-11-16 23:00:00,18774.181496217392,19643.61114442751,19040.45630757243
forecast_7680,2025-11-17 00:00:00,18724.09226473803,18953.553728602754,18733.234692634607
forecast_7681,2025-11-17 01:00:00,18603.02116202593,19265.79227519275,18417.968295835122
forecast_7682,2025-11-17 02:00:00,18650.1538107825,19353.805033601984,17776.704280990954
forecast_7683,2025-11-17 03:00:00,18512.085636613705,19037.11097459381,17634.770812267583
forecast_7684,2025-11-17 04:00:00,18616.403836438905,19013.537235452823,17965.50927845207
forecast_7685,2025-11-17 05:00:00,18671.50760695013,18799.97524331336,17822.065898533638
forecast_7686,2025-11-17 06:00:00,18742.79985163617,19163.2223955742,17925.91967251514
forecast_7687,2025-11-17 07:00:00,19489.915723050515,18867.746647098174,18557.09593801083
forecast_7688,2025-11-17 08:00:00,19546.09198302392,18737.458551441872,18678.59644737069
forecast_7689,2025-11-17 09:00:00,18335.62980229395,17713.972042765738,17054.602941386504
forecast_7690,2025-11-17 10:00:00,16211.334357816599,15525.872676667675,14421.77767889199
forecast_7691,2025-11-17 11:00:00,14894.772648096085,15046.285080835085,12773.890578805682
forecast_7692,2025-11-17 12:00:00,14351.936694159764,14413.180620392943,11951.867244323756
forecast_7693,2025-11-17 13:00:00,14005.151743501023,14186.237813969126,11258.442804445407
forecast_7694,2025-11-17 14:00:00,13536.367562341755,13328.725253119524,10779.808109705093
forecast_7695,2025-11-17 15:00:00,13525.147117810135,12998.458362367375,10199.213708674317
forecast_7696,2025-11-17 16:00:00,13708.842163085837,13042.647774857327,10514.621670445873
forecast_7697,2025-11-17 17:00:00,14059.524558487303,13490.062521638763,11488.4628256071
forecast_7698,2025-11-17 18:00:00,13893.069146838585,13986.212335936933,11935.42579054278
forecast_7699,2025-11-17 19:00:00,13824.542966651394,14236.464094676467,12361.102083395315
forecast_7700,2025-11-17 20:00:00,14673.46584500802,14740.941347261672,13933.531436533274
forecast_7701,2025-11-17 21:00:00,15704.269886602644,15187.711884024811,15235.344400584028
forecast_7702,2025-11-17 22:00:00,17309.1866711916,16421.89136426934,15752.04306035902
forecast_7703,2025-11-17 23:00:00,17140.719442837086,16729.390952229023,15803.047543242177
forecast_7704,2025-11-18 00:00:00,17108.03694097013,16391.54078662159,15546.795988950045
forecast_7705,2025-11-18 01:00:00,16508.150947078342,16225.06457261449,14026.831160401423
forecast_7706,2025-11-18 02:00:00,16839.05719325864,16916.74351460356,14570.358100193704
forecast_7707,2025-11-18 03:00:00,16890.862738810858,16741.70879561497,14894.790556797054
forecast_7708,2025-11-18 04:00:00,17398.248540289005,17424.5353663342,15384.496863781174
forecast_7709,2025-11-18 05:00:00,17622.362895405196,17158.536412561603,16050.493796585477
forecast_7710,2025-11-18 06:00:00,17774.056662555304,17227.34118843267,16218.012998627
forecast_7711,2025-11-18 07:00:00,17286.38037639524,17044.80223262804,15633.364445133406
forecast_7712,2025-11-18 08:00:00,16112.02436957145,16391.09669477406,14762.971631194356
forecast_7713,2025-11-18 09:00:00,14647.651764378657,14580.081223791387,12970.24402777534
forecast_7714,2025-11-18 10:00:00,13592.092691917629,14144.679719264788,11550.438648587919
forecast_7715,2025-11-18 11:00:00,13026.037272876856,13226.815247722476,10197.48087219701
forecast_7716,2025-11-18 12:00:00,13051.479336016055,12130.233560280893,9270.376512206525
forecast_7717,2025-11-18 13:00:00,12844.389875027917,11918.651751656995,8632.488667416572
forecast_7718,2025-11-18 14:00:00,12832.464142568026,11457.866394252345,8447.01338746684
forecast_7719,2025-11-18 15:00:00,12194.389420529147,10019.622379727953,7548.2151224721565
forecast_7720,2025-11-18 16:00:00,10528.091332388009,8277.760083969013,6232.024278663883
forecast_7721,2025-11-18 17:00:00,9545.090254558214,7020.377834096594,6082.493457407975
forecast_7722,2025-11-18 18:00:00,8443.132156882039,6641.098298730966,5741.617393893084
forecast_7723,2025-11-18 19:00:00,7690.826932489053,6894.758166615295,5567.6448551916665
forecast_7724,2025-11-18 20:00:00,7945.694072315729,7863.133920647144,5553.2060932824115
forecast_7725,2025-11-18 21:00:00,7890.312000484846,9052.788434397808,5564.537116786296
forecast_7726,2025-11-18 22:00:00,8571.490656390633,9867.813774922992,5777.40143799282
forecast_7727,2025-11-18 23:00:00,9620.097101440633,10319.672121119213,5850.796265414785
forecast_7728,2025-11-19 00:00:00,9850.11070871431,10052.757029705412,6166.133647016861
forecast_7729,2025-11-19 01:00:00,11276.563383305249,12424.108090882093,6356.646959740411
forecast_7730,2025-11-19 02:00:00,11679.671055264345,11187.222597408443,6000.454013304541
forecast_7731,2025-11-19 03:00:00,10395.665780717613,9812.898684628479,5170.251109366138
forecast_7732,2025-11-19 04:00:00,9476.419278804799,8079.489274729414,5238.673391583149
forecast_7733,2025-11-19 05:00:00,7564.753183713103,5829.165581582735,4655.441756554151
forecast_7734,2025-11-19 06:00:00,6187.170200382019,4512.968973017871,4338.001412874881
forecast_7735,2025-11-19 07:00:00,5664.522565745408,4244.4352232414,4191.326762257001
forecast_7736,2025-11-19 08:00:00,5296.586829475078,4175.43817702534,3986.0959609028746
forecast_7737,2025-11-19 09:00:00,4471.4672374010115,3492.7481843912897,3589.67339290612
forecast_7738,2025-11-19 10:00:00,3914.098550802858,3026.3774170192337,3406.811565865532
forecast_7739,2025-11-19 11:00:00,3522.8439620899508,2829.805075363227,3147.339467454229
forecast_7740,2025-11-19 12:00:00,3189.2507008118228,2533.752118186518,2989.967828988357
forecast_7741,2025-11-19 13:00:00,3020.6778695646417,2352.4100075424394,2852.6480782148283
forecast_7742,2025-11-19 14:00:00,2952.93198085838,2143.9586863109844,3019.1740828858174
forecast_7743,2025-11-19 15:00:00,3863.865267605477,2177.869698808041,3257.4838191392155
forecast_7744,2025-11-19 16:00:00,4537.8222724805255,3925.079601819636,3677.4212338804364
forecast_7745,2025-11-19 17:00:00,6086.501542787879,4721.401773764628,4382.668144320885
forecast_7746,2025-11-19 18:00:00,9338.779153456406,8039.169319186001,5663.456747618919
forecast_7747,2025-11-19 19:00:00,11603.741856641922,10873.793509186859,7345.635477051494
forecast_7748,2025-11-19 20:00:00,14230.243169596883,13296.802768055562,9258.302536773412
forecast_7749,2025-11-19 21:00:00,16233.07302874326,15308.007566942862,10845.742675153575
forecast_7750,2025-11-19 22:00:00,18418.21562929018,16463.694505805135,13495.4563233439
forecast_7751,2025-11-19 23:00:00,19577.727914982355,18551.061296197026,16279.27820484177
forecast_7752,2025-11-20 00:00:00,20246.774032065994,19342.48979558247,17726.781887821395
forecast_7753,2025-11-20 01:00:00,20660.958119970674,19667.591117188123,18345.04505096228
forecast_7754,2025-11-20 02:00:00,20656.17136187676,19991.81235185561,19007.42721389892
forecast_7755,2025-11-20 03:00:00,20753.749317960508,20005.215565689035,18904.631020549514
forecast_7756,2025-11-20 04:00:00,20931.776791633667,20186.621496093205,18896.003849629225
forecast_7757,2025-11-20 05:00:00,20588.005615986618,20371.815006563338,18474.754199265353
forecast_7758,2025-11-20 06:00:00,20365.20589358998,19960.585562655895,17997.385387307102
forecast_7759,2025-11-20 07:00:00,20246.537107851498,19831.17731605429,17931.16199125999
forecast_7760,2025-11-20 08:00:00,19545.666162464644,19742.63069313625,17768.00008180605
forecast_7761,2025-11-20 09:00:00,19489.47375411632,19754.091322577733,18036.1935231333
forecast_7762,2025-11-20 10:00:00,19338.231385914525,20079.405445124725,18056.919489247317
forecast_7763,2025-11-20 11:00:00,18100.8822128812,19701.441966874863,16938.832065951894
forecast_7764,2025-11-20 12:00:00,18825.168510918957,19243.080916312487,17286.056811408933
forecast_7765,2025-11-20 13:00:00,18896.21280694005,19427.989640540625,16893.677711738907
forecast_7766,2025-11-20 14:00:00,18592.236492036027,19355.28342011314,16991.075628809882
forecast_7767,2025-11-20 15:00:00,18388.926940774847,19134.022014707232,16908.54187005624
forecast_7768,2025-11-20 16:00:00,18755.658693994534,19034.13069829961,17182.476097501378
forecast_7769,2025-11-20 17:00:00,19034.254006708907,19237.023753384874,17259.015269043215
forecast_7770,2025-11-20 18:00:00,19165.01087160597,19154.462191654085,17209.673455104083
forecast_7771,2025-11-20 19:00:00,18808.1416081912,19088.485088682693,17783.34247359301
forecast_7772,2025-11-20 20:00:00,18714.210891639086,19300.390766381952,18094.948204856668
forecast_7773,2025-11-20 21:00:00,18788.206768815176,19270.378197955437,18361.96720001912
forecast_7774,2025-11-20 22:00:00,18724.255524592438,18834.049904826577,18284.36320484927
forecast_7775,2025-11-20 23:00:00,18378.126395671115,18587.18390656349,18206.747631230864
forecast_7776,2025-11-21 00:00:00,18194.557263871153,18606.13487512625,18074.903994157125
forecast_7777,2025-11-21 01:00:00,17868.335000739906,18428.065138304955,17405.52821956323
forecast_7778,2025-11-21 02:00:00,17517.79043241498,18015.27183045642,16709.829405695138
forecast_7779,2025-11-21 03:00:00,18235.517352544768,18528.6525667127,17246.60650373772
forecast_7780,2025-11-21 04:00:00,18049.121413196575,18285.18679547394,16854.826398696343
forecast_7781,2025-11-21 05:00:00,18933.591996703803,18458.075674982414,17443.26805603406
forecast_7782,2025-11-21 06:00:00,19337.74095871933,18454.723924505,17551.72563350752
forecast_7783,2025-11-21 07:00:00,19420.086224759987,18525.048177117496,17263.757055653918
forecast_7784,2025-11-21 08:00:00,18958.05245888186,18553.166232534066,17276.636533073524
forecast_7785,2025-11-21 09:00:00,18619.55872411901,18859.745323425115,17497.018342616688
forecast_7786,2025-11-21 10:00:00,17090.637277579583,18341.64070512523,16055.396152966377
forecast_7787,2025-11-21 11:00:00,15884.22325575228,17772.69683237871,14239.918363881745
forecast_7788,2025-11-21 12:00:00,16000.788565591074,17114.43907009487,13868.185196749833
forecast_7789,2025-11-21 13:00:00,16135.751026020971,16977.285014410925,13110.908312639762
forecast_7790,2025-11-21 14:00:00,15699.56829565073,16484.146240581584,12709.913524128327
forecast_7791,2025-11-21 15:00:00,16085.12668604315,16627.042959600192,13448.503881748542
forecast_7792,2025-11-21 16:00:00,15886.394138743713,16709.956973913824,14724.9977537809
forecast_7793,2025-11-21 17:00:00,16381.87934436114,17185.059124413536,15808.081884959354
forecast_7794,2025-11-21 18:00:00,16951.518430260738,17436.900164260274,16212.77679974255
forecast_7795,2025-11-21 19:00:00,16896.392653321887,17259.408742104308,16401.125975610863
forecast_7796,2025-11-21 20:00:00,17011.78259458316,17251.86437146032,16745.803846312956
forecast_7797,2025-11-21 21:00:00,17783.585728191578,18262.038260770572,17646.949241258735
forecast_7798,2025-11-21 22:00:00,17771.605242288388,18051.563009258105,17473.276017399032
forecast_7799,2025-11-21 23:00:00,18420.06965812405,18360.266901064148,17738.922076713883
forecast_7800,2025-11-22 00:00:00,19030.971535872384,18878.74763086128,18338.464304240795
forecast_7801,2025-11-22 01:00:00,18714.20501176942,18502.246005835783,17208.724758996854
forecast_7802,2025-11-22 02:00:00,19080.27677882662,18715.33539687138,17544.502316369675
forecast_7803,2025-11-22 03:00:00,19549.246266359027,18844.452111852966,17702.711001654603
forecast_7804,2025-11-22 04:00:00,19683.893886728827,19155.477501060093,17930.856340764254
forecast_7805,2025-11-22 05:00:00,19835.837770184287,19536.94910231042,17895.816325355994
forecast_7806,2025-11-22 06:00:00,19830.705261309704,19489.37928284345,17560.998254462524
forecast_7807,2025-11-22 07:00:00,19857.822691955153,17348.516142486384,16785.15641847363
forecast_7808,2025-11-22 08:00:00,19032.22729494238,18373.04061335939,14387.989486878107
forecast_7809,2025-11-22 09:00:00,18103.179617998485,17639.690055802952,12587.766613982341
forecast_7810,2025-11-22 10:00:00,16170.543264980595,16370.107513619905,12308.633170250669
forecast_7811,2025-11-22 11:00:00,14410.138230562667,14564.658274135496,11456.380425085032
forecast_7812,2025-11-22 12:00:00,14243.080781506029,13994.568742268653,11500.130986212711
forecast_7813,2025-11-22 13:00:00,14917.546687874868,13932.469985262858,12431.24788340168
forecast_7814,2025-11-22 14:00:00,15219.278514513717,14403.74250309261,13393.155275125802
forecast_7815,2025-11-22 15:00:00,15598.51047352082,14865.199574473363,14153.571342900792
forecast_7816,2025-11-22 16:00:00,16030.176426605267,15336.966790321301,14929.83644330619
forecast_7817,2025-11-22 17:00:00,17180.008554104235,16599.575135636867,15707.189737513423
forecast_7818,2025-11-22 18:00:00,19220.935855107797,18137.254039158244,17223.55027718345
forecast_7819,2025-11-22 19:00:00,19767.760051303634,18701.698958471658,17988.68207231155
forecast_7820,2025-11-22 20:00:00,20149.387895613178,19251.91279132897,18643.209966006463
forecast_7821,2025-11-22 21:00:00,20560.50980794384,19940.67090233966,19234.072054428325
forecast_7822,2025-11-22 22:00:00,20578.758844691183,19873.544853535306,18947.153849146853
forecast_7823,2025-11-22 23:00:00,20729.00837848972,19604.16234803397,19162.345847815537
forecast_7824,2025-11-23 00:00:00,20747.119235318296,19918.883537395654,19608.888893418767
forecast_7825,2025-11-23 01:00:00,20684.13125622036,20106.55579915288,19643.129947808993
forecast_7826,2025-11-23 02:00:00,20829.12819071233,20206.07054679803,19692.1695414795
forecast_7827,2025-11-23 03:00:00,20716.429035245936,20444.963676442665,19666.282701173168
forecast_7828,2025-11-23 04:00:00,20736.892019323168,20438.786638252885,19659.614520787494
forecast_7829,2025-11-23 05:00:00,20853.747715720085,20477.219197384868,19569.13971183306
forecast_7830,2025-11-23 06:00:00,20750.80442154486,20358.7625835711,19329.681414351428
forecast_7831,2025-11-23 07:00:00,20809.741283020354,20427.607466354493,18997.814377019167
forecast_7832,2025-11-23 08:00:00,20686.98100607472,19637.148777794122,18591.93902354897
forecast_7833,2025-11-23 09:00:00,20076.641136715854,19459.283232857008,18386.75212520692
forecast_7834,2025-11-23 10:00:00,20126.616316848947,19615.492823379318,18694.324237851808
forecast_7835,2025-11-23 11:00:00,19466.539678692694,18563.65021622039,18360.50235714692
forecast_7836,2025-11-23 12:00:00,18936.175220436384,17887.59234429561,17977.144354180782
forecast_7837,2025-11-23 13:00:00,18288.92166339729,16830.063549329083,17012.269030482057
forecast_7838,2025-11-23 14:00:00,16182.639046191995,14703.431009020285,15549.802683320035
forecast_7839,2025-11-23 15:00:00,14980.117453292476,15572.422474407724,14156.085868457836
forecast_7840,2025-11-23 16:00:00,15299.956292004927,15569.07306373787,14757.401600945825
forecast_7841,2025-11-23 17:00:00,17384.12156694971,16934.51720202655,15866.397200470907
forecast_7842,2025-11-23 18:00:00,19233.67272688359,18592.874350673315,18010.139692957826
forecast_7843,2025-11-23 19:00:00,19653.044679556762,18924.362249129917,18948.97511433661
forecast_7844,2025-11-23 20:00:00,19673.915805684952,19017.424668501473,19304.103055157888
forecast_7845,2025-11-23 21:00:00,19538.715080301983,18742.840902665106,19075.47952691855
forecast_7846,2025-11-23 22:00:00,18944.512007020116,18327.774849785612,18344.134237644135
forecast_7847,2025-11-23 23:00:00,18137.134170361373,18053.27631008027,17766.337545660565
forecast_7848,2025-11-24 00:00:00,17459.047561490734,17304.59732307762,16689.577482830395
forecast_7849,2025-11-24 01:00:00,17640.189019887133,16519.724322247283,16059.540799197779
forecast_7850,2025-11-24 02:00:00,18310.291526104385,17131.978337974884,16533.25637875387
forecast_7851,2025-11-24 03:00:00,18346.953196723,17212.660366428667,16242.961028855263
forecast_7852,2025-11-24 04:00:00,18330.299285751185,17161.198758142928,15266.15363436162
forecast_7853,2025-11-24 05:00:00,18461.731996836017,17840.560747016134,15221.34182750188
forecast_7854,2025-11-24 06:00:00,17547.094708512537,17420.30998195579,14043.723176209833
forecast_7855,2025-11-24 07:00:00,17503.504805201126,16629.787552003596,14340.61482693387
forecast_7856,2025-11-24 08:00:00,17199.925176623805,15304.65257158915,12795.689107778857
forecast_7857,2025-11-24 09:00:00,14854.079146054028,14097.016244610664,11041.347540603503
forecast_7858,2025-11-24 10:00:00,11759.624566360242,11768.408898151662,8882.78438283881
forecast_7859,2025-11-24 11:00:00,10523.60241552677,11118.092612502245,8562.24281658861
forecast_7860,2025-11-24 12:00:00,10879.784688656997,11412.978492650134,9132.266199422866
forecast_7861,2025-11-24 13:00:00,11479.01094869055,12247.239548916936,10470.08138338579
forecast_7862,2025-11-24 14:00:00,12809.985019984588,12808.08655780848,11191.669930553875
forecast_7863,2025-11-24 15:00:00,13508.497167792848,13677.335322999828,11946.25952527063
forecast_7864,2025-11-24 16:00:00,13735.160488663782,13097.95460719088,11586.115805424479
forecast_7865,2025-11-24 17:00:00,13543.635199731421,12242.802458219126,11587.612005193005
forecast_7866,2025-11-24 18:00:00,13839.404444916981,13719.523325047636,12019.711726440008
forecast_7867,2025-11-24 19:00:00,13109.370719316947,13444.208403149987,11095.729470163096
forecast_7868,2025-11-24 20:00:00,13640.156504155078,13531.453593540167,11656.745914353247
forecast_7869,2025-11-24 21:00:00,13924.132258021811,13993.92889453574,10877.525424910145
forecast_7870,2025-11-24 22:00:00,13845.199999709508,14020.421803214116,11478.98538932392
forecast_7871,2025-11-24 23:00:00,13858.459372074696,14643.677539720358,11502.31856581813
forecast_7872,2025-11-25 00:00:00,14702.823292004465,13955.502719436628,12193.225811217751
forecast_7873,2025-11-25 01:00:00,15580.45517366621,15538.205493448253,12765.358714351416
forecast_7874,2025-11-25 02:00:00,14622.993430610513,15555.515964393664,13066.46157025697
forecast_7875,2025-11-25 03:00:00,15212.354307032134,14923.453555098196,12867.554913081429
forecast_7876,2025-11-25 04:00:00,15114.723854446891,14485.382267396402,12147.986506285475
forecast_7877,2025-11-25 05:00:00,14459.25448474672,14996.805009618281,12195.830720645065
forecast_7878,2025-11-25 06:00:00,16439.756543789925,15674.69796426623,13874.825626585387
forecast_7879,2025-11-25 07:00:00,16661.0730954343,15436.696162043465,13708.771326631071
forecast_7880,2025-11-25 08:00:00,16630.376001084645,15469.2187224722,13110.794622945265
forecast_7881,2025-11-25 09:00:00,14157.339400545796,13457.555883677009,10801.391214724437
forecast_7882,2025-11-25 10:00:00,11342.493612291528,10078.685631906988,8701.104720201569
forecast_7883,2025-11-25 11:00:00,9449.02853576326,8895.522592594532,8158.628361406854
forecast_7884,2025-11-25 12:00:00,10522.671640270515,10698.103295110583,9658.657813626776
forecast_7885,2025-11-25 13:00:00,9989.78091810278,10107.199717290016,8983.235025204376
forecast_7886,2025-11-25 14:00:00,10360.968467390154,10161.773532738101,9852.68441838642
forecast_7887,2025-11-25 15:00:00,13496.056042525457,12801.34388071721,12101.792546812356
forecast_7888,2025-11-25 16:00:00,12560.936824017446,12236.75506913252,10981.205996787972
forecast_7889,2025-11-25 17:00:00,13422.40954342423,13120.53192979735,11756.714271876983
forecast_7890,2025-11-25 18:00:00,12932.673149591203,12542.91868962314,11923.697875946604
forecast_7891,2025-11-25 19:00:00,12843.644969837611,12016.879845441272,11227.404367860796
forecast_7892,2025-11-25 20:00:00,11867.805098953915,10985.886668970956,10014.304769889308
forecast_7893,2025-11-25 21:00:00,11088.456850052647,8873.09318634998,8698.366933127876
forecast_7894,2025-11-25 22:00:00,8793.629507541775,8245.426143210414,6999.063084305548
forecast_7895,2025-11-25 23:00:00,7942.130186212444,7838.958301891404,6545.312782195046
forecast_7896,2025-11-26 00:00:00,6982.628105074286,6792.676319308566,5715.6826882178275
forecast_7897,2025-11-26 01:00:00,5406.68999152076,4850.333152996775,4230.6280837303075
forecast_7898,2025-11-26 02:00:00,4472.914959857418,4015.5957165834925,3578.491036895295
forecast_7899,2025-11-26 03:00:00,4165.721947404951,3276.7817801386277,3418.4028821871307
forecast_7900,2025-11-26 04:00:00,3746.75406962049,2988.8896323900904,3274.579061780322
forecast_7901,2025-11-26 05:00:00,3492.9535137440184,3149.220825456155,3510.820521812542
forecast_7902,2025-11-26 06:00:00,3936.5146478414363,3745.653581545984,3937.711143955
forecast_7903,2025-11-26 07:00:00,5116.237541814554,4475.313627115828,4321.506353653246
forecast_7904,2025-11-26 08:00:00,5857.299246558641,5112.299490379079,4500.571960054681
forecast_7905,2025-11-26 09:00:00,5912.115100101488,4775.770643279247,4359.550109903138
forecast_7906,2025-11-26 10:00:00,6242.007865260595,4604.429052202035,4104.650800600004
forecast_7907,2025-11-26 11:00:00,6207.760357130406,4664.141543258156,3967.570151291558
forecast_7908,2025-11-26 12:00:00,5814.4123838851665,3828.5864411121524,3752.357473428703
forecast_7909,2025-11-26 13:00:00,5401.0028165170015,3856.8415525336945,3762.1519985698983
forecast_7910,2025-11-26 14:00:00,5774.349234991816,4307.222912027661,4080.434830332375
forecast_7911,2025-11-26 15:00:00,6167.067192332613,5003.126041771893,4198.365841792926
forecast_7912,2025-11-26 16:00:00,6913.253208418815,6131.936449558651,4603.759354335119
forecast_7913,2025-11-26 17:00:00,9115.151767985935,7834.912654887998,5598.214222914015
forecast_7914,2025-11-26 18:00:00,11755.484174744011,9717.134773654998,7422.776415032002
forecast_7915,2025-11-26 19:00:00,13552.926175144095,11149.612492190528,8934.155832263803
forecast_7916,2025-11-26 20:00:00,14286.286943155517,12940.478725416884,9693.352419623152
forecast_7917,2025-11-26 21:00:00,14970.69689410861,14780.467916868298,10330.190535217434
forecast_7918,2025-11-26 22:00:00,15282.397306898609,15769.59432851379,10720.313403399477
forecast_7919,2025-11-26 23:00:00,15464.375937371518,15997.219934865689,11094.376542613845
forecast_7920,2025-11-27 00:00:00,16689.947611688352,16369.745195623562,12892.054311952372
forecast_7921,2025-11-27 01:00:00,17748.09516927055,17836.75016607783,12975.350576825811
forecast_7922,2025-11-27 02:00:00,18501.203189897984,18092.021366175213,14963.15776100869
forecast_7923,2025-11-27 03:00:00,18333.925389612326,16868.33583458722,15682.826276729471
forecast_7924,2025-11-27 04:00:00,18076.666228781723,17043.3898299926,15394.693311950945
forecast_7925,2025-11-27 05:00:00,18350.812529115818,16425.678062546023,16294.942907728408
forecast_7926,2025-11-27 06:00:00,17853.67593246961,17038.375944775635,15921.303007481887
forecast_7927,2025-11-27 07:00:00,16660.882266004133,17366.41925132827,14744.598354472742
forecast_7928,2025-11-27 08:00:00,16287.855966073465,17763.869827345603,15350.792211235586
forecast_7929,2025-11-27 09:00:00,17245.39902355554,17834.728209000015,16818.01236594355
forecast_7930,2025-11-27 10:00:00,17357.341439713986,18367.13312538197,17781.114963629025
forecast_7931,2025-11-27 11:00:00,16834.891053863183,17757.119473988027,17611.098659611198
forecast_7932,2025-11-27 12:00:00,16641.727673839338,18949.436566627086,16929.908546006052
forecast_7933,2025-11-27 13:00:00,17092.29496311798,19143.7710854607,18176.250514766012
forecast_7934,2025-11-27 14:00:00,17660.89128118724,18452.67717262643,18866.173602242452
forecast_7935,2025-11-27 15:00:00,17827.160931402817,19082.707860572336,18325.06286586501
forecast_7936,2025-11-27 16:00:00,18591.52591446656,19025.442999568222,18079.348197412735
forecast_7937,2025-11-27 17:00:00,18720.358813879888,19381.64823751569,17970.277883071456
forecast_7938,2025-11-27 18:00:00,18762.56047867217,19269.415377586774,17576.757431933765
forecast_7939,2025-11-27 19:00:00,18506.81547648164,18910.07887945757,17554.783996573304
forecast_7940,2025-11-27 20:00:00,18466.506273795876,19098.93637245494,16960.97835650184
forecast_7941,2025-11-27 21:00:00,18877.04739303254,19147.08149313111,17331.4411328995
forecast_7942,2025-11-27 22:00:00,19027.326451738634,18560.114876703003,17721.65637184474
forecast_7943,2025-11-27 23:00:00,18924.72130728958,18805.67116094,17724.850225012236
forecast_7944,2025-11-28 00:00:00,18759.925992481847,19074.84169365363,18285.17594344628
forecast_7945,2025-11-28 01:00:00,18077.07423663981,18488.088119970736,17698.51154764249
forecast_7946,2025-11-28 02:00:00,16875.11676272508,18196.90636261795,16759.33673511051
forecast_7947,2025-11-28 03:00:00,16828.847441949925,18658.654354630373,16704.488558550896
forecast_7948,2025-11-28 04:00:00,18879.988531792555,18865.942719838844,18159.395838032142
forecast_7949,2025-11-28 05:00:00,18542.302267535255,18786.70037411696,17238.082981303854
forecast_7950,2025-11-28 06:00:00,17104.15606888,17758.97370936987,14160.431657836314
forecast_7951,2025-11-28 07:00:00,16096.866396977322,16413.22937861072,11616.207729258136
forecast_7952,2025-11-28 08:00:00,15062.970119094309,15783.609751372456,9544.046647841102
forecast_7953,2025-11-28 09:00:00,13699.596029967783,13388.419942571536,8274.105979283899
forecast_7954,2025-11-28 10:00:00,11358.49118347984,11701.33943542729,7330.247740473764
forecast_7955,2025-11-28 11:00:00,9539.839494012534,10197.054655793701,6826.848369244712
forecast_7956,2025-11-28 12:00:00,8927.573587068511,9373.263059436267,6239.858372223275
forecast_7957,2025-11-28 13:00:00,8569.787585197324,8956.973279719748,6037.779182203685
forecast_7958,2025-11-28 14:00:00,8266.099365252647,8120.669239011419,5833.796854979496
forecast_7959,2025-11-28 15:00:00,7874.422505714783,7485.82645089927,5323.80652111845
forecast_7960,2025-11-28 16:00:00,7773.161888714845,7125.45508331362,4791.2945688635045
forecast_7961,2025-11-28 17:00:00,7935.365735523585,7742.455985956197,5066.091712555174
forecast_7962,2025-11-28 18:00:00,8475.27953676603,8148.880313438705,5222.312243015091
forecast_7963,2025-11-28 19:00:00,7917.84385133486,8044.668038666715,4837.018464615272
forecast_7964,2025-11-28 20:00:00,8110.812109159777,6964.637724514889,4844.697338555126
forecast_7965,2025-11-28 21:00:00,7773.084700494532,6428.7364987929695,5065.584452836424
forecast_7966,2025-11-28 22:00:00,7309.778784569413,5812.167374229967,4953.754214155103
forecast_7967,2025-11-28 23:00:00,7270.725860301207,6103.300695760241,4862.525578471659
forecast_7968,2025-11-29 00:00:00,7772.004783101498,6514.465902670408,5240.771330074648
forecast_7969,2025-11-29 01:00:00,7400.529443424724,6681.247030704837,4732.916017270291
forecast_7970,2025-11-29 02:00:00,8113.126614454355,7689.759694451149,5002.432108292762
forecast_7971,2025-11-29 03:00:00,9341.848412094518,9074.0812237285,5515.894201357896
forecast_7972,2025-11-29 04:00:00,11763.680320211197,12240.943379053104,6845.192903116879
forecast_7973,2025-11-29 05:00:00,13720.099563288115,14445.041870102345,7933.182436280341
forecast_7974,2025-11-29 06:00:00,14758.189941818891,15317.556805836048,8641.102810037748
forecast_7975,2025-11-29 07:00:00,15025.627799475362,14791.980780264439,8983.306492876882
forecast_7976,2025-11-29 08:00:00,14481.61049244594,14724.335378877828,8618.912424137405
forecast_7977,2025-11-29 09:00:00,11884.162552900341,13395.889454279844,7124.676010970243
forecast_7978,2025-11-29 10:00:00,11232.317178909983,13204.652946725892,7867.449054774629
forecast_7979,2025-11-29 11:00:00,10896.355485351065,14195.425520918894,9555.4148986379
forecast_7980,2025-11-29 12:00:00,11369.77377814223,14359.763682403722,10825.96095112458
forecast_7981,2025-11-29 13:00:00,13116.191465644768,15631.473254737004,11623.249529301032
forecast_7982,2025-11-29 14:00:00,14958.16489353122,16058.285528377339,13089.884756445956
forecast_7983,2025-11-29 15:00:00,16294.81840500618,16598.776392118674,14528.760367329367
forecast_7984,2025-11-29 16:00:00,17579.87917833447,17891.436130589427,16840.265349784822
forecast_7985,2025-11-29 17:00:00,18894.117803118555,19066.5967688162,18743.49714205993
forecast_7986,2025-11-29 18:00:00,19614.529234362442,19731.561788138264,19721.05557305657
forecast_7987,2025-11-29 19:00:00,19660.932580534107,19872.14565105023,19788.83119913246
forecast_7988,2025-11-29 20:00:00,19750.596203522873,20025.419972873933,19743.379305464765
forecast_7989,2025-11-29 21:00:00,19799.94104905607,19983.25451857116,19637.531515319046
forecast_7990,2025-11-29 22:00:00,19659.459764837502,19671.092968573226,19548.249463817407
forecast_7991,2025-11-29 23:00:00,19479.95503928486,19668.024959493887,19534.25251398699
forecast_7992,2025-11-30 00:00:00,19243.427079786583,19639.39232660387,19515.300910233702
forecast_7993,2025-11-30 01:00:00,18863.5152362219,19575.649537414138,19566.109410547968
forecast_7994,2025-11-30 02:00:00,19274.628294198374,19148.637813603353,19452.872364910945
forecast_7995,2025-11-30 03:00:00,19144.689866874018,18608.91355757589,19109.32198180052
forecast_7996,2025-11-30 04:00:00,18425.791501140728,18546.06236487371,18465.80922433181
forecast_7997,2025-11-30 05:00:00,17813.256102888856,18150.088579631338,17896.550355376963
forecast_7998,2025-11-30 06:00:00,17476.607284856447,17682.098808010767,16866.230020000527
forecast_7999,2025-11-30 07:00:00,16620.564837914597,17133.178911099312,15758.797694178094
forecast_8000,2025-11-30 08:00:00,16293.51080922303,17067.02328472616,15136.811569937301
forecast_8001,2025-11-30 09:00:00,16261.72357499633,16659.555188918745,15129.48168939902
forecast_8002,2025-11-30 10:00:00,15827.502969433946,16247.951544382378,14080.931888194866
forecast_8003,2025-11-30 11:00:00,15297.339716230237,15593.408050636315,13576.618545021694
forecast_8004,2025-11-30 12:00:00,14630.130099139136,14745.149287347365,12505.53702771663
forecast_8005,2025-11-30 13:00:00,13511.485448544947,13323.181874956985,11712.004852721053
forecast_8006,2025-11-30 14:00:00,13176.78910005273,13786.110982060054,11510.240889953442
forecast_8007,2025-11-30 15:00:00,12931.672084665366,13276.514912141763,11275.446837741916
forecast_8008,2025-11-30 16:00:00,13287.687971510222,14046.738452597938,11657.285902989957
forecast_8009,2025-11-30 17:00:00,14164.76038312262,15387.226886566588,12996.738584033374
forecast_8010,2025-11-30 18:00:00,15966.160410442582,17994.416729486155,16213.20278882387
forecast_8011,2025-11-30 19:00:00,17730.91848564941,19352.356696389557,18301.037247024262
forecast_8012,2025-11-30 20:00:00,18552.2834479403,19606.241097641054,18817.846931844124
forecast_8013,2025-11-30 21:00:00,18852.801041601735,19695.891736390033,18972.512287046666
forecast_8014,2025-11-30 22:00:00,18823.568865832847,19846.4631432639,18955.137996429534
forecast_8015,2025-11-30 23:00:00,18639.539399337846,19626.075419304656,18895.835506619773
forecast_8016,2025-12-01 00:00:00,18364.10404394017,19479.85569361075,18552.12337765618
forecast_8017,2025-12-01 01:00:00,18581.49817198576,19861.266618006994,18335.441846282472
forecast_8018,2025-12-01 02:00:00,18579.335714264136,19621.07828389322,18127.719557491313
forecast_8019,2025-12-01 03:00:00,18052.775123710184,19533.162561004283,17351.301424418958
forecast_8020,2025-12-01 04:00:00,17770.53758982817,19386.411295459762,17340.486872670444
forecast_8021,2025-12-01 05:00:00,18087.951374781867,19142.838850490407,17935.488757364295
forecast_8022,2025-12-01 06:00:00,18409.703853790706,19081.75597729488,18451.881050768174
forecast_8023,2025-12-01 07:00:00,18755.411067590445,18884.751116159627,18634.01883736258
forecast_8024,2025-12-01 08:00:00,18844.23212079333,18900.815980758918,17906.86180101153
forecast_8025,2025-12-01 09:00:00,16772.77025806193,16979.081730064096,15538.089857266888
forecast_8026,2025-12-01 10:00:00,14878.491167993077,14769.400279700449,12079.926441744052
forecast_8027,2025-12-01 11:00:00,11644.255696180371,12015.42535068043,8320.893826492927
forecast_8028,2025-12-01 12:00:00,8934.00838833449,7344.549613719745,6066.968144611358
forecast_8029,2025-12-01 13:00:00,7532.2069054991825,6377.128601927934,5184.406607317755
forecast_8030,2025-12-01 14:00:00,6450.12424707794,5352.7623333328875,4253.888399376925
forecast_8031,2025-12-01 15:00:00,5617.070994401577,4210.271839488283,3540.7723929272815
forecast_8032,2025-12-01 16:00:00,5409.756940319901,4322.1859237038425,3644.894368129735
forecast_8033,2025-12-01 17:00:00,5955.687750629864,4538.867347423925,3910.7544027482195
forecast_8034,2025-12-01 18:00:00,6908.168401701834,6002.573672037926,4545.336532562323
forecast_8035,2025-12-01 19:00:00,7804.898711772588,6622.371793706991,5124.231894982809
forecast_8036,2025-12-01 20:00:00,10955.33960119511,10722.284162085718,7413.141785787082
forecast_8037,2025-12-01 21:00:00,12911.437576634857,13067.43581945358,8591.612967545774
forecast_8038,2025-12-01 22:00:00,13732.294065456545,14687.036423709653,9796.728433695604
forecast_8039,2025-12-01 23:00:00,14971.602677353738,16080.664330065678,11804.757012282345
forecast_8040,2025-12-02 00:00:00,16500.722610299632,16991.93587142885,14244.090046827052
forecast_8041,2025-12-02 01:00:00,17443.308158401844,17501.086205110947,14586.742200016895
forecast_8042,2025-12-02 02:00:00,17242.306479434832,16718.834029550853,14682.421501778552
forecast_8043,2025-12-02 03:00:00,18714.246762217976,18319.42576744505,16870.96172165931
forecast_8044,2025-12-02 04:00:00,18733.44848339897,17947.48544058051,17145.70535307362
forecast_8045,2025-12-02 05:00:00,18430.210649530647,17861.32327753857,16624.85661713117
forecast_8046,2025-12-02 06:00:00,17989.989480277884,17897.25497344468,15315.383307407315
forecast_8047,2025-12-02 07:00:00,16602.991352645106,16569.63939648406,11837.793227018843
forecast_8048,2025-12-02 08:00:00,14510.304731777753,14666.588603145477,9804.144983548182
forecast_8049,2025-12-02 09:00:00,11991.812892983991,12767.006648658915,8327.791331021579
forecast_8050,2025-12-02 10:00:00,10080.80965101145,10722.338761631927,7845.843734859524
forecast_8051,2025-12-02 11:00:00,8758.536301905056,8784.112659269314,6760.1145014145695
forecast_8052,2025-12-02 12:00:00,9209.508778864434,9692.415086975954,7414.602976182748
forecast_8053,2025-12-02 13:00:00,10362.481122172076,10678.623445755416,8174.662837923527
forecast_8054,2025-12-02 14:00:00,10974.730833945732,11575.541506054944,8331.641587686954
forecast_8055,2025-12-02 15:00:00,12207.796278407353,12174.427352728111,9108.16550648377
forecast_8056,2025-12-02 16:00:00,13333.320372322854,13139.842563261258,10266.569464133556
forecast_8057,2025-12-02 17:00:00,13749.7598727095,14086.119627496433,10974.225637305815
forecast_8058,2025-12-02 18:00:00,14755.202636751219,16106.87593114906,11970.409210726973
forecast_8059,2025-12-02 19:00:00,15399.920634909042,16820.48553055623,13151.68310820172
forecast_8060,2025-12-02 20:00:00,15954.33048892519,17162.202826829656,14028.210604161653
forecast_8061,2025-12-02 21:00:00,16083.473249034352,17453.48782904599,14881.573114110972
forecast_8062,2025-12-02 22:00:00,16162.761985343615,16736.711867486323,15544.95347867441
forecast_8063,2025-12-02 23:00:00,16210.386645977722,16619.63186075191,15857.424358187995
forecast_8064,2025-12-03 00:00:00,16094.135168724664,16945.29758137106,15795.112266222326
forecast_8065,2025-12-03 01:00:00,16152.350624191036,17629.16471771449,16319.80894412051
forecast_8066,2025-12-03 02:00:00,15985.00818842162,17571.116727408236,15856.30675240732
forecast_8067,2025-12-03 03:00:00,15770.513301691022,17168.615713886626,15498.656362119826
forecast_8068,2025-12-03 04:00:00,15550.093338576866,17072.31124164041,15099.857835397357
forecast_8069,2025-12-03 05:00:00,14831.111196256292,16294.499753165825,14313.28482478963
forecast_8070,2025-12-03 06:00:00,14627.157176935338,16279.471796560752,13194.940792309
forecast_8071,2025-12-03 07:00:00,14649.534092479396,16257.713686884523,12761.227031339487
forecast_8072,2025-12-03 08:00:00,14714.037224110943,16395.377464581426,13203.418644859965
forecast_8073,2025-12-03 09:00:00,15384.863015766652,17161.872630897014,13484.04448589774
forecast_8074,2025-12-03 10:00:00,16127.11180695991,17180.01989372797,13131.537083965217
forecast_8075,2025-12-03 11:00:00,16272.863113421165,17907.58530642897,13047.447152118308
forecast_8076,2025-12-03 12:00:00,16420.93346121383,18079.349207297604,13047.4909912504
forecast_8077,2025-12-03 13:00:00,16613.236297959415,17944.71545477352,13419.414224486256
forecast_8078,2025-12-03 14:00:00,16570.459036749002,18099.126835482894,13728.049222500465
forecast_8079,2025-12-03 15:00:00,16353.076583514958,18127.68825423072,13482.449253936215
forecast_8080,2025-12-03 16:00:00,16058.18489983203,17886.729271715943,13170.899645843914
forecast_8081,2025-12-03 17:00:00,15660.096453890023,17097.024625364946,13594.849319566765
forecast_8082,2025-12-03 18:00:00,15169.834490398844,16519.39645669951,13942.810096697223
forecast_8083,2025-12-03 19:00:00,14773.059319879552,16045.392949769097,13945.498248205015
forecast_8084,2025-12-03 20:00:00,14580.869870396476,16309.081663741834,14224.389282241798
forecast_8085,2025-12-03 21:00:00,14986.481429973179,16810.161289341675,14857.748311048948
forecast_8086,2025-12-03 22:00:00,15511.256101930294,17024.541343926845,14805.945670658593
forecast_8087,2025-12-03 23:00:00,16178.761818432624,18056.582269021696,14510.550863284707
forecast_8088,2025-12-04 00:00:00,15777.782729967874,17493.78469923381,12692.47845093862
forecast_8089,2025-12-04 01:00:00,15770.106850601464,17924.705907123338,12833.701625574675
forecast_8090,2025-12-04 02:00:00,16423.540211672786,18266.467351731575,13666.649423906278
forecast_8091,2025-12-04 03:00:00,18218.92795904157,18975.59648840446,15216.930396634409
forecast_8092,2025-12-04 04:00:00,18895.477502455753,19239.691274118235,15952.917407385163
forecast_8093,2025-12-04 05:00:00,19869.567336050837,19641.356176044606,17240.302901423005
forecast_8094,2025-12-04 06:00:00,20268.65116283679,19095.42199473759,17850.595385577286
forecast_8095,2025-12-04 07:00:00,20173.622956581115,18991.825820475642,18126.211778838977
forecast_8096,2025-12-04 08:00:00,19850.610841398207,19215.31018085195,17903.89113930061
forecast_8097,2025-12-04 09:00:00,18946.10463979635,19372.623989983425,17593.769851969024
forecast_8098,2025-12-04 10:00:00,16690.550117908773,18414.37670181891,16390.62858720214
forecast_8099,2025-12-04 11:00:00,14344.411759870214,16560.71799244197,14148.115033720343
forecast_8100,2025-12-04 12:00:00,13494.94546488896,15718.841549016257,11856.316111654973
forecast_8101,2025-12-04 13:00:00,13033.64960745161,14264.41721657155,10248.876827064607
forecast_8102,2025-12-04 14:00:00,13047.081305702857,13080.008290745995,9526.98072859808
forecast_8103,2025-12-04 15:00:00,12784.656181719309,12914.810564045947,9074.082247898634
forecast_8104,2025-12-04 16:00:00,13353.084543861376,13815.498584450957,10785.383811725907
forecast_8105,2025-12-04 17:00:00,14458.20738200449,15335.121519118822,13431.031918019247
forecast_8106,2025-12-04 18:00:00,15535.636567235839,16971.329332489528,15588.80786712625
forecast_8107,2025-12-04 19:00:00,16902.870039655318,17540.336564217854,17391.7616662687
forecast_8108,2025-12-04 20:00:00,17480.29687584274,17735.619605504817,17833.692435780613
forecast_8109,2025-12-04 21:00:00,16807.711324380078,17134.051476829023,16747.962281779586
forecast_8110,2025-12-04 22:00:00,16608.1146944904,17708.873963187514,16160.719082245145
forecast_8111,2025-12-04 23:00:00,15953.451676111192,16917.287640990464,15672.759412081854
forecast_8112,2025-12-05 00:00:00,15797.17990565853,16191.40735392037,14947.505700907052
forecast_8113,2025-12-05 01:00:00,15547.063952953687,16140.869615463596,14321.828243757818
forecast_8114,2025-12-05 02:00:00,15731.649645663389,16646.68365107027,14213.635043832157
forecast_8115,2025-12-05 03:00:00,15343.326060077194,16293.667275219132,13948.165016997282
forecast_8116,2025-12-05 04:00:00,15336.897548569596,16238.439006798395,13734.249056972789
forecast_8117,2025-12-05 05:00:00,16210.228541314951,16758.17940231316,14561.930902998585
forecast_8118,2025-12-05 06:00:00,16900.60175659197,17500.576492544584,14097.207384469206
forecast_8119,2025-12-05 07:00:00,17165.47414257466,17509.980657933593,13469.086044855132
forecast_8120,2025-12-05 08:00:00,17655.37327264688,17466.210406440347,13151.272745568265
forecast_8121,2025-12-05 09:00:00,16855.73666126407,17090.139290633557,11922.553607179598
forecast_8122,2025-12-05 10:00:00,15402.655445246794,16312.154237581772,11405.12553560922
forecast_8123,2025-12-05 11:00:00,13847.514783747092,15165.969786877307,10433.884520777148
forecast_8124,2025-12-05 12:00:00,12702.986390228623,14441.401876196573,9919.379465619984
forecast_8125,2025-12-05 13:00:00,12589.819967954418,13442.201274820354,9983.58553844888
forecast_8126,2025-12-05 14:00:00,13282.895488427235,14812.741821592448,10659.258867728407
forecast_8127,2025-12-05 15:00:00,14826.95832644045,16000.61776566152,11912.084218151162
forecast_8128,2025-12-05 16:00:00,16422.359255941254,16279.374004168469,13180.777676972622
forecast_8129,2025-12-05 17:00:00,17948.9741883057,17528.00731429493,14615.848600142675
forecast_8130,2025-12-05 18:00:00,18432.282535572675,18981.093524945863,15118.841734654554
forecast_8131,2025-12-05 19:00:00,17629.46736470342,18701.786909522467,14208.279546773123
forecast_8132,2025-12-05 20:00:00,17851.590152898847,18668.327091051862,14560.747544713637
forecast_8133,2025-12-05 21:00:00,18766.810010858462,19278.06626180619,15470.05929702594
forecast_8134,2025-12-05 22:00:00,19089.346376972782,19570.133549934835,16012.392427412855
forecast_8135,2025-12-05 23:00:00,19617.4771269403,19680.61284568641,17209.212005481357
forecast_8136,2025-12-06 00:00:00,20079.46523670505,19717.829331462213,18086.646632868713
forecast_8137,2025-12-06 01:00:00,19763.634543220443,19745.804746894537,16882.58786738224
forecast_8138,2025-12-06 02:00:00,20710.55992115676,20080.603843386223,18149.87503550138
forecast_8139,2025-12-06 03:00:00,20759.36862446789,20008.656101756656,18619.564941283817
forecast_8140,2025-12-06 04:00:00,20560.417818752776,20057.415765870384,18588.45769121887
forecast_8141,2025-12-06 05:00:00,20638.166344673424,20256.68448864424,18664.65499090297
forecast_8142,2025-12-06 06:00:00,20664.309501270276,20350.735252286337,18063.508953947494
forecast_8143,2025-12-06 07:00:00,20431.832192770886,20120.869280377236,17153.783989229763
forecast_8144,2025-12-06 08:00:00,19920.287437285882,19673.233029220442,15975.425604728982
forecast_8145,2025-12-06 09:00:00,19120.577543251715,19462.73627098101,15361.298045243784
forecast_8146,2025-12-06 10:00:00,18722.610180355616,19286.673105453003,16201.549638133294
forecast_8147,2025-12-06 11:00:00,18036.60871628922,18380.372676641164,15970.191697375278
forecast_8148,2025-12-06 12:00:00,16975.75185523287,17967.815998989427,15774.738578398017
forecast_8149,2025-12-06 13:00:00,17068.842978001958,17367.672973163397,15579.657620062742
forecast_8150,2025-12-06 14:00:00,16769.910704309477,17503.948606044003,16476.540667586305
forecast_8151,2025-12-06 15:00:00,17364.920820732244,17984.319259629843,17177.214157303708
forecast_8152,2025-12-06 16:00:00,17789.91787144675,18576.659375006013,17428.761741688715
forecast_8153,2025-12-06 17:00:00,17568.646089636033,18726.944428114213,17673.621575749174
forecast_8154,2025-12-06 18:00:00,17538.699642438365,18934.27543690112,18027.721899176115
forecast_8155,2025-12-06 19:00:00,18266.358966051183,18994.8881588538,18601.499070866623
forecast_8156,2025-12-06 20:00:00,18681.974847012683,19191.4077337376,18513.760875307744
forecast_8157,2025-12-06 21:00:00,19191.557299136875,19515.447257268817,18913.868209090688
forecast_8158,2025-12-06 22:00:00,19249.514530224777,19360.161443048062,18918.400403767242
forecast_8159,2025-12-06 23:00:00,19105.50249706816,19016.405884388005,18784.38754057652
forecast_8160,2025-12-07 00:00:00,18980.958802945155,19310.375880332787,18808.020607618106
forecast_8161,2025-12-07 01:00:00,18985.707023990934,19473.804466206784,18315.6417333192
forecast_8162,2025-12-07 02:00:00,18625.8118655403,19121.618356770865,18004.520966242017
forecast_8163,2025-12-07 03:00:00,18436.49123154054,19045.055255427986,18074.49175608537
forecast_8164,2025-12-07 04:00:00,18607.919578639056,18909.811492133478,18372.980432614895
forecast_8165,2025-12-07 05:00:00,18797.326313460362,18764.876393001752,18714.482509067875
forecast_8166,2025-12-07 06:00:00,19146.920135757155,18811.140696002185,19069.516250219378
forecast_8167,2025-12-07 07:00:00,19568.488675409368,19000.742293729043,19507.9118313348
forecast_8168,2025-12-07 08:00:00,19414.706534552388,19106.129518159658,19314.13523527982
forecast_8169,2025-12-07 09:00:00,18795.592083591557,19114.070142787838,19035.890849157437
forecast_8170,2025-12-07 10:00:00,18004.616108763523,18697.206793188197,18171.126521869577
forecast_8171,2025-12-07 11:00:00,17438.632329165914,18635.026847973448,17388.446645128963
forecast_8172,2025-12-07 12:00:00,16934.512169750855,18205.55817181988,16225.72768916527
forecast_8173,2025-12-07 13:00:00,17095.109745228292,18317.74756789838,15432.57518683036
forecast_8174,2025-12-07 14:00:00,17598.78734026773,18586.248265762544,15586.070027065678
forecast_8175,2025-12-07 15:00:00,17961.824054315708,18570.29546567637,16157.114378411145
forecast_8176,2025-12-07 16:00:00,18279.1705485842,19328.92500115099,17210.600190196346
forecast_8177,2025-12-07 17:00:00,18185.201357799655,19320.861397034503,17836.958537614148
forecast_8178,2025-12-07 18:00:00,18246.83468206359,19341.869659476917,17836.296237036786
forecast_8179,2025-12-07 19:00:00,18042.647029186868,19253.04789851079,17712.99332335897
forecast_8180,2025-12-07 20:00:00,18088.744387598505,19236.144390017173,17274.599559496837
forecast_8181,2025-12-07 21:00:00,17960.8379797159,19215.816323427847,16913.72600415606
forecast_8182,2025-12-07 22:00:00,17847.578070555523,19184.040789854218,16869.811051208762
forecast_8183,2025-12-07 23:00:00,17826.6005845448,19048.76006498254,16661.19286447298
forecast_8184,2025-12-08 00:00:00,17793.65561186806,18898.371736333753,16434.10310939339
forecast_8185,2025-12-08 01:00:00,17414.21123539673,18891.48546000384,15875.78996431867
forecast_8186,2025-12-08 02:00:00,17649.53124544977,18710.851697931907,15872.336900419883
forecast_8187,2025-12-08 03:00:00,16965.518934247862,18168.885470433313,14356.571763408061
forecast_8188,2025-12-08 04:00:00,16697.38170477905,17677.066461430506,13980.037366720884
forecast_8189,2025-12-08 05:00:00,15523.980133581772,16973.652736004067,13765.323144937183
forecast_8190,2025-12-08 06:00:00,14952.094132762233,15765.367242156213,13688.102501461934
forecast_8191,2025-12-08 07:00:00,14567.721246696485,15364.34622799752,13129.519484161763
forecast_8192,2025-12-08 08:00:00,13758.620744166163,14589.697853001608,11918.064541403117
forecast_8193,2025-12-08 09:00:00,12330.254065997713,12518.200772894488,10371.244531288052
forecast_8194,2025-12-08 10:00:00,11426.889038593124,11679.286133079022,8652.487547540897
forecast_8195,2025-12-08 11:00:00,9856.722519220162,9458.659683838676,6235.676021988718
forecast_8196,2025-12-08 12:00:00,7797.562970869278,6258.017767760954,4987.973582914383
forecast_8197,2025-12-08 13:00:00,6703.17801475849,4870.236907362118,4511.100360410654
forecast_8198,2025-12-08 14:00:00,6011.326519183367,4238.567988602634,4289.6795061736375
forecast_8199,2025-12-08 15:00:00,5998.05451329569,4341.138535165412,4345.799110084945
forecast_8200,2025-12-08 16:00:00,6373.041344460244,4591.609624611816,4675.588833324744
forecast_8201,2025-12-08 17:00:00,7612.156195045147,6985.229017461513,5619.38395701935
forecast_8202,2025-12-08 18:00:00,9688.097580225556,8771.910827288639,6978.703634049333
forecast_8203,2025-12-08 19:00:00,11420.220394571485,11287.67605126773,8071.080390578623
forecast_8204,2025-12-08 20:00:00,13222.499472123018,13372.254017206593,9642.227876642979
forecast_8205,2025-12-08 21:00:00,14503.352979575704,15984.376834632107,11070.168900183793
forecast_8206,2025-12-08 22:00:00,15328.06121232314,16545.955725119864,11909.824578805452
forecast_8207,2025-12-08 23:00:00,15341.066528852538,16989.720485222737,11534.102394234276
forecast_8208,2025-12-09 00:00:00,15537.170134018073,17216.862227999103,11894.720350516036
forecast_8209,2025-12-09 01:00:00,15831.670360721408,16803.3874110819,11438.458644755778
forecast_8210,2025-12-09 02:00:00,15967.322822206053,17226.456105178615,11492.806063912712
forecast_8211,2025-12-09 03:00:00,17091.149931471162,17915.85939614052,12480.773891372795
forecast_8212,2025-12-09 04:00:00,17583.09609767183,18537.10921923008,13313.636263335316
forecast_8213,2025-12-09 05:00:00,18015.25519789332,19143.43408686725,14167.184726715586
forecast_8214,2025-12-09 06:00:00,18251.475921960453,19884.882540567392,14670.96592520001
forecast_8215,2025-12-09 07:00:00,18412.793829943643,19935.55876019507,14921.469776449667
forecast_8216,2025-12-09 08:00:00,18791.522556232787,19595.622807806772,15097.164949378006
forecast_8217,2025-12-09 09:00:00,18838.678968192125,19380.607468704427,15777.542561321094
forecast_8218,2025-12-09 10:00:00,16502.414945296026,18108.50980888762,15204.860215970075
forecast_8219,2025-12-09 11:00:00,15732.191622851027,17289.921355191924,14672.141595115949
forecast_8220,2025-12-09 12:00:00,14977.719895098044,16936.69615454201,13841.36109686978
forecast_8221,2025-12-09 13:00:00,14099.361904013058,15926.563324903962,12679.118812150135
forecast_8222,2025-12-09 14:00:00,14065.224282944793,15695.496483687044,12125.938700867804
forecast_8223,2025-12-09 15:00:00,13834.560106309533,14723.525432417344,11011.38361180679
forecast_8224,2025-12-09 16:00:00,13469.492915772571,14135.206696039653,10207.915298403661
forecast_8225,2025-12-09 17:00:00,14038.663484005243,13971.322241801734,10611.117453457566
forecast_8226,2025-12-09 18:00:00,14515.368283282842,14776.29034684746,11737.971852575844
forecast_8227,2025-12-09 19:00:00,15228.559633001625,15682.397522105413,12752.70789230119
forecast_8228,2025-12-09 20:00:00,15303.825459084119,15778.268909894925,12483.600141974232
forecast_8229,2025-12-09 21:00:00,15313.487964782838,15558.318951248273,12117.01266726459
forecast_8230,2025-12-09 22:00:00,14601.570843602914,15549.854711987431,11154.946555313498
forecast_8231,2025-12-09 23:00:00,14000.85744319616,15146.602204994328,10291.867703931855
forecast_8232,2025-12-10 00:00:00,13572.088547122432,14633.550634640713,10186.134073859917
forecast_8233,2025-12-10 01:00:00,12886.56796311451,15110.533400759114,9012.23384858634
forecast_8234,2025-12-10 02:00:00,14074.747611895476,16043.430840003955,10213.978620553944
forecast_8235,2025-12-10 03:00:00,15813.305225584423,16829.08417105054,11018.291473565127
forecast_8236,2025-12-10 04:00:00,16918.77494791441,16525.636680294407,11964.103451889683
forecast_8237,2025-12-10 05:00:00,17370.560632296823,16556.88034011625,12950.458080560962
forecast_8238,2025-12-10 06:00:00,17418.980688070944,16372.838187377369,13090.480417115828
forecast_8239,2025-12-10 07:00:00,17193.08347593678,16390.82134008821,13025.17376509527
forecast_8240,2025-12-10 08:00:00,16834.870318849236,16136.851161015973,12575.39389643446
forecast_8241,2025-12-10 09:00:00,15806.823990987115,16456.76772960418,11638.49204514051
forecast_8242,2025-12-10 10:00:00,15687.641529643088,16535.420351371566,12444.472637603314
forecast_8243,2025-12-10 11:00:00,14592.123870174684,15549.71096578943,12199.15441720963
forecast_8244,2025-12-10 12:00:00,13268.230017613983,14003.585941632782,10783.998584914905
forecast_8245,2025-12-10 13:00:00,12789.069264310172,13184.928022638795,9911.02715844054
forecast_8246,2025-12-10 14:00:00,12032.176995391366,11261.494932127327,8448.457739254249
forecast_8247,2025-12-10 15:00:00,9950.496636728054,9858.546010301792,6196.25465644726
forecast_8248,2025-12-10 16:00:00,8887.079613718415,8218.408939683692,5667.205603810287
forecast_8249,2025-12-10 17:00:00,9512.677053617412,8755.452432548524,5775.323443488678
forecast_8250,2025-12-10 18:00:00,9811.601614590387,10171.291344449675,6370.818582640029
forecast_8251,2025-12-10 19:00:00,10409.727940709592,10618.36747128825,7162.755120445583
forecast_8252,2025-12-10 20:00:00,11401.831915452898,12019.215801872899,8389.188027314794
forecast_8253,2025-12-10 21:00:00,13134.742123048623,15347.381545507222,9510.10511091156
forecast_8254,2025-12-10 22:00:00,16444.09395791257,18041.480983302536,12438.889192973169
forecast_8255,2025-12-10 23:00:00,18276.806982884667,18415.89785696716,15955.55909983461
forecast_8256,2025-12-11 00:00:00,18447.155741431674,18377.123127378327,16481.60419775712
forecast_8257,2025-12-11 01:00:00,18917.49008726708,19055.19498359682,17863.912019081596
forecast_8258,2025-12-11 02:00:00,18427.498823717753,18933.58750556878,18177.275561764684
forecast_8259,2025-12-11 03:00:00,18449.052635670454,19196.22330920549,18594.94061229774
forecast_8260,2025-12-11 04:00:00,18778.16031928761,19638.555337897626,18455.006469203112
forecast_8261,2025-12-11 05:00:00,18778.819427967188,19250.83951933992,18112.01440860256
forecast_8262,2025-12-11 06:00:00,18594.941554236517,19382.473799415537,18421.497516679116
forecast_8263,2025-12-11 07:00:00,18666.813009276804,19120.985036861093,18949.28261001939
forecast_8264,2025-12-11 08:00:00,17141.67380571083,18192.351524939157,17778.017312997785
forecast_8265,2025-12-11 09:00:00,17184.07970575994,18196.31051558959,18168.624563128087
forecast_8266,2025-12-11 10:00:00,17907.48531264892,18613.493782663598,18309.68399478226
forecast_8267,2025-12-11 11:00:00,17971.186253886026,18091.373100178364,17748.88083136518
forecast_8268,2025-12-11 12:00:00,17285.52084653646,17549.593859643945,17326.390489566526
forecast_8269,2025-12-11 13:00:00,15349.466744098178,15518.560600459576,14724.272953851156
forecast_8270,2025-12-11 14:00:00,13767.503429446555,14738.050283602073,11814.254315423115
forecast_8271,2025-12-11 15:00:00,13356.581280260954,13838.780101302566,11017.919930263262
forecast_8272,2025-12-11 16:00:00,12927.043906048295,13482.339026084053,10563.370994263412
forecast_8273,2025-12-11 17:00:00,13014.77603896678,13368.832306074157,10833.610522438463
forecast_8274,2025-12-11 18:00:00,13129.349713030064,13774.863897811274,11040.81590973561
forecast_8275,2025-12-11 19:00:00,12674.092513362233,12383.029297738478,9215.252740884744
forecast_8276,2025-12-11 20:00:00,11025.468533075778,10075.759201019931,7038.860753864374
forecast_8277,2025-12-11 21:00:00,7268.135445910953,6695.022871751919,4831.014684770324
forecast_8278,2025-12-11 22:00:00,6017.472051807801,4897.926846853728,4338.1617896532225
forecast_8279,2025-12-11 23:00:00,5613.430759799683,4863.609891392475,4207.549214895376
forecast_8280,2025-12-12 00:00:00,5210.982651466931,4598.105923810612,4465.1655878954525
forecast_8281,2025-12-12 01:00:00,4742.782771261836,4008.868421410119,4317.806973590756
forecast_8282,2025-12-12 02:00:00,3742.771566033127,3205.4616125772454,3620.693055517624
forecast_8283,2025-12-12 03:00:00,3383.9864015552002,2882.1747202411543,3116.76882363651
forecast_8284,2025-12-12 04:00:00,3437.2697708494907,2328.8210324356105,3306.703638033073
forecast_8285,2025-12-12 05:00:00,3623.5265920623733,3058.545898848368,3478.3270599527823
forecast_8286,2025-12-12 06:00:00,3409.1330442492167,2474.8955662105773,3170.912771155125
forecast_8287,2025-12-12 07:00:00,3222.8781451498985,2331.914187061353,2956.417364473107
forecast_8288,2025-12-12 08:00:00,3011.520036550338,2029.4254135225774,2877.1422387566827
forecast_8289,2025-12-12 09:00:00,2767.5213428885154,1927.7419990988997,2728.227358827841
forecast_8290,2025-12-12 10:00:00,3208.3999042641985,1861.8452154113947,2839.7737361735753
forecast_8291,2025-12-12 11:00:00,2796.215746655202,1611.764892005052,2593.532843547733
forecast_8292,2025-12-12 12:00:00,2969.089765997275,1614.0738958602567,2447.490141982482
forecast_8293,2025-12-12 13:00:00,2459.156590674218,1297.0667344781282,2456.0273243666916
forecast_8294,2025-12-12 14:00:00,2157.9124673658316,1346.1380355219258,2189.3940311945935
forecast_8295,2025-12-12 15:00:00,2233.0639523248287,1523.9119566452828,2430.667866781443
forecast_8296,2025-12-12 16:00:00,3272.0896113456038,1552.6950285219812,2589.9479935329637
forecast_8297,2025-12-12 17:00:00,3445.8773549863345,2163.3227405541693,2727.437892788626
forecast_8298,2025-12-12 18:00:00,3623.485743576969,2667.554085436286,2755.5581410018194
forecast_8299,2025-12-12 19:00:00,3929.4444372413273,2562.468861102264,2921.5175653806805
forecast_8300,2025-12-12 20:00:00,4537.422141060226,3531.1724620361447,3553.1825236528734
forecast_8301,2025-12-12 21:00:00,5191.184521856376,4158.410799757479,3783.775030292829
forecast_8302,2025-12-12 22:00:00,5661.680146265327,4751.6199868272615,4328.939876351777
forecast_8303,2025-12-12 23:00:00,6563.684668033851,4685.8499032173,4368.741394822047
forecast_8304,2025-12-13 00:00:00,7263.816054146795,6249.861188882057,5000.542603736104
forecast_8305,2025-12-13 01:00:00,7615.533373915247,5285.075286085166,5188.78685155535
forecast_8306,2025-12-13 02:00:00,6949.374822912601,6670.4627073261345,5005.797404343552
forecast_8307,2025-12-13 03:00:00,7320.254146664658,7809.621982386867,5149.644825190218
forecast_8308,2025-12-13 04:00:00,8411.439975371355,8742.349732625149,5465.189386232084
forecast_8309,2025-12-13 05:00:00,9290.083436022142,9322.655517957424,5559.138611734468
forecast_8310,2025-12-13 06:00:00,9337.488341768061,9172.5085173261,5547.038341816738
forecast_8311,2025-12-13 07:00:00,8861.976880339213,8222.500900038287,4793.843498413977
forecast_8312,2025-12-13 08:00:00,8416.809228051803,8390.44287488859,4497.015404438109
forecast_8313,2025-12-13 09:00:00,7909.382879713821,7513.7637462002795,4805.973699714795
forecast_8314,2025-12-13 10:00:00,5759.053807749357,4882.097594930464,3790.182140699395
forecast_8315,2025-12-13 11:00:00,4227.077839923469,2792.081921913891,3124.6748817723956
forecast_8316,2025-12-13 12:00:00,3900.643844715849,3104.687842102296,2888.856301185334
forecast_8317,2025-12-13 13:00:00,3308.663149644696,2079.781026042621,2620.0739641278
forecast_8318,2025-12-13 14:00:00,3741.061924608419,2729.2641531448558,2806.311344349378
forecast_8319,2025-12-13 15:00:00,3862.4001081785254,3110.700182401537,2797.0467798670784
forecast_8320,2025-12-13 16:00:00,4279.338308807524,3015.4141713150716,3227.02399860131
forecast_8321,2025-12-13 17:00:00,4443.22779941917,3599.2617126405635,3564.977338255101
forecast_8322,2025-12-13 18:00:00,5458.271338242666,6623.3082739390875,4367.527769214856
forecast_8323,2025-12-13 19:00:00,6083.624856526023,8457.064550869598,4800.850203207894
forecast_8324,2025-12-13 20:00:00,7389.8243036572085,9981.4847508527,5815.211277295045
forecast_8325,2025-12-13 21:00:00,8165.044054125532,9985.837096778996,6589.154187790126
forecast_8326,2025-12-13 22:00:00,9405.623628832678,10978.28042198312,7926.127332761762
forecast_8327,2025-12-13 23:00:00,12032.965793908219,13616.669299482195,11755.79360302947
forecast_8328,2025-12-14 00:00:00,11812.741744383702,13289.668960516117,11998.517811950798
forecast_8329,2025-12-14 01:00:00,13816.790672754236,15317.406537003162,13517.68038889725
forecast_8330,2025-12-14 02:00:00,15511.753643352702,16398.832301905684,14248.094074272132
forecast_8331,2025-12-14 03:00:00,15798.015643475377,16383.78885205441,14558.99138924996
forecast_8332,2025-12-14 04:00:00,16337.364533526288,17112.31157748661,15801.803656564003
forecast_8333,2025-12-14 05:00:00,17295.43532611272,17238.13584570179,16695.413933095304
forecast_8334,2025-12-14 06:00:00,16923.004121879032,17361.14295224025,16031.513256302425
forecast_8335,2025-12-14 07:00:00,17395.64962501648,17318.815968795418,16485.30287932068
forecast_8336,2025-12-14 08:00:00,17149.5174468815,17749.571066598666,16549.662552971346
forecast_8337,2025-12-14 09:00:00,18081.78508134212,17434.499008710503,16963.848094815286
forecast_8338,2025-12-14 10:00:00,17246.994427373284,17723.224174382325,15467.921267446964
forecast_8339,2025-12-14 11:00:00,16747.55025886095,17179.551386275532,14856.047513299833
forecast_8340,2025-12-14 12:00:00,16105.960331676031,16606.83708917271,13750.583272865486
forecast_8341,2025-12-14 13:00:00,15663.973202923735,16018.676869789184,12798.053920652519
forecast_8342,2025-12-14 14:00:00,14714.220942555185,14826.74892699741,11553.637639842109
forecast_8343,2025-12-14 15:00:00,13406.02561420975,13000.114974761686,10507.137716321344
forecast_8344,2025-12-14 16:00:00,13162.83520944391,13113.913226074155,10894.757885650113
forecast_8345,2025-12-14 17:00:00,13526.191630912752,13497.112701933764,11438.302355388965
forecast_8346,2025-12-14 18:00:00,14654.935089494556,14820.297172164494,13055.707534856234
forecast_8347,2025-12-14 19:00:00,15783.292503703933,15617.528050731295,14495.560982176767
forecast_8348,2025-12-14 20:00:00,16277.28647842597,16583.178278707193,15405.358286391212
forecast_8349,2025-12-14 21:00:00,16391.69250411299,17006.639738368198,15696.732499921485
forecast_8350,2025-12-14 22:00:00,16296.153677677365,17214.68969794375,15750.013242731926
forecast_8351,2025-12-14 23:00:00,17037.94271059933,17946.395287852727,16497.630795206285
forecast_8352,2025-12-15 00:00:00,18337.084772953986,18785.23186714943,17253.133661600965
forecast_8353,2025-12-15 01:00:00,18367.116215166156,18534.26681069351,16673.650202132336
forecast_8354,2025-12-15 02:00:00,18914.195054773754,19556.971847854264,16769.512961437442
forecast_8355,2025-12-15 03:00:00,19201.97074832428,19573.559554487412,17070.954971046944
forecast_8356,2025-12-15 04:00:00,19350.907430234995,19462.894158006722,17302.995859510884
forecast_8357,2025-12-15 05:00:00,19351.619015542845,19616.7355168027,16762.685072898537
forecast_8358,2025-12-15 06:00:00,19183.41128868996,19259.749077808432,16104.050667805643
forecast_8359,2025-12-15 07:00:00,19207.840525133,19244.361684174284,15480.775339801447
forecast_8360,2025-12-15 08:00:00,18706.34408136,18778.807835818083,14103.210933986142
forecast_8361,2025-12-15 09:00:00,17499.731928458277,18018.14384654897,12514.911420072
forecast_8362,2025-12-15 10:00:00,17239.099132578427,17322.71201513589,12527.503048645945
forecast_8363,2025-12-15 11:00:00,16502.58209263192,16883.950974032163,11527.543969724795
forecast_8364,2025-12-15 12:00:00,14731.908341967632,15370.425492798651,11299.414859596425
forecast_8365,2025-12-15 13:00:00,13943.198837914715,14526.452540480168,10812.621294752502
forecast_8366,2025-12-15 14:00:00,15114.503041818036,16400.38050607223,12056.443669439355
forecast_8367,2025-12-15 15:00:00,17112.58263569464,17855.373692154648,14369.336187442115
forecast_8368,2025-12-15 16:00:00,16976.804568379022,16893.154059026303,15055.748825134273
forecast_8369,2025-12-15 17:00:00,18820.857356211458,18608.598755757845,17156.277071526336
forecast_8370,2025-12-15 18:00:00,19946.504351987503,19726.67041899092,18611.36457750679
forecast_8371,2025-12-15 19:00:00,20185.208139208004,19708.841547129625,19346.832658984065
forecast_8372,2025-12-15 20:00:00,20139.44749106517,20107.95727035081,19591.8071421641
forecast_8373,2025-12-15 21:00:00,20286.16101299245,20140.638521051453,19577.39456343551
forecast_8374,2025-12-15 22:00:00,20098.198900629952,20106.55700229206,19296.57233157447
forecast_8375,2025-12-15 23:00:00,19704.706126059715,19847.556704054863,18807.883175066454
forecast_8376,2025-12-16 00:00:00,19344.273674680877,19291.18567972577,18367.74749691549
forecast_8377,2025-12-16 01:00:00,19381.00777761982,18914.85422857952,17810.21701475711
forecast_8378,2025-12-16 02:00:00,19060.365747947195,18018.03615430566,17243.37724633483
forecast_8379,2025-12-16 03:00:00,17798.164598721258,17553.037203252785,15386.422318477897
forecast_8380,2025-12-16 04:00:00,17003.548704281515,16981.668252958145,13801.922397234244
forecast_8381,2025-12-16 05:00:00,14815.001101076068,15000.673965558752,12313.39967022475
forecast_8382,2025-12-16 06:00:00,13623.264157570262,14443.482140045666,10344.356781236736
forecast_8383,2025-12-16 07:00:00,12857.089861988854,13595.894138675816,9976.021399216537
forecast_8384,2025-12-16 08:00:00,12951.501101681708,13591.99506895344,9797.96747042291
forecast_8385,2025-12-16 09:00:00,12047.805564988208,12836.741955501766,9682.745716874284
forecast_8386,2025-12-16 10:00:00,12378.72475968879,13563.082164857931,9945.34176420223
forecast_8387,2025-12-16 11:00:00,11395.920287981735,12371.299570393927,9486.557243948617
forecast_8388,2025-12-16 12:00:00,10964.570884289818,12268.575698063793,8995.406919743784
forecast_8389,2025-12-16 13:00:00,11014.924676486104,11856.847317190815,9059.592284062983
forecast_8390,2025-12-16 14:00:00,10818.197150138767,11064.784086780997,8899.515651736147
forecast_8391,2025-12-16 15:00:00,10590.421978587496,10542.121612842317,8625.103382972598
forecast_8392,2025-12-16 16:00:00,10322.325332894377,9884.593393853802,7925.728340383911
forecast_8393,2025-12-16 17:00:00,9680.692458079313,9506.596932136346,6615.637267828257
forecast_8394,2025-12-16 18:00:00,9673.276093992426,9616.380038200936,7459.879678978791
forecast_8395,2025-12-16 19:00:00,9103.080346596656,9730.175062499371,7118.630864406528
forecast_8396,2025-12-16 20:00:00,8292.27843496312,9754.310991649629,6596.220902349594
forecast_8397,2025-12-16 21:00:00,8449.651973923737,11136.120698229006,6820.7429903227585
forecast_8398,2025-12-16 22:00:00,7860.954269924003,9094.798057350425,6472.523300327003
forecast_8399,2025-12-16 23:00:00,7322.82741288237,9441.26340286186,5735.729754985761
forecast_8400,2025-12-17 00:00:00,7770.754720223205,9677.533679982047,5800.061580293881
forecast_8401,2025-12-17 01:00:00,8651.905450470795,10263.721985604701,6246.17313891286
forecast_8402,2025-12-17 02:00:00,9552.03483714765,10382.217506686136,6628.262066875085
forecast_8403,2025-12-17 03:00:00,9514.40806594796,10350.399310354052,6558.068817000001
forecast_8404,2025-12-17 04:00:00,8948.335311632332,9557.894712422763,6354.409159304127
forecast_8405,2025-12-17 05:00:00,8621.060466085728,9951.25998679303,6362.791802133785
forecast_8406,2025-12-17 06:00:00,8824.852921216705,9918.984693119897,6545.559843615747
forecast_8407,2025-12-17 07:00:00,8194.82987437322,9255.056215619872,6428.471154212602
forecast_8408,2025-12-17 08:00:00,7806.186166169106,8660.554935095726,6176.49698698085
forecast_8409,2025-12-17 09:00:00,8319.987966005045,8329.175201919945,6122.132331679731
forecast_8410,2025-12-17 10:00:00,7524.7791395651675,7137.370149992721,5416.51253336098
forecast_8411,2025-12-17 11:00:00,6691.766490785709,6270.666333339201,5000.501716417235
forecast_8412,2025-12-17 12:00:00,6496.371157375697,5693.8635135694785,4620.109487078786
forecast_8413,2025-12-17 13:00:00,6170.458030379841,5404.234403249984,4350.63823729919
forecast_8414,2025-12-17 14:00:00,6030.035247096696,4531.014649499328,4018.802013419835
forecast_8415,2025-12-17 15:00:00,5189.238926411989,3351.9363390351423,3504.726087650709
forecast_8416,2025-12-17 16:00:00,4737.63162025904,2815.5453372777097,3458.6700772763506
forecast_8417,2025-12-17 17:00:00,4762.601739200296,3950.9549669979206,3565.23915016925
forecast_8418,2025-12-17 18:00:00,5614.879122074004,4741.987022547941,3765.7836021686508
forecast_8419,2025-12-17 19:00:00,6825.984529769417,6084.303577815149,4607.710689779567
forecast_8420,2025-12-17 20:00:00,7549.857086709015,6420.055321576205,5015.314227692084
forecast_8421,2025-12-17 21:00:00,8115.819587508035,7773.286596923927,5411.419340925
forecast_8422,2025-12-17 22:00:00,8782.653125929985,8532.201899353204,5848.888473614082
forecast_8423,2025-12-17 23:00:00,10144.354761684857,11100.008028421606,6255.363165000041
forecast_8424,2025-12-18 00:00:00,11689.090454059105,12217.233282765415,7824.533458043691
forecast_8425,2025-12-18 01:00:00,13526.761972519063,13729.096654353876,8414.213858492978
forecast_8426,2025-12-18 02:00:00,15186.72756413647,15639.817806477246,9342.416930653362
forecast_8427,2025-12-18 03:00:00,15446.279074070097,16600.741415452503,9629.33328466681
forecast_8428,2025-12-18 04:00:00,15561.80000154933,16786.845449332584,9787.538083289095
forecast_8429,2025-12-18 05:00:00,15320.571091620302,15698.706905753981,9546.456633604412
forecast_8430,2025-12-18 06:00:00,15123.87906076675,14910.795853748137,9037.150477644824
forecast_8431,2025-12-18 07:00:00,13673.251281600078,13380.53044274221,7843.710558858028
forecast_8432,2025-12-18 08:00:00,12124.118698397864,11657.124766026014,7250.970982376509
forecast_8433,2025-12-18 09:00:00,10451.564608454957,9815.420426266173,5962.152973979305
forecast_8434,2025-12-18 10:00:00,8390.92098948288,9695.84946977644,5668.622415483267
forecast_8435,2025-12-18 11:00:00,7587.479441873133,8403.91519049198,5370.344731453026
forecast_8436,2025-12-18 12:00:00,6555.6669573833115,7620.574629654918,4360.071442707893
forecast_8437,2025-12-18 13:00:00,5823.7963132393215,7253.84572433295,3914.879950465595
forecast_8438,2025-12-18 14:00:00,5283.350948963023,5947.097808129579,3560.3018994907097
forecast_8439,2025-12-18 15:00:00,5274.349837382474,5718.953182453157,3487.6180101953632
forecast_8440,2025-12-18 16:00:00,5594.475196772819,6112.456693832937,3569.5205108444484
forecast_8441,2025-12-18 17:00:00,6097.842400627918,6915.691437002456,4161.944906482285
forecast_8442,2025-12-18 18:00:00,6988.560197921637,7408.4808579198525,4807.142570556519
forecast_8443,2025-12-18 19:00:00,7181.9285723943185,7668.404103205951,4993.530794088082
forecast_8444,2025-12-18 20:00:00,7091.816400832413,7962.9242833742555,5213.298447022946
forecast_8445,2025-12-18 21:00:00,7725.394554717887,8760.675297813801,5672.483201598367
forecast_8446,2025-12-18 22:00:00,10240.675583595115,11084.331467958187,6995.408839455409
forecast_8447,2025-12-18 23:00:00,12026.318002291071,12663.309091332889,8725.434665173172
forecast_8448,2025-12-19 00:00:00,13713.82755498941,14389.888437923339,9935.507756413916
forecast_8449,2025-12-19 01:00:00,16066.78885871068,16117.550049348081,10945.651639254407
forecast_8450,2025-12-19 02:00:00,17720.409321906463,16917.056726012845,12699.180233727291
forecast_8451,2025-12-19 03:00:00,17542.557278671902,17281.350026184904,13311.356347724093
forecast_8452,2025-12-19 04:00:00,17305.425689251897,17611.89574327136,12726.054874344984
forecast_8453,2025-12-19 05:00:00,16665.22640396942,16376.590820275513,12598.75982459053
forecast_8454,2025-12-19 06:00:00,16575.939523388708,17029.094886833285,12277.89007838558
forecast_8455,2025-12-19 07:00:00,17231.527961388856,17062.119035846183,13092.969246342585
forecast_8456,2025-12-19 08:00:00,18285.60446729097,17630.360841985777,14841.176047723115
forecast_8457,2025-12-19 09:00:00,18980.63590684457,17830.091389758287,16396.19683380516
forecast_8458,2025-12-19 10:00:00,19282.023117253786,18187.44306774441,17435.437487327694
forecast_8459,2025-12-19 11:00:00,19771.411211913764,18724.095770451502,18545.414542055947
forecast_8460,2025-12-19 12:00:00,19529.25170715719,18866.871189511367,18717.475788287753
forecast_8461,2025-12-19 13:00:00,18419.869332513957,18679.88609332095,18454.1616068142
forecast_8462,2025-12-19 14:00:00,18477.869174807573,18893.556019067386,18818.924666267096
forecast_8463,2025-12-19 15:00:00,18503.24795777913,18970.479249499575,19109.7672047506
forecast_8464,2025-12-19 16:00:00,18371.556529051133,18510.74290731876,19075.66837963686
forecast_8465,2025-12-19 17:00:00,18793.02217411941,18688.525469628243,19221.094461792985
forecast_8466,2025-12-19 18:00:00,19405.470638842333,18865.813976171725,19412.970823048054
forecast_8467,2025-12-19 19:00:00,19818.722948408773,19045.019935105585,19644.235953241026
forecast_8468,2025-12-19 20:00:00,19879.693248271233,19083.488618222193,19587.724612848477
forecast_8469,2025-12-19 21:00:00,19474.19198162088,18508.770387392702,19167.00835012136
forecast_8470,2025-12-19 22:00:00,19098.03326595943,18064.363438529246,18590.677578157778
forecast_8471,2025-12-19 23:00:00,18431.247736089867,17428.86332884845,17514.68604829877
forecast_8472,2025-12-20 00:00:00,17118.83569484015,16557.976951397723,15636.58542051553
forecast_8473,2025-12-20 01:00:00,16338.089907964093,15543.102181884682,13475.484940648987
forecast_8474,2025-12-20 02:00:00,16025.074299859973,15766.309354671772,11395.288122746391
forecast_8475,2025-12-20 03:00:00,15265.320648761895,16045.760576380011,11159.883771816243
forecast_8476,2025-12-20 04:00:00,14449.894383674738,16169.985844026114,10545.015012867727
forecast_8477,2025-12-20 05:00:00,14203.0067545317,16521.243457253866,10156.13946992646
forecast_8478,2025-12-20 06:00:00,14070.987923308398,15425.754628457627,10103.496120821714
forecast_8479,2025-12-20 07:00:00,14181.592243607858,15266.89634962992,10540.668877383316
forecast_8480,2025-12-20 08:00:00,14347.451280588797,15873.202729867531,10893.983114298713
forecast_8481,2025-12-20 09:00:00,14319.13087951571,15885.34477229072,11372.453088265855
forecast_8482,2025-12-20 10:00:00,14169.639667752606,15793.665059641848,12377.160051526374
forecast_8483,2025-12-20 11:00:00,14167.437341691948,15336.932447388377,13382.728670583472
forecast_8484,2025-12-20 12:00:00,14375.084345887284,16137.668142559587,14270.797475871384
forecast_8485,2025-12-20 13:00:00,14757.584001070718,16244.4349148953,14496.56115205007
forecast_8486,2025-12-20 14:00:00,14120.914651955136,15942.149422907694,14519.641539404252
forecast_8487,2025-12-20 15:00:00,12949.565419578958,14406.114081476017,12544.536644279275
forecast_8488,2025-12-20 16:00:00,12718.618477179929,13207.62813077886,11217.89751551407
forecast_8489,2025-12-20 17:00:00,12389.890515411833,12600.910902865398,10495.391675706898
forecast_8490,2025-12-20 18:00:00,12342.269662243041,12463.119648015323,10383.930975445817
forecast_8491,2025-12-20 19:00:00,12066.828945012183,12257.317860770767,9703.053688659238
forecast_8492,2025-12-20 20:00:00,11563.821501856874,12673.077234766424,10171.385362913688
forecast_8493,2025-12-20 21:00:00,12163.764669739558,13022.850790855322,10254.773716440382
forecast_8494,2025-12-20 22:00:00,14845.278556345169,15802.33624362615,15045.396858795148
forecast_8495,2025-12-20 23:00:00,16339.291535950828,15984.666724249772,15192.510931954574
forecast_8496,2025-12-21 00:00:00,16329.001917995303,17146.262276175054,14848.67965564557
forecast_8497,2025-12-21 01:00:00,18765.115184644314,19326.42691559345,17057.85109477805
forecast_8498,2025-12-21 02:00:00,19023.921005133096,19236.965572542482,17819.742487746422
forecast_8499,2025-12-21 03:00:00,18897.618998021404,19208.74575430844,17686.80003842611
forecast_8500,2025-12-21 04:00:00,18829.712770524126,19079.687916436375,17807.93163864729
forecast_8501,2025-12-21 05:00:00,19108.76097215468,18896.720173471775,17870.58036681283
forecast_8502,2025-12-21 06:00:00,18621.537826142514,18556.472935658698,17537.886532264853
forecast_8503,2025-12-21 07:00:00,18155.387841777032,18567.825517000612,17166.554515952997
forecast_8504,2025-12-21 08:00:00,17300.22996732334,18134.747738440397,16416.6344916677
forecast_8505,2025-12-21 09:00:00,16367.6476680829,17258.425535876857,14549.88839150091
forecast_8506,2025-12-21 10:00:00,15568.637687080929,17167.65868204431,13403.859181985044
forecast_8507,2025-12-21 11:00:00,14706.241826500023,16590.658115953553,11790.155625879659
forecast_8508,2025-12-21 12:00:00,13641.571711227909,14030.651825444118,9973.899513187751
forecast_8509,2025-12-21 13:00:00,12266.562649581005,11800.080263671112,8062.66648683692
forecast_8510,2025-12-21 14:00:00,9811.740866746884,8713.303843715323,5611.554406590012
forecast_8511,2025-12-21 15:00:00,7759.148471054321,6051.082671071986,4353.638493522088
forecast_8512,2025-12-21 16:00:00,6008.7861602142375,4297.829805704765,3604.09464143489
forecast_8513,2025-12-21 17:00:00,5695.396878308329,4050.4938770412664,3841.773103175329
forecast_8514,2025-12-21 18:00:00,5303.716422762418,4014.935289380391,3605.4754604959126
forecast_8515,2025-12-21 19:00:00,6213.058855237954,4443.4687678349965,4091.8138148007624
forecast_8516,2025-12-21 20:00:00,5955.824890165666,3840.06720093164,3591.6642670442475
forecast_8517,2025-12-21 21:00:00,4579.420717494123,3186.4115585234217,3365.3307648740606
forecast_8518,2025-12-21 22:00:00,4362.820957299253,2570.946151654331,3733.9906623077313
forecast_8519,2025-12-21 23:00:00,4311.3793278536505,2946.4130395876127,3770.894342118796
forecast_8520,2025-12-22 00:00:00,3924.523958953816,2175.3512605191363,3507.396773138977
forecast_8521,2025-12-22 01:00:00,3784.952194551475,1895.3283912653017,2888.4688352384997
forecast_8522,2025-12-22 02:00:00,3784.9659249754814,2048.6279848519125,2949.663587372547
forecast_8523,2025-12-22 03:00:00,3493.6582565613303,2027.5411337209684,2825.6428592159245
forecast_8524,2025-12-22 04:00:00,3270.4232398713766,1547.5674242170376,2659.0927660166417
forecast_8525,2025-12-22 05:00:00,3108.444776252776,1684.0454991453494,2384.9287152224565
forecast_8526,2025-12-22 06:00:00,3398.276836477025,1498.899335293455,2378.2666906732165
forecast_8527,2025-12-22 07:00:00,3404.4962097479565,1698.7304295467745,2427.1854111174484
forecast_8528,2025-12-22 08:00:00,3636.6736827297873,1422.0782044114444,2442.7770290496182
forecast_8529,2025-12-22 09:00:00,3907.245733487,1800.949969982075,2589.2848118898064
forecast_8530,2025-12-22 10:00:00,3315.436938839342,1146.8936966171932,2183.1304683070853
forecast_8531,2025-12-22 11:00:00,2707.3240340573884,1517.5987875619246,2175.7018032186975
forecast_8532,2025-12-22 12:00:00,2595.990015909417,1518.439773006523,2149.075029518428
forecast_8533,2025-12-22 13:00:00,2665.2726633705433,1597.6675362761484,2224.282313636031
forecast_8534,2025-12-22 14:00:00,2551.3206062933455,1198.6016339926464,2114.9150562366017
forecast_8535,2025-12-22 15:00:00,2454.8788535746226,1141.7532306442627,2031.9410721945894
forecast_8536,2025-12-22 16:00:00,2455.625124610469,1550.6311372616992,2043.3998947239684
forecast_8537,2025-12-22 17:00:00,2957.202434271155,2038.8876432215538,2348.217862247845
forecast_8538,2025-12-22 18:00:00,3607.977147544391,2372.148236563593,2945.11721867689
forecast_8539,2025-12-22 19:00:00,3635.1223753029753,2628.003143522862,3019.706922481647
forecast_8540,2025-12-22 20:00:00,3768.215950234312,2672.809458388319,3171.8210321848032
forecast_8541,2025-12-22 21:00:00,3996.411427072764,2383.0441488835595,3387.338644811771
forecast_8542,2025-12-22 22:00:00,4715.232308724974,3271.0449436604454,3517.320572283941
forecast_8543,2025-12-22 23:00:00,4827.294699416994,3803.708422010522,3671.7137872485528
forecast_8544,2025-12-23 00:00:00,5182.413054484943,4440.012074914143,4123.493420346751
forecast_8545,2025-12-23 01:00:00,5708.187027648552,5084.386740765054,3810.218237829558
forecast_8546,2025-12-23 02:00:00,6623.779051865558,5736.709853539727,3810.9087967905252
forecast_8547,2025-12-23 03:00:00,7295.309592148886,6395.607184480818,4083.9944101909996
forecast_8548,2025-12-23 04:00:00,7358.747073468811,6352.468836595241,4384.015180601802
forecast_8549,2025-12-23 05:00:00,7048.077282018265,6858.667815850882,4283.809817871775
forecast_8550,2025-12-23 06:00:00,7936.742529219627,6888.424621380924,4809.434655798988
forecast_8551,2025-12-23 07:00:00,8220.989702160878,7154.258762630435,4959.266152454014
forecast_8552,2025-12-23 08:00:00,8146.302241413136,7623.766169473494,5126.474574384667
forecast_8553,2025-12-23 09:00:00,8311.430599598656,7672.572634406519,5078.131943303687
forecast_8554,2025-12-23 10:00:00,8556.658302511425,9723.123230749807,5882.223013952599
forecast_8555,2025-12-23 11:00:00,9408.294463633218,11468.387727959296,6484.882874090741
forecast_8556,2025-12-23 12:00:00,8213.371333063847,9616.879066095631,5968.126777697432
forecast_8557,2025-12-23 13:00:00,7405.57545399034,7739.918096773828,5280.730586916436
forecast_8558,2025-12-23 14:00:00,6987.979297284576,7478.710597958335,4625.154286786847
forecast_8559,2025-12-23 15:00:00,6305.229706230415,6544.401521371392,4136.268231741341
forecast_8560,2025-12-23 16:00:00,6454.951239371821,6778.279673923137,4033.1347553420856
forecast_8561,2025-12-23 17:00:00,7446.736570133432,6849.142150741251,4652.752621159156
forecast_8562,2025-12-23 18:00:00,8859.77701186511,8568.506970478527,5900.051640687003
forecast_8563,2025-12-23 19:00:00,9494.26796716751,11219.408588664443,6392.936256792293
forecast_8564,2025-12-23 20:00:00,9413.17936191351,13068.73457267437,6545.025205489442
forecast_8565,2025-12-23 21:00:00,9620.001784527993,11488.952375740744,6328.49812468372
forecast_8566,2025-12-23 22:00:00,9776.665797844369,11864.921038365637,6718.4980697774845
forecast_8567,2025-12-23 23:00:00,9895.875082165598,11406.966776635807,6561.021183726723
forecast_8568,2025-12-24 00:00:00,8944.254026276772,10416.831785383953,5900.241484555555
forecast_8569,2025-12-24 01:00:00,7283.850740282043,9085.657709148614,5517.379981613814
forecast_8570,2025-12-24 02:00:00,7790.352542872288,9755.19081505432,5046.619316973452
forecast_8571,2025-12-24 03:00:00,6460.906164839664,8026.094087098573,4582.477017613944
forecast_8572,2025-12-24 04:00:00,5966.094092076613,7786.188549589316,4395.655809763409
forecast_8573,2025-12-24 05:00:00,6279.23138419259,7913.900273644321,4309.587040441049
forecast_8574,2025-12-24 06:00:00,5354.630053825725,5271.7427754575765,4039.3917714134404
forecast_8575,2025-12-24 07:00:00,4437.7630248847345,3628.6912161827822,3580.1332306969816
forecast_8576,2025-12-24 08:00:00,3878.3262381243803,2992.3475901171914,3307.0253239554013
forecast_8577,2025-12-24 09:00:00,2941.661048858722,2118.2660829546257,2484.0915435142183
forecast_8578,2025-12-24 10:00:00,2150.444731630932,1144.393701406546,2021.927981414198
forecast_8579,2025-12-24 11:00:00,2014.0885615972163,1075.1374801731176,2006.1375488565968
forecast_8580,2025-12-24 12:00:00,2376.964196743032,1548.8366552542084,2148.37478671359
forecast_8581,2025-12-24 13:00:00,2696.311959129873,1730.3224243901373,2474.9388998416707
forecast_8582,2025-12-24 14:00:00,2623.9331825538766,1569.4641853437902,2525.727860725455
forecast_8583,2025-12-24 15:00:00,2984.1752199266484,1998.4285948612685,2499.5825278990624
forecast_8584,2025-12-24 16:00:00,3088.0313464629253,1634.9909648670005,2825.7577036843822
forecast_8585,2025-12-24 17:00:00,2545.051932818828,1427.4664183199575,2632.263170407454
forecast_8586,2025-12-24 18:00:00,2079.564952250952,1058.1747926609278,2213.4114264922587
forecast_8587,2025-12-24 19:00:00,2486.437380098523,1529.1896383198891,2317.9744660641154
forecast_8588,2025-12-24 20:00:00,2672.341028738694,2124.4772301668804,2453.464905069246
forecast_8589,2025-12-24 21:00:00,3302.9673113903636,3382.9907766943074,3010.089184940363
forecast_8590,2025-12-24 22:00:00,3629.1405865430434,3050.7203087662574,3469.283277698773
forecast_8591,2025-12-24 23:00:00,4050.29555803068,3974.1639202341316,4084.3411314330024
forecast_8592,2025-12-25 00:00:00,4490.441401288301,4336.867751714583,4789.071378173063
forecast_8593,2025-12-25 01:00:00,4758.821198407202,4804.052295880318,4273.483110000138
forecast_8594,2025-12-25 02:00:00,6799.813351282943,6848.315113612209,5446.563111204803
forecast_8595,2025-12-25 03:00:00,7642.721498814446,7869.317176363585,6000.175308702376
forecast_8596,2025-12-25 04:00:00,8154.575888181409,8897.849669186835,6565.567407659635
forecast_8597,2025-12-25 05:00:00,9990.235111428297,11258.25171274803,7571.372466176392
forecast_8598,2025-12-25 06:00:00,10686.707717832465,10900.651690151954,8416.165680765076
forecast_8599,2025-12-25 07:00:00,11777.246111740384,12266.245267990238,9364.956851724573
forecast_8600,2025-12-25 08:00:00,13470.62877838874,14975.397193344554,11581.29709436231
forecast_8601,2025-12-25 09:00:00,15015.763507884983,16628.799833826815,14319.320905173716
forecast_8602,2025-12-25 10:00:00,14854.459345039613,17133.726394976322,14199.139630233305
forecast_8603,2025-12-25 11:00:00,14764.737171185898,16873.361721864807,13616.895075881957
forecast_8604,2025-12-25 12:00:00,15170.941018334193,16759.554736138118,12430.985495639823
forecast_8605,2025-12-25 13:00:00,15299.412594193465,16547.276493862988,10740.804241263555
forecast_8606,2025-12-25 14:00:00,15516.668454431707,16677.292226424695,10356.07578283719
forecast_8607,2025-12-25 15:00:00,15467.595894682283,16037.17843506102,10602.38614383697
forecast_8608,2025-12-25 16:00:00,15237.072508622008,16041.96839900727,10580.155654521439
forecast_8609,2025-12-25 17:00:00,15113.094189692105,16067.242804135589,10876.941367803927
forecast_8610,2025-12-25 18:00:00,15016.266608559497,16258.531854902214,11443.317499510362
forecast_8611,2025-12-25 19:00:00,14633.169791189459,16706.114615036713,11640.753510720746
forecast_8612,2025-12-25 20:00:00,14750.816550732823,16498.19066702276,12252.807193393135
forecast_8613,2025-12-25 21:00:00,14976.835828954223,16820.344121660528,12855.840106416057
forecast_8614,2025-12-25 22:00:00,14925.336000694284,17046.801497830675,13164.119494391063
forecast_8615,2025-12-25 23:00:00,15225.515009972092,16768.84275008839,13786.444805911142
forecast_8616,2025-12-26 00:00:00,15595.47184651632,17320.27525368036,14024.760775422319
forecast_8617,2025-12-26 01:00:00,16022.82611212871,17990.39975907876,13556.852035475833
forecast_8618,2025-12-26 02:00:00,15008.24204017743,17451.681924174598,11976.57586943168
forecast_8619,2025-12-26 03:00:00,15299.899938273018,17511.69940603764,12411.713309554809
forecast_8620,2025-12-26 04:00:00,15964.067776683241,18210.273213843782,12382.603874545108
forecast_8621,2025-12-26 05:00:00,15733.576778542189,18470.30626861532,11514.970320236958
forecast_8622,2025-12-26 06:00:00,15390.843435938103,17700.2355374727,10834.914863756057
forecast_8623,2025-12-26 07:00:00,15024.320163117616,17310.130070471656,10505.809665174147
forecast_8624,2025-12-26 08:00:00,14997.280173770403,17547.717785020817,10154.613171620114
forecast_8625,2025-12-26 09:00:00,14234.796196861305,16062.847208295398,10465.479355330323
forecast_8626,2025-12-26 10:00:00,12523.060970633394,14463.89902982974,9747.318275101261
forecast_8627,2025-12-26 11:00:00,11108.720656639554,12885.112073822866,8750.011169100882
forecast_8628,2025-12-26 12:00:00,10452.939001254548,11123.563802694702,7955.557851495347
forecast_8629,2025-12-26 13:00:00,10255.90364490612,10410.499883371755,7516.164725915529
forecast_8630,2025-12-26 14:00:00,10197.619422620575,10018.238969033602,7039.572754920893
forecast_8631,2025-12-26 15:00:00,9948.564212257548,9093.255086326772,6769.348161331787
forecast_8632,2025-12-26 16:00:00,10091.512264682859,9159.381877469958,6858.083289296766
forecast_8633,2025-12-26 17:00:00,10838.998742710457,10877.316795896713,7603.181091357355
forecast_8634,2025-12-26 18:00:00,11672.179608812636,12169.334613259656,8120.198388662643
forecast_8635,2025-12-26 19:00:00,13060.453197930045,13921.861029360698,9499.01728621119
forecast_8636,2025-12-26 20:00:00,14184.718923293483,16173.92855118831,11320.440600245216
forecast_8637,2025-12-26 21:00:00,15766.90679094835,17882.000165596128,12467.516978021504
forecast_8638,2025-12-26 22:00:00,17528.492016451164,19378.89283288211,14281.860717582585
forecast_8639,2025-12-26 23:00:00,17663.735511336203,19463.81915513607,14275.811532357933
forecast_8640,2025-12-27 00:00:00,18035.257120463495,18873.689382459495,14755.59563088977
forecast_8641,2025-12-27 01:00:00,18622.229204948875,18949.256792143347,14790.75240207591
forecast_8642,2025-12-27 02:00:00,18413.506612018362,18638.3498329758,14374.65098748976
forecast_8643,2025-12-27 03:00:00,18125.379121662805,18588.143750055904,14084.195412919717
forecast_8644,2025-12-27 04:00:00,17958.086738499478,18555.140439912495,14167.889847686463
forecast_8645,2025-12-27 05:00:00,17521.51175135916,18382.224164812375,14092.545743392742
forecast_8646,2025-12-27 06:00:00,17433.883516248294,18569.70724691294,13975.72335533132
forecast_8647,2025-12-27 07:00:00,16970.185903047626,17683.795225510607,13441.95827168639
forecast_8648,2025-12-27 08:00:00,16331.345850698399,17230.000197342553,13127.695103206623
forecast_8649,2025-12-27 09:00:00,15707.520541480777,16326.000994659165,12963.811578050443
forecast_8650,2025-12-27 10:00:00,14453.680366458677,15707.403587240542,13500.722900606223
forecast_8651,2025-12-27 11:00:00,14270.080290213506,15910.796478725348,13305.402492221769
forecast_8652,2025-12-27 12:00:00,14644.633505830807,16581.082982473603,13108.973473771068
forecast_8653,2025-12-27 13:00:00,15323.147878530392,17035.352968693715,13247.363032262125
forecast_8654,2025-12-27 14:00:00,15594.452071908381,17017.094070314815,13475.49811152996
forecast_8655,2025-12-27 15:00:00,15817.196477092186,16579.78140982597,14247.129451764293
forecast_8656,2025-12-27 16:00:00,16013.415043835692,17062.870743263993,14226.496187193734
forecast_8657,2025-12-27 17:00:00,15765.947238389848,17003.79324879364,14726.701769142308
forecast_8658,2025-12-27 18:00:00,17468.61798451707,18086.0097546506,16983.806720158173
forecast_8659,2025-12-27 19:00:00,18335.560113665797,18337.526593456278,17626.318133553403
forecast_8660,2025-12-27 20:00:00,18528.169936385606,18611.132836358833,17758.56921458324
forecast_8661,2025-12-27 21:00:00,18697.720551511542,18230.54990452042,17886.64705696118
forecast_8662,2025-12-27 22:00:00,19094.83366247667,19237.679626825637,18460.079056303206
forecast_8663,2025-12-27 23:00:00,18867.364444101167,18765.797807671875,18245.922522982593
forecast_8664,2025-12-28 00:00:00,18843.54286151197,18746.12431509907,17936.788739499236
forecast_8665,2025-12-28 01:00:00,19715.43764904602,19264.671805267557,18607.598418867332
forecast_8666,2025-12-28 02:00:00,20328.949708664608,19380.551077592892,19206.83859506967
forecast_8667,2025-12-28 03:00:00,20605.134861807717,19870.78817261049,19572.643062048806
forecast_8668,2025-12-28 04:00:00,20598.218829234367,19989.76083089172,19708.927201409795
forecast_8669,2025-12-28 05:00:00,20492.41289882852,19722.405694748733,19549.64617278207
forecast_8670,2025-12-28 06:00:00,20462.590259924484,19835.901287983914,19393.106131127013
forecast_8671,2025-12-28 07:00:00,20319.12986466124,19886.15973089708,18893.54162600699
forecast_8672,2025-12-28 08:00:00,20259.790449654163,19578.58788213077,18420.700668037727
forecast_8673,2025-12-28 09:00:00,19456.694359325917,18969.31703293583,17647.689441550203
forecast_8674,2025-12-28 10:00:00,18491.008188286505,18812.59534007887,16611.60799864269
forecast_8675,2025-12-28 11:00:00,17623.706962210526,17925.121941802456,15893.881990921307
forecast_8676,2025-12-28 12:00:00,17262.62365806542,18013.367194188788,15360.499615914334
forecast_8677,2025-12-28 13:00:00,17117.925716946585,17209.69540739411,14565.42019673207
forecast_8678,2025-12-28 14:00:00,15842.607521916863,16495.41742608131,14257.226982732916
forecast_8679,2025-12-28 15:00:00,15225.025257052148,16246.169892934766,13918.149174390723
forecast_8680,2025-12-28 16:00:00,15216.098095586707,16203.53159022989,13721.081298753503
forecast_8681,2025-12-28 17:00:00,16407.88405444414,16092.650213865745,15152.40503488976
forecast_8682,2025-12-28 18:00:00,16605.30371495582,16796.869497000873,15982.550232795576
forecast_8683,2025-12-28 19:00:00,15910.671264365135,16567.507934965324,15825.41052699476
forecast_8684,2025-12-28 20:00:00,16191.835316301294,17055.49177396163,16279.325598807842
forecast_8685,2025-12-28 21:00:00,16698.617005120122,17267.48641332029,16893.2751759658
forecast_8686,2025-12-28 22:00:00,17639.782954078786,17524.261888070534,17628.761249033283
forecast_8687,2025-12-28 23:00:00,17911.2203126298,17768.908519743607,17738.4623948657
forecast_8688,2025-12-29 00:00:00,18296.638240539993,18089.875060465063,17919.77980866516
forecast_8689,2025-12-29 01:00:00,19010.38628299396,18739.15863410711,18907.694288403738
forecast_8690,2025-12-29 02:00:00,18748.695842548084,18706.235050982898,18833.532068865483
forecast_8691,2025-12-29 03:00:00,18899.42157569925,19023.000788089696,18941.56548594716
forecast_8692,2025-12-29 04:00:00,18951.024109922946,19623.613846295622,18928.336049481648
forecast_8693,2025-12-29 05:00:00,18994.317281894047,19097.96827006273,18670.816417625585
forecast_8694,2025-12-29 06:00:00,18858.179153067213,18954.04410884065,18436.54778218228
forecast_8695,2025-12-29 07:00:00,18883.109420470595,18984.530117611528,18397.30496640077
forecast_8696,2025-12-29 08:00:00,18775.670172235416,19010.7078404808,18428.320359379122
forecast_8697,2025-12-29 09:00:00,18478.545120613933,18961.818780972157,17830.458987060774
forecast_8698,2025-12-29 10:00:00,18353.977427934075,18637.25766439358,17254.327846839857
forecast_8699,2025-12-29 11:00:00,17967.989396457047,18446.32688109092,16598.14785299181
forecast_8700,2025-12-29 12:00:00,17776.87872136667,18330.061887162257,16141.587436029411
forecast_8701,2025-12-29 13:00:00,17156.084731838226,18070.851151546034,15106.378135905969
forecast_8702,2025-12-29 14:00:00,17289.54316318006,18424.495991746528,15435.814720639159
forecast_8703,2025-12-29 15:00:00,17000.947091041548,18301.335484436524,16439.427913899126
forecast_8704,2025-12-29 16:00:00,16635.55139965166,17932.28533119106,15907.103934772731
forecast_8705,2025-12-29 17:00:00,16866.110086770306,17623.164660130016,16025.775544141128
forecast_8706,2025-12-29 18:00:00,17276.22528898318,17910.72801687396,16765.532150520685
forecast_8707,2025-12-29 19:00:00,16856.920238581464,17550.919168481363,16073.79234201003
forecast_8708,2025-12-29 20:00:00,16126.093923871782,16816.77205564123,15681.435063071445
forecast_8709,2025-12-29 21:00:00,15978.640661748337,16268.843021162407,15651.964836956906
forecast_8710,2025-12-29 22:00:00,16312.857136510578,16337.402760669056,15767.16623735957
forecast_8711,2025-12-29 23:00:00,16326.710690867456,15924.949124679808,15523.396555133546
forecast_8712,2025-12-30 00:00:00,15832.094165780953,15914.674207072,14346.844270673617
forecast_8713,2025-12-30 01:00:00,14519.120238185344,14358.873783549396,11864.22165703931
forecast_8714,2025-12-30 02:00:00,13871.008411152185,14183.184356053076,10694.956850075774
forecast_8715,2025-12-30 03:00:00,13235.196610109102,13326.579618734722,10310.532979379639
forecast_8716,2025-12-30 04:00:00,13622.025145197407,13996.04894039349,10231.316482193675
forecast_8717,2025-12-30 05:00:00,13613.268593665152,14117.333382751998,9956.890135353577
forecast_8718,2025-12-30 06:00:00,12934.11100280456,13372.71371212554,9078.07058044761
forecast_8719,2025-12-30 07:00:00,12411.487859969568,13039.486955228243,8761.676652525415
forecast_8720,2025-12-30 08:00:00,11869.655967904564,12710.16743264268,8699.951931416428
forecast_8721,2025-12-30 09:00:00,11030.779019678846,11600.23902516288,8987.537718721314
forecast_8722,2025-12-30 10:00:00,9751.759493950216,9721.34113202783,8101.457446844526
forecast_8723,2025-12-30 11:00:00,9160.462044279564,8380.336221363981,7338.504288999163
forecast_8724,2025-12-30 12:00:00,9830.837441113912,10016.2078012775,7502.452166744423
forecast_8725,2025-12-30 13:00:00,10978.564972705135,11150.35966410903,8296.224847817433
forecast_8726,2025-12-30 14:00:00,11413.608899051509,11008.597206896775,8191.169719889708
forecast_8727,2025-12-30 15:00:00,11829.13728919589,11162.133204191221,8335.902022135258
forecast_8728,2025-12-30 16:00:00,12173.378263564333,10800.486465846046,8564.22968023111
forecast_8729,2025-12-30 17:00:00,12485.432302561885,11661.2939095646,8816.36379620761
forecast_8730,2025-12-30 18:00:00,12301.656881687031,11818.11385278737,9487.437858905561
forecast_8731,2025-12-30 19:00:00,12414.241234980564,12366.358835240751,10060.624658948293
forecast_8732,2025-12-30 20:00:00,12939.385455089852,12848.227573011061,10901.389904155067
forecast_8733,2025-12-30 21:00:00,13430.255667723999,13879.366553279953,11986.039670104952
forecast_8734,2025-12-30 22:00:00,13820.254577478025,14784.838406200883,13111.805999362365
forecast_8735,2025-12-30 23:00:00,14325.59246212702,15644.709445286717,14119.128249899031
forecast_8736,2025-12-31 00:00:00,15301.84981944604,16454.939980330957,14831.786587775072
forecast_8737,2025-12-31 01:00:00,16141.533140792319,16955.290874225506,14838.974551362695
forecast_8738,2025-12-31 02:00:00,16000.15087235498,16710.629430823996,14460.628778835424
forecast_8739,2025-12-31 03:00:00,15293.949572368267,16122.814904247954,13634.618842761813
forecast_8740,2025-12-31 04:00:00,14933.568839311614,16003.304241314869,13157.133229036554
forecast_8741,2025-12-31 05:00:00,14047.17688087773,15527.27370117403,11844.7866651531
forecast_8742,2025-12-31 06:00:00,13677.717678688687,15410.401476870162,11848.146779519513
forecast_8743,2025-12-31 07:00:00,13516.722831105819,15515.942441251114,11667.20848545088
forecast_8744,2025-12-31 08:00:00,13750.878518809415,15907.21258468332,11416.177535757655
forecast_8745,2025-12-31 09:00:00,13213.584534704954,15366.685050552995,10758.079111229668
forecast_8746,2025-12-31 10:00:00,12247.183730188844,13867.034244585248,9726.551548645784
forecast_8747,2025-12-31 11:00:00,11282.61880138086,12714.135590673864,8378.803895133324
forecast_8748,2025-12-31 12:00:00,10479.961560724985,11272.509811995744,7655.57914923699
forecast_8749,2025-12-31 13:00:00,10830.686847457842,11283.208803753536,7666.889527357342
forecast_8750,2025-12-31 14:00:00,10541.308248577381,11380.163329184701,7407.751669449645
forecast_8751,2025-12-31 15:00:00,10164.892934220989,9769.412910749106,6966.27187905112
forecast_8752,2025-12-31 16:00:00,10613.705487359082,9726.891640635566,6643.757761532826
forecast_8753,2025-12-31 17:00:00,10041.584787082036,8826.489154953753,6333.288207147632
forecast_8754,2025-12-31 18:00:00,10104.922191512931,9253.534136842934,6553.359815301092
forecast_8755,2025-12-31 19:00:00,9868.07806958378,9977.469491382979,7245.281447125861
forecast_8756,2025-12-31 20:00:00,11026.197916068202,12723.53260243064,8286.442330330534
forecast_8757,2025-12-31 21:00:00,12186.550674455604,14559.929224989302,8987.975266142466
forecast_8758,2025-12-31 22:00:00,13225.464164682635,15721.28151626244,9972.147401797523
forecast_8759,2025-12-31 23:00:00,13876.319690050766,16391.845301744408,10809.783617682251
forecast_8760,2026-01-01 00:00:00,14101.278934445174,17367.030930498302,11652.475973837481
